Path,Startpoint,Endpoint,Slack_ps,Slack_ns
1,"clk_rst_bypass_top_instance/mem_rc_clk_mux_i_scan_mode_test_clk_0_clksel_latch_reg/EN","clk_rst_bypass_top_instance/g1710/A2",-9995553,-9995.553
2,"clk_rst_bypass_top_instance/debug_rc_clk_mux_i_scan_mode_test_clk_0_clksel_latch_reg/EN","clk_rst_bypass_top_instance/g1828/A2",-9990579,-9990.579
3,"basic_isa_instance/u_mem_wb_rd_wb_reg[3]/CP","basic_isa_instance/u_if_u_pc_reg_core_to_int_reg[31]/D",-1159,-1.159
4,"basic_isa_instance/u_mem_wb_rd_wb_reg[3]/CP","basic_isa_instance/u_if_u_pc_reg_core_to_int_reg[30]/D",-1151,-1.151
5,"basic_isa_instance/u_mem_wb_rd_wb_reg[3]/CP","basic_isa_instance/u_if_u_btb_U_FILE_target_arr_reg[7][1][31]/D",-1149,-1.149
6,"basic_isa_instance/u_mem_wb_rd_wb_reg[3]/CP","basic_isa_instance/u_if_u_btb_U_FILE_target_arr_reg[7][0][31]/D",-1149,-1.149
7,"basic_isa_instance/u_mem_wb_rd_wb_reg[3]/CP","basic_isa_instance/u_if_u_btb_U_FILE_target_arr_reg[6][1][31]/D",-1149,-1.149
8,"basic_isa_instance/u_mem_wb_rd_wb_reg[3]/CP","basic_isa_instance/u_if_u_btb_U_FILE_target_arr_reg[6][0][31]/D",-1149,-1.149
9,"basic_isa_instance/u_mem_wb_rd_wb_reg[3]/CP","basic_isa_instance/u_if_u_btb_U_FILE_target_arr_reg[5][1][31]/D",-1149,-1.149
10,"basic_isa_instance/u_mem_wb_rd_wb_reg[3]/CP","basic_isa_instance/u_if_u_btb_U_FILE_target_arr_reg[5][0][31]/D",-1149,-1.149
11,"basic_isa_instance/u_mem_wb_rd_wb_reg[3]/CP","basic_isa_instance/u_if_u_btb_U_FILE_target_arr_reg[4][1][31]/D",-1149,-1.149
12,"basic_isa_instance/u_mem_wb_rd_wb_reg[3]/CP","basic_isa_instance/u_if_u_btb_U_FILE_target_arr_reg[4][0][31]/D",-1149,-1.149
13,"basic_isa_instance/u_mem_wb_rd_wb_reg[3]/CP","basic_isa_instance/u_if_u_btb_U_FILE_target_arr_reg[3][1][31]/D",-1149,-1.149
14,"basic_isa_instance/u_mem_wb_rd_wb_reg[3]/CP","basic_isa_instance/u_if_u_btb_U_FILE_target_arr_reg[3][0][31]/D",-1149,-1.149
15,"basic_isa_instance/u_mem_wb_rd_wb_reg[3]/CP","basic_isa_instance/u_if_u_btb_U_FILE_target_arr_reg[2][1][31]/D",-1149,-1.149
16,"basic_isa_instance/u_mem_wb_rd_wb_reg[3]/CP","basic_isa_instance/u_if_u_btb_U_FILE_target_arr_reg[2][0][31]/D",-1149,-1.149
17,"basic_isa_instance/u_mem_wb_rd_wb_reg[3]/CP","basic_isa_instance/u_if_u_btb_U_FILE_target_arr_reg[1][1][31]/D",-1149,-1.149
18,"basic_isa_instance/u_mem_wb_rd_wb_reg[3]/CP","basic_isa_instance/u_if_u_btb_U_FILE_target_arr_reg[1][0][31]/D",-1149,-1.149
19,"basic_isa_instance/u_mem_wb_rd_wb_reg[3]/CP","basic_isa_instance/u_if_u_btb_U_FILE_target_arr_reg[0][1][31]/D",-1149,-1.149
20,"basic_isa_instance/u_mem_wb_rd_wb_reg[3]/CP","basic_isa_instance/u_if_u_btb_U_FILE_target_arr_reg[0][0][31]/D",-1149,-1.149
21,"basic_isa_instance/u_mem_wb_rd_wb_reg[3]/CP","basic_isa_instance/u_if_u_pc_reg_pc_reg[31]/D",-1142,-1.142
22,"basic_isa_instance/u_mem_wb_rd_wb_reg[3]/CP","basic_isa_instance/u_if_u_pc_reg_pc_reg[29]/D",-1138,-1.138
23,"basic_isa_instance/u_mem_wb_rd_wb_reg[3]/CP","basic_isa_instance/u_if_u_pc_reg_pc_reg[30]/D",-1119,-1.119
24,"basic_isa_instance/u_mem_wb_rd_wb_reg[3]/CP","basic_isa_instance/u_if_u_btb_U_FILE_target_arr_reg[7][1][30]/D",-1114,-1.114
25,"basic_isa_instance/u_mem_wb_rd_wb_reg[3]/CP","basic_isa_instance/u_if_u_btb_U_FILE_target_arr_reg[7][0][30]/D",-1114,-1.114
26,"basic_isa_instance/u_mem_wb_rd_wb_reg[3]/CP","basic_isa_instance/u_if_u_btb_U_FILE_target_arr_reg[6][1][30]/D",-1114,-1.114
27,"basic_isa_instance/u_mem_wb_rd_wb_reg[3]/CP","basic_isa_instance/u_if_u_btb_U_FILE_target_arr_reg[6][0][30]/D",-1114,-1.114
28,"basic_isa_instance/u_mem_wb_rd_wb_reg[3]/CP","basic_isa_instance/u_if_u_btb_U_FILE_target_arr_reg[5][1][30]/D",-1114,-1.114
29,"basic_isa_instance/u_mem_wb_rd_wb_reg[3]/CP","basic_isa_instance/u_if_u_btb_U_FILE_target_arr_reg[5][0][30]/D",-1114,-1.114
30,"basic_isa_instance/u_mem_wb_rd_wb_reg[3]/CP","basic_isa_instance/u_if_u_btb_U_FILE_target_arr_reg[4][1][30]/D",-1114,-1.114
31,"basic_isa_instance/u_mem_wb_rd_wb_reg[3]/CP","basic_isa_instance/u_if_u_btb_U_FILE_target_arr_reg[4][0][30]/D",-1114,-1.114
32,"basic_isa_instance/u_mem_wb_rd_wb_reg[3]/CP","basic_isa_instance/u_if_u_btb_U_FILE_target_arr_reg[3][1][30]/D",-1114,-1.114
33,"basic_isa_instance/u_mem_wb_rd_wb_reg[3]/CP","basic_isa_instance/u_if_u_btb_U_FILE_target_arr_reg[3][0][30]/D",-1114,-1.114
34,"basic_isa_instance/u_mem_wb_rd_wb_reg[3]/CP","basic_isa_instance/u_if_u_btb_U_FILE_target_arr_reg[2][1][30]/D",-1114,-1.114
35,"basic_isa_instance/u_mem_wb_rd_wb_reg[3]/CP","basic_isa_instance/u_if_u_btb_U_FILE_target_arr_reg[2][0][30]/D",-1114,-1.114
36,"basic_isa_instance/u_mem_wb_rd_wb_reg[3]/CP","basic_isa_instance/u_if_u_btb_U_FILE_target_arr_reg[1][1][30]/D",-1114,-1.114
37,"basic_isa_instance/u_mem_wb_rd_wb_reg[3]/CP","basic_isa_instance/u_if_u_btb_U_FILE_target_arr_reg[1][0][30]/D",-1114,-1.114
38,"basic_isa_instance/u_mem_wb_rd_wb_reg[3]/CP","basic_isa_instance/u_if_u_btb_U_FILE_target_arr_reg[0][1][30]/D",-1114,-1.114
39,"basic_isa_instance/u_mem_wb_rd_wb_reg[3]/CP","basic_isa_instance/u_if_u_btb_U_FILE_target_arr_reg[0][0][30]/D",-1114,-1.114
40,"basic_isa_instance/u_mem_wb_rd_wb_reg[3]/CP","basic_isa_instance/u_if_u_pc_reg_core_to_int_reg[29]/D",-1094,-1.094
41,"basic_isa_instance/u_id_ex_inst_ex_o_reg[17]/CP","basic_isa_instance/u_if_u_btb_U_FILE_target_arr_reg[7][1][29]/D",-1038,-1.038
42,"basic_isa_instance/u_id_ex_inst_ex_o_reg[17]/CP","basic_isa_instance/u_if_u_btb_U_FILE_target_arr_reg[7][0][29]/D",-1038,-1.038
43,"basic_isa_instance/u_id_ex_inst_ex_o_reg[17]/CP","basic_isa_instance/u_if_u_btb_U_FILE_target_arr_reg[6][1][29]/D",-1038,-1.038
44,"basic_isa_instance/u_id_ex_inst_ex_o_reg[17]/CP","basic_isa_instance/u_if_u_btb_U_FILE_target_arr_reg[6][0][29]/D",-1038,-1.038
45,"basic_isa_instance/u_id_ex_inst_ex_o_reg[17]/CP","basic_isa_instance/u_if_u_btb_U_FILE_target_arr_reg[5][1][29]/D",-1038,-1.038
46,"basic_isa_instance/u_id_ex_inst_ex_o_reg[17]/CP","basic_isa_instance/u_if_u_btb_U_FILE_target_arr_reg[5][0][29]/D",-1038,-1.038
47,"basic_isa_instance/u_id_ex_inst_ex_o_reg[17]/CP","basic_isa_instance/u_if_u_btb_U_FILE_target_arr_reg[4][1][29]/D",-1038,-1.038
48,"basic_isa_instance/u_id_ex_inst_ex_o_reg[17]/CP","basic_isa_instance/u_if_u_btb_U_FILE_target_arr_reg[4][0][29]/D",-1038,-1.038
49,"basic_isa_instance/u_id_ex_inst_ex_o_reg[17]/CP","basic_isa_instance/u_if_u_btb_U_FILE_target_arr_reg[3][1][29]/D",-1038,-1.038
50,"basic_isa_instance/u_id_ex_inst_ex_o_reg[17]/CP","basic_isa_instance/u_if_u_btb_U_FILE_target_arr_reg[3][0][29]/D",-1038,-1.038
51,"basic_isa_instance/u_id_ex_inst_ex_o_reg[17]/CP","basic_isa_instance/u_if_u_btb_U_FILE_target_arr_reg[2][1][29]/D",-1038,-1.038
52,"basic_isa_instance/u_id_ex_inst_ex_o_reg[17]/CP","basic_isa_instance/u_if_u_btb_U_FILE_target_arr_reg[2][0][29]/D",-1038,-1.038
53,"basic_isa_instance/u_id_ex_inst_ex_o_reg[17]/CP","basic_isa_instance/u_if_u_btb_U_FILE_target_arr_reg[1][1][29]/D",-1038,-1.038
54,"basic_isa_instance/u_id_ex_inst_ex_o_reg[17]/CP","basic_isa_instance/u_if_u_btb_U_FILE_target_arr_reg[1][0][29]/D",-1038,-1.038
55,"basic_isa_instance/u_id_ex_inst_ex_o_reg[17]/CP","basic_isa_instance/u_if_u_btb_U_FILE_target_arr_reg[0][1][29]/D",-1038,-1.038
56,"basic_isa_instance/u_id_ex_inst_ex_o_reg[17]/CP","basic_isa_instance/u_if_u_btb_U_FILE_target_arr_reg[0][0][29]/D",-1038,-1.038
57,"basic_isa_instance/u_id_ex_inst_ex_o_reg[17]/CP","basic_isa_instance/u_if_u_btb_U_FILE_target_arr_reg[7][1][28]/D",-999,-0.999
58,"basic_isa_instance/u_id_ex_inst_ex_o_reg[17]/CP","basic_isa_instance/u_if_u_btb_U_FILE_target_arr_reg[7][0][28]/D",-999,-0.999
59,"basic_isa_instance/u_id_ex_inst_ex_o_reg[17]/CP","basic_isa_instance/u_if_u_btb_U_FILE_target_arr_reg[6][1][28]/D",-999,-0.999
60,"basic_isa_instance/u_id_ex_inst_ex_o_reg[17]/CP","basic_isa_instance/u_if_u_btb_U_FILE_target_arr_reg[6][0][28]/D",-999,-0.999
61,"basic_isa_instance/u_id_ex_inst_ex_o_reg[17]/CP","basic_isa_instance/u_if_u_btb_U_FILE_target_arr_reg[5][1][28]/D",-999,-0.999
62,"basic_isa_instance/u_id_ex_inst_ex_o_reg[17]/CP","basic_isa_instance/u_if_u_btb_U_FILE_target_arr_reg[5][0][28]/D",-999,-0.999
63,"basic_isa_instance/u_id_ex_inst_ex_o_reg[17]/CP","basic_isa_instance/u_if_u_btb_U_FILE_target_arr_reg[4][1][28]/D",-999,-0.999
64,"basic_isa_instance/u_id_ex_inst_ex_o_reg[17]/CP","basic_isa_instance/u_if_u_btb_U_FILE_target_arr_reg[4][0][28]/D",-999,-0.999
65,"basic_isa_instance/u_id_ex_inst_ex_o_reg[17]/CP","basic_isa_instance/u_if_u_btb_U_FILE_target_arr_reg[3][1][28]/D",-999,-0.999
66,"basic_isa_instance/u_id_ex_inst_ex_o_reg[17]/CP","basic_isa_instance/u_if_u_btb_U_FILE_target_arr_reg[3][0][28]/D",-999,-0.999
67,"basic_isa_instance/u_id_ex_inst_ex_o_reg[17]/CP","basic_isa_instance/u_if_u_btb_U_FILE_target_arr_reg[2][1][28]/D",-999,-0.999
68,"basic_isa_instance/u_id_ex_inst_ex_o_reg[17]/CP","basic_isa_instance/u_if_u_btb_U_FILE_target_arr_reg[2][0][28]/D",-999,-0.999
69,"basic_isa_instance/u_id_ex_inst_ex_o_reg[17]/CP","basic_isa_instance/u_if_u_btb_U_FILE_target_arr_reg[1][1][28]/D",-999,-0.999
70,"basic_isa_instance/u_id_ex_inst_ex_o_reg[17]/CP","basic_isa_instance/u_if_u_btb_U_FILE_target_arr_reg[1][0][28]/D",-999,-0.999
71,"basic_isa_instance/u_id_ex_inst_ex_o_reg[17]/CP","basic_isa_instance/u_if_u_btb_U_FILE_target_arr_reg[0][1][28]/D",-999,-0.999
72,"basic_isa_instance/u_id_ex_inst_ex_o_reg[17]/CP","basic_isa_instance/u_if_u_btb_U_FILE_target_arr_reg[0][0][28]/D",-999,-0.999
73,"basic_isa_instance/u_id_ex_inst_ex_o_reg[17]/CP","basic_isa_instance/u_if_u_pc_reg_pc_reg[28]/D",-973,-0.973
74,"basic_isa_instance/u_id_ex_inst_ex_o_reg[17]/CP","basic_isa_instance/u_if_u_btb_U_FILE_target_arr_reg[7][1][27]/D",-958,-0.958
75,"basic_isa_instance/u_id_ex_inst_ex_o_reg[17]/CP","basic_isa_instance/u_if_u_btb_U_FILE_target_arr_reg[7][0][27]/D",-958,-0.958
76,"basic_isa_instance/u_id_ex_inst_ex_o_reg[17]/CP","basic_isa_instance/u_if_u_btb_U_FILE_target_arr_reg[6][1][27]/D",-958,-0.958
77,"basic_isa_instance/u_id_ex_inst_ex_o_reg[17]/CP","basic_isa_instance/u_if_u_btb_U_FILE_target_arr_reg[6][0][27]/D",-958,-0.958
78,"basic_isa_instance/u_id_ex_inst_ex_o_reg[17]/CP","basic_isa_instance/u_if_u_btb_U_FILE_target_arr_reg[5][1][27]/D",-958,-0.958
79,"basic_isa_instance/u_id_ex_inst_ex_o_reg[17]/CP","basic_isa_instance/u_if_u_btb_U_FILE_target_arr_reg[5][0][27]/D",-958,-0.958
80,"basic_isa_instance/u_id_ex_inst_ex_o_reg[17]/CP","basic_isa_instance/u_if_u_btb_U_FILE_target_arr_reg[4][1][27]/D",-958,-0.958
81,"basic_isa_instance/u_id_ex_inst_ex_o_reg[17]/CP","basic_isa_instance/u_if_u_btb_U_FILE_target_arr_reg[4][0][27]/D",-958,-0.958
82,"basic_isa_instance/u_id_ex_inst_ex_o_reg[17]/CP","basic_isa_instance/u_if_u_btb_U_FILE_target_arr_reg[3][1][27]/D",-958,-0.958
83,"basic_isa_instance/u_id_ex_inst_ex_o_reg[17]/CP","basic_isa_instance/u_if_u_btb_U_FILE_target_arr_reg[3][0][27]/D",-958,-0.958
84,"basic_isa_instance/u_id_ex_inst_ex_o_reg[17]/CP","basic_isa_instance/u_if_u_btb_U_FILE_target_arr_reg[2][1][27]/D",-958,-0.958
85,"basic_isa_instance/u_id_ex_inst_ex_o_reg[17]/CP","basic_isa_instance/u_if_u_btb_U_FILE_target_arr_reg[2][0][27]/D",-958,-0.958
86,"basic_isa_instance/u_id_ex_inst_ex_o_reg[17]/CP","basic_isa_instance/u_if_u_btb_U_FILE_target_arr_reg[1][1][27]/D",-958,-0.958
87,"basic_isa_instance/u_id_ex_inst_ex_o_reg[17]/CP","basic_isa_instance/u_if_u_btb_U_FILE_target_arr_reg[1][0][27]/D",-958,-0.958
88,"basic_isa_instance/u_id_ex_inst_ex_o_reg[17]/CP","basic_isa_instance/u_if_u_btb_U_FILE_target_arr_reg[0][1][27]/D",-958,-0.958
89,"basic_isa_instance/u_id_ex_inst_ex_o_reg[17]/CP","basic_isa_instance/u_if_u_btb_U_FILE_target_arr_reg[0][0][27]/D",-958,-0.958
90,"basic_isa_instance/u_id_ex_inst_ex_o_reg[17]/CP","basic_isa_instance/u_if_u_pc_reg_core_to_int_reg[28]/D",-956,-0.956
91,"basic_isa_instance/u_id_ex_inst_ex_o_reg[17]/CP","basic_isa_instance/u_if_u_pc_reg_pc_reg[27]/D",-929,-0.929
92,"basic_isa_instance/u_id_ex_inst_ex_o_reg[17]/CP","basic_isa_instance/u_if_u_pc_reg_core_to_int_reg[27]/D",-912,-0.912
93,"basic_isa_instance/u_id_ex_inst_ex_o_reg[17]/CP","basic_isa_instance/u_if_u_pc_reg_pc_reg[25]/D",-904,-0.904
94,"basic_isa_instance/u_id_ex_inst_ex_o_reg[17]/CP","basic_isa_instance/u_if_u_btb_U_FILE_target_arr_reg[7][1][25]/D",-899,-0.899
95,"basic_isa_instance/u_id_ex_inst_ex_o_reg[17]/CP","basic_isa_instance/u_if_u_btb_U_FILE_target_arr_reg[7][0][25]/D",-899,-0.899
96,"basic_isa_instance/u_id_ex_inst_ex_o_reg[17]/CP","basic_isa_instance/u_if_u_btb_U_FILE_target_arr_reg[6][1][25]/D",-899,-0.899
97,"basic_isa_instance/u_id_ex_inst_ex_o_reg[17]/CP","basic_isa_instance/u_if_u_btb_U_FILE_target_arr_reg[6][0][25]/D",-899,-0.899
98,"basic_isa_instance/u_id_ex_inst_ex_o_reg[17]/CP","basic_isa_instance/u_if_u_btb_U_FILE_target_arr_reg[5][1][25]/D",-899,-0.899
99,"basic_isa_instance/u_id_ex_inst_ex_o_reg[17]/CP","basic_isa_instance/u_if_u_btb_U_FILE_target_arr_reg[5][0][25]/D",-899,-0.899
100,"basic_isa_instance/u_id_ex_inst_ex_o_reg[17]/CP","basic_isa_instance/u_if_u_btb_U_FILE_target_arr_reg[4][1][25]/D",-899,-0.899
101,"basic_isa_instance/u_id_ex_inst_ex_o_reg[17]/CP","basic_isa_instance/u_if_u_btb_U_FILE_target_arr_reg[4][0][25]/D",-899,-0.899
102,"basic_isa_instance/u_id_ex_inst_ex_o_reg[17]/CP","basic_isa_instance/u_if_u_btb_U_FILE_target_arr_reg[3][1][25]/D",-899,-0.899
103,"basic_isa_instance/u_id_ex_inst_ex_o_reg[17]/CP","basic_isa_instance/u_if_u_btb_U_FILE_target_arr_reg[3][0][25]/D",-899,-0.899
104,"basic_isa_instance/u_id_ex_inst_ex_o_reg[17]/CP","basic_isa_instance/u_if_u_btb_U_FILE_target_arr_reg[2][1][25]/D",-899,-0.899
105,"basic_isa_instance/u_id_ex_inst_ex_o_reg[17]/CP","basic_isa_instance/u_if_u_btb_U_FILE_target_arr_reg[2][0][25]/D",-899,-0.899
106,"basic_isa_instance/u_id_ex_inst_ex_o_reg[17]/CP","basic_isa_instance/u_if_u_btb_U_FILE_target_arr_reg[1][1][25]/D",-899,-0.899
107,"basic_isa_instance/u_id_ex_inst_ex_o_reg[17]/CP","basic_isa_instance/u_if_u_btb_U_FILE_target_arr_reg[1][0][25]/D",-899,-0.899
108,"basic_isa_instance/u_id_ex_inst_ex_o_reg[17]/CP","basic_isa_instance/u_if_u_btb_U_FILE_target_arr_reg[0][1][25]/D",-899,-0.899
109,"basic_isa_instance/u_id_ex_inst_ex_o_reg[17]/CP","basic_isa_instance/u_if_u_btb_U_FILE_target_arr_reg[0][0][25]/D",-899,-0.899
110,"basic_isa_instance/u_id_ex_inst_ex_o_reg[17]/CP","basic_isa_instance/u_if_u_pc_reg_core_to_int_reg[25]/D",-888,-0.888
111,"basic_isa_instance/u_id_ex_inst_ex_o_reg[17]/CP","basic_isa_instance/u_if_u_btb_U_FILE_target_arr_reg[7][1][26]/D",-876,-0.876
112,"basic_isa_instance/u_id_ex_inst_ex_o_reg[17]/CP","basic_isa_instance/u_if_u_btb_U_FILE_target_arr_reg[7][0][26]/D",-876,-0.876
113,"basic_isa_instance/u_id_ex_inst_ex_o_reg[17]/CP","basic_isa_instance/u_if_u_btb_U_FILE_target_arr_reg[6][1][26]/D",-876,-0.876
114,"basic_isa_instance/u_id_ex_inst_ex_o_reg[17]/CP","basic_isa_instance/u_if_u_btb_U_FILE_target_arr_reg[6][0][26]/D",-876,-0.876
115,"basic_isa_instance/u_id_ex_inst_ex_o_reg[17]/CP","basic_isa_instance/u_if_u_btb_U_FILE_target_arr_reg[5][1][26]/D",-876,-0.876
116,"basic_isa_instance/u_id_ex_inst_ex_o_reg[17]/CP","basic_isa_instance/u_if_u_btb_U_FILE_target_arr_reg[5][0][26]/D",-876,-0.876
117,"basic_isa_instance/u_id_ex_inst_ex_o_reg[17]/CP","basic_isa_instance/u_if_u_btb_U_FILE_target_arr_reg[4][1][26]/D",-876,-0.876
118,"basic_isa_instance/u_id_ex_inst_ex_o_reg[17]/CP","basic_isa_instance/u_if_u_btb_U_FILE_target_arr_reg[4][0][26]/D",-876,-0.876
119,"basic_isa_instance/u_id_ex_inst_ex_o_reg[17]/CP","basic_isa_instance/u_if_u_btb_U_FILE_target_arr_reg[3][1][26]/D",-876,-0.876
120,"basic_isa_instance/u_id_ex_inst_ex_o_reg[17]/CP","basic_isa_instance/u_if_u_btb_U_FILE_target_arr_reg[3][0][26]/D",-876,-0.876
121,"basic_isa_instance/u_id_ex_inst_ex_o_reg[17]/CP","basic_isa_instance/u_if_u_btb_U_FILE_target_arr_reg[2][1][26]/D",-876,-0.876
122,"basic_isa_instance/u_id_ex_inst_ex_o_reg[17]/CP","basic_isa_instance/u_if_u_btb_U_FILE_target_arr_reg[2][0][26]/D",-876,-0.876
123,"basic_isa_instance/u_id_ex_inst_ex_o_reg[17]/CP","basic_isa_instance/u_if_u_btb_U_FILE_target_arr_reg[1][1][26]/D",-876,-0.876
124,"basic_isa_instance/u_id_ex_inst_ex_o_reg[17]/CP","basic_isa_instance/u_if_u_btb_U_FILE_target_arr_reg[1][0][26]/D",-876,-0.876
125,"basic_isa_instance/u_id_ex_inst_ex_o_reg[17]/CP","basic_isa_instance/u_if_u_btb_U_FILE_target_arr_reg[0][1][26]/D",-876,-0.876
126,"basic_isa_instance/u_id_ex_inst_ex_o_reg[17]/CP","basic_isa_instance/u_if_u_btb_U_FILE_target_arr_reg[0][0][26]/D",-876,-0.876
127,"basic_isa_instance/u_id_ex_inst_ex_o_reg[17]/CP","basic_isa_instance/u_if_u_pc_reg_pc_reg[26]/D",-847,-0.847
128,"basic_isa_instance/u_id_ex_inst_ex_o_reg[17]/CP","basic_isa_instance/u_if_u_pc_reg_core_to_int_reg[26]/D",-830,-0.830
129,"basic_isa_instance/u_id_ex_inst_ex_o_reg[17]/CP","basic_isa_instance/u_if_u_btb_U_FILE_target_arr_reg[7][1][24]/D",-822,-0.822
130,"basic_isa_instance/u_id_ex_inst_ex_o_reg[17]/CP","basic_isa_instance/u_if_u_btb_U_FILE_target_arr_reg[7][0][24]/D",-822,-0.822
131,"basic_isa_instance/u_id_ex_inst_ex_o_reg[17]/CP","basic_isa_instance/u_if_u_btb_U_FILE_target_arr_reg[6][1][24]/D",-822,-0.822
132,"basic_isa_instance/u_id_ex_inst_ex_o_reg[17]/CP","basic_isa_instance/u_if_u_btb_U_FILE_target_arr_reg[6][0][24]/D",-822,-0.822
133,"basic_isa_instance/u_id_ex_inst_ex_o_reg[17]/CP","basic_isa_instance/u_if_u_btb_U_FILE_target_arr_reg[5][1][24]/D",-822,-0.822
134,"basic_isa_instance/u_id_ex_inst_ex_o_reg[17]/CP","basic_isa_instance/u_if_u_btb_U_FILE_target_arr_reg[5][0][24]/D",-822,-0.822
135,"basic_isa_instance/u_id_ex_inst_ex_o_reg[17]/CP","basic_isa_instance/u_if_u_btb_U_FILE_target_arr_reg[4][1][24]/D",-822,-0.822
136,"basic_isa_instance/u_id_ex_inst_ex_o_reg[17]/CP","basic_isa_instance/u_if_u_btb_U_FILE_target_arr_reg[4][0][24]/D",-822,-0.822
137,"basic_isa_instance/u_id_ex_inst_ex_o_reg[17]/CP","basic_isa_instance/u_if_u_btb_U_FILE_target_arr_reg[3][1][24]/D",-822,-0.822
138,"basic_isa_instance/u_id_ex_inst_ex_o_reg[17]/CP","basic_isa_instance/u_if_u_btb_U_FILE_target_arr_reg[3][0][24]/D",-822,-0.822
139,"basic_isa_instance/u_id_ex_inst_ex_o_reg[17]/CP","basic_isa_instance/u_if_u_btb_U_FILE_target_arr_reg[2][1][24]/D",-822,-0.822
140,"basic_isa_instance/u_id_ex_inst_ex_o_reg[17]/CP","basic_isa_instance/u_if_u_btb_U_FILE_target_arr_reg[2][0][24]/D",-822,-0.822
141,"basic_isa_instance/u_id_ex_inst_ex_o_reg[17]/CP","basic_isa_instance/u_if_u_btb_U_FILE_target_arr_reg[1][1][24]/D",-822,-0.822
142,"basic_isa_instance/u_id_ex_inst_ex_o_reg[17]/CP","basic_isa_instance/u_if_u_btb_U_FILE_target_arr_reg[1][0][24]/D",-822,-0.822
143,"basic_isa_instance/u_id_ex_inst_ex_o_reg[17]/CP","basic_isa_instance/u_if_u_btb_U_FILE_target_arr_reg[0][1][24]/D",-822,-0.822
144,"basic_isa_instance/u_id_ex_inst_ex_o_reg[17]/CP","basic_isa_instance/u_if_u_btb_U_FILE_target_arr_reg[0][0][24]/D",-822,-0.822
145,"basic_isa_instance/u_id_ex_inst_ex_o_reg[17]/CP","basic_isa_instance/u_if_u_pc_reg_pc_reg[24]/D",-798,-0.798
146,"basic_isa_instance/u_id_ex_inst_ex_o_reg[17]/CP","basic_isa_instance/u_if_u_pc_reg_pc_reg[23]/D",-789,-0.789
147,"basic_isa_instance/u_id_ex_inst_ex_o_reg[17]/CP","basic_isa_instance/u_if_u_pc_reg_core_to_int_reg[24]/D",-779,-0.779
148,"basic_isa_instance/u_id_ex_inst_ex_o_reg[17]/CP","basic_isa_instance/u_if_u_pc_reg_pc_reg[21]/D",-760,-0.760
149,"basic_isa_instance/u_id_ex_inst_ex_o_reg[17]/CP","basic_isa_instance/u_if_u_pc_reg_core_to_int_reg[23]/D",-759,-0.759
150,"basic_isa_instance/u_id_ex_inst_ex_o_reg[17]/CP","basic_isa_instance/u_if_u_btb_U_FILE_target_arr_reg[7][1][23]/D",-758,-0.758
151,"basic_isa_instance/u_id_ex_inst_ex_o_reg[17]/CP","basic_isa_instance/u_if_u_btb_U_FILE_target_arr_reg[7][0][23]/D",-758,-0.758
152,"basic_isa_instance/u_id_ex_inst_ex_o_reg[17]/CP","basic_isa_instance/u_if_u_btb_U_FILE_target_arr_reg[6][1][23]/D",-758,-0.758
153,"basic_isa_instance/u_id_ex_inst_ex_o_reg[17]/CP","basic_isa_instance/u_if_u_btb_U_FILE_target_arr_reg[6][0][23]/D",-758,-0.758
154,"basic_isa_instance/u_id_ex_inst_ex_o_reg[17]/CP","basic_isa_instance/u_if_u_btb_U_FILE_target_arr_reg[5][1][23]/D",-758,-0.758
155,"basic_isa_instance/u_id_ex_inst_ex_o_reg[17]/CP","basic_isa_instance/u_if_u_btb_U_FILE_target_arr_reg[5][0][23]/D",-758,-0.758
156,"basic_isa_instance/u_id_ex_inst_ex_o_reg[17]/CP","basic_isa_instance/u_if_u_btb_U_FILE_target_arr_reg[4][1][23]/D",-758,-0.758
157,"basic_isa_instance/u_id_ex_inst_ex_o_reg[17]/CP","basic_isa_instance/u_if_u_btb_U_FILE_target_arr_reg[4][0][23]/D",-758,-0.758
158,"basic_isa_instance/u_id_ex_inst_ex_o_reg[17]/CP","basic_isa_instance/u_if_u_btb_U_FILE_target_arr_reg[3][1][23]/D",-758,-0.758
159,"basic_isa_instance/u_id_ex_inst_ex_o_reg[17]/CP","basic_isa_instance/u_if_u_btb_U_FILE_target_arr_reg[3][0][23]/D",-758,-0.758
160,"basic_isa_instance/u_id_ex_inst_ex_o_reg[17]/CP","basic_isa_instance/u_if_u_btb_U_FILE_target_arr_reg[2][1][23]/D",-758,-0.758
161,"basic_isa_instance/u_id_ex_inst_ex_o_reg[17]/CP","basic_isa_instance/u_if_u_btb_U_FILE_target_arr_reg[2][0][23]/D",-758,-0.758
162,"basic_isa_instance/u_id_ex_inst_ex_o_reg[17]/CP","basic_isa_instance/u_if_u_btb_U_FILE_target_arr_reg[1][1][23]/D",-758,-0.758
163,"basic_isa_instance/u_id_ex_inst_ex_o_reg[17]/CP","basic_isa_instance/u_if_u_btb_U_FILE_target_arr_reg[1][0][23]/D",-758,-0.758
164,"basic_isa_instance/u_id_ex_inst_ex_o_reg[17]/CP","basic_isa_instance/u_if_u_btb_U_FILE_target_arr_reg[0][1][23]/D",-758,-0.758
165,"basic_isa_instance/u_id_ex_inst_ex_o_reg[17]/CP","basic_isa_instance/u_if_u_btb_U_FILE_target_arr_reg[0][0][23]/D",-758,-0.758
166,"basic_isa_instance/u_id_ex_inst_ex_o_reg[17]/CP","basic_isa_instance/u_if_u_pc_reg_core_to_int_reg[21]/D",-756,-0.756
167,"basic_isa_instance/u_id_ex_inst_ex_o_reg[17]/CP","basic_isa_instance/u_if_u_btb_U_FILE_target_arr_reg[7][1][22]/D",-716,-0.716
168,"basic_isa_instance/u_id_ex_inst_ex_o_reg[17]/CP","basic_isa_instance/u_if_u_btb_U_FILE_target_arr_reg[7][0][22]/D",-716,-0.716
169,"basic_isa_instance/u_id_ex_inst_ex_o_reg[17]/CP","basic_isa_instance/u_if_u_btb_U_FILE_target_arr_reg[6][1][22]/D",-716,-0.716
170,"basic_isa_instance/u_id_ex_inst_ex_o_reg[17]/CP","basic_isa_instance/u_if_u_btb_U_FILE_target_arr_reg[6][0][22]/D",-716,-0.716
171,"basic_isa_instance/u_id_ex_inst_ex_o_reg[17]/CP","basic_isa_instance/u_if_u_btb_U_FILE_target_arr_reg[5][1][22]/D",-716,-0.716
172,"basic_isa_instance/u_id_ex_inst_ex_o_reg[17]/CP","basic_isa_instance/u_if_u_btb_U_FILE_target_arr_reg[5][0][22]/D",-716,-0.716
173,"basic_isa_instance/u_id_ex_inst_ex_o_reg[17]/CP","basic_isa_instance/u_if_u_btb_U_FILE_target_arr_reg[4][1][22]/D",-716,-0.716
174,"basic_isa_instance/u_id_ex_inst_ex_o_reg[17]/CP","basic_isa_instance/u_if_u_btb_U_FILE_target_arr_reg[4][0][22]/D",-716,-0.716
175,"basic_isa_instance/u_id_ex_inst_ex_o_reg[17]/CP","basic_isa_instance/u_if_u_btb_U_FILE_target_arr_reg[3][1][22]/D",-716,-0.716
176,"basic_isa_instance/u_id_ex_inst_ex_o_reg[17]/CP","basic_isa_instance/u_if_u_btb_U_FILE_target_arr_reg[3][0][22]/D",-716,-0.716
177,"basic_isa_instance/u_id_ex_inst_ex_o_reg[17]/CP","basic_isa_instance/u_if_u_btb_U_FILE_target_arr_reg[2][1][22]/D",-716,-0.716
178,"basic_isa_instance/u_id_ex_inst_ex_o_reg[17]/CP","basic_isa_instance/u_if_u_btb_U_FILE_target_arr_reg[2][0][22]/D",-716,-0.716
179,"basic_isa_instance/u_id_ex_inst_ex_o_reg[17]/CP","basic_isa_instance/u_if_u_btb_U_FILE_target_arr_reg[1][1][22]/D",-716,-0.716
180,"basic_isa_instance/u_id_ex_inst_ex_o_reg[17]/CP","basic_isa_instance/u_if_u_btb_U_FILE_target_arr_reg[1][0][22]/D",-716,-0.716
181,"basic_isa_instance/u_id_ex_inst_ex_o_reg[17]/CP","basic_isa_instance/u_if_u_btb_U_FILE_target_arr_reg[0][1][22]/D",-716,-0.716
182,"basic_isa_instance/u_id_ex_inst_ex_o_reg[17]/CP","basic_isa_instance/u_if_u_btb_U_FILE_target_arr_reg[0][0][22]/D",-716,-0.716
183,"basic_isa_instance/u_id_ex_inst_ex_o_reg[17]/CP","basic_isa_instance/u_if_u_btb_U_FILE_target_arr_reg[7][1][21]/D",-715,-0.715
184,"basic_isa_instance/u_id_ex_inst_ex_o_reg[17]/CP","basic_isa_instance/u_if_u_btb_U_FILE_target_arr_reg[7][0][21]/D",-715,-0.715
185,"basic_isa_instance/u_id_ex_inst_ex_o_reg[17]/CP","basic_isa_instance/u_if_u_btb_U_FILE_target_arr_reg[6][1][21]/D",-715,-0.715
186,"basic_isa_instance/u_id_ex_inst_ex_o_reg[17]/CP","basic_isa_instance/u_if_u_btb_U_FILE_target_arr_reg[6][0][21]/D",-715,-0.715
187,"basic_isa_instance/u_id_ex_inst_ex_o_reg[17]/CP","basic_isa_instance/u_if_u_btb_U_FILE_target_arr_reg[5][1][21]/D",-715,-0.715
188,"basic_isa_instance/u_id_ex_inst_ex_o_reg[17]/CP","basic_isa_instance/u_if_u_btb_U_FILE_target_arr_reg[5][0][21]/D",-715,-0.715
189,"basic_isa_instance/u_id_ex_inst_ex_o_reg[17]/CP","basic_isa_instance/u_if_u_btb_U_FILE_target_arr_reg[4][1][21]/D",-715,-0.715
190,"basic_isa_instance/u_id_ex_inst_ex_o_reg[17]/CP","basic_isa_instance/u_if_u_btb_U_FILE_target_arr_reg[4][0][21]/D",-715,-0.715
191,"basic_isa_instance/u_id_ex_inst_ex_o_reg[17]/CP","basic_isa_instance/u_if_u_btb_U_FILE_target_arr_reg[3][1][21]/D",-715,-0.715
192,"basic_isa_instance/u_id_ex_inst_ex_o_reg[17]/CP","basic_isa_instance/u_if_u_btb_U_FILE_target_arr_reg[3][0][21]/D",-715,-0.715
193,"basic_isa_instance/u_id_ex_inst_ex_o_reg[17]/CP","basic_isa_instance/u_if_u_btb_U_FILE_target_arr_reg[2][1][21]/D",-715,-0.715
194,"basic_isa_instance/u_id_ex_inst_ex_o_reg[17]/CP","basic_isa_instance/u_if_u_btb_U_FILE_target_arr_reg[2][0][21]/D",-715,-0.715
195,"basic_isa_instance/u_id_ex_inst_ex_o_reg[17]/CP","basic_isa_instance/u_if_u_btb_U_FILE_target_arr_reg[1][1][21]/D",-715,-0.715
196,"basic_isa_instance/u_id_ex_inst_ex_o_reg[17]/CP","basic_isa_instance/u_if_u_btb_U_FILE_target_arr_reg[1][0][21]/D",-715,-0.715
197,"basic_isa_instance/u_id_ex_inst_ex_o_reg[17]/CP","basic_isa_instance/u_if_u_btb_U_FILE_target_arr_reg[0][1][21]/D",-715,-0.715
198,"basic_isa_instance/u_id_ex_inst_ex_o_reg[17]/CP","basic_isa_instance/u_if_u_btb_U_FILE_target_arr_reg[0][0][21]/D",-715,-0.715
199,"basic_isa_instance/u_id_ex_inst_ex_o_reg[17]/CP","basic_isa_instance/u_if_u_pc_reg_pc_reg[22]/D",-692,-0.692
200,"basic_isa_instance/u_id_ex_inst_ex_o_reg[17]/CP","basic_isa_instance/u_if_u_btb_U_FILE_target_arr_reg[7][1][20]/D",-692,-0.692
201,"basic_isa_instance/u_id_ex_inst_ex_o_reg[17]/CP","basic_isa_instance/u_if_u_btb_U_FILE_target_arr_reg[7][0][20]/D",-692,-0.692
202,"basic_isa_instance/u_id_ex_inst_ex_o_reg[17]/CP","basic_isa_instance/u_if_u_btb_U_FILE_target_arr_reg[6][1][20]/D",-692,-0.692
203,"basic_isa_instance/u_id_ex_inst_ex_o_reg[17]/CP","basic_isa_instance/u_if_u_btb_U_FILE_target_arr_reg[6][0][20]/D",-692,-0.692
204,"basic_isa_instance/u_id_ex_inst_ex_o_reg[17]/CP","basic_isa_instance/u_if_u_btb_U_FILE_target_arr_reg[5][1][20]/D",-692,-0.692
205,"basic_isa_instance/u_id_ex_inst_ex_o_reg[17]/CP","basic_isa_instance/u_if_u_btb_U_FILE_target_arr_reg[5][0][20]/D",-692,-0.692
206,"basic_isa_instance/u_id_ex_inst_ex_o_reg[17]/CP","basic_isa_instance/u_if_u_btb_U_FILE_target_arr_reg[4][1][20]/D",-692,-0.692
207,"basic_isa_instance/u_id_ex_inst_ex_o_reg[17]/CP","basic_isa_instance/u_if_u_btb_U_FILE_target_arr_reg[4][0][20]/D",-692,-0.692
208,"basic_isa_instance/u_id_ex_inst_ex_o_reg[17]/CP","basic_isa_instance/u_if_u_btb_U_FILE_target_arr_reg[3][1][20]/D",-692,-0.692
209,"basic_isa_instance/u_id_ex_inst_ex_o_reg[17]/CP","basic_isa_instance/u_if_u_btb_U_FILE_target_arr_reg[3][0][20]/D",-692,-0.692
210,"basic_isa_instance/u_id_ex_inst_ex_o_reg[17]/CP","basic_isa_instance/u_if_u_btb_U_FILE_target_arr_reg[2][1][20]/D",-692,-0.692
211,"basic_isa_instance/u_id_ex_inst_ex_o_reg[17]/CP","basic_isa_instance/u_if_u_btb_U_FILE_target_arr_reg[2][0][20]/D",-692,-0.692
212,"basic_isa_instance/u_id_ex_inst_ex_o_reg[17]/CP","basic_isa_instance/u_if_u_btb_U_FILE_target_arr_reg[1][1][20]/D",-692,-0.692
213,"basic_isa_instance/u_id_ex_inst_ex_o_reg[17]/CP","basic_isa_instance/u_if_u_btb_U_FILE_target_arr_reg[1][0][20]/D",-692,-0.692
214,"basic_isa_instance/u_id_ex_inst_ex_o_reg[17]/CP","basic_isa_instance/u_if_u_btb_U_FILE_target_arr_reg[0][1][20]/D",-692,-0.692
215,"basic_isa_instance/u_id_ex_inst_ex_o_reg[17]/CP","basic_isa_instance/u_if_u_btb_U_FILE_target_arr_reg[0][0][20]/D",-692,-0.692
216,"basic_isa_instance/u_id_ex_inst_ex_o_reg[17]/CP","basic_isa_instance/u_if_u_pc_reg_core_to_int_reg[22]/D",-673,-0.673
217,"basic_isa_instance/u_id_ex_inst_ex_o_reg[17]/CP","basic_isa_instance/u_if_u_pc_reg_pc_reg[20]/D",-663,-0.663
218,"basic_isa_instance/u_id_ex_inst_ex_o_reg[17]/CP","basic_isa_instance/u_if_u_pc_reg_core_to_int_reg[20]/D",-644,-0.644
219,"basic_isa_instance/u_id_ex_inst_ex_o_reg[17]/CP","basic_isa_instance/u_if_u_btb_U_FILE_target_arr_reg[7][1][19]/D",-534,-0.534
220,"basic_isa_instance/u_id_ex_inst_ex_o_reg[17]/CP","basic_isa_instance/u_if_u_btb_U_FILE_target_arr_reg[7][0][19]/D",-534,-0.534
221,"basic_isa_instance/u_id_ex_inst_ex_o_reg[17]/CP","basic_isa_instance/u_if_u_btb_U_FILE_target_arr_reg[6][1][19]/D",-534,-0.534
222,"basic_isa_instance/u_id_ex_inst_ex_o_reg[17]/CP","basic_isa_instance/u_if_u_btb_U_FILE_target_arr_reg[6][0][19]/D",-534,-0.534
223,"basic_isa_instance/u_id_ex_inst_ex_o_reg[17]/CP","basic_isa_instance/u_if_u_btb_U_FILE_target_arr_reg[5][1][19]/D",-534,-0.534
224,"basic_isa_instance/u_id_ex_inst_ex_o_reg[17]/CP","basic_isa_instance/u_if_u_btb_U_FILE_target_arr_reg[5][0][19]/D",-534,-0.534
225,"basic_isa_instance/u_id_ex_inst_ex_o_reg[17]/CP","basic_isa_instance/u_if_u_btb_U_FILE_target_arr_reg[4][1][19]/D",-534,-0.534
226,"basic_isa_instance/u_id_ex_inst_ex_o_reg[17]/CP","basic_isa_instance/u_if_u_btb_U_FILE_target_arr_reg[4][0][19]/D",-534,-0.534
227,"basic_isa_instance/u_id_ex_inst_ex_o_reg[17]/CP","basic_isa_instance/u_if_u_btb_U_FILE_target_arr_reg[3][1][19]/D",-534,-0.534
228,"basic_isa_instance/u_id_ex_inst_ex_o_reg[17]/CP","basic_isa_instance/u_if_u_btb_U_FILE_target_arr_reg[3][0][19]/D",-534,-0.534
229,"basic_isa_instance/u_id_ex_inst_ex_o_reg[17]/CP","basic_isa_instance/u_if_u_btb_U_FILE_target_arr_reg[2][1][19]/D",-534,-0.534
230,"basic_isa_instance/u_id_ex_inst_ex_o_reg[17]/CP","basic_isa_instance/u_if_u_btb_U_FILE_target_arr_reg[2][0][19]/D",-534,-0.534
231,"basic_isa_instance/u_id_ex_inst_ex_o_reg[17]/CP","basic_isa_instance/u_if_u_btb_U_FILE_target_arr_reg[1][1][19]/D",-534,-0.534
232,"basic_isa_instance/u_id_ex_inst_ex_o_reg[17]/CP","basic_isa_instance/u_if_u_btb_U_FILE_target_arr_reg[1][0][19]/D",-534,-0.534
233,"basic_isa_instance/u_id_ex_inst_ex_o_reg[17]/CP","basic_isa_instance/u_if_u_btb_U_FILE_target_arr_reg[0][1][19]/D",-534,-0.534
234,"basic_isa_instance/u_id_ex_inst_ex_o_reg[17]/CP","basic_isa_instance/u_if_u_btb_U_FILE_target_arr_reg[0][0][19]/D",-534,-0.534
235,"basic_isa_instance/u_id_ex_inst_ex_o_reg[17]/CP","basic_isa_instance/u_if_u_pc_reg_pc_reg[19]/D",-524,-0.524
236,"basic_isa_instance/u_id_ex_inst_ex_o_reg[17]/CP","basic_isa_instance/u_if_u_btb_U_FILE_target_arr_reg[7][1][18]/D",-517,-0.517
237,"basic_isa_instance/u_id_ex_inst_ex_o_reg[17]/CP","basic_isa_instance/u_if_u_btb_U_FILE_target_arr_reg[7][0][18]/D",-517,-0.517
238,"basic_isa_instance/u_id_ex_inst_ex_o_reg[17]/CP","basic_isa_instance/u_if_u_btb_U_FILE_target_arr_reg[6][1][18]/D",-517,-0.517
239,"basic_isa_instance/u_id_ex_inst_ex_o_reg[17]/CP","basic_isa_instance/u_if_u_btb_U_FILE_target_arr_reg[6][0][18]/D",-517,-0.517
240,"basic_isa_instance/u_id_ex_inst_ex_o_reg[17]/CP","basic_isa_instance/u_if_u_btb_U_FILE_target_arr_reg[5][1][18]/D",-517,-0.517
241,"basic_isa_instance/u_id_ex_inst_ex_o_reg[17]/CP","basic_isa_instance/u_if_u_btb_U_FILE_target_arr_reg[5][0][18]/D",-517,-0.517
242,"basic_isa_instance/u_id_ex_inst_ex_o_reg[17]/CP","basic_isa_instance/u_if_u_btb_U_FILE_target_arr_reg[4][1][18]/D",-517,-0.517
243,"basic_isa_instance/u_id_ex_inst_ex_o_reg[17]/CP","basic_isa_instance/u_if_u_btb_U_FILE_target_arr_reg[4][0][18]/D",-517,-0.517
244,"basic_isa_instance/u_id_ex_inst_ex_o_reg[17]/CP","basic_isa_instance/u_if_u_btb_U_FILE_target_arr_reg[3][1][18]/D",-517,-0.517
245,"basic_isa_instance/u_id_ex_inst_ex_o_reg[17]/CP","basic_isa_instance/u_if_u_btb_U_FILE_target_arr_reg[3][0][18]/D",-517,-0.517
246,"basic_isa_instance/u_id_ex_inst_ex_o_reg[17]/CP","basic_isa_instance/u_if_u_btb_U_FILE_target_arr_reg[2][1][18]/D",-517,-0.517
247,"basic_isa_instance/u_id_ex_inst_ex_o_reg[17]/CP","basic_isa_instance/u_if_u_btb_U_FILE_target_arr_reg[2][0][18]/D",-517,-0.517
248,"basic_isa_instance/u_id_ex_inst_ex_o_reg[17]/CP","basic_isa_instance/u_if_u_btb_U_FILE_target_arr_reg[1][1][18]/D",-517,-0.517
249,"basic_isa_instance/u_id_ex_inst_ex_o_reg[17]/CP","basic_isa_instance/u_if_u_btb_U_FILE_target_arr_reg[1][0][18]/D",-517,-0.517
250,"basic_isa_instance/u_id_ex_inst_ex_o_reg[17]/CP","basic_isa_instance/u_if_u_btb_U_FILE_target_arr_reg[0][1][18]/D",-517,-0.517
251,"basic_isa_instance/u_id_ex_inst_ex_o_reg[17]/CP","basic_isa_instance/u_if_u_btb_U_FILE_target_arr_reg[0][0][18]/D",-517,-0.517
252,"basic_isa_instance/u_id_ex_inst_ex_o_reg[17]/CP","basic_isa_instance/u_if_u_pc_reg_pc_reg[18]/D",-498,-0.498
253,"basic_isa_instance/u_id_ex_inst_ex_o_reg[17]/CP","basic_isa_instance/u_if_u_pc_reg_core_to_int_reg[19]/D",-496,-0.496
254,"basic_isa_instance/u_id_ex_inst_ex_o_reg[17]/CP","basic_isa_instance/u_if_u_pc_reg_core_to_int_reg[18]/D",-473,-0.473
255,"basic_isa_instance/u_id_ex_inst_ex_o_reg[17]/CP","basic_isa_instance/u_trace_core_it_delta_addr_o_reg[19]/D",-441,-0.441
256,"csr_top_instance_csr_register_file_inst_satp_csr_inst_satp_r_reg[30]/CP","csr_top_instance_csr_register_file_inst_mstatus_csr_inst_mstatus_r_reg[3]/SI",-433,-0.433
257,"basic_isa_instance/u_ex_mem_inst_mem_o_reg[9]/CP","basic_isa_instance/u_if_u_pc_reg_pc_reg[17]/D",-433,-0.433
258,"basic_isa_instance/u_id_ex_inst_ex_o_reg[17]/CP","basic_isa_instance/u_trace_core_it_delta_addr_o_reg[18]/D",-424,-0.424
259,"basic_isa_instance/u_id_ex_inst_ex_o_reg[17]/CP","basic_isa_instance/u_if_u_btb_U_FILE_target_arr_reg[7][1][17]/D",-419,-0.419
260,"basic_isa_instance/u_id_ex_inst_ex_o_reg[17]/CP","basic_isa_instance/u_if_u_btb_U_FILE_target_arr_reg[7][0][17]/D",-419,-0.419
261,"basic_isa_instance/u_id_ex_inst_ex_o_reg[17]/CP","basic_isa_instance/u_if_u_btb_U_FILE_target_arr_reg[6][1][17]/D",-419,-0.419
262,"basic_isa_instance/u_id_ex_inst_ex_o_reg[17]/CP","basic_isa_instance/u_if_u_btb_U_FILE_target_arr_reg[6][0][17]/D",-419,-0.419
263,"basic_isa_instance/u_id_ex_inst_ex_o_reg[17]/CP","basic_isa_instance/u_if_u_btb_U_FILE_target_arr_reg[5][1][17]/D",-419,-0.419
264,"basic_isa_instance/u_id_ex_inst_ex_o_reg[17]/CP","basic_isa_instance/u_if_u_btb_U_FILE_target_arr_reg[5][0][17]/D",-419,-0.419
265,"basic_isa_instance/u_id_ex_inst_ex_o_reg[17]/CP","basic_isa_instance/u_if_u_btb_U_FILE_target_arr_reg[4][1][17]/D",-419,-0.419
266,"basic_isa_instance/u_id_ex_inst_ex_o_reg[17]/CP","basic_isa_instance/u_if_u_btb_U_FILE_target_arr_reg[4][0][17]/D",-419,-0.419
267,"basic_isa_instance/u_id_ex_inst_ex_o_reg[17]/CP","basic_isa_instance/u_if_u_btb_U_FILE_target_arr_reg[3][1][17]/D",-419,-0.419
268,"basic_isa_instance/u_id_ex_inst_ex_o_reg[17]/CP","basic_isa_instance/u_if_u_btb_U_FILE_target_arr_reg[3][0][17]/D",-419,-0.419
269,"basic_isa_instance/u_id_ex_inst_ex_o_reg[17]/CP","basic_isa_instance/u_if_u_btb_U_FILE_target_arr_reg[2][1][17]/D",-419,-0.419
270,"basic_isa_instance/u_id_ex_inst_ex_o_reg[17]/CP","basic_isa_instance/u_if_u_btb_U_FILE_target_arr_reg[2][0][17]/D",-419,-0.419
271,"basic_isa_instance/u_id_ex_inst_ex_o_reg[17]/CP","basic_isa_instance/u_if_u_btb_U_FILE_target_arr_reg[1][1][17]/D",-419,-0.419
272,"basic_isa_instance/u_id_ex_inst_ex_o_reg[17]/CP","basic_isa_instance/u_if_u_btb_U_FILE_target_arr_reg[1][0][17]/D",-419,-0.419
273,"basic_isa_instance/u_id_ex_inst_ex_o_reg[17]/CP","basic_isa_instance/u_if_u_btb_U_FILE_target_arr_reg[0][1][17]/D",-419,-0.419
274,"basic_isa_instance/u_id_ex_inst_ex_o_reg[17]/CP","basic_isa_instance/u_if_u_btb_U_FILE_target_arr_reg[0][0][17]/D",-419,-0.419
275,"basic_isa_instance/u_ex_mem_inst_mem_o_reg[9]/CP","basic_isa_instance/u_if_u_pc_reg_core_to_int_reg[16]/D",-412,-0.412
276,"basic_isa_instance/u_ex_mem_inst_mem_o_reg[9]/CP","basic_isa_instance/u_if_u_pc_reg_pc_reg[16]/D",-404,-0.404
277,"basic_isa_instance/u_ex_mem_inst_mem_o_reg[9]/CP","basic_isa_instance/u_if_u_pc_reg_core_to_int_reg[17]/D",-383,-0.383
278,"basic_isa_instance/u_halt_fsm_state_reg[2]/CP","ip_debug_trace_instance_u_trace_cdc_u_mmu_fifo/full_reg/D",-372,-0.372
279,"basic_isa_instance/u_ex_mem_inst_mem_o_reg[9]/CP","basic_isa_instance/u_if_u_pc_reg_pc_reg[2]/D",-368,-0.368
280,"basic_isa_instance/u_ex_mem_inst_mem_o_reg[9]/CP","basic_isa_instance/u_id_ex_alu_ctrl_ex_reg[0]/D",-365,-0.365
281,"basic_isa_instance/u_ex_mem_inst_mem_o_reg[9]/CP","basic_isa_instance/u_id_ex_imm_ex_reg[0]/D",-363,-0.363
282,"basic_isa_instance/u_ex_mem_inst_mem_o_reg[9]/CP","basic_isa_instance/u_if_u_pc_reg_pc_reg[15]/D",-360,-0.360
283,"basic_isa_instance/u_ex_mem_inst_mem_o_reg[9]/CP","basic_isa_instance/u_id_ex_imm_ex_reg[3]/D",-352,-0.352
284,"basic_isa_instance/u_ex_mem_inst_mem_o_reg[9]/CP","basic_isa_instance/u_id_ex_imm_ex_reg[1]/D",-352,-0.352
285,"interrupt_controller_instance/soc_top_inst_interrupt_recieve_inst_interrupt_pending_o_reg[4]/CP","interrupt_controller_instance/soc_top_inst_priority_resolve_inst_highest_pending_lvl_pr_o_reg[6]/SE",-352,-0.352
286,"interrupt_controller_instance/soc_top_inst_interrupt_recieve_inst_interrupt_pending_o_reg[4]/CP","interrupt_controller_instance/soc_top_inst_priority_resolve_inst_highest_pending_lvl_pr_o_reg[4]/SE",-352,-0.352
287,"interrupt_controller_instance/soc_top_inst_interrupt_recieve_inst_interrupt_pending_o_reg[4]/CP","interrupt_controller_instance/soc_top_inst_priority_resolve_inst_highest_pending_lvl_pr_o_reg[3]/SE",-352,-0.352
288,"interrupt_controller_instance/soc_top_inst_interrupt_recieve_inst_interrupt_pending_o_reg[4]/CP","interrupt_controller_instance/soc_top_inst_priority_resolve_inst_highest_pending_lvl_pr_o_reg[2]/SE",-352,-0.352
289,"interrupt_controller_instance/soc_top_inst_interrupt_recieve_inst_interrupt_pending_o_reg[4]/CP","interrupt_controller_instance/soc_top_inst_priority_resolve_inst_highest_pending_lvl_pr_o_reg[0]/SE",-352,-0.352
290,"interrupt_controller_instance/soc_top_inst_interrupt_recieve_inst_interrupt_pending_o_reg[4]/CP","interrupt_controller_instance/soc_top_inst_priority_resolve_inst_highest_pending_lvl_pr_o_reg[5]/SE",-352,-0.352
291,"interrupt_controller_instance/soc_top_inst_interrupt_recieve_inst_interrupt_pending_o_reg[4]/CP","interrupt_controller_instance/soc_top_inst_priority_resolve_inst_highest_pending_lvl_pr_o_reg[1]/SE",-352,-0.352
292,"csr_top_instance_csr_register_file_inst_satp_csr_inst_satp_r_reg[30]/CP","csr_top_instance_csr_register_file_inst_mepc_csr_inst_mepc_csr_o_reg[30]/SE",-348,-0.348
293,"csr_top_instance_csr_register_file_inst_satp_csr_inst_satp_r_reg[30]/CP","csr_top_instance_csr_register_file_inst_mepc_csr_inst_mepc_csr_o_reg[28]/SE",-348,-0.348
294,"csr_top_instance_csr_register_file_inst_satp_csr_inst_satp_r_reg[30]/CP","csr_top_instance_csr_register_file_inst_mepc_csr_inst_mepc_csr_o_reg[27]/SE",-348,-0.348
295,"csr_top_instance_csr_register_file_inst_satp_csr_inst_satp_r_reg[30]/CP","csr_top_instance_csr_register_file_inst_mepc_csr_inst_mepc_csr_o_reg[24]/SE",-348,-0.348
296,"csr_top_instance_csr_register_file_inst_satp_csr_inst_satp_r_reg[30]/CP","csr_top_instance_csr_register_file_inst_mepc_csr_inst_mepc_csr_o_reg[19]/SE",-348,-0.348
297,"csr_top_instance_csr_register_file_inst_satp_csr_inst_satp_r_reg[30]/CP","csr_top_instance_csr_register_file_inst_mepc_csr_inst_mepc_csr_o_reg[16]/SE",-348,-0.348
298,"csr_top_instance_csr_register_file_inst_satp_csr_inst_satp_r_reg[30]/CP","csr_top_instance_csr_register_file_inst_mepc_csr_inst_mepc_csr_o_reg[13]/SE",-348,-0.348
299,"csr_top_instance_csr_register_file_inst_satp_csr_inst_satp_r_reg[30]/CP","csr_top_instance_csr_register_file_inst_mepc_csr_inst_mepc_csr_o_reg[12]/SE",-348,-0.348
300,"csr_top_instance_csr_register_file_inst_satp_csr_inst_satp_r_reg[30]/CP","csr_top_instance_csr_register_file_inst_mepc_csr_inst_mepc_csr_o_reg[9]/SE",-348,-0.348
301,"csr_top_instance_csr_register_file_inst_satp_csr_inst_satp_r_reg[30]/CP","csr_top_instance_csr_register_file_inst_mepc_csr_inst_mepc_csr_o_reg[29]/SE",-347,-0.347
302,"csr_top_instance_csr_register_file_inst_satp_csr_inst_satp_r_reg[30]/CP","csr_top_instance_csr_register_file_inst_mepc_csr_inst_mepc_csr_o_reg[26]/SE",-347,-0.347
303,"csr_top_instance_csr_register_file_inst_satp_csr_inst_satp_r_reg[30]/CP","csr_top_instance_csr_register_file_inst_mepc_csr_inst_mepc_csr_o_reg[25]/SE",-347,-0.347
304,"csr_top_instance_csr_register_file_inst_satp_csr_inst_satp_r_reg[30]/CP","csr_top_instance_csr_register_file_inst_mepc_csr_inst_mepc_csr_o_reg[23]/SE",-347,-0.347
305,"csr_top_instance_csr_register_file_inst_satp_csr_inst_satp_r_reg[30]/CP","csr_top_instance_csr_register_file_inst_mepc_csr_inst_mepc_csr_o_reg[22]/SE",-347,-0.347
306,"csr_top_instance_csr_register_file_inst_satp_csr_inst_satp_r_reg[30]/CP","csr_top_instance_csr_register_file_inst_mepc_csr_inst_mepc_csr_o_reg[21]/SE",-347,-0.347
307,"csr_top_instance_csr_register_file_inst_satp_csr_inst_satp_r_reg[30]/CP","csr_top_instance_csr_register_file_inst_mepc_csr_inst_mepc_csr_o_reg[17]/SE",-347,-0.347
308,"csr_top_instance_csr_register_file_inst_satp_csr_inst_satp_r_reg[30]/CP","csr_top_instance_csr_register_file_inst_mepc_csr_inst_mepc_csr_o_reg[14]/SE",-347,-0.347
309,"csr_top_instance_csr_register_file_inst_satp_csr_inst_satp_r_reg[30]/CP","csr_top_instance_csr_register_file_inst_mepc_csr_inst_mepc_csr_o_reg[11]/SE",-347,-0.347
310,"csr_top_instance_csr_register_file_inst_satp_csr_inst_satp_r_reg[30]/CP","csr_top_instance_csr_register_file_inst_mepc_csr_inst_mepc_csr_o_reg[10]/SE",-347,-0.347
311,"csr_top_instance_csr_register_file_inst_satp_csr_inst_satp_r_reg[30]/CP","csr_top_instance_csr_register_file_inst_mepc_csr_inst_mepc_csr_o_reg[8]/SE",-347,-0.347
312,"csr_top_instance_csr_register_file_inst_satp_csr_inst_satp_r_reg[30]/CP","csr_top_instance_csr_register_file_inst_mepc_csr_inst_mepc_csr_o_reg[5]/SE",-347,-0.347
313,"csr_top_instance_csr_register_file_inst_satp_csr_inst_satp_r_reg[30]/CP","csr_top_instance_csr_register_file_inst_mepc_csr_inst_mepc_csr_o_reg[3]/SE",-347,-0.347
314,"csr_top_instance_csr_register_file_inst_satp_csr_inst_satp_r_reg[30]/CP","csr_top_instance_csr_register_file_inst_mstatus_csr_inst_mstatus_r_reg[3]/SE",-345,-0.345
315,"basic_isa_instance/u_ex_mem_alu_result_mem_reg[31]/CP","csr_top_instance_csr_register_file_inst_mie_csr_inst_mie_r_reg[31]/SE",-344,-0.344
316,"basic_isa_instance/u_ex_mem_alu_result_mem_reg[31]/CP","csr_top_instance_csr_register_file_inst_mie_csr_inst_mie_r_reg[30]/SE",-344,-0.344
317,"basic_isa_instance/u_ex_mem_alu_result_mem_reg[31]/CP","csr_top_instance_csr_register_file_inst_mie_csr_inst_mie_r_reg[27]/SE",-344,-0.344
318,"basic_isa_instance/u_ex_mem_inst_mem_o_reg[9]/CP","basic_isa_instance/u_if_u_pc_reg_core_to_int_reg[15]/D",-344,-0.344
319,"csr_top_instance_csr_register_file_inst_satp_csr_inst_satp_r_reg[30]/CP","csr_top_instance_csr_register_file_inst_mstatus_csr_inst_mstatus_r_reg[7]/SE",-341,-0.341
320,"basic_isa_instance/u_ex_mem_inst_mem_o_reg[9]/CP","basic_isa_instance/u_if_u_pc_reg_core_to_int_reg[2]/D",-330,-0.330
321,"basic_isa_instance/u_id_ex_pc_ex_reg[3]/CP","basic_isa_instance/u_if_u_pc_reg_pc_reg[12]/D",-328,-0.328
322,"csr_top_instance_csr_register_file_inst_satp_csr_inst_satp_r_reg[30]/CP","csr_top_instance_csr_register_file_inst_mepc_csr_inst_mepc_csr_o_reg[31]/SE",-326,-0.326
323,"csr_top_instance_csr_register_file_inst_satp_csr_inst_satp_r_reg[30]/CP","csr_top_instance_csr_register_file_inst_mepc_csr_inst_mepc_csr_o_reg[20]/SE",-326,-0.326
324,"csr_top_instance_csr_register_file_inst_satp_csr_inst_satp_r_reg[30]/CP","csr_top_instance_csr_register_file_inst_mepc_csr_inst_mepc_csr_o_reg[18]/SE",-326,-0.326
325,"csr_top_instance_csr_register_file_inst_satp_csr_inst_satp_r_reg[30]/CP","csr_top_instance_csr_register_file_inst_mepc_csr_inst_mepc_csr_o_reg[15]/SE",-326,-0.326
326,"csr_top_instance_csr_register_file_inst_satp_csr_inst_satp_r_reg[30]/CP","csr_top_instance_csr_register_file_inst_mepc_csr_inst_mepc_csr_o_reg[7]/SE",-326,-0.326
327,"csr_top_instance_csr_register_file_inst_satp_csr_inst_satp_r_reg[30]/CP","csr_top_instance_csr_register_file_inst_mepc_csr_inst_mepc_csr_o_reg[6]/SE",-326,-0.326
328,"csr_top_instance_csr_register_file_inst_satp_csr_inst_satp_r_reg[30]/CP","csr_top_instance_csr_register_file_inst_mepc_csr_inst_mepc_csr_o_reg[4]/SE",-326,-0.326
329,"csr_top_instance_csr_register_file_inst_satp_csr_inst_satp_r_reg[30]/CP","csr_top_instance_csr_register_file_inst_mepc_csr_inst_mepc_csr_o_reg[2]/SE",-326,-0.326
330,"basic_isa_instance/u_id_ex_inst_ex_o_reg[17]/CP","basic_isa_instance/u_trace_core_it_delta_addr_o_reg[17]/D",-326,-0.326
331,"basic_isa_instance/u_ex_mem_alu_result_mem_reg[31]/CP","csr_top_instance_csr_register_file_inst_mscratch_csr_inst_mscratch_o_reg[31]/SE",-317,-0.317
332,"basic_isa_instance/u_ex_mem_alu_result_mem_reg[31]/CP","csr_top_instance_csr_register_file_inst_mscratch_csr_inst_mscratch_o_reg[30]/SE",-317,-0.317
333,"basic_isa_instance/u_ex_mem_alu_result_mem_reg[31]/CP","csr_top_instance_csr_register_file_inst_mscratch_csr_inst_mscratch_o_reg[29]/SE",-317,-0.317
334,"basic_isa_instance/u_ex_mem_alu_result_mem_reg[31]/CP","csr_top_instance_csr_register_file_inst_mscratch_csr_inst_mscratch_o_reg[28]/SE",-317,-0.317
335,"basic_isa_instance/u_ex_mem_alu_result_mem_reg[31]/CP","csr_top_instance_csr_register_file_inst_mscratch_csr_inst_mscratch_o_reg[27]/SE",-317,-0.317
336,"basic_isa_instance/u_ex_mem_alu_result_mem_reg[31]/CP","csr_top_instance_csr_register_file_inst_mscratch_csr_inst_mscratch_o_reg[26]/SE",-317,-0.317
337,"basic_isa_instance/u_ex_mem_alu_result_mem_reg[31]/CP","csr_top_instance_csr_register_file_inst_mscratch_csr_inst_mscratch_o_reg[25]/SE",-317,-0.317
338,"basic_isa_instance/u_ex_mem_alu_result_mem_reg[31]/CP","csr_top_instance_csr_register_file_inst_mscratch_csr_inst_mscratch_o_reg[24]/SE",-317,-0.317
339,"basic_isa_instance/u_ex_mem_alu_result_mem_reg[31]/CP","csr_top_instance_csr_register_file_inst_mscratch_csr_inst_mscratch_o_reg[23]/SE",-317,-0.317
340,"basic_isa_instance/u_ex_mem_alu_result_mem_reg[31]/CP","csr_top_instance_csr_register_file_inst_mscratch_csr_inst_mscratch_o_reg[22]/SE",-317,-0.317
341,"basic_isa_instance/u_ex_mem_alu_result_mem_reg[31]/CP","csr_top_instance_csr_register_file_inst_mscratch_csr_inst_mscratch_o_reg[21]/SE",-317,-0.317
342,"basic_isa_instance/u_ex_mem_alu_result_mem_reg[31]/CP","csr_top_instance_csr_register_file_inst_mscratch_csr_inst_mscratch_o_reg[20]/SE",-317,-0.317
343,"basic_isa_instance/u_ex_mem_alu_result_mem_reg[31]/CP","csr_top_instance_csr_register_file_inst_mscratch_csr_inst_mscratch_o_reg[19]/SE",-317,-0.317
344,"basic_isa_instance/u_ex_mem_alu_result_mem_reg[31]/CP","csr_top_instance_csr_register_file_inst_mscratch_csr_inst_mscratch_o_reg[18]/SE",-317,-0.317
345,"basic_isa_instance/u_ex_mem_alu_result_mem_reg[31]/CP","csr_top_instance_csr_register_file_inst_mscratch_csr_inst_mscratch_o_reg[17]/SE",-317,-0.317
346,"basic_isa_instance/u_ex_mem_alu_result_mem_reg[31]/CP","csr_top_instance_csr_register_file_inst_mscratch_csr_inst_mscratch_o_reg[16]/SE",-317,-0.317
347,"basic_isa_instance/u_ex_mem_alu_result_mem_reg[31]/CP","csr_top_instance_csr_register_file_inst_mscratch_csr_inst_mscratch_o_reg[15]/SE",-317,-0.317
348,"basic_isa_instance/u_ex_mem_alu_result_mem_reg[31]/CP","csr_top_instance_csr_register_file_inst_mscratch_csr_inst_mscratch_o_reg[14]/SE",-317,-0.317
349,"basic_isa_instance/u_ex_mem_alu_result_mem_reg[31]/CP","csr_top_instance_csr_register_file_inst_mscratch_csr_inst_mscratch_o_reg[13]/SE",-317,-0.317
350,"basic_isa_instance/u_ex_mem_alu_result_mem_reg[31]/CP","csr_top_instance_csr_register_file_inst_mscratch_csr_inst_mscratch_o_reg[12]/SE",-317,-0.317
351,"basic_isa_instance/u_ex_mem_alu_result_mem_reg[31]/CP","csr_top_instance_csr_register_file_inst_mscratch_csr_inst_mscratch_o_reg[11]/SE",-317,-0.317
352,"basic_isa_instance/u_ex_mem_alu_result_mem_reg[31]/CP","csr_top_instance_csr_register_file_inst_mscratch_csr_inst_mscratch_o_reg[10]/SE",-317,-0.317
353,"basic_isa_instance/u_ex_mem_alu_result_mem_reg[31]/CP","csr_top_instance_csr_register_file_inst_mscratch_csr_inst_mscratch_o_reg[9]/SE",-317,-0.317
354,"basic_isa_instance/u_ex_mem_alu_result_mem_reg[31]/CP","csr_top_instance_csr_register_file_inst_mscratch_csr_inst_mscratch_o_reg[8]/SE",-317,-0.317
355,"basic_isa_instance/u_ex_mem_alu_result_mem_reg[31]/CP","csr_top_instance_csr_register_file_inst_mscratch_csr_inst_mscratch_o_reg[7]/SE",-317,-0.317
356,"basic_isa_instance/u_ex_mem_alu_result_mem_reg[31]/CP","csr_top_instance_csr_register_file_inst_mscratch_csr_inst_mscratch_o_reg[6]/SE",-317,-0.317
357,"basic_isa_instance/u_ex_mem_alu_result_mem_reg[31]/CP","csr_top_instance_csr_register_file_inst_mscratch_csr_inst_mscratch_o_reg[5]/SE",-317,-0.317
358,"basic_isa_instance/u_ex_mem_alu_result_mem_reg[31]/CP","csr_top_instance_csr_register_file_inst_mscratch_csr_inst_mscratch_o_reg[4]/SE",-317,-0.317
359,"basic_isa_instance/u_ex_mem_alu_result_mem_reg[31]/CP","csr_top_instance_csr_register_file_inst_mscratch_csr_inst_mscratch_o_reg[3]/SE",-317,-0.317
360,"basic_isa_instance/u_ex_mem_alu_result_mem_reg[31]/CP","csr_top_instance_csr_register_file_inst_mscratch_csr_inst_mscratch_o_reg[2]/SE",-317,-0.317
361,"basic_isa_instance/u_ex_mem_alu_result_mem_reg[31]/CP","csr_top_instance_csr_register_file_inst_mscratch_csr_inst_mscratch_o_reg[1]/SE",-317,-0.317
362,"basic_isa_instance/u_ex_mem_alu_result_mem_reg[31]/CP","csr_top_instance_csr_register_file_inst_mscratch_csr_inst_mscratch_o_reg[0]/SE",-317,-0.317
363,"csr_top_instance_csr_register_file_inst_satp_csr_inst_satp_r_reg[30]/CP","csr_top_instance_csr_register_file_inst_mtvec_csr_inst_mtvec_r_reg[31]/SE",-317,-0.317
364,"csr_top_instance_csr_register_file_inst_satp_csr_inst_satp_r_reg[30]/CP","csr_top_instance_csr_register_file_inst_mtvec_csr_inst_mtvec_r_reg[30]/SE",-317,-0.317
365,"csr_top_instance_csr_register_file_inst_satp_csr_inst_satp_r_reg[30]/CP","csr_top_instance_csr_register_file_inst_mtvec_csr_inst_mtvec_r_reg[29]/SE",-317,-0.317
366,"csr_top_instance_csr_register_file_inst_satp_csr_inst_satp_r_reg[30]/CP","csr_top_instance_csr_register_file_inst_mtvec_csr_inst_mtvec_r_reg[28]/SE",-317,-0.317
367,"csr_top_instance_csr_register_file_inst_satp_csr_inst_satp_r_reg[30]/CP","csr_top_instance_csr_register_file_inst_mtvec_csr_inst_mtvec_r_reg[27]/SE",-317,-0.317
368,"csr_top_instance_csr_register_file_inst_satp_csr_inst_satp_r_reg[30]/CP","csr_top_instance_csr_register_file_inst_mtvec_csr_inst_mtvec_r_reg[25]/SE",-317,-0.317
369,"csr_top_instance_csr_register_file_inst_satp_csr_inst_satp_r_reg[30]/CP","csr_top_instance_csr_register_file_inst_mtvec_csr_inst_mtvec_r_reg[24]/SE",-317,-0.317
370,"csr_top_instance_csr_register_file_inst_satp_csr_inst_satp_r_reg[30]/CP","csr_top_instance_csr_register_file_inst_mtvec_csr_inst_mtvec_r_reg[23]/SE",-317,-0.317
371,"csr_top_instance_csr_register_file_inst_satp_csr_inst_satp_r_reg[30]/CP","csr_top_instance_csr_register_file_inst_mtvec_csr_inst_mtvec_r_reg[22]/SE",-317,-0.317
372,"csr_top_instance_csr_register_file_inst_satp_csr_inst_satp_r_reg[30]/CP","csr_top_instance_csr_register_file_inst_mtvec_csr_inst_mtvec_r_reg[21]/SE",-317,-0.317
373,"csr_top_instance_csr_register_file_inst_satp_csr_inst_satp_r_reg[30]/CP","csr_top_instance_csr_register_file_inst_mtvec_csr_inst_mtvec_r_reg[20]/SE",-317,-0.317
374,"csr_top_instance_csr_register_file_inst_satp_csr_inst_satp_r_reg[30]/CP","csr_top_instance_csr_register_file_inst_mtvec_csr_inst_mtvec_r_reg[19]/SE",-317,-0.317
375,"csr_top_instance_csr_register_file_inst_satp_csr_inst_satp_r_reg[30]/CP","csr_top_instance_csr_register_file_inst_mtvec_csr_inst_mtvec_r_reg[18]/SE",-317,-0.317
376,"csr_top_instance_csr_register_file_inst_satp_csr_inst_satp_r_reg[30]/CP","csr_top_instance_csr_register_file_inst_mtvec_csr_inst_mtvec_r_reg[17]/SE",-317,-0.317
377,"csr_top_instance_csr_register_file_inst_satp_csr_inst_satp_r_reg[30]/CP","csr_top_instance_csr_register_file_inst_mtvec_csr_inst_mtvec_r_reg[16]/SE",-317,-0.317
378,"csr_top_instance_csr_register_file_inst_satp_csr_inst_satp_r_reg[30]/CP","csr_top_instance_csr_register_file_inst_mtvec_csr_inst_mtvec_r_reg[13]/SE",-317,-0.317
379,"csr_top_instance_csr_register_file_inst_satp_csr_inst_satp_r_reg[30]/CP","csr_top_instance_csr_register_file_inst_mtvec_csr_inst_mtvec_r_reg[12]/SE",-317,-0.317
380,"csr_top_instance_csr_register_file_inst_satp_csr_inst_satp_r_reg[30]/CP","csr_top_instance_csr_register_file_inst_mtvec_csr_inst_mtvec_r_reg[11]/SE",-317,-0.317
381,"csr_top_instance_csr_register_file_inst_satp_csr_inst_satp_r_reg[30]/CP","csr_top_instance_csr_register_file_inst_mtvec_csr_inst_mtvec_r_reg[10]/SE",-317,-0.317
382,"csr_top_instance_csr_register_file_inst_satp_csr_inst_satp_r_reg[30]/CP","csr_top_instance_csr_register_file_inst_mtvec_csr_inst_mtvec_r_reg[9]/SE",-317,-0.317
383,"csr_top_instance_csr_register_file_inst_satp_csr_inst_satp_r_reg[30]/CP","csr_top_instance_csr_register_file_inst_mtvec_csr_inst_mtvec_r_reg[8]/SE",-317,-0.317
384,"csr_top_instance_csr_register_file_inst_satp_csr_inst_satp_r_reg[30]/CP","csr_top_instance_csr_register_file_inst_mtvec_csr_inst_mtvec_r_reg[7]/SE",-317,-0.317
385,"csr_top_instance_csr_register_file_inst_satp_csr_inst_satp_r_reg[30]/CP","csr_top_instance_csr_register_file_inst_mtvec_csr_inst_mtvec_r_reg[4]/SE",-317,-0.317
386,"csr_top_instance_csr_register_file_inst_satp_csr_inst_satp_r_reg[30]/CP","csr_top_instance_csr_register_file_inst_mtvec_csr_inst_mtvec_r_reg[3]/SE",-317,-0.317
387,"csr_top_instance_csr_register_file_inst_satp_csr_inst_satp_r_reg[30]/CP","csr_top_instance_csr_register_file_inst_mtvec_csr_inst_mtvec_r_reg[15]/SE",-316,-0.316
388,"csr_top_instance_csr_register_file_inst_satp_csr_inst_satp_r_reg[30]/CP","csr_top_instance_csr_register_file_inst_mtvec_csr_inst_mtvec_r_reg[14]/SE",-316,-0.316
389,"basic_isa_instance/u_id_ex_inst_ex_o_reg[17]/CP","basic_isa_instance/u_if_u_btb_U_FILE_target_arr_reg[7][1][16]/D",-316,-0.316
390,"basic_isa_instance/u_id_ex_inst_ex_o_reg[17]/CP","basic_isa_instance/u_if_u_btb_U_FILE_target_arr_reg[7][0][16]/D",-316,-0.316
391,"basic_isa_instance/u_id_ex_inst_ex_o_reg[17]/CP","basic_isa_instance/u_if_u_btb_U_FILE_target_arr_reg[6][1][16]/D",-316,-0.316
392,"basic_isa_instance/u_id_ex_inst_ex_o_reg[17]/CP","basic_isa_instance/u_if_u_btb_U_FILE_target_arr_reg[6][0][16]/D",-316,-0.316
393,"basic_isa_instance/u_id_ex_inst_ex_o_reg[17]/CP","basic_isa_instance/u_if_u_btb_U_FILE_target_arr_reg[5][1][16]/D",-316,-0.316
394,"basic_isa_instance/u_id_ex_inst_ex_o_reg[17]/CP","basic_isa_instance/u_if_u_btb_U_FILE_target_arr_reg[5][0][16]/D",-316,-0.316
395,"basic_isa_instance/u_id_ex_inst_ex_o_reg[17]/CP","basic_isa_instance/u_if_u_btb_U_FILE_target_arr_reg[4][1][16]/D",-316,-0.316
396,"basic_isa_instance/u_id_ex_inst_ex_o_reg[17]/CP","basic_isa_instance/u_if_u_btb_U_FILE_target_arr_reg[4][0][16]/D",-316,-0.316
397,"basic_isa_instance/u_id_ex_inst_ex_o_reg[17]/CP","basic_isa_instance/u_if_u_btb_U_FILE_target_arr_reg[3][1][16]/D",-316,-0.316
398,"basic_isa_instance/u_id_ex_inst_ex_o_reg[17]/CP","basic_isa_instance/u_if_u_btb_U_FILE_target_arr_reg[3][0][16]/D",-316,-0.316
399,"basic_isa_instance/u_id_ex_inst_ex_o_reg[17]/CP","basic_isa_instance/u_if_u_btb_U_FILE_target_arr_reg[2][1][16]/D",-316,-0.316
400,"basic_isa_instance/u_id_ex_inst_ex_o_reg[17]/CP","basic_isa_instance/u_if_u_btb_U_FILE_target_arr_reg[2][0][16]/D",-316,-0.316
401,"basic_isa_instance/u_id_ex_inst_ex_o_reg[17]/CP","basic_isa_instance/u_if_u_btb_U_FILE_target_arr_reg[1][1][16]/D",-316,-0.316
402,"basic_isa_instance/u_id_ex_inst_ex_o_reg[17]/CP","basic_isa_instance/u_if_u_btb_U_FILE_target_arr_reg[1][0][16]/D",-316,-0.316
403,"basic_isa_instance/u_id_ex_inst_ex_o_reg[17]/CP","basic_isa_instance/u_if_u_btb_U_FILE_target_arr_reg[0][1][16]/D",-316,-0.316
404,"basic_isa_instance/u_id_ex_inst_ex_o_reg[17]/CP","basic_isa_instance/u_if_u_btb_U_FILE_target_arr_reg[0][0][16]/D",-316,-0.316
405,"basic_isa_instance/u_ex_mem_inst_mem_o_reg[9]/CP","basic_isa_instance/u_id_ex_imm_ex_reg[23]/D",-314,-0.314
406,"basic_isa_instance/u_ex_mem_inst_mem_o_reg[9]/CP","basic_isa_instance/u_id_ex_imm_ex_reg[29]/D",-314,-0.314
407,"basic_isa_instance/u_ex_mem_inst_mem_o_reg[9]/CP","basic_isa_instance/u_id_ex_imm_ex_reg[26]/D",-314,-0.314
408,"basic_isa_instance/u_ex_mem_inst_mem_o_reg[9]/CP","basic_isa_instance/u_id_ex_imm_ex_reg[25]/D",-314,-0.314
409,"basic_isa_instance/u_ex_mem_inst_mem_o_reg[9]/CP","basic_isa_instance/u_id_ex_imm_ex_reg[28]/D",-314,-0.314
410,"basic_isa_instance/u_ex_mem_inst_mem_o_reg[9]/CP","basic_isa_instance/u_id_ex_imm_ex_reg[27]/D",-314,-0.314
411,"basic_isa_instance/u_ex_mem_inst_mem_o_reg[9]/CP","basic_isa_instance/u_id_ex_imm_ex_reg[24]/D",-314,-0.314
412,"basic_isa_instance/u_ex_mem_inst_mem_o_reg[9]/CP","basic_isa_instance/u_id_ex_imm_ex_reg[21]/D",-314,-0.314
413,"basic_isa_instance/u_ex_mem_inst_mem_o_reg[9]/CP","basic_isa_instance/u_id_ex_imm_ex_reg[20]/D",-314,-0.314
414,"basic_isa_instance/u_ex_mem_inst_mem_o_reg[9]/CP","basic_isa_instance/u_id_ex_imm_ex_reg[22]/D",-314,-0.314
415,"interrupt_controller_instance/soc_top_inst_interrupt_recieve_inst_interrupt_pending_o_reg[4]/CP","interrupt_controller_instance/soc_top_inst_priority_resolve_inst_interrupt_id_o_reg[1]/D",-314,-0.314
416,"basic_isa_instance/u_ex_mem_inst_mem_o_reg[9]/CP","basic_isa_instance/u_id_ex_imm_ex_reg[18]/D",-312,-0.312
417,"csr_top_instance_csr_register_file_inst_satp_csr_inst_satp_r_reg[30]/CP","csr_top_instance_csr_register_file_inst_mtvec_csr_inst_mtvec_r_reg[26]/SE",-308,-0.308
418,"csr_top_instance_csr_register_file_inst_satp_csr_inst_satp_r_reg[30]/CP","csr_top_instance_csr_register_file_inst_mtvec_csr_inst_mtvec_r_reg[6]/SE",-308,-0.308
419,"csr_top_instance_csr_register_file_inst_satp_csr_inst_satp_r_reg[30]/CP","csr_top_instance_csr_register_file_inst_mtvec_csr_inst_mtvec_r_reg[5]/SE",-308,-0.308
420,"csr_top_instance_csr_register_file_inst_satp_csr_inst_satp_r_reg[30]/CP","csr_top_instance_csr_register_file_inst_mtvec_csr_inst_mtvec_r_reg[2]/SE",-308,-0.308
421,"csr_top_instance_csr_register_file_inst_satp_csr_inst_satp_r_reg[30]/CP","csr_top_instance_csr_register_file_inst_mstatus_csr_inst_mstatus_r_reg[7]/SI",-304,-0.304
422,"basic_isa_instance/u_ex_mem_inst_mem_o_reg[9]/CP","basic_isa_instance/u_id_ex_imm_ex_reg[12]/D",-300,-0.300
423,"basic_isa_instance/u_ex_mem_inst_mem_o_reg[9]/CP","basic_isa_instance/u_id_ex_imm_ex_reg[11]/D",-299,-0.299
424,"basic_isa_instance/u_ex_mem_alu_result_mem_reg[31]/CP","csr_top_instance_csr_register_file_inst_satp_csr_inst_satp_r_reg[16]/SE",-298,-0.298
425,"basic_isa_instance/u_ex_mem_alu_result_mem_reg[31]/CP","csr_top_instance_csr_register_file_inst_satp_csr_inst_satp_r_reg[15]/SE",-298,-0.298
426,"basic_isa_instance/u_ex_mem_alu_result_mem_reg[31]/CP","csr_top_instance_csr_register_file_inst_satp_csr_inst_satp_r_reg[10]/SE",-298,-0.298
427,"basic_isa_instance/u_ex_mem_alu_result_mem_reg[31]/CP","csr_top_instance_csr_register_file_inst_satp_csr_inst_satp_r_reg[9]/SE",-298,-0.298
428,"basic_isa_instance/u_ex_mem_alu_result_mem_reg[31]/CP","csr_top_instance_csr_register_file_inst_satp_csr_inst_satp_r_reg[8]/SE",-298,-0.298
429,"basic_isa_instance/u_ex_mem_alu_result_mem_reg[31]/CP","csr_top_instance_csr_register_file_inst_satp_csr_inst_satp_r_reg[7]/SE",-298,-0.298
430,"basic_isa_instance/u_ex_mem_alu_result_mem_reg[31]/CP","csr_top_instance_csr_register_file_inst_satp_csr_inst_satp_r_reg[6]/SE",-298,-0.298
431,"basic_isa_instance/u_ex_mem_alu_result_mem_reg[31]/CP","csr_top_instance_csr_register_file_inst_satp_csr_inst_satp_r_reg[5]/SE",-298,-0.298
432,"basic_isa_instance/u_ex_mem_alu_result_mem_reg[31]/CP","csr_top_instance_csr_register_file_inst_satp_csr_inst_satp_r_reg[4]/SE",-298,-0.298
433,"basic_isa_instance/u_ex_mem_alu_result_mem_reg[31]/CP","csr_top_instance_csr_register_file_inst_satp_csr_inst_satp_r_reg[3]/SE",-298,-0.298
434,"basic_isa_instance/u_ex_mem_alu_result_mem_reg[31]/CP","csr_top_instance_csr_register_file_inst_satp_csr_inst_satp_r_reg[2]/SE",-298,-0.298
435,"basic_isa_instance/u_ex_mem_alu_result_mem_reg[31]/CP","csr_top_instance_csr_register_file_inst_mie_csr_inst_mie_r_reg[29]/SE",-297,-0.297
436,"basic_isa_instance/u_ex_mem_alu_result_mem_reg[31]/CP","csr_top_instance_csr_register_file_inst_mie_csr_inst_mie_r_reg[28]/SE",-297,-0.297
437,"basic_isa_instance/u_ex_mem_alu_result_mem_reg[31]/CP","csr_top_instance_csr_register_file_inst_mie_csr_inst_mie_r_reg[26]/SE",-297,-0.297
438,"basic_isa_instance/u_id_ex_pc_ex_reg[3]/CP","basic_isa_instance/u_if_u_pc_reg_core_to_int_reg[13]/D",-297,-0.297
439,"basic_isa_instance/u_ex_mem_inst_mem_o_reg[9]/CP","basic_isa_instance/u_id_ex_imm_ex_reg[30]/D",-295,-0.295
440,"basic_isa_instance/u_ex_mem_inst_mem_o_reg[9]/CP","basic_isa_instance/u_id_ex_imm_ex_reg[15]/D",-293,-0.293
441,"basic_isa_instance/u_ex_mem_inst_mem_o_reg[9]/CP","basic_isa_instance/u_id_ex_imm_ex_reg[16]/D",-293,-0.293
442,"basic_isa_instance/u_ex_mem_inst_mem_o_reg[9]/CP","basic_isa_instance/u_id_ex_imm_ex_reg[17]/D",-293,-0.293
443,"basic_isa_instance/u_ex_mem_inst_mem_o_reg[9]/CP","basic_isa_instance/u_id_ex_imm_ex_reg[19]/D",-293,-0.293
444,"basic_isa_instance/u_ex_mem_inst_mem_o_reg[9]/CP","basic_isa_instance/u_id_ex_imm_ex_reg[14]/D",-293,-0.293
445,"basic_isa_instance/u_ex_mem_inst_mem_o_reg[9]/CP","basic_isa_instance/u_id_ex_imm_ex_reg[13]/D",-293,-0.293
446,"interrupt_controller_instance/soc_top_inst_interrupt_recieve_inst_interrupt_pending_o_reg[4]/CP","interrupt_controller_instance/soc_top_inst_priority_resolve_inst_interrupt_id_o_reg[0]/D",-288,-0.288
447,"basic_isa_instance/u_ex_mem_alu_result_mem_reg[31]/CP","csr_top_instance_csr_register_file_inst_mcause_csr_inst_mcause_r_reg[31]/SE",-288,-0.288
448,"basic_isa_instance/u_ex_mem_alu_result_mem_reg[31]/CP","csr_top_instance_csr_register_file_inst_mcause_csr_inst_mcause_r_reg[27]/SE",-288,-0.288
449,"basic_isa_instance/u_ex_mem_alu_result_mem_reg[31]/CP","csr_top_instance_csr_register_file_inst_mcause_csr_inst_mcause_r_reg[23]/SE",-288,-0.288
450,"basic_isa_instance/u_ex_mem_alu_result_mem_reg[31]/CP","csr_top_instance_csr_register_file_inst_mcause_csr_inst_mcause_r_reg[22]/SE",-288,-0.288
451,"basic_isa_instance/u_ex_mem_alu_result_mem_reg[31]/CP","csr_top_instance_csr_register_file_inst_mcause_csr_inst_mcause_r_reg[21]/SE",-288,-0.288
452,"basic_isa_instance/u_ex_mem_alu_result_mem_reg[31]/CP","csr_top_instance_csr_register_file_inst_mcause_csr_inst_mcause_r_reg[20]/SE",-288,-0.288
453,"basic_isa_instance/u_ex_mem_alu_result_mem_reg[31]/CP","csr_top_instance_csr_register_file_inst_mcause_csr_inst_mcause_r_reg[19]/SE",-288,-0.288
454,"basic_isa_instance/u_ex_mem_alu_result_mem_reg[31]/CP","csr_top_instance_csr_register_file_inst_mcause_csr_inst_mcause_r_reg[18]/SE",-288,-0.288
455,"basic_isa_instance/u_ex_mem_alu_result_mem_reg[31]/CP","csr_top_instance_csr_register_file_inst_mcause_csr_inst_mcause_r_reg[17]/SE",-288,-0.288
456,"basic_isa_instance/u_ex_mem_alu_result_mem_reg[31]/CP","csr_top_instance_csr_register_file_inst_mcause_csr_inst_mcause_r_reg[16]/SE",-288,-0.288
457,"basic_isa_instance/u_ex_mem_alu_result_mem_reg[31]/CP","csr_top_instance_csr_register_file_inst_mcause_csr_inst_mcause_r_reg[11]/SE",-288,-0.288
458,"basic_isa_instance/u_ex_mem_alu_result_mem_reg[31]/CP","csr_top_instance_csr_register_file_inst_mcause_csr_inst_mcause_r_reg[10]/SE",-288,-0.288
459,"basic_isa_instance/u_ex_mem_alu_result_mem_reg[31]/CP","csr_top_instance_csr_register_file_inst_mcause_csr_inst_mcause_r_reg[9]/SE",-288,-0.288
460,"basic_isa_instance/u_ex_mem_alu_result_mem_reg[31]/CP","csr_top_instance_csr_register_file_inst_mcause_csr_inst_mcause_r_reg[8]/SE",-288,-0.288
461,"basic_isa_instance/u_ex_mem_alu_result_mem_reg[31]/CP","csr_top_instance_csr_register_file_inst_mcause_csr_inst_mcause_r_reg[7]/SE",-288,-0.288
462,"basic_isa_instance/u_ex_mem_alu_result_mem_reg[31]/CP","csr_top_instance_csr_register_file_inst_mcause_csr_inst_mcause_r_reg[6]/SE",-288,-0.288
463,"basic_isa_instance/u_ex_mem_alu_result_mem_reg[31]/CP","csr_top_instance_csr_register_file_inst_mcause_csr_inst_mcause_r_reg[5]/SE",-288,-0.288
464,"basic_isa_instance/u_ex_mem_alu_result_mem_reg[31]/CP","csr_top_instance_csr_register_file_inst_mcause_csr_inst_mcause_r_reg[4]/SE",-288,-0.288
465,"basic_isa_instance/u_ex_mem_alu_result_mem_reg[31]/CP","csr_top_instance_csr_register_file_inst_mcause_csr_inst_mcause_r_reg[3]/SE",-288,-0.288
466,"basic_isa_instance/u_ex_mem_alu_result_mem_reg[31]/CP","csr_top_instance_csr_register_file_inst_mcause_csr_inst_mcause_r_reg[2]/SE",-288,-0.288
467,"basic_isa_instance/u_ex_mem_alu_result_mem_reg[31]/CP","csr_top_instance_csr_register_file_inst_mcause_csr_inst_mcause_r_reg[1]/SE",-288,-0.288
468,"basic_isa_instance/u_ex_mem_alu_result_mem_reg[31]/CP","csr_top_instance_csr_register_file_inst_mcause_csr_inst_mcause_r_reg[0]/SE",-288,-0.288
469,"basic_isa_instance/u_ex_mem_inst_mem_o_reg[9]/CP","basic_isa_instance/u_if_u_pc_reg_core_to_int_reg[12]/D",-287,-0.287
470,"basic_isa_instance/u_ex_mem_inst_mem_o_reg[9]/CP","basic_isa_instance/u_if_u_pc_reg_pc_reg[14]/D",-286,-0.286
471,"csr_top_instance_csr_register_file_inst_satp_csr_inst_satp_r_reg[30]/CP","csr_top_instance_csr_register_file_inst_mtval_csr_inst/mtval_o_reg[31]/SE",-286,-0.286
472,"csr_top_instance_csr_register_file_inst_satp_csr_inst_satp_r_reg[30]/CP","csr_top_instance_csr_register_file_inst_mtval_csr_inst/mtval_o_reg[30]/SE",-286,-0.286
473,"csr_top_instance_csr_register_file_inst_satp_csr_inst_satp_r_reg[30]/CP","csr_top_instance_csr_register_file_inst_mtval_csr_inst/mtval_o_reg[29]/SE",-286,-0.286
474,"csr_top_instance_csr_register_file_inst_satp_csr_inst_satp_r_reg[30]/CP","csr_top_instance_csr_register_file_inst_mtval_csr_inst/mtval_o_reg[28]/SE",-286,-0.286
475,"csr_top_instance_csr_register_file_inst_satp_csr_inst_satp_r_reg[30]/CP","csr_top_instance_csr_register_file_inst_mtval_csr_inst/mtval_o_reg[27]/SE",-286,-0.286
476,"csr_top_instance_csr_register_file_inst_satp_csr_inst_satp_r_reg[30]/CP","csr_top_instance_csr_register_file_inst_mtval_csr_inst/mtval_o_reg[26]/SE",-286,-0.286
477,"csr_top_instance_csr_register_file_inst_satp_csr_inst_satp_r_reg[30]/CP","csr_top_instance_csr_register_file_inst_mtval_csr_inst/mtval_o_reg[25]/SE",-286,-0.286
478,"csr_top_instance_csr_register_file_inst_satp_csr_inst_satp_r_reg[30]/CP","csr_top_instance_csr_register_file_inst_mtval_csr_inst/mtval_o_reg[24]/SE",-286,-0.286
479,"csr_top_instance_csr_register_file_inst_satp_csr_inst_satp_r_reg[30]/CP","csr_top_instance_csr_register_file_inst_mtval_csr_inst/mtval_o_reg[23]/SE",-286,-0.286
480,"csr_top_instance_csr_register_file_inst_satp_csr_inst_satp_r_reg[30]/CP","csr_top_instance_csr_register_file_inst_mtval_csr_inst/mtval_o_reg[22]/SE",-286,-0.286
481,"csr_top_instance_csr_register_file_inst_satp_csr_inst_satp_r_reg[30]/CP","csr_top_instance_csr_register_file_inst_mtval_csr_inst/mtval_o_reg[21]/SE",-286,-0.286
482,"csr_top_instance_csr_register_file_inst_satp_csr_inst_satp_r_reg[30]/CP","csr_top_instance_csr_register_file_inst_mtval_csr_inst/mtval_o_reg[20]/SE",-286,-0.286
483,"csr_top_instance_csr_register_file_inst_satp_csr_inst_satp_r_reg[30]/CP","csr_top_instance_csr_register_file_inst_mtval_csr_inst/mtval_o_reg[19]/SE",-286,-0.286
484,"csr_top_instance_csr_register_file_inst_satp_csr_inst_satp_r_reg[30]/CP","csr_top_instance_csr_register_file_inst_mtval_csr_inst/mtval_o_reg[18]/SE",-286,-0.286
485,"csr_top_instance_csr_register_file_inst_satp_csr_inst_satp_r_reg[30]/CP","csr_top_instance_csr_register_file_inst_mtval_csr_inst/mtval_o_reg[17]/SE",-286,-0.286
486,"csr_top_instance_csr_register_file_inst_satp_csr_inst_satp_r_reg[30]/CP","csr_top_instance_csr_register_file_inst_mtval_csr_inst/mtval_o_reg[16]/SE",-286,-0.286
487,"csr_top_instance_csr_register_file_inst_satp_csr_inst_satp_r_reg[30]/CP","csr_top_instance_csr_register_file_inst_mtval_csr_inst/mtval_o_reg[15]/SE",-286,-0.286
488,"csr_top_instance_csr_register_file_inst_satp_csr_inst_satp_r_reg[30]/CP","csr_top_instance_csr_register_file_inst_mtval_csr_inst/mtval_o_reg[14]/SE",-286,-0.286
489,"csr_top_instance_csr_register_file_inst_satp_csr_inst_satp_r_reg[30]/CP","csr_top_instance_csr_register_file_inst_mtval_csr_inst/mtval_o_reg[13]/SE",-286,-0.286
490,"csr_top_instance_csr_register_file_inst_satp_csr_inst_satp_r_reg[30]/CP","csr_top_instance_csr_register_file_inst_mtval_csr_inst/mtval_o_reg[12]/SE",-286,-0.286
491,"csr_top_instance_csr_register_file_inst_satp_csr_inst_satp_r_reg[30]/CP","csr_top_instance_csr_register_file_inst_mtval_csr_inst/mtval_o_reg[11]/SE",-286,-0.286
492,"csr_top_instance_csr_register_file_inst_satp_csr_inst_satp_r_reg[30]/CP","csr_top_instance_csr_register_file_inst_mtval_csr_inst/mtval_o_reg[10]/SE",-286,-0.286
493,"csr_top_instance_csr_register_file_inst_satp_csr_inst_satp_r_reg[30]/CP","csr_top_instance_csr_register_file_inst_mtval_csr_inst/mtval_o_reg[9]/SE",-286,-0.286
494,"csr_top_instance_csr_register_file_inst_satp_csr_inst_satp_r_reg[30]/CP","csr_top_instance_csr_register_file_inst_mtval_csr_inst/mtval_o_reg[8]/SE",-286,-0.286
495,"csr_top_instance_csr_register_file_inst_satp_csr_inst_satp_r_reg[30]/CP","csr_top_instance_csr_register_file_inst_mtval_csr_inst/mtval_o_reg[7]/SE",-286,-0.286
496,"csr_top_instance_csr_register_file_inst_satp_csr_inst_satp_r_reg[30]/CP","csr_top_instance_csr_register_file_inst_mtval_csr_inst/mtval_o_reg[6]/SE",-286,-0.286
497,"csr_top_instance_csr_register_file_inst_satp_csr_inst_satp_r_reg[30]/CP","csr_top_instance_csr_register_file_inst_mtval_csr_inst/mtval_o_reg[5]/SE",-286,-0.286
498,"csr_top_instance_csr_register_file_inst_satp_csr_inst_satp_r_reg[30]/CP","csr_top_instance_csr_register_file_inst_mtval_csr_inst/mtval_o_reg[4]/SE",-286,-0.286
499,"csr_top_instance_csr_register_file_inst_satp_csr_inst_satp_r_reg[30]/CP","csr_top_instance_csr_register_file_inst_mtval_csr_inst/mtval_o_reg[3]/SE",-286,-0.286
500,"csr_top_instance_csr_register_file_inst_satp_csr_inst_satp_r_reg[30]/CP","csr_top_instance_csr_register_file_inst_mtval_csr_inst/mtval_o_reg[2]/SE",-286,-0.286
501,"csr_top_instance_csr_register_file_inst_satp_csr_inst_satp_r_reg[30]/CP","csr_top_instance_csr_register_file_inst_mtval_csr_inst/mtval_o_reg[1]/SE",-286,-0.286
502,"csr_top_instance_csr_register_file_inst_satp_csr_inst_satp_r_reg[30]/CP","csr_top_instance_csr_register_file_inst_mtval_csr_inst/mtval_o_reg[0]/SE",-286,-0.286
503,"basic_isa_instance/u_ex_mem_inst_mem_o_reg[9]/CP","basic_isa_instance/u_id_ex_alu_ctrl_ex_reg[3]/D",-283,-0.283
504,"basic_isa_instance/u_id_ex_pc_ex_reg[3]/CP","basic_isa_instance/u_if_u_pc_reg_pc_reg[13]/D",-277,-0.277
505,"basic_isa_instance/u_ex_mem_alu_result_mem_reg[31]/CP","csr_top_instance_csr_register_file_inst_satp_csr_inst_satp_r_reg[31]/SE",-277,-0.277
506,"basic_isa_instance/u_ex_mem_alu_result_mem_reg[31]/CP","csr_top_instance_csr_register_file_inst_satp_csr_inst_satp_r_reg[21]/SE",-277,-0.277
507,"basic_isa_instance/u_ex_mem_alu_result_mem_reg[31]/CP","csr_top_instance_csr_register_file_inst_satp_csr_inst_satp_r_reg[20]/SE",-277,-0.277
508,"basic_isa_instance/u_ex_mem_alu_result_mem_reg[31]/CP","csr_top_instance_csr_register_file_inst_satp_csr_inst_satp_r_reg[19]/SE",-277,-0.277
509,"basic_isa_instance/u_ex_mem_alu_result_mem_reg[31]/CP","csr_top_instance_csr_register_file_inst_satp_csr_inst_satp_r_reg[18]/SE",-277,-0.277
510,"basic_isa_instance/u_ex_mem_alu_result_mem_reg[31]/CP","csr_top_instance_csr_register_file_inst_satp_csr_inst_satp_r_reg[17]/SE",-277,-0.277
511,"basic_isa_instance/u_ex_mem_alu_result_mem_reg[31]/CP","csr_top_instance_csr_register_file_inst_satp_csr_inst_satp_r_reg[14]/SE",-277,-0.277
512,"basic_isa_instance/u_ex_mem_alu_result_mem_reg[31]/CP","csr_top_instance_csr_register_file_inst_satp_csr_inst_satp_r_reg[13]/SE",-277,-0.277
513,"basic_isa_instance/u_ex_mem_alu_result_mem_reg[31]/CP","csr_top_instance_csr_register_file_inst_satp_csr_inst_satp_r_reg[12]/SE",-277,-0.277
514,"basic_isa_instance/u_ex_mem_alu_result_mem_reg[31]/CP","csr_top_instance_csr_register_file_inst_satp_csr_inst_satp_r_reg[11]/SE",-277,-0.277
515,"basic_isa_instance/u_ex_mem_alu_result_mem_reg[31]/CP","csr_top_instance_csr_register_file_inst_satp_csr_inst_satp_r_reg[1]/SE",-277,-0.277
516,"basic_isa_instance/u_ex_mem_alu_result_mem_reg[31]/CP","csr_top_instance_csr_register_file_inst_satp_csr_inst_satp_r_reg[0]/SE",-277,-0.277
517,"basic_isa_instance/u_ex_mem_inst_mem_o_reg[9]/CP","basic_isa_instance/u_id_ex_wb_reg_file_ex_reg/D",-276,-0.276
518,"basic_isa_instance/u_ex_mem_inst_mem_o_reg[9]/CP","basic_isa_instance/u_if_u_pc_reg_pc_reg[11]/D",-265,-0.265
519,"csr_top_instance_csr_register_file_inst_satp_csr_inst_satp_r_reg[30]/CP","csr_top_instance_csr_register_file_inst_satp_csr_inst_satp_r_reg[30]/E",-260,-0.260
520,"csr_top_instance_csr_register_file_inst_satp_csr_inst_satp_r_reg[30]/CP","csr_top_instance_csr_register_file_inst_satp_csr_inst_satp_r_reg[29]/E",-260,-0.260
521,"csr_top_instance_csr_register_file_inst_satp_csr_inst_satp_r_reg[30]/CP","csr_top_instance_csr_register_file_inst_satp_csr_inst_satp_r_reg[28]/E",-260,-0.260
522,"csr_top_instance_csr_register_file_inst_satp_csr_inst_satp_r_reg[30]/CP","csr_top_instance_csr_register_file_inst_satp_csr_inst_satp_r_reg[27]/E",-260,-0.260
523,"csr_top_instance_csr_register_file_inst_satp_csr_inst_satp_r_reg[30]/CP","csr_top_instance_csr_register_file_inst_satp_csr_inst_satp_r_reg[26]/E",-260,-0.260
524,"csr_top_instance_csr_register_file_inst_satp_csr_inst_satp_r_reg[30]/CP","csr_top_instance_csr_register_file_inst_satp_csr_inst_satp_r_reg[25]/E",-260,-0.260
525,"csr_top_instance_csr_register_file_inst_satp_csr_inst_satp_r_reg[30]/CP","csr_top_instance_csr_register_file_inst_satp_csr_inst_satp_r_reg[24]/E",-260,-0.260
526,"csr_top_instance_csr_register_file_inst_satp_csr_inst_satp_r_reg[30]/CP","csr_top_instance_csr_register_file_inst_satp_csr_inst_satp_r_reg[23]/E",-260,-0.260
527,"csr_top_instance_csr_register_file_inst_satp_csr_inst_satp_r_reg[30]/CP","csr_top_instance_csr_register_file_inst_satp_csr_inst_satp_r_reg[22]/E",-260,-0.260
528,"basic_isa_instance/u_halt_fsm_state_reg[2]/CP","reg_physical_address_inst_mem_reg[12]/D",-258,-0.258
529,"basic_isa_instance/u_id_ex_pc_ex_reg[3]/CP","basic_isa_instance/u_if_u_pc_reg_core_to_int_reg[14]/D",-257,-0.257
530,"basic_isa_instance/u_ex_mem_alu_result_mem_reg[31]/CP","basic_isa_instance/dpc_new_r_reg[26]/D",-255,-0.255
531,"csr_top_instance_csr_register_file_inst_satp_csr_inst_satp_r_reg[30]/CP","axi2apb_instance/axi_trace_data_reg[8]/D",-254,-0.254
532,"basic_isa_instance/u_ex_mem_inst_mem_o_reg[9]/CP","basic_isa_instance/u_id_ex_imm_ex_reg[4]/D",-251,-0.251
533,"basic_isa_instance/u_ex_mem_inst_mem_o_reg[9]/CP","basic_isa_instance/u_id_ex_imm_ex_reg[2]/D",-251,-0.251
534,"basic_isa_instance/u_ex_mem_inst_mem_o_reg[9]/CP","basic_isa_instance/u_id_ex_csr_addr_ex_o_reg[7]/D",-250,-0.250
535,"basic_isa_instance/u_ex_mem_inst_mem_o_reg[9]/CP","basic_isa_instance/u_id_ex_csr_addr_ex_o_reg[0]/D",-250,-0.250
536,"csr_top_instance_csr_register_file_inst_satp_csr_inst_satp_r_reg[24]/CP","axi2apb_instance/axi_trace_data_reg[14]/D",-250,-0.250
537,"basic_isa_instance/u_ex_mem_inst_mem_o_reg[9]/CP","basic_isa_instance/u_if_u_pc_reg_pc_reg[10]/D",-248,-0.248
538,"basic_isa_instance/u_ex_mem_inst_mem_o_reg[9]/CP","basic_isa_instance/u_id_ex_csr_addr_ex_o_reg[10]/D",-247,-0.247
539,"basic_isa_instance/u_ex_mem_inst_mem_o_reg[9]/CP","basic_isa_instance/u_if_u_pc_reg_core_to_int_reg[11]/D",-245,-0.245
540,"basic_isa_instance/u_ex_mem_inst_mem_o_reg[9]/CP","basic_isa_instance/u_if_u_pc_reg_pc_reg[8]/D",-243,-0.243
541,"basic_isa_instance/u_ex_mem_inst_mem_o_reg[9]/CP","basic_isa_instance/u_if_u_pc_reg_core_to_int_reg[10]/D",-241,-0.241
542,"basic_isa_instance/u_ex_mem_alu_result_mem_reg[31]/CP","basic_isa_instance/dpc_new_r_reg[16]/D",-241,-0.241
543,"basic_isa_instance/u_ex_mem_alu_result_mem_reg[31]/CP","basic_isa_instance/dpc_new_r_reg[11]/D",-241,-0.241
544,"basic_isa_instance/u_ex_mem_alu_result_mem_reg[31]/CP","basic_isa_instance/dpc_new_r_reg[7]/D",-241,-0.241
545,"basic_isa_instance/u_ex_mem_inst_mem_o_reg[9]/CP","basic_isa_instance/u_if_u_pc_reg_pc_reg[7]/D",-240,-0.240
546,"basic_isa_instance/u_ex_mem_inst_mem_o_reg[9]/CP","basic_isa_instance/u_id_ex_imm_ex_reg[31]/D",-239,-0.239
547,"basic_isa_instance/u_ex_mem_alu_result_mem_reg[31]/CP","basic_isa_instance/dpc_new_r_reg[21]/D",-236,-0.236
548,"basic_isa_instance/u_ex_mem_alu_result_mem_reg[31]/CP","basic_isa_instance/dpc_new_r_reg[5]/D",-236,-0.236
549,"basic_isa_instance/u_ex_mem_alu_result_mem_reg[31]/CP","basic_isa_instance/dpc_new_r_reg[14]/D",-236,-0.236
550,"basic_isa_instance/u_ex_mem_alu_result_mem_reg[31]/CP","basic_isa_instance/dpc_new_r_reg[24]/D",-236,-0.236
551,"csr_top_instance_csr_register_file_inst_satp_csr_inst_satp_r_reg[30]/CP","basic_isa_instance/dpc_new_r_reg[19]/D",-232,-0.232
552,"csr_top_instance_csr_register_file_inst_satp_csr_inst_satp_r_reg[30]/CP","basic_isa_instance/dpc_new_r_reg[23]/D",-232,-0.232
553,"csr_top_instance_csr_register_file_inst_satp_csr_inst_satp_r_reg[30]/CP","basic_isa_instance/dpc_new_r_reg[20]/D",-232,-0.232
554,"csr_top_instance_csr_register_file_inst_satp_csr_inst_satp_r_reg[30]/CP","basic_isa_instance/dpc_new_r_reg[4]/D",-232,-0.232
555,"csr_top_instance_csr_register_file_inst_satp_csr_inst_satp_r_reg[30]/CP","basic_isa_instance/dpc_new_r_reg[2]/D",-232,-0.232
556,"basic_isa_instance/u_ex_mem_inst_mem_o_reg[9]/CP","basic_isa_instance/u_if_u_pc_reg_pc_reg[9]/D",-232,-0.232
557,"basic_isa_instance/u_ex_mem_inst_mem_o_reg[9]/CP","basic_isa_instance/u_if_u_pc_reg_pc_reg[5]/D",-232,-0.232
558,"basic_isa_instance/u_ex_mem_alu_result_mem_reg[31]/CP","basic_isa_instance/dpc_new_r_reg[29]/D",-231,-0.231
559,"basic_isa_instance/u_ex_mem_alu_result_mem_reg[31]/CP","basic_isa_instance/dpc_new_r_reg[25]/D",-231,-0.231
560,"basic_isa_instance/u_ex_mem_alu_result_mem_reg[31]/CP","basic_isa_instance/dpc_new_r_reg[22]/D",-231,-0.231
561,"interrupt_controller_instance/soc_top_inst_interrupt_recieve_inst_interrupt_pending_o_reg[4]/CP","interrupt_controller_instance/soc_top_inst_priority_resolve_inst_interrupt_id_o_reg[2]/D",-231,-0.231
562,"basic_isa_instance/u_ex_mem_inst_mem_o_reg[9]/CP","basic_isa_instance/u_id_ex_imm_ex_reg[8]/D",-231,-0.231
563,"basic_isa_instance/u_ex_mem_inst_mem_o_reg[9]/CP","basic_isa_instance/u_id_ex_imm_ex_reg[7]/D",-231,-0.231
564,"basic_isa_instance/u_ex_mem_inst_mem_o_reg[9]/CP","basic_isa_instance/u_id_ex_imm_ex_reg[10]/D",-231,-0.231
565,"basic_isa_instance/u_ex_mem_inst_mem_o_reg[9]/CP","basic_isa_instance/u_id_ex_imm_ex_reg[6]/D",-231,-0.231
566,"basic_isa_instance/u_ex_mem_inst_mem_o_reg[9]/CP","basic_isa_instance/u_id_ex_imm_ex_reg[5]/D",-228,-0.228
567,"basic_isa_instance/u_ex_mem_inst_mem_o_reg[9]/CP","basic_isa_instance/u_id_ex_csr_addr_ex_o_reg[3]/D",-228,-0.228
568,"basic_isa_instance/u_ex_mem_inst_mem_o_reg[9]/CP","basic_isa_instance/u_id_ex_csr_addr_ex_o_reg[4]/D",-228,-0.228
569,"basic_isa_instance/u_ex_mem_inst_mem_o_reg[9]/CP","basic_isa_instance/u_id_ex_csr_addr_ex_o_reg[8]/D",-228,-0.228
570,"basic_isa_instance/u_ex_mem_inst_mem_o_reg[9]/CP","basic_isa_instance/u_id_ex_csr_addr_ex_o_reg[6]/D",-228,-0.228
571,"basic_isa_instance/u_ex_mem_inst_mem_o_reg[9]/CP","basic_isa_instance/u_if_u_pc_reg_core_to_int_reg[8]/D",-227,-0.227
572,"basic_isa_instance/u_ex_mem_inst_mem_o_reg[9]/CP","basic_isa_instance/u_id_ex_csr_addr_ex_o_reg[1]/D",-225,-0.225
573,"basic_isa_instance/u_ex_mem_inst_mem_o_reg[9]/CP","basic_isa_instance/u_id_ex_csr_addr_ex_o_reg[5]/D",-225,-0.225
574,"basic_isa_instance/u_ex_mem_inst_mem_o_reg[9]/CP","basic_isa_instance/u_id_ex_csr_addr_ex_o_reg[11]/D",-225,-0.225
575,"basic_isa_instance/u_ex_mem_inst_mem_o_reg[9]/CP","basic_isa_instance/u_id_ex_csr_addr_ex_o_reg[9]/D",-225,-0.225
576,"basic_isa_instance/u_ex_mem_inst_mem_o_reg[9]/CP","basic_isa_instance/u_id_ex_csr_addr_ex_o_reg[2]/D",-225,-0.225
577,"basic_isa_instance/u_ex_mem_alu_result_mem_reg[31]/CP","basic_isa_instance/dpc_new_r_reg[9]/D",-224,-0.224
578,"basic_isa_instance/u_ex_mem_alu_result_mem_reg[31]/CP","basic_isa_instance/dpc_new_r_reg[27]/D",-224,-0.224
579,"basic_isa_instance/u_ex_mem_alu_result_mem_reg[31]/CP","basic_isa_instance/dpc_new_r_reg[10]/D",-223,-0.223
580,"basic_isa_instance/u_id_ex_inst_ex_o_reg[17]/CP","basic_isa_instance/u_trace_core_it_delta_addr_o_reg[16]/D",-223,-0.223
581,"basic_isa_instance/u_ex_mem_inst_mem_o_reg[9]/CP","basic_isa_instance/u_if_u_pc_reg_pc_reg[4]/D",-223,-0.223
582,"basic_isa_instance/u_ex_mem_alu_result_mem_reg[31]/CP","axi2apb_instance/slave_rd_addr_unaligned_reg[1]/SE",-219,-0.219
583,"basic_isa_instance/u_ex_mem_alu_result_mem_reg[31]/CP","axi2apb_instance/slave_rd_addr_unaligned_reg[0]/SE",-219,-0.219
584,"basic_isa_instance/u_halt_fsm_state_reg[2]/CP","ip_debug_trace_instance_u_trace_cdc_u_mmu_fifo/wr_ptr_gray_reg[0]/SE",-218,-0.218
585,"csr_top_instance_csr_register_file_inst_satp_csr_inst_satp_r_reg[30]/CP","axi2apb_instance/axi_trace_data_reg[15]/D",-218,-0.218
586,"csr_top_instance_csr_register_file_inst_satp_csr_inst_satp_r_reg[30]/CP","axi2apb_instance/axi_trace_data_reg[13]/D",-218,-0.218
587,"csr_top_instance_csr_register_file_inst_satp_csr_inst_satp_r_reg[30]/CP","axi2apb_instance/axi_trace_data_reg[11]/D",-218,-0.218
588,"csr_top_instance_csr_register_file_inst_satp_csr_inst_satp_r_reg[30]/CP","axi2apb_instance/axi_trace_data_reg[10]/D",-218,-0.218
589,"csr_top_instance_csr_register_file_inst_satp_csr_inst_satp_r_reg[30]/CP","axi2apb_instance/axi_trace_data_reg[9]/D",-218,-0.218
590,"interrupt_controller_instance/soc_top_inst_interrupt_recieve_inst_interrupt_pending_o_reg[4]/CP","interrupt_controller_instance/soc_top_inst_priority_resolve_inst_interrupt_id_o_reg[3]/D",-217,-0.217
591,"basic_isa_instance/u_ex_mem_inst_mem_o_reg[9]/CP","basic_isa_instance/u_if_u_pc_reg_core_to_int_reg[7]/D",-215,-0.215
592,"basic_isa_instance/u_ex_mem_inst_mem_o_reg[9]/CP","basic_isa_instance/u_if_u_pc_reg_core_to_int_reg[9]/D",-214,-0.214
593,"basic_isa_instance/u_ex_mem_inst_mem_o_reg[9]/CP","basic_isa_instance/u_if_u_pc_reg_core_to_int_reg[5]/D",-214,-0.214
594,"basic_isa_instance/u_id_ex_inst_ex_o_reg[17]/CP","basic_isa_instance/u_if_u_btb_U_FILE_target_arr_reg[7][1][15]/D",-214,-0.214
595,"basic_isa_instance/u_id_ex_inst_ex_o_reg[17]/CP","basic_isa_instance/u_if_u_btb_U_FILE_target_arr_reg[7][0][15]/D",-214,-0.214
596,"basic_isa_instance/u_id_ex_inst_ex_o_reg[17]/CP","basic_isa_instance/u_if_u_btb_U_FILE_target_arr_reg[6][1][15]/D",-214,-0.214
597,"basic_isa_instance/u_id_ex_inst_ex_o_reg[17]/CP","basic_isa_instance/u_if_u_btb_U_FILE_target_arr_reg[6][0][15]/D",-214,-0.214
598,"basic_isa_instance/u_id_ex_inst_ex_o_reg[17]/CP","basic_isa_instance/u_if_u_btb_U_FILE_target_arr_reg[5][1][15]/D",-214,-0.214
599,"basic_isa_instance/u_id_ex_inst_ex_o_reg[17]/CP","basic_isa_instance/u_if_u_btb_U_FILE_target_arr_reg[5][0][15]/D",-214,-0.214
600,"basic_isa_instance/u_id_ex_inst_ex_o_reg[17]/CP","basic_isa_instance/u_if_u_btb_U_FILE_target_arr_reg[4][1][15]/D",-214,-0.214
601,"basic_isa_instance/u_id_ex_inst_ex_o_reg[17]/CP","basic_isa_instance/u_if_u_btb_U_FILE_target_arr_reg[4][0][15]/D",-214,-0.214
602,"basic_isa_instance/u_id_ex_inst_ex_o_reg[17]/CP","basic_isa_instance/u_if_u_btb_U_FILE_target_arr_reg[3][1][15]/D",-214,-0.214
603,"basic_isa_instance/u_id_ex_inst_ex_o_reg[17]/CP","basic_isa_instance/u_if_u_btb_U_FILE_target_arr_reg[3][0][15]/D",-214,-0.214
604,"basic_isa_instance/u_id_ex_inst_ex_o_reg[17]/CP","basic_isa_instance/u_if_u_btb_U_FILE_target_arr_reg[2][1][15]/D",-214,-0.214
605,"basic_isa_instance/u_id_ex_inst_ex_o_reg[17]/CP","basic_isa_instance/u_if_u_btb_U_FILE_target_arr_reg[2][0][15]/D",-214,-0.214
606,"basic_isa_instance/u_id_ex_inst_ex_o_reg[17]/CP","basic_isa_instance/u_if_u_btb_U_FILE_target_arr_reg[1][1][15]/D",-214,-0.214
607,"basic_isa_instance/u_id_ex_inst_ex_o_reg[17]/CP","basic_isa_instance/u_if_u_btb_U_FILE_target_arr_reg[1][0][15]/D",-214,-0.214
608,"basic_isa_instance/u_id_ex_inst_ex_o_reg[17]/CP","basic_isa_instance/u_if_u_btb_U_FILE_target_arr_reg[0][1][15]/D",-214,-0.214
609,"basic_isa_instance/u_id_ex_inst_ex_o_reg[17]/CP","basic_isa_instance/u_if_u_btb_U_FILE_target_arr_reg[0][0][15]/D",-214,-0.214
610,"basic_isa_instance/u_ex_mem_alu_result_mem_reg[31]/CP","basic_isa_instance/dpc_new_r_reg[15]/D",-212,-0.212
611,"basic_isa_instance/u_ex_mem_alu_result_mem_reg[31]/CP","basic_isa_instance/dpc_new_r_reg[17]/D",-212,-0.212
612,"basic_isa_instance/u_ex_mem_alu_result_mem_reg[31]/CP","basic_isa_instance/dpc_new_r_reg[28]/D",-212,-0.212
613,"basic_isa_instance/u_ex_mem_inst_mem_o_reg[9]/CP","basic_isa_instance/u_id_ex_imm_ex_reg[9]/D",-211,-0.211
614,"basic_isa_instance/u_ex_mem_alu_result_mem_reg[31]/CP","basic_isa_instance/u_if_u_btb_U_FILE_lru_reg[2]/SE",-207,-0.207
615,"basic_isa_instance/u_ex_mem_alu_result_mem_reg[31]/CP","basic_isa_instance/dpc_new_r_reg[8]/D",-207,-0.207
616,"basic_isa_instance/u_ex_mem_alu_result_mem_reg[31]/CP","basic_isa_instance/dpc_new_r_reg[6]/D",-207,-0.207
617,"basic_isa_instance/u_ex_mem_alu_result_mem_reg[31]/CP","basic_isa_instance/u_if_u_btb_U_FILE_lru_reg[0]/SE",-206,-0.206
618,"basic_isa_instance/u_ex_mem_inst_mem_o_reg[9]/CP","basic_isa_instance/u_id_ex_mem_store_type_ex_reg[1]/D",-206,-0.206
619,"basic_isa_instance/u_ex_mem_inst_mem_o_reg[9]/CP","basic_isa_instance/u_id_ex_alu_ctrl_ex_reg[1]/D",-205,-0.205
620,"basic_isa_instance/u_ex_mem_alu_result_mem_reg[31]/CP","basic_isa_instance/dpc_new_r_reg[18]/D",-200,-0.200
621,"basic_isa_instance/u_ex_mem_alu_result_mem_reg[31]/CP","basic_isa_instance/dpc_new_r_reg[13]/D",-200,-0.200
622,"basic_isa_instance/u_ex_mem_alu_result_mem_reg[31]/CP","basic_isa_instance/dpc_new_r_reg[30]/D",-200,-0.200
623,"basic_isa_instance/u_ex_mem_alu_result_mem_reg[31]/CP","basic_isa_instance/dpc_new_r_reg[31]/D",-200,-0.200
624,"basic_isa_instance/u_ex_mem_alu_result_mem_reg[31]/CP","basic_isa_instance/dpc_new_r_reg[3]/D",-200,-0.200
625,"csr_top_instance_csr_register_file_inst_satp_csr_inst_satp_r_reg[24]/CP","axi2apb_instance/axi_trace_data_reg[1]/D",-200,-0.200
626,"csr_top_instance_csr_register_file_inst_satp_csr_inst_satp_r_reg[24]/CP","axi2apb_instance/axi_trace_data_reg[12]/D",-198,-0.198
627,"basic_isa_instance/u_ex_mem_inst_mem_o_reg[9]/CP","basic_isa_instance/u_if_u_pc_reg_core_to_int_reg[4]/D",-196,-0.196
628,"basic_isa_instance/u_halt_fsm_state_reg[2]/CP","ip_debug_trace_instance_u_trace_cdc_u_mmu_fifo/wr_ptr_gray_reg[3]/D",-196,-0.196
629,"basic_isa_instance/u_ex_mem_alu_result_mem_reg[31]/CP","basic_isa_instance/dpc_new_r_reg[12]/D",-196,-0.196
630,"basic_isa_instance/u_ex_mem_alu_result_mem_reg[31]/CP","basic_isa_instance/u_if_u_btb_U_FILE_lru_reg[6]/SE",-195,-0.195
631,"basic_isa_instance/u_ex_mem_inst_mem_o_reg[9]/CP","basic_isa_instance/u_if_u_pc_reg_pc_reg[6]/D",-195,-0.195
632,"basic_isa_instance/u_ex_mem_alu_result_mem_reg[31]/CP","basic_isa_instance/u_if_u_btb_U_FILE_lru_reg[4]/SE",-194,-0.194
633,"basic_isa_instance/u_ex_mem_inst_mem_o_reg[9]/CP","basic_isa_instance/u_if_u_pc_reg_core_to_int_reg[6]/D",-194,-0.194
634,"basic_isa_instance/u_halt_fsm_state_reg[2]/CP","ip_debug_trace_instance_u_trace_cdc_u_mmu_fifo/wr_ptr_gray_reg[0]/SI",-189,-0.189
635,"basic_isa_instance/u_ex_mem_inst_mem_o_reg[9]/CP","basic_isa_instance/u_id_ex_inst_ex_o_reg[9]/D",-188,-0.188
636,"basic_isa_instance/u_ex_mem_inst_mem_o_reg[9]/CP","basic_isa_instance/u_if_u_pc_reg_pc_reg[1]/D",-188,-0.188
637,"basic_isa_instance/u_ex_mem_inst_mem_o_reg[9]/CP","basic_isa_instance/u_if_u_pc_reg_pc_reg[0]/D",-188,-0.188
638,"basic_isa_instance/u_ex_mem_inst_mem_o_reg[9]/CP","basic_isa_instance/u_id_ex_rs2_data_ex_reg[13]/D",-187,-0.187
639,"basic_isa_instance/u_ex_mem_inst_mem_o_reg[9]/CP","basic_isa_instance/u_id_ex_rs2_data_ex_reg[9]/D",-187,-0.187
640,"basic_isa_instance/u_ex_mem_inst_mem_o_reg[9]/CP","basic_isa_instance/u_id_ex_rs2_data_ex_reg[5]/D",-187,-0.187
641,"basic_isa_instance/u_ex_mem_inst_mem_o_reg[9]/CP","basic_isa_instance/u_id_ex_rs2_data_ex_reg[4]/D",-187,-0.187
642,"basic_isa_instance/u_ex_mem_inst_mem_o_reg[9]/CP","basic_isa_instance/u_id_ex_rs2_data_ex_reg[1]/D",-187,-0.187
643,"basic_isa_instance/u_ex_mem_inst_mem_o_reg[9]/CP","basic_isa_instance/u_id_ex_rs2_data_ex_reg[0]/D",-187,-0.187
644,"basic_isa_instance/u_ex_mem_inst_mem_o_reg[9]/CP","basic_isa_instance/u_id_ex_rs1_data_ex_reg[31]/D",-187,-0.187
645,"basic_isa_instance/u_ex_mem_inst_mem_o_reg[9]/CP","basic_isa_instance/u_id_ex_rs1_data_ex_reg[23]/D",-187,-0.187
646,"basic_isa_instance/u_ex_mem_inst_mem_o_reg[9]/CP","basic_isa_instance/u_id_ex_rs1_data_ex_reg[4]/D",-187,-0.187
647,"basic_isa_instance/u_ex_mem_inst_mem_o_reg[9]/CP","basic_isa_instance/u_id_ex_rs1_data_ex_reg[1]/D",-187,-0.187
648,"basic_isa_instance/u_ex_mem_inst_mem_o_reg[9]/CP","basic_isa_instance/u_if_u_pc_reg_core_to_int_reg[3]/D",-185,-0.185
649,"basic_isa_instance/u_ex_mem_alu_result_mem_reg[31]/CP","basic_isa_instance/u_if_u_btb_U_FILE_lru_reg[7]/SE",-184,-0.184
650,"basic_isa_instance/u_ex_mem_inst_mem_o_reg[9]/CP","basic_isa_instance/u_if_u_pc_reg_pc_reg[3]/D",-181,-0.181
651,"csr_top_instance_csr_register_file_inst_satp_csr_inst_satp_r_reg[24]/CP","axi_master_wrapper_data_mem_instance_u_axi_rw_engine_w_done_reg/SE",-180,-0.180
652,"basic_isa_instance/u_ex_mem_inst_mem_o_reg[9]/CP","basic_isa_instance/u_id_ex_ack_read_valid_ex_o_reg/D",-178,-0.178
653,"basic_isa_instance/u_ex_mem_inst_mem_o_reg[9]/CP","basic_isa_instance/u_id_ex_mret_valid_ex_o_reg/D",-177,-0.177
654,"basic_isa_instance/u_ex_mem_inst_mem_o_reg[9]/CP","basic_isa_instance/u_id_ex_pc_ex_reg[31]/D",-177,-0.177
655,"basic_isa_instance/u_ex_mem_inst_mem_o_reg[9]/CP","basic_isa_instance/u_id_ex_pc_ex_reg[30]/D",-177,-0.177
656,"basic_isa_instance/u_ex_mem_inst_mem_o_reg[9]/CP","basic_isa_instance/u_id_ex_pc_ex_reg[29]/D",-177,-0.177
657,"basic_isa_instance/u_ex_mem_inst_mem_o_reg[9]/CP","basic_isa_instance/u_id_ex_pc_ex_reg[27]/D",-177,-0.177
658,"basic_isa_instance/u_ex_mem_inst_mem_o_reg[9]/CP","basic_isa_instance/u_id_ex_pc_ex_reg[24]/D",-177,-0.177
659,"basic_isa_instance/u_ex_mem_inst_mem_o_reg[9]/CP","basic_isa_instance/u_id_ex_pc_ex_reg[23]/D",-177,-0.177
660,"basic_isa_instance/u_ex_mem_inst_mem_o_reg[9]/CP","basic_isa_instance/u_id_ex_pc_ex_reg[21]/D",-177,-0.177
661,"basic_isa_instance/u_ex_mem_inst_mem_o_reg[9]/CP","basic_isa_instance/u_id_ex_pc_ex_reg[20]/D",-177,-0.177
662,"basic_isa_instance/u_ex_mem_inst_mem_o_reg[9]/CP","basic_isa_instance/u_id_ex_pc_ex_reg[19]/D",-177,-0.177
663,"basic_isa_instance/u_ex_mem_inst_mem_o_reg[9]/CP","basic_isa_instance/u_id_ex_pc_ex_reg[15]/D",-177,-0.177
664,"basic_isa_instance/u_ex_mem_inst_mem_o_reg[9]/CP","basic_isa_instance/u_id_ex_pc_ex_reg[14]/D",-177,-0.177
665,"basic_isa_instance/u_ex_mem_inst_mem_o_reg[9]/CP","basic_isa_instance/u_id_ex_pc_ex_reg[13]/D",-177,-0.177
666,"basic_isa_instance/u_ex_mem_inst_mem_o_reg[9]/CP","basic_isa_instance/u_id_ex_pc_ex_reg[12]/D",-177,-0.177
667,"basic_isa_instance/u_ex_mem_inst_mem_o_reg[9]/CP","basic_isa_instance/u_id_ex_inst_ex_o_reg[22]/D",-177,-0.177
668,"basic_isa_instance/u_ex_mem_inst_mem_o_reg[9]/CP","basic_isa_instance/u_id_ex_inst_ex_o_reg[21]/D",-177,-0.177
669,"basic_isa_instance/u_ex_mem_inst_mem_o_reg[9]/CP","basic_isa_instance/u_id_ex_inst_ex_o_reg[19]/D",-177,-0.177
670,"basic_isa_instance/u_ex_mem_inst_mem_o_reg[9]/CP","basic_isa_instance/u_id_ex_inst_ex_o_reg[16]/D",-177,-0.177
671,"basic_isa_instance/u_ex_mem_inst_mem_o_reg[9]/CP","basic_isa_instance/u_id_ex_e_break_valid_ex_o_reg/D",-176,-0.176
672,"basic_isa_instance/u_ex_mem_inst_mem_o_reg[9]/CP","basic_isa_instance/u_id_ex_pc_ex_reg[18]/D",-176,-0.176
673,"basic_isa_instance/u_ex_mem_inst_mem_o_reg[9]/CP","basic_isa_instance/u_id_ex_pc_ex_reg[11]/D",-176,-0.176
674,"basic_isa_instance/u_ex_mem_inst_mem_o_reg[9]/CP","basic_isa_instance/u_id_ex_pc_ex_reg[9]/D",-176,-0.176
675,"basic_isa_instance/u_ex_mem_inst_mem_o_reg[9]/CP","basic_isa_instance/u_id_ex_pc_ex_reg[8]/D",-176,-0.176
676,"basic_isa_instance/u_ex_mem_inst_mem_o_reg[9]/CP","basic_isa_instance/u_id_ex_pc_ex_reg[6]/D",-176,-0.176
677,"basic_isa_instance/u_ex_mem_inst_mem_o_reg[9]/CP","basic_isa_instance/u_id_ex_pc_ex_reg[5]/D",-176,-0.176
678,"basic_isa_instance/u_ex_mem_inst_mem_o_reg[9]/CP","basic_isa_instance/u_id_ex_pc_ex_reg[4]/D",-176,-0.176
679,"basic_isa_instance/u_ex_mem_inst_mem_o_reg[9]/CP","basic_isa_instance/u_id_ex_eoi_id_ex_o_reg[7]/D",-175,-0.175
680,"basic_isa_instance/u_ex_mem_inst_mem_o_reg[9]/CP","basic_isa_instance/u_id_ex_eoi_id_ex_o_reg[6]/D",-175,-0.175
681,"basic_isa_instance/u_ex_mem_inst_mem_o_reg[9]/CP","basic_isa_instance/u_id_ex_eoi_id_ex_o_reg[5]/D",-175,-0.175
682,"basic_isa_instance/u_ex_mem_inst_mem_o_reg[9]/CP","basic_isa_instance/u_id_ex_eoi_id_ex_o_reg[4]/D",-175,-0.175
683,"basic_isa_instance/u_ex_mem_inst_mem_o_reg[9]/CP","basic_isa_instance/u_id_ex_eoi_id_ex_o_reg[3]/D",-175,-0.175
684,"basic_isa_instance/u_ex_mem_inst_mem_o_reg[9]/CP","basic_isa_instance/u_id_ex_eoi_id_ex_o_reg[2]/D",-175,-0.175
685,"basic_isa_instance/u_ex_mem_inst_mem_o_reg[9]/CP","basic_isa_instance/u_id_ex_eoi_id_ex_o_reg[1]/D",-175,-0.175
686,"basic_isa_instance/u_ex_mem_inst_mem_o_reg[9]/CP","basic_isa_instance/u_id_ex_alu_ctrl_ex_reg[2]/D",-175,-0.175
687,"csr_top_instance_csr_register_file_inst_satp_csr_inst_satp_r_reg[30]/CP","axi2apb_instance/write_fifo_fifo_reg[3][14]/D",-174,-0.174
688,"csr_top_instance_csr_register_file_inst_satp_csr_inst_satp_r_reg[30]/CP","axi2apb_instance/write_fifo_fifo_reg[2][14]/D",-174,-0.174
689,"csr_top_instance_csr_register_file_inst_satp_csr_inst_satp_r_reg[30]/CP","axi2apb_instance/write_fifo_fifo_reg[1][14]/D",-174,-0.174
690,"csr_top_instance_csr_register_file_inst_satp_csr_inst_satp_r_reg[30]/CP","axi2apb_instance/write_fifo_fifo_reg[0][14]/D",-174,-0.174
691,"csr_top_instance_csr_register_file_inst_satp_csr_inst_satp_r_reg[24]/CP","axi2apb_instance/axi_trace_data_reg[6]/D",-172,-0.172
692,"basic_isa_instance/u_ex_mem_inst_mem_o_reg[9]/CP","basic_isa_instance/u_if_id_instr_id_reg[31]/D",-170,-0.170
693,"basic_isa_instance/u_ex_mem_inst_mem_o_reg[9]/CP","basic_isa_instance/u_if_id_instr_id_reg[15]/D",-170,-0.170
694,"basic_isa_instance/u_ex_mem_inst_mem_o_reg[9]/CP","basic_isa_instance/u_if_id_instr_id_reg[24]/D",-170,-0.170
695,"basic_isa_instance/u_ex_mem_inst_mem_o_reg[9]/CP","basic_isa_instance/u_if_id_instr_id_reg[22]/D",-170,-0.170
696,"basic_isa_instance/u_ex_mem_inst_mem_o_reg[9]/CP","basic_isa_instance/u_if_id_instr_id_reg[23]/D",-170,-0.170
697,"basic_isa_instance/u_ex_mem_inst_mem_o_reg[9]/CP","basic_isa_instance/u_if_id_instr_id_reg[20]/D",-170,-0.170
698,"basic_isa_instance/u_ex_mem_inst_mem_o_reg[9]/CP","basic_isa_instance/u_if_id_instr_id_reg[5]/D",-170,-0.170
699,"basic_isa_instance/u_ex_mem_inst_mem_o_reg[9]/CP","basic_isa_instance/u_if_id_instr_id_reg[28]/D",-170,-0.170
700,"basic_isa_instance/u_ex_mem_inst_mem_o_reg[9]/CP","basic_isa_instance/u_if_id_instr_id_reg[26]/D",-170,-0.170
701,"basic_isa_instance/u_ex_mem_inst_mem_o_reg[9]/CP","basic_isa_instance/u_if_id_instr_id_reg[25]/D",-170,-0.170
702,"basic_isa_instance/u_ex_mem_inst_mem_o_reg[9]/CP","basic_isa_instance/u_if_id_instr_id_reg[18]/D",-170,-0.170
703,"basic_isa_instance/u_ex_mem_inst_mem_o_reg[9]/CP","basic_isa_instance/u_if_id_instr_id_reg[6]/D",-170,-0.170
704,"basic_isa_instance/u_ex_mem_inst_mem_o_reg[9]/CP","basic_isa_instance/u_if_id_instr_id_reg[2]/D",-170,-0.170
705,"basic_isa_instance/u_ex_mem_inst_mem_o_reg[9]/CP","basic_isa_instance/u_id_ex_rs2_data_ex_reg[29]/D",-170,-0.170
706,"basic_isa_instance/u_ex_mem_inst_mem_o_reg[9]/CP","basic_isa_instance/u_id_ex_rs2_data_ex_reg[28]/D",-170,-0.170
707,"basic_isa_instance/u_ex_mem_inst_mem_o_reg[9]/CP","basic_isa_instance/u_id_ex_rs2_data_ex_reg[23]/D",-170,-0.170
708,"basic_isa_instance/u_ex_mem_inst_mem_o_reg[9]/CP","basic_isa_instance/u_id_ex_rs2_data_ex_reg[11]/D",-170,-0.170
709,"basic_isa_instance/u_ex_mem_inst_mem_o_reg[9]/CP","basic_isa_instance/u_id_ex_rs2_data_ex_reg[10]/D",-170,-0.170
710,"basic_isa_instance/u_ex_mem_inst_mem_o_reg[9]/CP","basic_isa_instance/u_id_ex_rs2_data_ex_reg[8]/D",-170,-0.170
711,"basic_isa_instance/u_ex_mem_inst_mem_o_reg[9]/CP","basic_isa_instance/u_id_ex_rs2_data_ex_reg[7]/D",-170,-0.170
712,"basic_isa_instance/u_ex_mem_inst_mem_o_reg[9]/CP","basic_isa_instance/u_id_ex_rs2_data_ex_reg[6]/D",-170,-0.170
713,"basic_isa_instance/u_ex_mem_inst_mem_o_reg[9]/CP","basic_isa_instance/u_id_ex_rs2_data_ex_reg[3]/D",-170,-0.170
714,"basic_isa_instance/u_ex_mem_inst_mem_o_reg[9]/CP","basic_isa_instance/u_id_ex_rs2_data_ex_reg[2]/D",-170,-0.170
715,"basic_isa_instance/u_ex_mem_inst_mem_o_reg[9]/CP","basic_isa_instance/u_id_ex_rs1_data_ex_reg[21]/D",-170,-0.170
716,"basic_isa_instance/u_ex_mem_inst_mem_o_reg[9]/CP","basic_isa_instance/u_id_ex_rs1_data_ex_reg[17]/D",-170,-0.170
717,"basic_isa_instance/u_ex_mem_inst_mem_o_reg[9]/CP","basic_isa_instance/u_id_ex_rs1_data_ex_reg[15]/D",-170,-0.170
718,"basic_isa_instance/u_ex_mem_inst_mem_o_reg[9]/CP","basic_isa_instance/u_id_ex_rs1_data_ex_reg[14]/D",-170,-0.170
719,"basic_isa_instance/u_ex_mem_inst_mem_o_reg[9]/CP","basic_isa_instance/u_id_ex_rs1_data_ex_reg[12]/D",-170,-0.170
720,"basic_isa_instance/u_ex_mem_inst_mem_o_reg[9]/CP","basic_isa_instance/u_id_ex_inst_ex_o_reg[2]/D",-170,-0.170
721,"basic_isa_instance/u_ex_mem_inst_mem_o_reg[9]/CP","basic_isa_instance/u_id_ex_rs2_data_ex_reg[16]/D",-169,-0.169
722,"basic_isa_instance/u_ex_mem_inst_mem_o_reg[9]/CP","basic_isa_instance/u_id_ex_inst_ex_o_reg[0]/D",-166,-0.166
723,"basic_isa_instance/u_ex_mem_inst_mem_o_reg[9]/CP","basic_isa_instance/u_id_ex_predictedTaken_ex_reg/D",-166,-0.166
724,"basic_isa_instance/u_ex_mem_inst_mem_o_reg[9]/CP","basic_isa_instance/u_id_ex_inst_ex_o_reg[11]/D",-166,-0.166
725,"basic_isa_instance/u_ex_mem_inst_mem_o_reg[9]/CP","basic_isa_instance/u_id_ex_rs2_data_ex_reg[31]/D",-165,-0.165
726,"basic_isa_instance/u_ex_mem_inst_mem_o_reg[9]/CP","basic_isa_instance/u_id_ex_rs2_data_ex_reg[22]/D",-165,-0.165
727,"basic_isa_instance/u_ex_mem_inst_mem_o_reg[9]/CP","basic_isa_instance/u_id_ex_rs2_data_ex_reg[20]/D",-165,-0.165
728,"basic_isa_instance/u_ex_mem_inst_mem_o_reg[9]/CP","basic_isa_instance/u_id_ex_rs2_data_ex_reg[19]/D",-165,-0.165
729,"basic_isa_instance/u_ex_mem_inst_mem_o_reg[9]/CP","basic_isa_instance/u_id_ex_rs2_data_ex_reg[17]/D",-165,-0.165
730,"basic_isa_instance/u_ex_mem_inst_mem_o_reg[9]/CP","basic_isa_instance/u_id_ex_rs1_data_ex_reg[30]/D",-165,-0.165
731,"basic_isa_instance/u_ex_mem_inst_mem_o_reg[9]/CP","basic_isa_instance/u_id_ex_rs1_data_ex_reg[28]/D",-165,-0.165
732,"basic_isa_instance/u_ex_mem_inst_mem_o_reg[9]/CP","basic_isa_instance/u_id_ex_rs1_data_ex_reg[27]/D",-165,-0.165
733,"basic_isa_instance/u_ex_mem_inst_mem_o_reg[9]/CP","basic_isa_instance/u_id_ex_rs1_data_ex_reg[25]/D",-165,-0.165
734,"basic_isa_instance/u_ex_mem_inst_mem_o_reg[9]/CP","basic_isa_instance/u_id_ex_rs1_data_ex_reg[24]/D",-165,-0.165
735,"basic_isa_instance/u_ex_mem_inst_mem_o_reg[9]/CP","basic_isa_instance/u_id_ex_rs1_data_ex_reg[19]/D",-165,-0.165
736,"basic_isa_instance/u_ex_mem_inst_mem_o_reg[9]/CP","basic_isa_instance/u_id_ex_rs1_data_ex_reg[7]/D",-165,-0.165
737,"basic_isa_instance/u_ex_mem_inst_mem_o_reg[9]/CP","basic_isa_instance/u_id_ex_rs1_data_ex_reg[5]/D",-165,-0.165
738,"basic_isa_instance/u_ex_mem_inst_mem_o_reg[9]/CP","basic_isa_instance/u_id_ex_rs1_data_ex_reg[3]/D",-165,-0.165
739,"basic_isa_instance/u_ex_mem_inst_mem_o_reg[9]/CP","basic_isa_instance/u_id_ex_jal_ex_reg/D",-165,-0.165
740,"basic_isa_instance/u_ex_mem_inst_mem_o_reg[9]/CP","basic_isa_instance/u_id_ex_jalr_ex_reg/D",-165,-0.165
741,"csr_top_instance_csr_register_file_inst_satp_csr_inst_satp_r_reg[30]/CP","axi2apb_instance/axi_trace_data_reg[23]/D",-163,-0.163
742,"csr_top_instance_csr_register_file_inst_satp_csr_inst_satp_r_reg[30]/CP","axi2apb_instance/axi_trace_data_reg[18]/D",-163,-0.163
743,"csr_top_instance_csr_register_file_inst_satp_csr_inst_satp_r_reg[30]/CP","axi2apb_instance/axi_trace_data_reg[16]/D",-163,-0.163
744,"csr_top_instance_csr_register_file_inst_satp_csr_inst_satp_r_reg[30]/CP","axi2apb_instance/axi_trace_data_reg[17]/D",-163,-0.163
745,"csr_top_instance_csr_register_file_inst_satp_csr_inst_satp_r_reg[30]/CP","axi2apb_instance/axi_trace_data_reg[21]/D",-163,-0.163
746,"csr_top_instance_csr_register_file_inst_satp_csr_inst_satp_r_reg[30]/CP","axi2apb_instance/axi_trace_data_reg[22]/D",-163,-0.163
747,"csr_top_instance_csr_register_file_inst_satp_csr_inst_satp_r_reg[30]/CP","axi2apb_instance/axi_trace_data_reg[20]/D",-163,-0.163
748,"csr_top_instance_csr_register_file_inst_satp_csr_inst_satp_r_reg[30]/CP","axi2apb_instance/axi_trace_data_reg[19]/D",-163,-0.163
749,"basic_isa_instance/u_ex_mem_inst_mem_o_reg[9]/CP","basic_isa_instance/u_id_ex_rs1_data_ex_reg[11]/D",-158,-0.158
750,"basic_isa_instance/u_ex_mem_inst_mem_o_reg[9]/CP","basic_isa_instance/u_id_ex_rs1_data_ex_reg[8]/D",-158,-0.158
751,"csr_top_instance_csr_register_file_inst_satp_csr_inst_satp_r_reg[30]/CP","basic_isa_instance/u_mem_wb_load_data_out_reg[30]/D",-158,-0.158
752,"csr_top_instance_csr_register_file_inst_satp_csr_inst_satp_r_reg[30]/CP","basic_isa_instance/u_mem_wb_load_data_out_reg[29]/D",-158,-0.158
753,"csr_top_instance_csr_register_file_inst_satp_csr_inst_satp_r_reg[30]/CP","basic_isa_instance/u_mem_wb_load_data_out_reg[28]/D",-158,-0.158
754,"csr_top_instance_csr_register_file_inst_satp_csr_inst_satp_r_reg[30]/CP","basic_isa_instance/u_mem_wb_load_data_out_reg[27]/D",-158,-0.158
755,"csr_top_instance_csr_register_file_inst_satp_csr_inst_satp_r_reg[30]/CP","basic_isa_instance/u_mem_wb_load_data_out_reg[23]/D",-158,-0.158
756,"csr_top_instance_csr_register_file_inst_satp_csr_inst_satp_r_reg[30]/CP","basic_isa_instance/u_mem_wb_load_data_out_reg[20]/D",-158,-0.158
757,"csr_top_instance_csr_register_file_inst_satp_csr_inst_satp_r_reg[30]/CP","basic_isa_instance/u_mem_wb_load_data_out_reg[17]/D",-158,-0.158
758,"csr_top_instance_csr_register_file_inst_satp_csr_inst_satp_r_reg[30]/CP","basic_isa_instance/u_mem_wb_load_data_out_reg[16]/D",-158,-0.158
759,"csr_top_instance_csr_register_file_inst_satp_csr_inst_satp_r_reg[30]/CP","basic_isa_instance/u_mem_wb_load_data_out_reg[26]/D",-157,-0.157
760,"csr_top_instance_csr_register_file_inst_satp_csr_inst_satp_r_reg[30]/CP","basic_isa_instance/u_mem_wb_load_data_out_reg[25]/D",-157,-0.157
761,"csr_top_instance_csr_register_file_inst_satp_csr_inst_satp_r_reg[30]/CP","basic_isa_instance/u_mem_wb_load_data_out_reg[24]/D",-157,-0.157
762,"basic_isa_instance/u_ex_mem_inst_mem_o_reg[9]/CP","basic_isa_instance/u_id_ex_eoi_id_ex_o_reg[0]/D",-156,-0.156
763,"basic_isa_instance/u_ex_mem_inst_mem_o_reg[9]/CP","basic_isa_instance/u_id_ex_csr_read_en_ex_o_reg/D",-156,-0.156
764,"basic_isa_instance/u_ex_mem_inst_mem_o_reg[9]/CP","basic_isa_instance/u_id_ex_rs2_data_ex_reg[21]/D",-156,-0.156
765,"basic_isa_instance/u_ex_mem_inst_mem_o_reg[9]/CP","basic_isa_instance/u_id_ex_rs2_data_ex_reg[14]/D",-156,-0.156
766,"basic_isa_instance/u_ex_mem_inst_mem_o_reg[9]/CP","basic_isa_instance/u_id_ex_rs1_data_ex_reg[29]/D",-156,-0.156
767,"basic_isa_instance/u_ex_mem_inst_mem_o_reg[9]/CP","basic_isa_instance/u_id_ex_rs1_data_ex_reg[22]/D",-156,-0.156
768,"basic_isa_instance/u_ex_mem_inst_mem_o_reg[9]/CP","basic_isa_instance/u_id_ex_rs1_data_ex_reg[2]/D",-156,-0.156
769,"basic_isa_instance/u_ex_mem_inst_mem_o_reg[9]/CP","basic_isa_instance/u_id_ex_func3_ex_reg[0]/D",-156,-0.156
770,"csr_top_instance_csr_register_file_inst_satp_csr_inst_satp_r_reg[30]/CP","basic_isa_instance/u_mem_wb_load_data_out_reg[22]/D",-156,-0.156
771,"csr_top_instance_csr_register_file_inst_satp_csr_inst_satp_r_reg[30]/CP","basic_isa_instance/u_mem_wb_load_data_out_reg[21]/D",-156,-0.156
772,"basic_isa_instance/u_ex_mem_inst_mem_o_reg[9]/CP","basic_isa_instance/u_id_ex_inst_ex_o_reg[24]/D",-156,-0.156
773,"basic_isa_instance/u_ex_mem_inst_mem_o_reg[9]/CP","basic_isa_instance/u_id_ex_inst_ex_o_reg[23]/D",-156,-0.156
774,"basic_isa_instance/u_ex_mem_inst_mem_o_reg[9]/CP","basic_isa_instance/u_id_ex_inst_ex_o_reg[18]/D",-156,-0.156
775,"basic_isa_instance/u_ex_mem_inst_mem_o_reg[9]/CP","basic_isa_instance/u_id_ex_inst_ex_o_reg[15]/D",-156,-0.156
776,"basic_isa_instance/u_ex_mem_inst_mem_o_reg[9]/CP","basic_isa_instance/u_id_ex_pc_ex_reg[17]/D",-155,-0.155
777,"basic_isa_instance/u_ex_mem_inst_mem_o_reg[9]/CP","basic_isa_instance/u_id_ex_pc_ex_reg[3]/D",-155,-0.155
778,"basic_isa_instance/u_ex_mem_inst_mem_o_reg[9]/CP","basic_isa_instance/u_id_ex_pc_ex_reg[2]/D",-155,-0.155
779,"csr_top_instance_csr_register_file_inst_satp_csr_inst_satp_r_reg[30]/CP","basic_isa_instance/u_mem_wb_load_data_out_reg[18]/D",-155,-0.155
780,"basic_isa_instance/u_ex_mem_inst_mem_o_reg[9]/CP","basic_isa_instance/u_id_ex_inst_ex_o_reg[17]/D",-155,-0.155
781,"basic_isa_instance/u_ex_mem_inst_mem_o_reg[9]/CP","basic_isa_instance/u_id_ex_pc_ex_reg[28]/D",-155,-0.155
782,"basic_isa_instance/u_ex_mem_inst_mem_o_reg[9]/CP","basic_isa_instance/u_id_ex_pc_ex_reg[10]/D",-155,-0.155
783,"csr_top_instance_csr_register_file_inst_satp_csr_inst_satp_r_reg[24]/CP","axi2apb_instance/axi_trace_data_reg[29]/D",-155,-0.155
784,"basic_isa_instance/u_ex_mem_inst_mem_o_reg[9]/CP","basic_isa_instance/u_id_ex_pc_ex_reg[25]/D",-155,-0.155
785,"basic_isa_instance/u_ex_mem_inst_mem_o_reg[9]/CP","basic_isa_instance/u_id_ex_func3_ex_reg[1]/D",-155,-0.155
786,"basic_isa_instance/u_ex_mem_inst_mem_o_reg[9]/CP","basic_isa_instance/u_id_ex_pc_ex_reg[7]/D",-154,-0.154
787,"basic_isa_instance/u_ex_mem_inst_mem_o_reg[9]/CP","basic_isa_instance/u_id_ex_pc_ex_reg[26]/D",-154,-0.154
788,"basic_isa_instance/u_ex_mem_inst_mem_o_reg[9]/CP","basic_isa_instance/u_id_ex_pc_ex_reg[22]/D",-154,-0.154
789,"basic_isa_instance/u_ex_mem_inst_mem_o_reg[9]/CP","basic_isa_instance/u_id_ex_pc_ex_reg[16]/D",-154,-0.154
790,"basic_isa_instance/u_ex_mem_inst_mem_o_reg[9]/CP","basic_isa_instance/u_id_ex_rs2_data_ex_reg[27]/D",-153,-0.153
791,"basic_isa_instance/u_ex_mem_inst_mem_o_reg[9]/CP","basic_isa_instance/u_id_ex_rs2_data_ex_reg[25]/D",-153,-0.153
792,"basic_isa_instance/u_ex_mem_inst_mem_o_reg[9]/CP","basic_isa_instance/u_id_ex_rs2_data_ex_reg[15]/D",-153,-0.153
793,"basic_isa_instance/u_ex_mem_inst_mem_o_reg[9]/CP","basic_isa_instance/u_id_ex_rs2_data_ex_reg[12]/D",-153,-0.153
794,"csr_top_instance_csr_register_file_inst_satp_csr_inst_satp_r_reg[30]/CP","basic_isa_instance/u_mem_wb_load_data_out_reg[19]/D",-152,-0.152
795,"basic_isa_instance/u_ex_mem_inst_mem_o_reg[9]/CP","basic_isa_instance/u_id_ex_rs1_data_ex_reg[18]/D",-151,-0.151
796,"basic_isa_instance/u_ex_mem_inst_mem_o_reg[9]/CP","basic_isa_instance/u_id_ex_rs2_data_ex_reg[26]/D",-151,-0.151
797,"csr_top_instance_csr_register_file_inst_satp_csr_inst_satp_r_reg[30]/CP","axi2apb_instance/write_fifo_fifo_reg[3][13]/D",-150,-0.150
798,"csr_top_instance_csr_register_file_inst_satp_csr_inst_satp_r_reg[30]/CP","axi2apb_instance/write_fifo_fifo_reg[0][13]/D",-150,-0.150
799,"csr_top_instance_csr_register_file_inst_satp_csr_inst_satp_r_reg[24]/CP","basic_isa_instance/u_mem_wb_load_data_out_reg[31]/D",-147,-0.147
800,"basic_isa_instance/u_ex_mem_inst_mem_o_reg[9]/CP","basic_isa_instance/u_id_ex_branch_ex_reg/D",-147,-0.147
801,"basic_isa_instance/u_ex_mem_inst_mem_o_reg[9]/CP","basic_isa_instance/u_id_ex_csr_imm_valid_ex_o_reg/D",-146,-0.146
802,"basic_isa_instance/u_ex_mem_inst_mem_o_reg[9]/CP","basic_isa_instance/u_id_ex_inst_ex_o_reg[20]/D",-145,-0.145
803,"basic_isa_instance/u_ex_mem_alu_result_mem_reg[31]/CP","basic_isa_instance/u_if_u_btb_U_FILE_lru_reg[3]/SE",-144,-0.144
804,"basic_isa_instance/u_ex_mem_alu_result_mem_reg[31]/CP","basic_isa_instance/u_if_u_btb_U_FILE_lru_reg[1]/SE",-144,-0.144
805,"csr_top_instance_csr_register_file_inst_satp_csr_inst_satp_r_reg[30]/CP","axi2apb_instance/write_fifo_fifo_reg[3][8]/D",-140,-0.140
806,"csr_top_instance_csr_register_file_inst_satp_csr_inst_satp_r_reg[30]/CP","axi2apb_instance/write_fifo_fifo_reg[2][8]/D",-140,-0.140
807,"csr_top_instance_csr_register_file_inst_satp_csr_inst_satp_r_reg[30]/CP","axi2apb_instance/write_fifo_fifo_reg[1][8]/D",-140,-0.140
808,"csr_top_instance_csr_register_file_inst_satp_csr_inst_satp_r_reg[30]/CP","axi2apb_instance/write_fifo_fifo_reg[0][8]/D",-140,-0.140
809,"basic_isa_instance/u_id_ex_inst_ex_o_reg[17]/CP","basic_isa_instance/u_if_u_btb_U_FILE_target_arr_reg[7][1][14]/D",-140,-0.140
810,"basic_isa_instance/u_id_ex_inst_ex_o_reg[17]/CP","basic_isa_instance/u_if_u_btb_U_FILE_target_arr_reg[7][0][14]/D",-140,-0.140
811,"basic_isa_instance/u_id_ex_inst_ex_o_reg[17]/CP","basic_isa_instance/u_if_u_btb_U_FILE_target_arr_reg[6][1][14]/D",-140,-0.140
812,"basic_isa_instance/u_id_ex_inst_ex_o_reg[17]/CP","basic_isa_instance/u_if_u_btb_U_FILE_target_arr_reg[6][0][14]/D",-140,-0.140
813,"basic_isa_instance/u_id_ex_inst_ex_o_reg[17]/CP","basic_isa_instance/u_if_u_btb_U_FILE_target_arr_reg[5][1][14]/D",-140,-0.140
814,"basic_isa_instance/u_id_ex_inst_ex_o_reg[17]/CP","basic_isa_instance/u_if_u_btb_U_FILE_target_arr_reg[5][0][14]/D",-140,-0.140
815,"basic_isa_instance/u_id_ex_inst_ex_o_reg[17]/CP","basic_isa_instance/u_if_u_btb_U_FILE_target_arr_reg[4][1][14]/D",-140,-0.140
816,"basic_isa_instance/u_id_ex_inst_ex_o_reg[17]/CP","basic_isa_instance/u_if_u_btb_U_FILE_target_arr_reg[4][0][14]/D",-140,-0.140
817,"basic_isa_instance/u_id_ex_inst_ex_o_reg[17]/CP","basic_isa_instance/u_if_u_btb_U_FILE_target_arr_reg[3][1][14]/D",-140,-0.140
818,"basic_isa_instance/u_id_ex_inst_ex_o_reg[17]/CP","basic_isa_instance/u_if_u_btb_U_FILE_target_arr_reg[3][0][14]/D",-140,-0.140
819,"basic_isa_instance/u_id_ex_inst_ex_o_reg[17]/CP","basic_isa_instance/u_if_u_btb_U_FILE_target_arr_reg[2][1][14]/D",-140,-0.140
820,"basic_isa_instance/u_id_ex_inst_ex_o_reg[17]/CP","basic_isa_instance/u_if_u_btb_U_FILE_target_arr_reg[2][0][14]/D",-140,-0.140
821,"basic_isa_instance/u_id_ex_inst_ex_o_reg[17]/CP","basic_isa_instance/u_if_u_btb_U_FILE_target_arr_reg[1][1][14]/D",-140,-0.140
822,"basic_isa_instance/u_id_ex_inst_ex_o_reg[17]/CP","basic_isa_instance/u_if_u_btb_U_FILE_target_arr_reg[1][0][14]/D",-140,-0.140
823,"basic_isa_instance/u_id_ex_inst_ex_o_reg[17]/CP","basic_isa_instance/u_if_u_btb_U_FILE_target_arr_reg[0][1][14]/D",-140,-0.140
824,"basic_isa_instance/u_id_ex_inst_ex_o_reg[17]/CP","basic_isa_instance/u_if_u_btb_U_FILE_target_arr_reg[0][0][14]/D",-140,-0.140
825,"basic_isa_instance/u_ex_mem_inst_mem_o_reg[9]/CP","basic_isa_instance/u_id_ex_csr_mstatus_mie_set_ex_o_reg/D",-138,-0.138
826,"csr_top_instance_csr_register_file_inst_satp_csr_inst_satp_r_reg[24]/CP","axi2apb_instance/axi_trace_data_reg[25]/D",-137,-0.137
827,"basic_isa_instance/u_ex_mem_alu_result_mem_reg[21]/CP","axi2apb_instance/slave_ar_burst_ctrl_reg/SE",-135,-0.135
828,"basic_isa_instance/u_ex_mem_inst_mem_o_reg[9]/CP","basic_isa_instance/u_id_ex_rs1_data_ex_reg[26]/D",-134,-0.134
829,"basic_isa_instance/u_ex_mem_inst_mem_o_reg[9]/CP","basic_isa_instance/u_id_ex_rs1_data_ex_reg[20]/D",-134,-0.134
830,"csr_top_instance_csr_register_file_inst_satp_csr_inst_satp_r_reg[30]/CP","axi2apb_instance/axi_trace_data_reg[26]/D",-134,-0.134
831,"csr_top_instance_csr_register_file_inst_satp_csr_inst_satp_r_reg[30]/CP","axi2apb_instance/axi_trace_data_reg[27]/D",-134,-0.134
832,"csr_top_instance_csr_register_file_inst_satp_csr_inst_satp_r_reg[30]/CP","axi2apb_instance/axi_trace_data_reg[30]/D",-134,-0.134
833,"csr_top_instance_csr_register_file_inst_satp_csr_inst_satp_r_reg[24]/CP","axi2apb_instance/axi_trace_data_reg[7]/D",-132,-0.132
834,"basic_isa_instance/u_ex_mem_inst_mem_o_reg[9]/CP","basic_isa_instance/u_id_ex_rs1_data_ex_reg[13]/D",-131,-0.131
835,"basic_isa_instance/u_ex_mem_inst_mem_o_reg[9]/CP","basic_isa_instance/u_id_ex_rs1_data_ex_reg[9]/D",-131,-0.131
836,"csr_top_instance_csr_register_file_inst_satp_csr_inst_satp_r_reg[30]/CP","axi2apb_instance/write_fifo_fifo_reg[2][13]/D",-131,-0.131
837,"csr_top_instance_csr_register_file_inst_satp_csr_inst_satp_r_reg[30]/CP","axi2apb_instance/write_fifo_fifo_reg[1][13]/D",-131,-0.131
838,"basic_isa_instance/u_ex_mem_alu_result_mem_reg[31]/CP","basic_isa_instance/u_if_u_btb_U_FILE_lru_reg[5]/SE",-130,-0.130
839,"basic_isa_instance/u_ex_mem_inst_mem_o_reg[9]/CP","basic_isa_instance/u_id_ex_pc_ex_reg[0]/D",-129,-0.129
840,"csr_top_instance_csr_register_file_inst_satp_csr_inst_satp_r_reg[30]/CP","axi2apb_instance/axi_trace_data_reg[2]/D",-127,-0.127
841,"csr_top_instance_csr_register_file_inst_satp_csr_inst_satp_r_reg[30]/CP","axi2apb_instance/axi_trace_data_reg[4]/D",-126,-0.126
842,"csr_top_instance_csr_register_file_inst_satp_csr_inst_satp_r_reg[24]/CP","axi2apb_instance/axi_trace_data_reg[24]/D",-125,-0.125
843,"basic_isa_instance/u_ex_mem_inst_mem_o_reg[9]/CP","basic_isa_instance/u_id_ex_mem_load_type_ex_reg[0]/D",-125,-0.125
844,"basic_isa_instance/u_ex_mem_inst_mem_o_reg[9]/CP","basic_isa_instance/u_id_ex_mem_store_type_ex_reg[0]/D",-123,-0.123
845,"basic_isa_instance/u_ex_mem_inst_mem_o_reg[9]/CP","basic_isa_instance/u_id_ex_mem_load_type_ex_reg[2]/D",-123,-0.123
846,"csr_top_instance_csr_register_file_inst_satp_csr_inst_satp_r_reg[24]/CP","axi2apb_instance/axi_trace_data_reg[3]/D",-120,-0.120
847,"basic_isa_instance/u_id_ex_inst_ex_o_reg[17]/CP","basic_isa_instance/u_trace_core_it_delta_addr_o_reg[15]/D",-120,-0.120
848,"csr_top_instance_csr_register_file_inst_satp_csr_inst_satp_r_reg[30]/CP","axi2apb_instance/axi_trace_data_reg[31]/D",-120,-0.120
849,"basic_isa_instance/u_ex_mem_inst_mem_o_reg[9]/CP","basic_isa_instance/u_id_ex_rs2_data_ex_reg[30]/D",-119,-0.119
850,"basic_isa_instance/u_ex_mem_inst_mem_o_reg[9]/CP","basic_isa_instance/u_id_ex_inst_ex_o_reg[6]/D",-117,-0.117
851,"basic_isa_instance/u_ex_mem_inst_mem_o_reg[9]/CP","basic_isa_instance/u_id_ex_inst_ex_o_reg[5]/D",-117,-0.117
852,"csr_top_instance_csr_register_file_inst_satp_csr_inst_satp_r_reg[30]/CP","axi2apb_instance/axi_trace_data_reg[0]/D",-117,-0.117
853,"csr_top_instance_csr_register_file_inst_satp_csr_inst_satp_r_reg[30]/CP","axi2apb_instance/write_fifo_fifo_reg[0][11]/D",-115,-0.115
854,"csr_top_instance_csr_register_file_inst_satp_csr_inst_satp_r_reg[30]/CP","axi2apb_instance/write_fifo_fifo_reg[1][11]/D",-115,-0.115
855,"csr_top_instance_csr_register_file_inst_satp_csr_inst_satp_r_reg[30]/CP","axi2apb_instance/write_fifo_fifo_reg[3][11]/D",-115,-0.115
856,"csr_top_instance_csr_register_file_inst_satp_csr_inst_satp_r_reg[30]/CP","axi2apb_instance/write_fifo_fifo_reg[2][11]/D",-115,-0.115
857,"basic_isa_instance/u_ex_mem_inst_mem_o_reg[9]/CP","basic_isa_instance/u_id_ex_rs1_data_ex_reg[6]/D",-115,-0.115
858,"basic_isa_instance/u_ex_mem_inst_mem_o_reg[9]/CP","basic_isa_instance/u_id_ex_mem_write_ex_reg/D",-114,-0.114
859,"basic_isa_instance/u_ex_mem_inst_mem_o_reg[9]/CP","basic_isa_instance/u_id_ex_pc_ex_reg[1]/D",-114,-0.114
860,"csr_top_instance_csr_register_file_inst_satp_csr_inst_satp_r_reg[30]/CP","axi2apb_instance/write_fifo_fifo_reg[3][6]/D",-112,-0.112
861,"csr_top_instance_csr_register_file_inst_satp_csr_inst_satp_r_reg[30]/CP","axi2apb_instance/write_fifo_fifo_reg[0][6]/D",-112,-0.112
862,"basic_isa_instance/u_ex_mem_inst_mem_o_reg[9]/CP","basic_isa_instance/u_id_ex_inst_ex_o_reg[8]/D",-112,-0.112
863,"basic_isa_instance/u_ex_mem_inst_mem_o_reg[9]/CP","basic_isa_instance/u_id_ex_func3_ex_reg[2]/D",-112,-0.112
864,"basic_isa_instance/u_ex_mem_inst_mem_o_reg[9]/CP","basic_isa_instance/u_id_ex_rs2_data_ex_reg[24]/D",-112,-0.112
865,"basic_isa_instance/u_ex_mem_inst_mem_o_reg[9]/CP","basic_isa_instance/u_id_ex_mem_load_type_ex_reg[1]/D",-111,-0.111
866,"csr_top_instance_csr_register_file_inst_satp_csr_inst_satp_r_reg[30]/CP","axi2apb_instance/write_fifo_fifo_reg[0][15]/D",-111,-0.111
867,"csr_top_instance_csr_register_file_inst_satp_csr_inst_satp_r_reg[30]/CP","axi2apb_instance/write_fifo_fifo_reg[2][15]/D",-111,-0.111
868,"csr_top_instance_csr_register_file_inst_satp_csr_inst_satp_r_reg[30]/CP","axi2apb_instance/write_fifo_fifo_reg[3][15]/D",-111,-0.111
869,"csr_top_instance_csr_register_file_inst_satp_csr_inst_satp_r_reg[30]/CP","axi2apb_instance/write_fifo_fifo_reg[1][15]/D",-111,-0.111
870,"basic_isa_instance/u_ex_mem_inst_mem_o_reg[9]/CP","basic_isa_instance/u_id_ex_inst_ex_o_reg[30]/D",-109,-0.109
871,"basic_isa_instance/u_ex_mem_alu_result_mem_reg[21]/CP","axi2apb_instance/slave_rvalid_reg/SI",-108,-0.108
872,"basic_isa_instance/u_ex_mem_inst_mem_o_reg[9]/CP","basic_isa_instance/u_id_ex_inst_ex_o_reg[27]/D",-108,-0.108
873,"basic_isa_instance/u_ex_mem_inst_mem_o_reg[9]/CP","basic_isa_instance/u_id_ex_inst_ex_o_reg[28]/D",-108,-0.108
874,"csr_top_instance_csr_register_file_inst_satp_csr_inst_satp_r_reg[24]/CP","axi2apb_instance/axi_trace_data_reg[5]/D",-108,-0.108
875,"basic_isa_instance/u_ex_mem_inst_mem_o_reg[9]/CP","basic_isa_instance/u_id_ex_inst_ex_o_reg[1]/D",-108,-0.108
876,"basic_isa_instance/u_ex_mem_inst_mem_o_reg[9]/CP","basic_isa_instance/u_id_ex_rs1_data_ex_reg[16]/D",-108,-0.108
877,"basic_isa_instance/u_ex_mem_inst_mem_o_reg[9]/CP","basic_isa_instance/u_id_ex_inst_ex_o_reg[26]/D",-108,-0.108
878,"basic_isa_instance/u_halt_fsm_state_reg[0]/CP","ip_debug_trace_instance_u_trace_cdc_u_mmu_fifo/wr_ptr_gray_reg[1]/D",-106,-0.106
879,"csr_top_instance_csr_register_file_inst_satp_csr_inst_satp_r_reg[30]/CP","axi2apb_instance/write_fifo_fifo_reg[3][10]/D",-104,-0.104
880,"csr_top_instance_csr_register_file_inst_satp_csr_inst_satp_r_reg[30]/CP","axi2apb_instance/write_fifo_fifo_reg[2][10]/D",-104,-0.104
881,"csr_top_instance_csr_register_file_inst_satp_csr_inst_satp_r_reg[30]/CP","axi2apb_instance/write_fifo_fifo_reg[1][10]/D",-104,-0.104
882,"basic_isa_instance/u_ex_mem_inst_mem_o_reg[9]/CP","basic_isa_instance/u_id_ex_inst_ex_o_reg[29]/D",-104,-0.104
883,"basic_isa_instance/u_halt_fsm_state_reg[2]/CP","reg_physical_address_inst_mem_reg[14]/D",-103,-0.103
884,"csr_top_instance_csr_register_file_inst_satp_csr_inst_satp_r_reg[24]/CP","axi2apb_instance/axi_trace_data_reg[28]/D",-103,-0.103
885,"basic_isa_instance/u_ex_mem_inst_mem_o_reg[9]/CP","basic_isa_instance/u_if_id_instr_id_reg[4]/D",-101,-0.101
886,"csr_top_instance_csr_register_file_inst_satp_csr_inst_satp_r_reg[30]/CP","basic_isa_instance/u_mem_wb_load_data_out_reg[14]/D",-99,-0.099
887,"csr_top_instance_csr_register_file_inst_satp_csr_inst_satp_r_reg[30]/CP","basic_isa_instance/u_mem_wb_load_data_out_reg[11]/D",-99,-0.099
888,"csr_top_instance_csr_register_file_inst_satp_csr_inst_satp_r_reg[30]/CP","basic_isa_instance/u_mem_wb_load_data_out_reg[15]/D",-99,-0.099
889,"csr_top_instance_csr_register_file_inst_satp_csr_inst_satp_r_reg[30]/CP","basic_isa_instance/u_mem_wb_load_data_out_reg[13]/D",-99,-0.099
890,"csr_top_instance_csr_register_file_inst_satp_csr_inst_satp_r_reg[30]/CP","basic_isa_instance/u_mem_wb_load_data_out_reg[12]/D",-99,-0.099
891,"csr_top_instance_csr_register_file_inst_satp_csr_inst_satp_r_reg[30]/CP","basic_isa_instance/u_mem_wb_load_data_out_reg[10]/D",-99,-0.099
892,"csr_top_instance_csr_register_file_inst_satp_csr_inst_satp_r_reg[30]/CP","basic_isa_instance/u_mem_wb_load_data_out_reg[9]/D",-99,-0.099
893,"csr_top_instance_csr_register_file_inst_satp_csr_inst_satp_r_reg[30]/CP","basic_isa_instance/u_mem_wb_load_data_out_reg[8]/D",-99,-0.099
894,"basic_isa_instance/u_ex_mem_inst_mem_o_reg[9]/CP","basic_isa_instance/u_id_ex_inst_ex_o_reg[25]/D",-99,-0.099
895,"basic_isa_instance/u_ex_mem_inst_mem_o_reg[9]/CP","basic_isa_instance/u_id_ex_rs1_data_ex_reg[10]/D",-98,-0.098
896,"basic_isa_instance/u_ex_mem_inst_mem_o_reg[9]/CP","basic_isa_instance/u_id_ex_inst_ex_o_reg[7]/D",-98,-0.098
897,"csr_top_instance_csr_register_file_inst_satp_csr_inst_satp_r_reg[30]/CP","axi2apb_instance/write_fifo_fifo_reg[0][10]/D",-96,-0.096
898,"basic_isa_instance/u_ex_mem_inst_mem_o_reg[9]/CP","basic_isa_instance/u_id_ex_memtoreg_ex_reg/D",-96,-0.096
899,"basic_isa_instance/u_ex_mem_inst_mem_o_reg[9]/CP","basic_isa_instance/u_id_ex_inst_ex_o_reg[10]/D",-96,-0.096
900,"basic_isa_instance/u_ex_mem_inst_mem_o_reg[9]/CP","basic_isa_instance/u_id_ex_inst_valid_ex_o_reg/D",-96,-0.096
901,"basic_isa_instance/u_halt_fsm_state_reg[0]/CP","reg_physical_address_inst_mem_reg[13]/D",-93,-0.093
902,"csr_top_instance_csr_register_file_inst_satp_csr_inst_satp_r_reg[30]/CP","axi2apb_instance/write_fifo_fifo_reg[1][6]/D",-93,-0.093
903,"csr_top_instance_csr_register_file_inst_satp_csr_inst_satp_r_reg[30]/CP","axi2apb_instance/write_fifo_fifo_reg[2][6]/D",-93,-0.093
904,"basic_isa_instance/u_halt_fsm_state_reg[2]/CP","ip_debug_trace_instance_u_trace_cdc_u_mmu_fifo/wr_ptr_bin_reg[4]/D",-93,-0.093
905,"csr_top_instance_csr_register_file_inst_satp_csr_inst_satp_r_reg[30]/CP","axi2apb_instance/write_fifo_fifo_reg[3][2]/D",-93,-0.093
906,"csr_top_instance_csr_register_file_inst_satp_csr_inst_satp_r_reg[30]/CP","axi2apb_instance/write_fifo_fifo_reg[2][2]/D",-93,-0.093
907,"csr_top_instance_csr_register_file_inst_satp_csr_inst_satp_r_reg[30]/CP","axi2apb_instance/write_fifo_fifo_reg[1][2]/D",-93,-0.093
908,"csr_top_instance_csr_register_file_inst_satp_csr_inst_satp_r_reg[30]/CP","axi2apb_instance/write_fifo_fifo_reg[0][2]/D",-93,-0.093
909,"basic_isa_instance/u_ex_mem_inst_mem_o_reg[9]/CP","basic_isa_instance/u_id_ex_ex_alu_src_ex_reg/D",-89,-0.089
910,"basic_isa_instance/u_ex_mem_inst_mem_o_reg[9]/CP","basic_isa_instance/u_if_id_instr_id_reg[12]/D",-87,-0.087
911,"basic_isa_instance/u_ex_mem_inst_mem_o_reg[9]/CP","basic_isa_instance/u_if_id_instr_id_reg[13]/D",-87,-0.087
912,"basic_isa_instance/u_ex_mem_inst_mem_o_reg[9]/CP","basic_isa_instance/u_if_id_instr_id_reg[27]/D",-87,-0.087
913,"basic_isa_instance/u_ex_mem_inst_mem_o_reg[9]/CP","basic_isa_instance/u_if_id_instr_id_reg[21]/D",-87,-0.087
914,"basic_isa_instance/u_ex_mem_inst_mem_o_reg[9]/CP","basic_isa_instance/u_if_id_instr_id_reg[17]/D",-87,-0.087
915,"basic_isa_instance/u_ex_mem_inst_mem_o_reg[9]/CP","basic_isa_instance/u_if_id_instr_id_reg[14]/D",-87,-0.087
916,"basic_isa_instance/u_ex_mem_inst_mem_o_reg[9]/CP","basic_isa_instance/u_if_id_instr_id_reg[30]/D",-87,-0.087
917,"basic_isa_instance/u_ex_mem_inst_mem_o_reg[9]/CP","basic_isa_instance/u_if_id_instr_id_reg[19]/D",-87,-0.087
918,"basic_isa_instance/u_ex_mem_inst_mem_o_reg[9]/CP","basic_isa_instance/u_if_id_instr_id_reg[16]/D",-87,-0.087
919,"basic_isa_instance/u_ex_mem_inst_mem_o_reg[9]/CP","basic_isa_instance/u_if_id_instr_id_reg[1]/D",-87,-0.087
920,"basic_isa_instance/u_ex_mem_inst_mem_o_reg[9]/CP","basic_isa_instance/u_if_id_instr_id_reg[29]/D",-87,-0.087
921,"basic_isa_instance/u_ex_mem_alu_result_mem_reg[31]/CP","axi2apb_instance/slave_ar_burst_ctrl_reg/SI",-86,-0.086
922,"basic_isa_instance/u_ex_mem_inst_mem_o_reg[9]/CP","basic_isa_instance/u_if_id_instr_id_reg[11]/D",-84,-0.084
923,"basic_isa_instance/u_ex_mem_inst_mem_o_reg[9]/CP","basic_isa_instance/u_if_id_instr_id_reg[10]/D",-84,-0.084
924,"basic_isa_instance/u_ex_mem_inst_mem_o_reg[9]/CP","basic_isa_instance/u_if_id_instr_id_reg[8]/D",-84,-0.084
925,"basic_isa_instance/u_ex_mem_inst_mem_o_reg[9]/CP","basic_isa_instance/u_if_id_instr_id_reg[7]/D",-84,-0.084
926,"basic_isa_instance/u_ex_mem_inst_mem_o_reg[9]/CP","basic_isa_instance/u_if_id_instr_id_reg[9]/D",-84,-0.084
927,"csr_top_instance_csr_register_file_inst_satp_csr_inst_satp_r_reg[30]/CP","axi2apb_instance/write_fifo_fifo_reg[2][0]/D",-82,-0.082
928,"csr_top_instance_csr_register_file_inst_satp_csr_inst_satp_r_reg[30]/CP","axi2apb_instance/write_fifo_fifo_reg[1][0]/D",-82,-0.082
929,"basic_isa_instance/u_ex_mem_inst_mem_o_reg[9]/CP","basic_isa_instance/u_if_id_instr_id_reg[3]/D",-80,-0.080
930,"basic_isa_instance/u_ex_mem_inst_mem_o_reg[9]/CP","basic_isa_instance/u_if_id_instr_id_reg[0]/D",-80,-0.080
931,"csr_top_instance_csr_register_file_inst_satp_csr_inst_satp_r_reg[30]/CP","axi2apb_instance/write_fifo_fifo_reg[3][12]/D",-80,-0.080
932,"csr_top_instance_csr_register_file_inst_satp_csr_inst_satp_r_reg[30]/CP","axi2apb_instance/write_fifo_fifo_reg[2][12]/D",-80,-0.080
933,"csr_top_instance_csr_register_file_inst_satp_csr_inst_satp_r_reg[30]/CP","axi2apb_instance/write_fifo_fifo_reg[1][12]/D",-80,-0.080
934,"csr_top_instance_csr_register_file_inst_satp_csr_inst_satp_r_reg[30]/CP","axi2apb_instance/write_fifo_fifo_reg[0][12]/D",-80,-0.080
935,"basic_isa_instance/u_halt_fsm_state_reg[2]/CP","interrupt_controller_instance/soc_top_inst_interrupt_recieve_inst_interrupt_pending_o_reg[9]/D",-78,-0.078
936,"basic_isa_instance/u_ex_mem_inst_mem_o_reg[9]/CP","basic_isa_instance/u_if_id_pc_id_reg[6]/D",-77,-0.077
937,"basic_isa_instance/u_ex_mem_inst_mem_o_reg[9]/CP","basic_isa_instance/u_if_id_pc_id_reg[5]/D",-77,-0.077
938,"basic_isa_instance/u_ex_mem_inst_mem_o_reg[9]/CP","basic_isa_instance/u_if_id_pc_id_reg[28]/D",-77,-0.077
939,"basic_isa_instance/u_ex_mem_inst_mem_o_reg[9]/CP","basic_isa_instance/u_if_id_pc_id_reg[26]/D",-77,-0.077
940,"basic_isa_instance/u_ex_mem_inst_mem_o_reg[9]/CP","basic_isa_instance/u_if_id_pc_id_reg[22]/D",-77,-0.077
941,"basic_isa_instance/u_ex_mem_inst_mem_o_reg[9]/CP","basic_isa_instance/u_if_id_pc_id_reg[18]/D",-77,-0.077
942,"basic_isa_instance/u_ex_mem_inst_mem_o_reg[9]/CP","basic_isa_instance/u_if_id_pc_id_reg[17]/D",-77,-0.077
943,"basic_isa_instance/u_ex_mem_inst_mem_o_reg[9]/CP","basic_isa_instance/u_if_id_pc_id_reg[16]/D",-77,-0.077
944,"basic_isa_instance/u_ex_mem_inst_mem_o_reg[9]/CP","basic_isa_instance/u_if_id_pc_id_reg[11]/D",-77,-0.077
945,"basic_isa_instance/u_ex_mem_inst_mem_o_reg[9]/CP","basic_isa_instance/u_if_id_pc_id_reg[10]/D",-77,-0.077
946,"basic_isa_instance/u_ex_mem_inst_mem_o_reg[9]/CP","basic_isa_instance/u_if_id_pc_id_reg[9]/D",-77,-0.077
947,"basic_isa_instance/u_ex_mem_inst_mem_o_reg[9]/CP","basic_isa_instance/u_if_id_pc_id_reg[8]/D",-77,-0.077
948,"basic_isa_instance/u_ex_mem_inst_mem_o_reg[9]/CP","basic_isa_instance/u_if_id_pc_id_reg[7]/D",-77,-0.077
949,"basic_isa_instance/u_ex_mem_inst_mem_o_reg[9]/CP","basic_isa_instance/u_if_id_pc_id_reg[4]/D",-77,-0.077
950,"basic_isa_instance/u_ex_mem_inst_mem_o_reg[9]/CP","basic_isa_instance/u_if_id_pc_id_reg[31]/D",-77,-0.077
951,"basic_isa_instance/u_ex_mem_inst_mem_o_reg[9]/CP","basic_isa_instance/u_if_id_pc_id_reg[30]/D",-77,-0.077
952,"basic_isa_instance/u_ex_mem_inst_mem_o_reg[9]/CP","basic_isa_instance/u_if_id_pc_id_reg[29]/D",-77,-0.077
953,"basic_isa_instance/u_ex_mem_inst_mem_o_reg[9]/CP","basic_isa_instance/u_if_id_pc_id_reg[27]/D",-77,-0.077
954,"basic_isa_instance/u_ex_mem_inst_mem_o_reg[9]/CP","basic_isa_instance/u_if_id_pc_id_reg[25]/D",-77,-0.077
955,"basic_isa_instance/u_ex_mem_inst_mem_o_reg[9]/CP","basic_isa_instance/u_if_id_pc_id_reg[24]/D",-77,-0.077
956,"basic_isa_instance/u_ex_mem_inst_mem_o_reg[9]/CP","basic_isa_instance/u_if_id_pc_id_reg[23]/D",-77,-0.077
957,"basic_isa_instance/u_ex_mem_inst_mem_o_reg[9]/CP","basic_isa_instance/u_if_id_pc_id_reg[21]/D",-77,-0.077
958,"basic_isa_instance/u_ex_mem_inst_mem_o_reg[9]/CP","basic_isa_instance/u_if_id_pc_id_reg[20]/D",-77,-0.077
959,"basic_isa_instance/u_ex_mem_inst_mem_o_reg[9]/CP","basic_isa_instance/u_if_id_pc_id_reg[19]/D",-77,-0.077
960,"basic_isa_instance/u_ex_mem_inst_mem_o_reg[9]/CP","basic_isa_instance/u_if_id_pc_id_reg[15]/D",-77,-0.077
961,"basic_isa_instance/u_ex_mem_inst_mem_o_reg[9]/CP","basic_isa_instance/u_if_id_pc_id_reg[14]/D",-77,-0.077
962,"basic_isa_instance/u_ex_mem_inst_mem_o_reg[9]/CP","basic_isa_instance/u_if_id_pc_id_reg[13]/D",-77,-0.077
963,"basic_isa_instance/u_ex_mem_inst_mem_o_reg[9]/CP","basic_isa_instance/u_if_id_pc_id_reg[12]/D",-77,-0.077
964,"csr_top_instance_csr_register_file_inst_satp_csr_inst_satp_r_reg[30]/CP","axi2apb_instance/write_fifo_fifo_reg[3][23]/D",-75,-0.075
965,"csr_top_instance_csr_register_file_inst_satp_csr_inst_satp_r_reg[30]/CP","axi2apb_instance/write_fifo_fifo_reg[3][22]/D",-75,-0.075
966,"csr_top_instance_csr_register_file_inst_satp_csr_inst_satp_r_reg[30]/CP","axi2apb_instance/write_fifo_fifo_reg[3][21]/D",-75,-0.075
967,"csr_top_instance_csr_register_file_inst_satp_csr_inst_satp_r_reg[30]/CP","axi2apb_instance/write_fifo_fifo_reg[3][20]/D",-75,-0.075
968,"csr_top_instance_csr_register_file_inst_satp_csr_inst_satp_r_reg[30]/CP","axi2apb_instance/write_fifo_fifo_reg[3][19]/D",-75,-0.075
969,"csr_top_instance_csr_register_file_inst_satp_csr_inst_satp_r_reg[30]/CP","axi2apb_instance/write_fifo_fifo_reg[3][18]/D",-75,-0.075
970,"csr_top_instance_csr_register_file_inst_satp_csr_inst_satp_r_reg[30]/CP","axi2apb_instance/write_fifo_fifo_reg[3][17]/D",-75,-0.075
971,"csr_top_instance_csr_register_file_inst_satp_csr_inst_satp_r_reg[30]/CP","axi2apb_instance/write_fifo_fifo_reg[3][16]/D",-75,-0.075
972,"csr_top_instance_csr_register_file_inst_satp_csr_inst_satp_r_reg[30]/CP","axi2apb_instance/write_fifo_fifo_reg[2][23]/D",-75,-0.075
973,"csr_top_instance_csr_register_file_inst_satp_csr_inst_satp_r_reg[30]/CP","axi2apb_instance/write_fifo_fifo_reg[2][22]/D",-75,-0.075
974,"csr_top_instance_csr_register_file_inst_satp_csr_inst_satp_r_reg[30]/CP","axi2apb_instance/write_fifo_fifo_reg[2][21]/D",-75,-0.075
975,"csr_top_instance_csr_register_file_inst_satp_csr_inst_satp_r_reg[30]/CP","axi2apb_instance/write_fifo_fifo_reg[2][20]/D",-75,-0.075
976,"csr_top_instance_csr_register_file_inst_satp_csr_inst_satp_r_reg[30]/CP","axi2apb_instance/write_fifo_fifo_reg[2][19]/D",-75,-0.075
977,"csr_top_instance_csr_register_file_inst_satp_csr_inst_satp_r_reg[30]/CP","axi2apb_instance/write_fifo_fifo_reg[2][18]/D",-75,-0.075
978,"csr_top_instance_csr_register_file_inst_satp_csr_inst_satp_r_reg[30]/CP","axi2apb_instance/write_fifo_fifo_reg[2][17]/D",-75,-0.075
979,"csr_top_instance_csr_register_file_inst_satp_csr_inst_satp_r_reg[30]/CP","axi2apb_instance/write_fifo_fifo_reg[2][16]/D",-75,-0.075
980,"csr_top_instance_csr_register_file_inst_satp_csr_inst_satp_r_reg[30]/CP","axi2apb_instance/write_fifo_fifo_reg[1][23]/D",-75,-0.075
981,"csr_top_instance_csr_register_file_inst_satp_csr_inst_satp_r_reg[30]/CP","axi2apb_instance/write_fifo_fifo_reg[1][22]/D",-75,-0.075
982,"csr_top_instance_csr_register_file_inst_satp_csr_inst_satp_r_reg[30]/CP","axi2apb_instance/write_fifo_fifo_reg[1][21]/D",-75,-0.075
983,"csr_top_instance_csr_register_file_inst_satp_csr_inst_satp_r_reg[30]/CP","axi2apb_instance/write_fifo_fifo_reg[1][20]/D",-75,-0.075
984,"csr_top_instance_csr_register_file_inst_satp_csr_inst_satp_r_reg[30]/CP","axi2apb_instance/write_fifo_fifo_reg[1][19]/D",-75,-0.075
985,"csr_top_instance_csr_register_file_inst_satp_csr_inst_satp_r_reg[30]/CP","axi2apb_instance/write_fifo_fifo_reg[1][18]/D",-75,-0.075
986,"csr_top_instance_csr_register_file_inst_satp_csr_inst_satp_r_reg[30]/CP","axi2apb_instance/write_fifo_fifo_reg[1][17]/D",-75,-0.075
987,"csr_top_instance_csr_register_file_inst_satp_csr_inst_satp_r_reg[30]/CP","axi2apb_instance/write_fifo_fifo_reg[1][16]/D",-75,-0.075
988,"csr_top_instance_csr_register_file_inst_satp_csr_inst_satp_r_reg[30]/CP","axi2apb_instance/write_fifo_fifo_reg[0][23]/D",-75,-0.075
989,"csr_top_instance_csr_register_file_inst_satp_csr_inst_satp_r_reg[30]/CP","axi2apb_instance/write_fifo_fifo_reg[0][22]/D",-75,-0.075
990,"csr_top_instance_csr_register_file_inst_satp_csr_inst_satp_r_reg[30]/CP","axi2apb_instance/write_fifo_fifo_reg[0][21]/D",-75,-0.075
991,"csr_top_instance_csr_register_file_inst_satp_csr_inst_satp_r_reg[30]/CP","axi2apb_instance/write_fifo_fifo_reg[0][20]/D",-75,-0.075
992,"csr_top_instance_csr_register_file_inst_satp_csr_inst_satp_r_reg[30]/CP","axi2apb_instance/write_fifo_fifo_reg[0][19]/D",-75,-0.075
993,"csr_top_instance_csr_register_file_inst_satp_csr_inst_satp_r_reg[30]/CP","axi2apb_instance/write_fifo_fifo_reg[0][18]/D",-75,-0.075
994,"csr_top_instance_csr_register_file_inst_satp_csr_inst_satp_r_reg[30]/CP","axi2apb_instance/write_fifo_fifo_reg[0][17]/D",-75,-0.075
995,"csr_top_instance_csr_register_file_inst_satp_csr_inst_satp_r_reg[30]/CP","axi2apb_instance/write_fifo_fifo_reg[0][16]/D",-75,-0.075
996,"csr_top_instance_csr_register_file_inst_satp_csr_inst_satp_r_reg[30]/CP","axi2apb_instance/write_fifo_fifo_reg[3][0]/D",-74,-0.074
997,"csr_top_instance_csr_register_file_inst_satp_csr_inst_satp_r_reg[30]/CP","axi2apb_instance/write_fifo_fifo_reg[0][0]/D",-74,-0.074
998,"csr_top_instance_csr_register_file_inst_satp_csr_inst_satp_r_reg[30]/CP","axi2apb_instance/write_fifo_fifo_reg[3][27]/D",-73,-0.073
999,"csr_top_instance_csr_register_file_inst_satp_csr_inst_satp_r_reg[30]/CP","axi2apb_instance/write_fifo_fifo_reg[3][26]/D",-73,-0.073
1000,"csr_top_instance_csr_register_file_inst_satp_csr_inst_satp_r_reg[30]/CP","axi2apb_instance/write_fifo_fifo_reg[3][25]/D",-73,-0.073
1001,"csr_top_instance_csr_register_file_inst_satp_csr_inst_satp_r_reg[30]/CP","axi2apb_instance/write_fifo_fifo_reg[2][27]/D",-73,-0.073
1002,"csr_top_instance_csr_register_file_inst_satp_csr_inst_satp_r_reg[30]/CP","axi2apb_instance/write_fifo_fifo_reg[2][26]/D",-73,-0.073
1003,"csr_top_instance_csr_register_file_inst_satp_csr_inst_satp_r_reg[30]/CP","axi2apb_instance/write_fifo_fifo_reg[2][25]/D",-73,-0.073
1004,"csr_top_instance_csr_register_file_inst_satp_csr_inst_satp_r_reg[30]/CP","axi2apb_instance/write_fifo_fifo_reg[1][27]/D",-73,-0.073
1005,"csr_top_instance_csr_register_file_inst_satp_csr_inst_satp_r_reg[30]/CP","axi2apb_instance/write_fifo_fifo_reg[1][26]/D",-73,-0.073
1006,"csr_top_instance_csr_register_file_inst_satp_csr_inst_satp_r_reg[30]/CP","axi2apb_instance/write_fifo_fifo_reg[1][25]/D",-73,-0.073
1007,"csr_top_instance_csr_register_file_inst_satp_csr_inst_satp_r_reg[30]/CP","axi2apb_instance/write_fifo_fifo_reg[0][27]/D",-73,-0.073
1008,"csr_top_instance_csr_register_file_inst_satp_csr_inst_satp_r_reg[30]/CP","axi2apb_instance/write_fifo_fifo_reg[0][26]/D",-73,-0.073
1009,"csr_top_instance_csr_register_file_inst_satp_csr_inst_satp_r_reg[30]/CP","axi2apb_instance/write_fifo_fifo_reg[0][25]/D",-73,-0.073
1010,"csr_top_instance_csr_register_file_inst_satp_csr_inst_satp_r_reg[30]/CP","axi2apb_instance/write_fifo_fifo_reg[3][31]/D",-73,-0.073
1011,"csr_top_instance_csr_register_file_inst_satp_csr_inst_satp_r_reg[30]/CP","axi2apb_instance/write_fifo_fifo_reg[3][30]/D",-73,-0.073
1012,"csr_top_instance_csr_register_file_inst_satp_csr_inst_satp_r_reg[30]/CP","axi2apb_instance/write_fifo_fifo_reg[2][31]/D",-73,-0.073
1013,"csr_top_instance_csr_register_file_inst_satp_csr_inst_satp_r_reg[30]/CP","axi2apb_instance/write_fifo_fifo_reg[2][30]/D",-73,-0.073
1014,"csr_top_instance_csr_register_file_inst_satp_csr_inst_satp_r_reg[30]/CP","axi2apb_instance/write_fifo_fifo_reg[1][31]/D",-73,-0.073
1015,"csr_top_instance_csr_register_file_inst_satp_csr_inst_satp_r_reg[30]/CP","axi2apb_instance/write_fifo_fifo_reg[1][30]/D",-73,-0.073
1016,"csr_top_instance_csr_register_file_inst_satp_csr_inst_satp_r_reg[30]/CP","axi2apb_instance/write_fifo_fifo_reg[0][31]/D",-73,-0.073
1017,"csr_top_instance_csr_register_file_inst_satp_csr_inst_satp_r_reg[30]/CP","axi2apb_instance/write_fifo_fifo_reg[0][30]/D",-73,-0.073
1018,"basic_isa_instance/u_ex_mem_alu_result_mem_reg[31]/CP","basic_isa_instance/halt_marker_insert_r_reg/SE",-70,-0.070
1019,"basic_isa_instance/u_ex_mem_inst_mem_o_reg[9]/CP","basic_isa_instance/u_id_ex_inst_ex_o_reg[3]/D",-67,-0.067
1020,"basic_isa_instance/u_ex_mem_inst_mem_o_reg[9]/CP","basic_isa_instance/u_if_id_pc_id_reg[1]/D",-66,-0.066
1021,"basic_isa_instance/u_ex_mem_inst_mem_o_reg[9]/CP","basic_isa_instance/u_id_ex_rs2_data_ex_reg[18]/D",-65,-0.065
1022,"mmu_instance_u_ptw_lat_base_ppn_reg[4]/CP","pte_wrapper_instance_u_pte_memory/data_out_reg[9]/D",-64,-0.064
1023,"basic_isa_instance/u_ex_mem_inst_mem_o_reg[9]/CP","basic_isa_instance/u_id_ex_inst_ex_o_reg[31]/D",-64,-0.064
1024,"csr_top_instance_csr_register_file_inst_satp_csr_inst_satp_r_reg[30]/CP","axi2apb_instance/write_fifo_fifo_reg[2][9]/D",-62,-0.062
1025,"csr_top_instance_csr_register_file_inst_satp_csr_inst_satp_r_reg[30]/CP","axi2apb_instance/write_fifo_fifo_reg[3][9]/D",-62,-0.062
1026,"csr_top_instance_csr_register_file_inst_satp_csr_inst_satp_r_reg[30]/CP","axi2apb_instance/write_fifo_fifo_reg[0][9]/D",-62,-0.062
1027,"csr_top_instance_csr_register_file_inst_satp_csr_inst_satp_r_reg[30]/CP","axi2apb_instance/write_fifo_fifo_reg[1][9]/D",-62,-0.062
1028,"csr_top_instance_csr_register_file_inst_satp_csr_inst_satp_r_reg[30]/CP","axi2apb_instance/write_fifo_fifo_reg[3][4]/D",-60,-0.060
1029,"csr_top_instance_csr_register_file_inst_satp_csr_inst_satp_r_reg[30]/CP","axi2apb_instance/write_fifo_fifo_reg[2][4]/D",-60,-0.060
1030,"csr_top_instance_csr_register_file_inst_satp_csr_inst_satp_r_reg[30]/CP","axi2apb_instance/write_fifo_fifo_reg[0][4]/D",-60,-0.060
1031,"basic_isa_instance/u_ex_mem_inst_mem_o_reg[9]/CP","basic_isa_instance/u_id_ex_csr_set_valid_ex_o_reg/D",-59,-0.059
1032,"basic_isa_instance/u_ex_mem_inst_mem_o_reg[9]/CP","basic_isa_instance/u_if_id_pc_id_reg[3]/D",-58,-0.058
1033,"basic_isa_instance/u_ex_mem_inst_mem_o_reg[9]/CP","basic_isa_instance/u_if_id_pc_id_reg[2]/D",-58,-0.058
1034,"basic_isa_instance/u_ex_mem_inst_mem_o_reg[9]/CP","basic_isa_instance/u_if_id_pc_id_reg[0]/D",-58,-0.058
1035,"basic_isa_instance/u_ex_mem_inst_mem_o_reg[9]/CP","basic_isa_instance/u_id_ex_rs1_data_ex_reg[0]/D",-56,-0.056
1036,"csr_top_instance_csr_register_file_inst_satp_csr_inst_satp_r_reg[30]/CP","axi2apb_instance/write_fifo_fifo_reg[1][4]/D",-52,-0.052
1037,"basic_isa_instance/u_ex_mem_inst_mem_o_reg[9]/CP","basic_isa_instance/u_id_ex_inst_ex_o_reg[4]/D",-47,-0.047
1038,"basic_isa_instance/u_id_ex_inst_ex_o_reg[17]/CP","basic_isa_instance/u_trace_core_it_delta_addr_o_reg[14]/D",-47,-0.047
1039,"basic_isa_instance/u_ex_mem_inst_mem_o_reg[9]/CP","basic_isa_instance/u_id_ex_interrupt_valid_ex_o_reg/D",-46,-0.046
1040,"csr_top_instance_csr_register_file_inst_satp_csr_inst_satp_r_reg[30]/CP","axi2apb_instance/write_fifo_fifo_reg[3][24]/D",-43,-0.043
1041,"csr_top_instance_csr_register_file_inst_satp_csr_inst_satp_r_reg[30]/CP","axi2apb_instance/write_fifo_fifo_reg[2][24]/D",-43,-0.043
1042,"csr_top_instance_csr_register_file_inst_satp_csr_inst_satp_r_reg[30]/CP","axi2apb_instance/write_fifo_fifo_reg[1][24]/D",-43,-0.043
1043,"csr_top_instance_csr_register_file_inst_satp_csr_inst_satp_r_reg[30]/CP","axi2apb_instance/write_fifo_fifo_reg[0][24]/D",-43,-0.043
1044,"csr_top_instance_csr_register_file_inst_satp_csr_inst_satp_r_reg[24]/CP","basic_isa_instance/u_mem_wb_load_data_out_reg[4]/D",-42,-0.042
1045,"csr_top_instance_csr_register_file_inst_satp_csr_inst_satp_r_reg[24]/CP","basic_isa_instance/u_mem_wb_load_data_out_reg[3]/D",-42,-0.042
1046,"csr_top_instance_csr_register_file_inst_satp_csr_inst_satp_r_reg[24]/CP","basic_isa_instance/u_mem_wb_load_data_out_reg[2]/D",-42,-0.042
1047,"csr_top_instance_csr_register_file_inst_satp_csr_inst_satp_r_reg[30]/CP","axi2apb_instance/write_fifo_fifo_reg[3][29]/D",-41,-0.041
1048,"csr_top_instance_csr_register_file_inst_satp_csr_inst_satp_r_reg[30]/CP","axi2apb_instance/write_fifo_fifo_reg[2][29]/D",-41,-0.041
1049,"csr_top_instance_csr_register_file_inst_satp_csr_inst_satp_r_reg[30]/CP","axi2apb_instance/write_fifo_fifo_reg[1][29]/D",-41,-0.041
1050,"csr_top_instance_csr_register_file_inst_satp_csr_inst_satp_r_reg[30]/CP","axi2apb_instance/write_fifo_fifo_reg[0][29]/D",-41,-0.041
1051,"csr_top_instance_csr_register_file_inst_satp_csr_inst_satp_r_reg[30]/CP","axi2apb_instance/write_fifo_fifo_reg[3][7]/D",-41,-0.041
1052,"csr_top_instance_csr_register_file_inst_satp_csr_inst_satp_r_reg[30]/CP","axi2apb_instance/write_fifo_fifo_reg[2][7]/D",-41,-0.041
1053,"csr_top_instance_csr_register_file_inst_satp_csr_inst_satp_r_reg[30]/CP","axi2apb_instance/write_fifo_fifo_reg[0][7]/D",-41,-0.041
1054,"basic_isa_instance/u_ex_mem_alu_result_mem_reg[31]/CP","axi2apb_instance/slave_rresp_reg[1]/D",-36,-0.036
1055,"basic_isa_instance/u_id_ex_inst_ex_o_reg[17]/CP","basic_isa_instance/u_if_u_btb_U_FILE_target_arr_reg[7][1][13]/D",-35,-0.035
1056,"basic_isa_instance/u_id_ex_inst_ex_o_reg[17]/CP","basic_isa_instance/u_if_u_btb_U_FILE_target_arr_reg[7][0][13]/D",-35,-0.035
1057,"basic_isa_instance/u_id_ex_inst_ex_o_reg[17]/CP","basic_isa_instance/u_if_u_btb_U_FILE_target_arr_reg[6][1][13]/D",-35,-0.035
1058,"basic_isa_instance/u_id_ex_inst_ex_o_reg[17]/CP","basic_isa_instance/u_if_u_btb_U_FILE_target_arr_reg[6][0][13]/D",-35,-0.035
1059,"basic_isa_instance/u_id_ex_inst_ex_o_reg[17]/CP","basic_isa_instance/u_if_u_btb_U_FILE_target_arr_reg[5][1][13]/D",-35,-0.035
1060,"basic_isa_instance/u_id_ex_inst_ex_o_reg[17]/CP","basic_isa_instance/u_if_u_btb_U_FILE_target_arr_reg[5][0][13]/D",-35,-0.035
1061,"basic_isa_instance/u_id_ex_inst_ex_o_reg[17]/CP","basic_isa_instance/u_if_u_btb_U_FILE_target_arr_reg[4][1][13]/D",-35,-0.035
1062,"basic_isa_instance/u_id_ex_inst_ex_o_reg[17]/CP","basic_isa_instance/u_if_u_btb_U_FILE_target_arr_reg[4][0][13]/D",-35,-0.035
1063,"basic_isa_instance/u_id_ex_inst_ex_o_reg[17]/CP","basic_isa_instance/u_if_u_btb_U_FILE_target_arr_reg[3][1][13]/D",-35,-0.035
1064,"basic_isa_instance/u_id_ex_inst_ex_o_reg[17]/CP","basic_isa_instance/u_if_u_btb_U_FILE_target_arr_reg[3][0][13]/D",-35,-0.035
1065,"basic_isa_instance/u_id_ex_inst_ex_o_reg[17]/CP","basic_isa_instance/u_if_u_btb_U_FILE_target_arr_reg[2][1][13]/D",-35,-0.035
1066,"basic_isa_instance/u_id_ex_inst_ex_o_reg[17]/CP","basic_isa_instance/u_if_u_btb_U_FILE_target_arr_reg[2][0][13]/D",-35,-0.035
1067,"basic_isa_instance/u_id_ex_inst_ex_o_reg[17]/CP","basic_isa_instance/u_if_u_btb_U_FILE_target_arr_reg[1][1][13]/D",-35,-0.035
1068,"basic_isa_instance/u_id_ex_inst_ex_o_reg[17]/CP","basic_isa_instance/u_if_u_btb_U_FILE_target_arr_reg[1][0][13]/D",-35,-0.035
1069,"basic_isa_instance/u_id_ex_inst_ex_o_reg[17]/CP","basic_isa_instance/u_if_u_btb_U_FILE_target_arr_reg[0][1][13]/D",-35,-0.035
1070,"basic_isa_instance/u_id_ex_inst_ex_o_reg[17]/CP","basic_isa_instance/u_if_u_btb_U_FILE_target_arr_reg[0][0][13]/D",-35,-0.035
1071,"csr_top_instance_csr_register_file_inst_satp_csr_inst_satp_r_reg[24]/CP","basic_isa_instance/u_mem_wb_load_data_out_reg[5]/D",-34,-0.034
1072,"csr_top_instance_csr_register_file_inst_satp_csr_inst_satp_r_reg[30]/CP","axi2apb_instance/write_fifo_fifo_reg[1][7]/D",-33,-0.033
1073,"basic_isa_instance/u_halt_fsm_state_reg[2]/CP","reg_inst_addr_decode_error_reg/D",-33,-0.033
1074,"csr_top_instance_csr_register_file_inst_satp_csr_inst_satp_r_reg[30]/CP","axi2apb_instance/write_fifo_fifo_reg[3][3]/D",-32,-0.032
1075,"csr_top_instance_csr_register_file_inst_satp_csr_inst_satp_r_reg[30]/CP","axi2apb_instance/write_fifo_fifo_reg[2][5]/D",-32,-0.032
1076,"csr_top_instance_csr_register_file_inst_satp_csr_inst_satp_r_reg[30]/CP","axi2apb_instance/write_fifo_fifo_reg[2][3]/D",-32,-0.032
1077,"csr_top_instance_csr_register_file_inst_satp_csr_inst_satp_r_reg[30]/CP","axi2apb_instance/write_fifo_fifo_reg[0][5]/D",-32,-0.032
1078,"basic_isa_instance/u_ex_mem_inst_mem_o_reg[9]/CP","basic_isa_instance/u_if_u_btb_U_WRITE_dp1_next_state_reg[1]/D",-31,-0.031
1079,"csr_top_instance_csr_register_file_inst_satp_csr_inst_satp_r_reg[30]/CP","axi2apb_instance/write_fifo_fifo_reg[3][1]/D",-31,-0.031
1080,"basic_isa_instance/u_ex_mem_inst_mem_o_reg[9]/CP","basic_isa_instance/u_if_u_btb_U_WRITE_dp0_next_state_reg[1]/D",-30,-0.030
1081,"basic_isa_instance/u_halt_fsm_state_reg[0]/CP","ip_debug_trace_instance_u_trace_cdc_u_mmu_fifo/mem_reg[15][10]/D",-29,-0.029
1082,"basic_isa_instance/u_halt_fsm_state_reg[0]/CP","ip_debug_trace_instance_u_trace_cdc_u_mmu_fifo/mem_reg[14][10]/D",-29,-0.029
1083,"basic_isa_instance/u_halt_fsm_state_reg[0]/CP","ip_debug_trace_instance_u_trace_cdc_u_mmu_fifo/mem_reg[13][10]/D",-29,-0.029
1084,"basic_isa_instance/u_halt_fsm_state_reg[0]/CP","ip_debug_trace_instance_u_trace_cdc_u_mmu_fifo/mem_reg[12][10]/D",-29,-0.029
1085,"basic_isa_instance/u_halt_fsm_state_reg[0]/CP","ip_debug_trace_instance_u_trace_cdc_u_mmu_fifo/mem_reg[11][10]/D",-29,-0.029
1086,"basic_isa_instance/u_halt_fsm_state_reg[0]/CP","ip_debug_trace_instance_u_trace_cdc_u_mmu_fifo/mem_reg[10][10]/D",-29,-0.029
1087,"basic_isa_instance/u_halt_fsm_state_reg[0]/CP","ip_debug_trace_instance_u_trace_cdc_u_mmu_fifo/mem_reg[9][10]/D",-29,-0.029
1088,"basic_isa_instance/u_halt_fsm_state_reg[0]/CP","ip_debug_trace_instance_u_trace_cdc_u_mmu_fifo/mem_reg[8][10]/D",-29,-0.029
1089,"basic_isa_instance/u_halt_fsm_state_reg[0]/CP","ip_debug_trace_instance_u_trace_cdc_u_mmu_fifo/mem_reg[7][10]/D",-29,-0.029
1090,"basic_isa_instance/u_halt_fsm_state_reg[0]/CP","ip_debug_trace_instance_u_trace_cdc_u_mmu_fifo/mem_reg[6][10]/D",-29,-0.029
1091,"basic_isa_instance/u_halt_fsm_state_reg[0]/CP","ip_debug_trace_instance_u_trace_cdc_u_mmu_fifo/mem_reg[5][10]/D",-29,-0.029
1092,"basic_isa_instance/u_halt_fsm_state_reg[0]/CP","ip_debug_trace_instance_u_trace_cdc_u_mmu_fifo/mem_reg[4][10]/D",-29,-0.029
1093,"basic_isa_instance/u_halt_fsm_state_reg[0]/CP","ip_debug_trace_instance_u_trace_cdc_u_mmu_fifo/mem_reg[3][10]/D",-29,-0.029
1094,"basic_isa_instance/u_halt_fsm_state_reg[0]/CP","ip_debug_trace_instance_u_trace_cdc_u_mmu_fifo/mem_reg[2][10]/D",-29,-0.029
1095,"basic_isa_instance/u_halt_fsm_state_reg[0]/CP","ip_debug_trace_instance_u_trace_cdc_u_mmu_fifo/mem_reg[1][10]/D",-29,-0.029
1096,"basic_isa_instance/u_halt_fsm_state_reg[0]/CP","ip_debug_trace_instance_u_trace_cdc_u_mmu_fifo/mem_reg[0][10]/D",-29,-0.029
1097,"basic_isa_instance/u_halt_fsm_state_reg[0]/CP","ip_debug_trace_instance_u_trace_cdc_u_mmu_fifo/mem_reg[15][11]/D",-28,-0.028
1098,"basic_isa_instance/u_halt_fsm_state_reg[0]/CP","ip_debug_trace_instance_u_trace_cdc_u_mmu_fifo/mem_reg[14][11]/D",-28,-0.028
1099,"basic_isa_instance/u_halt_fsm_state_reg[0]/CP","ip_debug_trace_instance_u_trace_cdc_u_mmu_fifo/mem_reg[13][11]/D",-28,-0.028
1100,"basic_isa_instance/u_halt_fsm_state_reg[0]/CP","ip_debug_trace_instance_u_trace_cdc_u_mmu_fifo/mem_reg[12][11]/D",-28,-0.028
1101,"basic_isa_instance/u_halt_fsm_state_reg[0]/CP","ip_debug_trace_instance_u_trace_cdc_u_mmu_fifo/mem_reg[11][11]/D",-28,-0.028
1102,"basic_isa_instance/u_halt_fsm_state_reg[0]/CP","ip_debug_trace_instance_u_trace_cdc_u_mmu_fifo/mem_reg[10][11]/D",-28,-0.028
1103,"basic_isa_instance/u_halt_fsm_state_reg[0]/CP","ip_debug_trace_instance_u_trace_cdc_u_mmu_fifo/mem_reg[9][11]/D",-28,-0.028
1104,"basic_isa_instance/u_halt_fsm_state_reg[0]/CP","ip_debug_trace_instance_u_trace_cdc_u_mmu_fifo/mem_reg[8][11]/D",-28,-0.028
1105,"basic_isa_instance/u_halt_fsm_state_reg[0]/CP","ip_debug_trace_instance_u_trace_cdc_u_mmu_fifo/mem_reg[7][11]/D",-28,-0.028
1106,"basic_isa_instance/u_halt_fsm_state_reg[0]/CP","ip_debug_trace_instance_u_trace_cdc_u_mmu_fifo/mem_reg[6][11]/D",-28,-0.028
1107,"basic_isa_instance/u_halt_fsm_state_reg[0]/CP","ip_debug_trace_instance_u_trace_cdc_u_mmu_fifo/mem_reg[5][11]/D",-28,-0.028
1108,"basic_isa_instance/u_halt_fsm_state_reg[0]/CP","ip_debug_trace_instance_u_trace_cdc_u_mmu_fifo/mem_reg[4][11]/D",-28,-0.028
1109,"basic_isa_instance/u_halt_fsm_state_reg[0]/CP","ip_debug_trace_instance_u_trace_cdc_u_mmu_fifo/mem_reg[3][11]/D",-28,-0.028
1110,"basic_isa_instance/u_halt_fsm_state_reg[0]/CP","ip_debug_trace_instance_u_trace_cdc_u_mmu_fifo/mem_reg[2][11]/D",-28,-0.028
1111,"basic_isa_instance/u_halt_fsm_state_reg[0]/CP","ip_debug_trace_instance_u_trace_cdc_u_mmu_fifo/mem_reg[1][11]/D",-28,-0.028
1112,"basic_isa_instance/u_halt_fsm_state_reg[0]/CP","ip_debug_trace_instance_u_trace_cdc_u_mmu_fifo/mem_reg[0][11]/D",-28,-0.028
1113,"basic_isa_instance/u_halt_fsm_state_reg[2]/CP","ip_debug_trace_instance_u_trace_cdc_u_mmu_fifo/mem_reg[15][9]/D",-25,-0.025
1114,"basic_isa_instance/u_halt_fsm_state_reg[2]/CP","ip_debug_trace_instance_u_trace_cdc_u_mmu_fifo/mem_reg[15][7]/D",-25,-0.025
1115,"basic_isa_instance/u_halt_fsm_state_reg[2]/CP","ip_debug_trace_instance_u_trace_cdc_u_mmu_fifo/mem_reg[14][9]/D",-25,-0.025
1116,"basic_isa_instance/u_halt_fsm_state_reg[2]/CP","ip_debug_trace_instance_u_trace_cdc_u_mmu_fifo/mem_reg[14][7]/D",-25,-0.025
1117,"basic_isa_instance/u_halt_fsm_state_reg[2]/CP","ip_debug_trace_instance_u_trace_cdc_u_mmu_fifo/mem_reg[13][9]/D",-25,-0.025
1118,"basic_isa_instance/u_halt_fsm_state_reg[2]/CP","ip_debug_trace_instance_u_trace_cdc_u_mmu_fifo/mem_reg[13][7]/D",-25,-0.025
1119,"basic_isa_instance/u_halt_fsm_state_reg[2]/CP","ip_debug_trace_instance_u_trace_cdc_u_mmu_fifo/mem_reg[12][9]/D",-25,-0.025
1120,"basic_isa_instance/u_halt_fsm_state_reg[2]/CP","ip_debug_trace_instance_u_trace_cdc_u_mmu_fifo/mem_reg[12][7]/D",-25,-0.025
1121,"basic_isa_instance/u_halt_fsm_state_reg[2]/CP","ip_debug_trace_instance_u_trace_cdc_u_mmu_fifo/mem_reg[11][9]/D",-25,-0.025
1122,"basic_isa_instance/u_halt_fsm_state_reg[2]/CP","ip_debug_trace_instance_u_trace_cdc_u_mmu_fifo/mem_reg[11][7]/D",-25,-0.025
1123,"basic_isa_instance/u_halt_fsm_state_reg[2]/CP","ip_debug_trace_instance_u_trace_cdc_u_mmu_fifo/mem_reg[10][9]/D",-25,-0.025
1124,"basic_isa_instance/u_halt_fsm_state_reg[2]/CP","ip_debug_trace_instance_u_trace_cdc_u_mmu_fifo/mem_reg[10][7]/D",-25,-0.025
1125,"basic_isa_instance/u_halt_fsm_state_reg[2]/CP","ip_debug_trace_instance_u_trace_cdc_u_mmu_fifo/mem_reg[9][9]/D",-25,-0.025
1126,"basic_isa_instance/u_halt_fsm_state_reg[2]/CP","ip_debug_trace_instance_u_trace_cdc_u_mmu_fifo/mem_reg[9][7]/D",-25,-0.025
1127,"basic_isa_instance/u_halt_fsm_state_reg[2]/CP","ip_debug_trace_instance_u_trace_cdc_u_mmu_fifo/mem_reg[8][9]/D",-25,-0.025
1128,"basic_isa_instance/u_halt_fsm_state_reg[2]/CP","ip_debug_trace_instance_u_trace_cdc_u_mmu_fifo/mem_reg[8][7]/D",-25,-0.025
1129,"basic_isa_instance/u_halt_fsm_state_reg[2]/CP","ip_debug_trace_instance_u_trace_cdc_u_mmu_fifo/mem_reg[7][9]/D",-25,-0.025
1130,"basic_isa_instance/u_halt_fsm_state_reg[2]/CP","ip_debug_trace_instance_u_trace_cdc_u_mmu_fifo/mem_reg[7][7]/D",-25,-0.025
1131,"basic_isa_instance/u_halt_fsm_state_reg[2]/CP","ip_debug_trace_instance_u_trace_cdc_u_mmu_fifo/mem_reg[6][9]/D",-25,-0.025
1132,"basic_isa_instance/u_halt_fsm_state_reg[2]/CP","ip_debug_trace_instance_u_trace_cdc_u_mmu_fifo/mem_reg[6][7]/D",-25,-0.025
1133,"basic_isa_instance/u_halt_fsm_state_reg[2]/CP","ip_debug_trace_instance_u_trace_cdc_u_mmu_fifo/mem_reg[5][9]/D",-25,-0.025
1134,"basic_isa_instance/u_halt_fsm_state_reg[2]/CP","ip_debug_trace_instance_u_trace_cdc_u_mmu_fifo/mem_reg[5][7]/D",-25,-0.025
1135,"basic_isa_instance/u_halt_fsm_state_reg[2]/CP","ip_debug_trace_instance_u_trace_cdc_u_mmu_fifo/mem_reg[4][9]/D",-25,-0.025
1136,"basic_isa_instance/u_halt_fsm_state_reg[2]/CP","ip_debug_trace_instance_u_trace_cdc_u_mmu_fifo/mem_reg[4][7]/D",-25,-0.025
1137,"basic_isa_instance/u_halt_fsm_state_reg[2]/CP","ip_debug_trace_instance_u_trace_cdc_u_mmu_fifo/mem_reg[3][9]/D",-25,-0.025
1138,"basic_isa_instance/u_halt_fsm_state_reg[2]/CP","ip_debug_trace_instance_u_trace_cdc_u_mmu_fifo/mem_reg[3][7]/D",-25,-0.025
1139,"basic_isa_instance/u_halt_fsm_state_reg[2]/CP","ip_debug_trace_instance_u_trace_cdc_u_mmu_fifo/mem_reg[2][9]/D",-25,-0.025
1140,"basic_isa_instance/u_halt_fsm_state_reg[2]/CP","ip_debug_trace_instance_u_trace_cdc_u_mmu_fifo/mem_reg[2][7]/D",-25,-0.025
1141,"basic_isa_instance/u_halt_fsm_state_reg[2]/CP","ip_debug_trace_instance_u_trace_cdc_u_mmu_fifo/mem_reg[1][9]/D",-25,-0.025
1142,"basic_isa_instance/u_halt_fsm_state_reg[2]/CP","ip_debug_trace_instance_u_trace_cdc_u_mmu_fifo/mem_reg[1][7]/D",-25,-0.025
1143,"basic_isa_instance/u_halt_fsm_state_reg[2]/CP","ip_debug_trace_instance_u_trace_cdc_u_mmu_fifo/mem_reg[0][9]/D",-25,-0.025
1144,"basic_isa_instance/u_halt_fsm_state_reg[2]/CP","ip_debug_trace_instance_u_trace_cdc_u_mmu_fifo/mem_reg[0][7]/D",-25,-0.025
1145,"csr_top_instance_csr_register_file_inst_satp_csr_inst_satp_r_reg[30]/CP","axi2apb_instance/write_fifo_fifo_reg[1][5]/D",-24,-0.024
1146,"csr_top_instance_csr_register_file_inst_satp_csr_inst_satp_r_reg[30]/CP","axi2apb_instance/write_fifo_fifo_reg[3][5]/D",-24,-0.024
1147,"csr_top_instance_csr_register_file_inst_satp_csr_inst_satp_r_reg[30]/CP","axi2apb_instance/write_fifo_fifo_reg[0][3]/D",-24,-0.024
1148,"csr_top_instance_csr_register_file_inst_satp_csr_inst_satp_r_reg[30]/CP","axi2apb_instance/write_fifo_fifo_reg[1][3]/D",-24,-0.024
1149,"csr_top_instance_csr_register_file_inst_satp_csr_inst_satp_r_reg[30]/CP","axi2apb_instance/slave_total_required_apb_awaddrs_reg[0]/SE",-24,-0.024
1150,"csr_top_instance_csr_register_file_inst_satp_csr_inst_satp_r_reg[30]/CP","axi2apb_instance/write_fifo_fifo_reg[2][1]/D",-23,-0.023
1151,"csr_top_instance_csr_register_file_inst_satp_csr_inst_satp_r_reg[30]/CP","axi2apb_instance/write_fifo_fifo_reg[0][1]/D",-23,-0.023
1152,"csr_top_instance_csr_register_file_inst_satp_csr_inst_satp_r_reg[30]/CP","axi2apb_instance/write_fifo_fifo_reg[1][1]/D",-23,-0.023
1153,"mmu_instance_u_ptw_lat_base_ppn_reg[4]/CP","pte_wrapper_instance_u_pte_memory/data_out_reg[21]/D",-23,-0.023
1154,"basic_isa_instance/u_halt_fsm_state_reg[0]/CP","ip_debug_trace_instance_u_trace_cdc_u_mmu_fifo/mem_reg[15][5]/D",-22,-0.022
1155,"basic_isa_instance/u_halt_fsm_state_reg[0]/CP","ip_debug_trace_instance_u_trace_cdc_u_mmu_fifo/mem_reg[14][5]/D",-22,-0.022
1156,"basic_isa_instance/u_halt_fsm_state_reg[0]/CP","ip_debug_trace_instance_u_trace_cdc_u_mmu_fifo/mem_reg[13][5]/D",-22,-0.022
1157,"basic_isa_instance/u_halt_fsm_state_reg[0]/CP","ip_debug_trace_instance_u_trace_cdc_u_mmu_fifo/mem_reg[12][5]/D",-22,-0.022
1158,"basic_isa_instance/u_halt_fsm_state_reg[0]/CP","ip_debug_trace_instance_u_trace_cdc_u_mmu_fifo/mem_reg[11][5]/D",-22,-0.022
1159,"basic_isa_instance/u_halt_fsm_state_reg[0]/CP","ip_debug_trace_instance_u_trace_cdc_u_mmu_fifo/mem_reg[10][5]/D",-22,-0.022
1160,"basic_isa_instance/u_halt_fsm_state_reg[0]/CP","ip_debug_trace_instance_u_trace_cdc_u_mmu_fifo/mem_reg[9][5]/D",-22,-0.022
1161,"basic_isa_instance/u_halt_fsm_state_reg[0]/CP","ip_debug_trace_instance_u_trace_cdc_u_mmu_fifo/mem_reg[8][5]/D",-22,-0.022
1162,"basic_isa_instance/u_halt_fsm_state_reg[0]/CP","ip_debug_trace_instance_u_trace_cdc_u_mmu_fifo/mem_reg[7][5]/D",-22,-0.022
1163,"basic_isa_instance/u_halt_fsm_state_reg[0]/CP","ip_debug_trace_instance_u_trace_cdc_u_mmu_fifo/mem_reg[6][5]/D",-22,-0.022
1164,"basic_isa_instance/u_halt_fsm_state_reg[0]/CP","ip_debug_trace_instance_u_trace_cdc_u_mmu_fifo/mem_reg[5][5]/D",-22,-0.022
1165,"basic_isa_instance/u_halt_fsm_state_reg[0]/CP","ip_debug_trace_instance_u_trace_cdc_u_mmu_fifo/mem_reg[4][5]/D",-22,-0.022
1166,"basic_isa_instance/u_halt_fsm_state_reg[0]/CP","ip_debug_trace_instance_u_trace_cdc_u_mmu_fifo/mem_reg[3][5]/D",-22,-0.022
1167,"basic_isa_instance/u_halt_fsm_state_reg[0]/CP","ip_debug_trace_instance_u_trace_cdc_u_mmu_fifo/mem_reg[2][5]/D",-22,-0.022
1168,"basic_isa_instance/u_halt_fsm_state_reg[0]/CP","ip_debug_trace_instance_u_trace_cdc_u_mmu_fifo/mem_reg[1][5]/D",-22,-0.022
1169,"basic_isa_instance/u_halt_fsm_state_reg[0]/CP","ip_debug_trace_instance_u_trace_cdc_u_mmu_fifo/mem_reg[0][5]/D",-22,-0.022
1170,"basic_isa_instance/u_halt_fsm_state_reg[2]/CP","ip_debug_trace_instance_u_trace_cdc_u_mmu_fifo/wr_ptr_bin_reg[3]/D",-22,-0.022
1171,"basic_isa_instance/u_halt_fsm_state_reg[2]/CP","ip_debug_trace_instance_u_trace_cdc_u_mmu_fifo/wr_ptr_gray_reg[0]/D",-22,-0.022
1172,"basic_isa_instance/u_halt_fsm_state_reg[0]/CP","ip_debug_trace_instance_u_trace_cdc_u_mmu_fifo/mem_reg[15][6]/D",-21,-0.021
1173,"basic_isa_instance/u_halt_fsm_state_reg[0]/CP","ip_debug_trace_instance_u_trace_cdc_u_mmu_fifo/mem_reg[14][6]/D",-21,-0.021
1174,"basic_isa_instance/u_halt_fsm_state_reg[0]/CP","ip_debug_trace_instance_u_trace_cdc_u_mmu_fifo/mem_reg[13][6]/D",-21,-0.021
1175,"basic_isa_instance/u_halt_fsm_state_reg[0]/CP","ip_debug_trace_instance_u_trace_cdc_u_mmu_fifo/mem_reg[12][6]/D",-21,-0.021
1176,"basic_isa_instance/u_halt_fsm_state_reg[0]/CP","ip_debug_trace_instance_u_trace_cdc_u_mmu_fifo/mem_reg[11][6]/D",-21,-0.021
1177,"basic_isa_instance/u_halt_fsm_state_reg[0]/CP","ip_debug_trace_instance_u_trace_cdc_u_mmu_fifo/mem_reg[10][6]/D",-21,-0.021
1178,"basic_isa_instance/u_halt_fsm_state_reg[0]/CP","ip_debug_trace_instance_u_trace_cdc_u_mmu_fifo/mem_reg[9][6]/D",-21,-0.021
1179,"basic_isa_instance/u_halt_fsm_state_reg[0]/CP","ip_debug_trace_instance_u_trace_cdc_u_mmu_fifo/mem_reg[8][6]/D",-21,-0.021
1180,"basic_isa_instance/u_halt_fsm_state_reg[0]/CP","ip_debug_trace_instance_u_trace_cdc_u_mmu_fifo/mem_reg[7][6]/D",-21,-0.021
1181,"basic_isa_instance/u_halt_fsm_state_reg[0]/CP","ip_debug_trace_instance_u_trace_cdc_u_mmu_fifo/mem_reg[6][6]/D",-21,-0.021
1182,"basic_isa_instance/u_halt_fsm_state_reg[0]/CP","ip_debug_trace_instance_u_trace_cdc_u_mmu_fifo/mem_reg[5][6]/D",-21,-0.021
1183,"basic_isa_instance/u_halt_fsm_state_reg[0]/CP","ip_debug_trace_instance_u_trace_cdc_u_mmu_fifo/mem_reg[4][6]/D",-21,-0.021
1184,"basic_isa_instance/u_halt_fsm_state_reg[0]/CP","ip_debug_trace_instance_u_trace_cdc_u_mmu_fifo/mem_reg[3][6]/D",-21,-0.021
1185,"basic_isa_instance/u_halt_fsm_state_reg[0]/CP","ip_debug_trace_instance_u_trace_cdc_u_mmu_fifo/mem_reg[2][6]/D",-21,-0.021
1186,"basic_isa_instance/u_halt_fsm_state_reg[0]/CP","ip_debug_trace_instance_u_trace_cdc_u_mmu_fifo/mem_reg[1][6]/D",-21,-0.021
1187,"basic_isa_instance/u_halt_fsm_state_reg[0]/CP","ip_debug_trace_instance_u_trace_cdc_u_mmu_fifo/mem_reg[0][6]/D",-21,-0.021
1188,"csr_top_instance_csr_register_file_inst_satp_csr_inst_satp_r_reg[24]/CP","axi2apb_instance/axi_trace_id_reg[4]/D",-20,-0.020
1189,"basic_isa_instance/u_halt_fsm_state_reg[0]/CP","ip_debug_trace_instance_u_trace_cdc_u_mmu_fifo/mem_reg[15][1]/D",-19,-0.019
1190,"basic_isa_instance/u_halt_fsm_state_reg[0]/CP","ip_debug_trace_instance_u_trace_cdc_u_mmu_fifo/mem_reg[14][1]/D",-19,-0.019
1191,"basic_isa_instance/u_halt_fsm_state_reg[0]/CP","ip_debug_trace_instance_u_trace_cdc_u_mmu_fifo/mem_reg[13][1]/D",-19,-0.019
1192,"basic_isa_instance/u_halt_fsm_state_reg[0]/CP","ip_debug_trace_instance_u_trace_cdc_u_mmu_fifo/mem_reg[12][1]/D",-19,-0.019
1193,"basic_isa_instance/u_halt_fsm_state_reg[0]/CP","ip_debug_trace_instance_u_trace_cdc_u_mmu_fifo/mem_reg[11][1]/D",-19,-0.019
1194,"basic_isa_instance/u_halt_fsm_state_reg[0]/CP","ip_debug_trace_instance_u_trace_cdc_u_mmu_fifo/mem_reg[10][1]/D",-19,-0.019
1195,"basic_isa_instance/u_halt_fsm_state_reg[0]/CP","ip_debug_trace_instance_u_trace_cdc_u_mmu_fifo/mem_reg[9][1]/D",-19,-0.019
1196,"basic_isa_instance/u_halt_fsm_state_reg[0]/CP","ip_debug_trace_instance_u_trace_cdc_u_mmu_fifo/mem_reg[8][1]/D",-19,-0.019
1197,"basic_isa_instance/u_halt_fsm_state_reg[0]/CP","ip_debug_trace_instance_u_trace_cdc_u_mmu_fifo/mem_reg[7][1]/D",-19,-0.019
1198,"basic_isa_instance/u_halt_fsm_state_reg[0]/CP","ip_debug_trace_instance_u_trace_cdc_u_mmu_fifo/mem_reg[6][1]/D",-19,-0.019
1199,"basic_isa_instance/u_halt_fsm_state_reg[0]/CP","ip_debug_trace_instance_u_trace_cdc_u_mmu_fifo/mem_reg[5][1]/D",-19,-0.019
1200,"basic_isa_instance/u_halt_fsm_state_reg[0]/CP","ip_debug_trace_instance_u_trace_cdc_u_mmu_fifo/mem_reg[4][1]/D",-19,-0.019
1201,"basic_isa_instance/u_halt_fsm_state_reg[0]/CP","ip_debug_trace_instance_u_trace_cdc_u_mmu_fifo/mem_reg[3][1]/D",-19,-0.019
1202,"basic_isa_instance/u_halt_fsm_state_reg[0]/CP","ip_debug_trace_instance_u_trace_cdc_u_mmu_fifo/mem_reg[2][1]/D",-19,-0.019
1203,"basic_isa_instance/u_halt_fsm_state_reg[0]/CP","ip_debug_trace_instance_u_trace_cdc_u_mmu_fifo/mem_reg[1][1]/D",-19,-0.019
1204,"basic_isa_instance/u_halt_fsm_state_reg[0]/CP","ip_debug_trace_instance_u_trace_cdc_u_mmu_fifo/mem_reg[0][1]/D",-19,-0.019
1205,"csr_top_instance_csr_register_file_inst_satp_csr_inst_satp_r_reg[30]/CP","axi2apb_instance/slave_aw_burst_ctrl_reg/SE",-19,-0.019
1206,"mmu_instance_u_ptw_lat_base_ppn_reg[4]/CP","pte_wrapper_instance_u_pte_memory/data_out_reg[13]/D",-17,-0.017
1207,"csr_top_instance_csr_register_file_inst_satp_csr_inst_satp_r_reg[24]/CP","axi2apb_instance/write_fifo_write_ptr_reg[1]/SE",-17,-0.017
1208,"csr_top_instance_csr_register_file_inst_satp_csr_inst_satp_r_reg[24]/CP","axi2apb_instance/write_fifo_write_ptr_reg[0]/SE",-17,-0.017
1209,"basic_isa_instance/u_halt_fsm_state_reg[0]/CP","ip_debug_trace_instance_u_trace_cdc_u_mmu_fifo/mem_reg[15][8]/D",-14,-0.014
1210,"basic_isa_instance/u_halt_fsm_state_reg[0]/CP","ip_debug_trace_instance_u_trace_cdc_u_mmu_fifo/mem_reg[14][8]/D",-14,-0.014
1211,"basic_isa_instance/u_halt_fsm_state_reg[0]/CP","ip_debug_trace_instance_u_trace_cdc_u_mmu_fifo/mem_reg[13][8]/D",-14,-0.014
1212,"basic_isa_instance/u_halt_fsm_state_reg[0]/CP","ip_debug_trace_instance_u_trace_cdc_u_mmu_fifo/mem_reg[12][8]/D",-14,-0.014
1213,"basic_isa_instance/u_halt_fsm_state_reg[0]/CP","ip_debug_trace_instance_u_trace_cdc_u_mmu_fifo/mem_reg[11][8]/D",-14,-0.014
1214,"basic_isa_instance/u_halt_fsm_state_reg[0]/CP","ip_debug_trace_instance_u_trace_cdc_u_mmu_fifo/mem_reg[10][8]/D",-14,-0.014
1215,"basic_isa_instance/u_halt_fsm_state_reg[0]/CP","ip_debug_trace_instance_u_trace_cdc_u_mmu_fifo/mem_reg[9][8]/D",-14,-0.014
1216,"basic_isa_instance/u_halt_fsm_state_reg[0]/CP","ip_debug_trace_instance_u_trace_cdc_u_mmu_fifo/mem_reg[8][8]/D",-14,-0.014
1217,"basic_isa_instance/u_halt_fsm_state_reg[0]/CP","ip_debug_trace_instance_u_trace_cdc_u_mmu_fifo/mem_reg[7][8]/D",-14,-0.014
1218,"basic_isa_instance/u_halt_fsm_state_reg[0]/CP","ip_debug_trace_instance_u_trace_cdc_u_mmu_fifo/mem_reg[6][8]/D",-14,-0.014
1219,"basic_isa_instance/u_halt_fsm_state_reg[0]/CP","ip_debug_trace_instance_u_trace_cdc_u_mmu_fifo/mem_reg[5][8]/D",-14,-0.014
1220,"basic_isa_instance/u_halt_fsm_state_reg[0]/CP","ip_debug_trace_instance_u_trace_cdc_u_mmu_fifo/mem_reg[4][8]/D",-14,-0.014
1221,"basic_isa_instance/u_halt_fsm_state_reg[0]/CP","ip_debug_trace_instance_u_trace_cdc_u_mmu_fifo/mem_reg[3][8]/D",-14,-0.014
1222,"basic_isa_instance/u_halt_fsm_state_reg[0]/CP","ip_debug_trace_instance_u_trace_cdc_u_mmu_fifo/mem_reg[2][8]/D",-14,-0.014
1223,"basic_isa_instance/u_halt_fsm_state_reg[0]/CP","ip_debug_trace_instance_u_trace_cdc_u_mmu_fifo/mem_reg[1][8]/D",-14,-0.014
1224,"basic_isa_instance/u_halt_fsm_state_reg[0]/CP","ip_debug_trace_instance_u_trace_cdc_u_mmu_fifo/mem_reg[0][8]/D",-14,-0.014
1225,"basic_isa_instance/u_halt_fsm_state_reg[0]/CP","ip_debug_trace_instance_u_trace_cdc_u_mmu_fifo/mem_reg[15][3]/D",-13,-0.013
1226,"basic_isa_instance/u_halt_fsm_state_reg[0]/CP","ip_debug_trace_instance_u_trace_cdc_u_mmu_fifo/mem_reg[14][3]/D",-13,-0.013
1227,"basic_isa_instance/u_halt_fsm_state_reg[0]/CP","ip_debug_trace_instance_u_trace_cdc_u_mmu_fifo/mem_reg[13][3]/D",-13,-0.013
1228,"basic_isa_instance/u_halt_fsm_state_reg[0]/CP","ip_debug_trace_instance_u_trace_cdc_u_mmu_fifo/mem_reg[12][3]/D",-13,-0.013
1229,"basic_isa_instance/u_halt_fsm_state_reg[0]/CP","ip_debug_trace_instance_u_trace_cdc_u_mmu_fifo/mem_reg[11][3]/D",-13,-0.013
1230,"basic_isa_instance/u_halt_fsm_state_reg[0]/CP","ip_debug_trace_instance_u_trace_cdc_u_mmu_fifo/mem_reg[10][3]/D",-13,-0.013
1231,"basic_isa_instance/u_halt_fsm_state_reg[0]/CP","ip_debug_trace_instance_u_trace_cdc_u_mmu_fifo/mem_reg[9][3]/D",-13,-0.013
1232,"basic_isa_instance/u_halt_fsm_state_reg[0]/CP","ip_debug_trace_instance_u_trace_cdc_u_mmu_fifo/mem_reg[8][3]/D",-13,-0.013
1233,"basic_isa_instance/u_halt_fsm_state_reg[0]/CP","ip_debug_trace_instance_u_trace_cdc_u_mmu_fifo/mem_reg[7][3]/D",-13,-0.013
1234,"basic_isa_instance/u_halt_fsm_state_reg[0]/CP","ip_debug_trace_instance_u_trace_cdc_u_mmu_fifo/mem_reg[6][3]/D",-13,-0.013
1235,"basic_isa_instance/u_halt_fsm_state_reg[0]/CP","ip_debug_trace_instance_u_trace_cdc_u_mmu_fifo/mem_reg[5][3]/D",-13,-0.013
1236,"basic_isa_instance/u_halt_fsm_state_reg[0]/CP","ip_debug_trace_instance_u_trace_cdc_u_mmu_fifo/mem_reg[4][3]/D",-13,-0.013
1237,"basic_isa_instance/u_halt_fsm_state_reg[0]/CP","ip_debug_trace_instance_u_trace_cdc_u_mmu_fifo/mem_reg[3][3]/D",-13,-0.013
1238,"basic_isa_instance/u_halt_fsm_state_reg[0]/CP","ip_debug_trace_instance_u_trace_cdc_u_mmu_fifo/mem_reg[2][3]/D",-13,-0.013
1239,"basic_isa_instance/u_halt_fsm_state_reg[0]/CP","ip_debug_trace_instance_u_trace_cdc_u_mmu_fifo/mem_reg[1][3]/D",-13,-0.013
1240,"basic_isa_instance/u_halt_fsm_state_reg[0]/CP","ip_debug_trace_instance_u_trace_cdc_u_mmu_fifo/mem_reg[0][3]/D",-13,-0.013
1241,"csr_top_instance_csr_register_file_inst_satp_csr_inst_satp_r_reg[24]/CP","axi2apb_instance/write_fifo_fifo_reg[3][63]/D",-13,-0.013
1242,"csr_top_instance_csr_register_file_inst_satp_csr_inst_satp_r_reg[24]/CP","axi2apb_instance/write_fifo_fifo_reg[3][62]/D",-13,-0.013
1243,"csr_top_instance_csr_register_file_inst_satp_csr_inst_satp_r_reg[24]/CP","axi2apb_instance/write_fifo_fifo_reg[3][61]/D",-13,-0.013
1244,"csr_top_instance_csr_register_file_inst_satp_csr_inst_satp_r_reg[24]/CP","axi2apb_instance/write_fifo_fifo_reg[3][60]/D",-13,-0.013
1245,"csr_top_instance_csr_register_file_inst_satp_csr_inst_satp_r_reg[24]/CP","axi2apb_instance/write_fifo_fifo_reg[3][59]/D",-13,-0.013
1246,"csr_top_instance_csr_register_file_inst_satp_csr_inst_satp_r_reg[24]/CP","axi2apb_instance/write_fifo_fifo_reg[3][58]/D",-13,-0.013
1247,"csr_top_instance_csr_register_file_inst_satp_csr_inst_satp_r_reg[24]/CP","axi2apb_instance/write_fifo_fifo_reg[3][57]/D",-13,-0.013
1248,"csr_top_instance_csr_register_file_inst_satp_csr_inst_satp_r_reg[24]/CP","axi2apb_instance/write_fifo_fifo_reg[3][56]/D",-13,-0.013
1249,"csr_top_instance_csr_register_file_inst_satp_csr_inst_satp_r_reg[24]/CP","axi2apb_instance/write_fifo_fifo_reg[3][55]/D",-13,-0.013
1250,"csr_top_instance_csr_register_file_inst_satp_csr_inst_satp_r_reg[24]/CP","axi2apb_instance/write_fifo_fifo_reg[3][54]/D",-13,-0.013
1251,"csr_top_instance_csr_register_file_inst_satp_csr_inst_satp_r_reg[24]/CP","axi2apb_instance/write_fifo_fifo_reg[3][53]/D",-13,-0.013
1252,"csr_top_instance_csr_register_file_inst_satp_csr_inst_satp_r_reg[24]/CP","axi2apb_instance/write_fifo_fifo_reg[3][52]/D",-13,-0.013
1253,"csr_top_instance_csr_register_file_inst_satp_csr_inst_satp_r_reg[24]/CP","axi2apb_instance/write_fifo_fifo_reg[3][51]/D",-13,-0.013
1254,"csr_top_instance_csr_register_file_inst_satp_csr_inst_satp_r_reg[24]/CP","axi2apb_instance/write_fifo_fifo_reg[3][50]/D",-13,-0.013
1255,"csr_top_instance_csr_register_file_inst_satp_csr_inst_satp_r_reg[24]/CP","axi2apb_instance/write_fifo_fifo_reg[3][49]/D",-13,-0.013
1256,"csr_top_instance_csr_register_file_inst_satp_csr_inst_satp_r_reg[24]/CP","axi2apb_instance/write_fifo_fifo_reg[3][48]/D",-13,-0.013
1257,"csr_top_instance_csr_register_file_inst_satp_csr_inst_satp_r_reg[24]/CP","axi2apb_instance/write_fifo_fifo_reg[3][47]/D",-13,-0.013
1258,"csr_top_instance_csr_register_file_inst_satp_csr_inst_satp_r_reg[24]/CP","axi2apb_instance/write_fifo_fifo_reg[3][46]/D",-13,-0.013
1259,"csr_top_instance_csr_register_file_inst_satp_csr_inst_satp_r_reg[24]/CP","axi2apb_instance/write_fifo_fifo_reg[3][45]/D",-13,-0.013
1260,"csr_top_instance_csr_register_file_inst_satp_csr_inst_satp_r_reg[24]/CP","axi2apb_instance/write_fifo_fifo_reg[3][44]/D",-13,-0.013
1261,"csr_top_instance_csr_register_file_inst_satp_csr_inst_satp_r_reg[24]/CP","axi2apb_instance/write_fifo_fifo_reg[3][43]/D",-13,-0.013
1262,"csr_top_instance_csr_register_file_inst_satp_csr_inst_satp_r_reg[24]/CP","axi2apb_instance/write_fifo_fifo_reg[3][42]/D",-13,-0.013
1263,"csr_top_instance_csr_register_file_inst_satp_csr_inst_satp_r_reg[24]/CP","axi2apb_instance/write_fifo_fifo_reg[3][41]/D",-13,-0.013
1264,"csr_top_instance_csr_register_file_inst_satp_csr_inst_satp_r_reg[24]/CP","axi2apb_instance/write_fifo_fifo_reg[3][40]/D",-13,-0.013
1265,"csr_top_instance_csr_register_file_inst_satp_csr_inst_satp_r_reg[24]/CP","axi2apb_instance/write_fifo_fifo_reg[3][39]/D",-13,-0.013
1266,"csr_top_instance_csr_register_file_inst_satp_csr_inst_satp_r_reg[24]/CP","axi2apb_instance/write_fifo_fifo_reg[3][38]/D",-13,-0.013
1267,"csr_top_instance_csr_register_file_inst_satp_csr_inst_satp_r_reg[24]/CP","axi2apb_instance/write_fifo_fifo_reg[3][37]/D",-13,-0.013
1268,"csr_top_instance_csr_register_file_inst_satp_csr_inst_satp_r_reg[24]/CP","axi2apb_instance/write_fifo_fifo_reg[3][36]/D",-13,-0.013
1269,"csr_top_instance_csr_register_file_inst_satp_csr_inst_satp_r_reg[24]/CP","axi2apb_instance/write_fifo_fifo_reg[3][35]/D",-13,-0.013
1270,"csr_top_instance_csr_register_file_inst_satp_csr_inst_satp_r_reg[24]/CP","axi2apb_instance/write_fifo_fifo_reg[3][34]/D",-13,-0.013
1271,"csr_top_instance_csr_register_file_inst_satp_csr_inst_satp_r_reg[24]/CP","axi2apb_instance/write_fifo_fifo_reg[3][33]/D",-13,-0.013
1272,"csr_top_instance_csr_register_file_inst_satp_csr_inst_satp_r_reg[24]/CP","axi2apb_instance/write_fifo_fifo_reg[3][32]/D",-13,-0.013
1273,"csr_top_instance_csr_register_file_inst_satp_csr_inst_satp_r_reg[24]/CP","axi2apb_instance/write_fifo_fifo_reg[2][63]/D",-13,-0.013
1274,"csr_top_instance_csr_register_file_inst_satp_csr_inst_satp_r_reg[24]/CP","axi2apb_instance/write_fifo_fifo_reg[2][62]/D",-13,-0.013
1275,"csr_top_instance_csr_register_file_inst_satp_csr_inst_satp_r_reg[24]/CP","axi2apb_instance/write_fifo_fifo_reg[2][61]/D",-13,-0.013
1276,"csr_top_instance_csr_register_file_inst_satp_csr_inst_satp_r_reg[24]/CP","axi2apb_instance/write_fifo_fifo_reg[2][60]/D",-13,-0.013
1277,"csr_top_instance_csr_register_file_inst_satp_csr_inst_satp_r_reg[24]/CP","axi2apb_instance/write_fifo_fifo_reg[2][59]/D",-13,-0.013
1278,"csr_top_instance_csr_register_file_inst_satp_csr_inst_satp_r_reg[24]/CP","axi2apb_instance/write_fifo_fifo_reg[2][58]/D",-13,-0.013
1279,"csr_top_instance_csr_register_file_inst_satp_csr_inst_satp_r_reg[24]/CP","axi2apb_instance/write_fifo_fifo_reg[2][57]/D",-13,-0.013
1280,"csr_top_instance_csr_register_file_inst_satp_csr_inst_satp_r_reg[24]/CP","axi2apb_instance/write_fifo_fifo_reg[2][56]/D",-13,-0.013
1281,"csr_top_instance_csr_register_file_inst_satp_csr_inst_satp_r_reg[24]/CP","axi2apb_instance/write_fifo_fifo_reg[2][55]/D",-13,-0.013
1282,"csr_top_instance_csr_register_file_inst_satp_csr_inst_satp_r_reg[24]/CP","axi2apb_instance/write_fifo_fifo_reg[2][54]/D",-13,-0.013
1283,"csr_top_instance_csr_register_file_inst_satp_csr_inst_satp_r_reg[24]/CP","axi2apb_instance/write_fifo_fifo_reg[2][53]/D",-13,-0.013
1284,"csr_top_instance_csr_register_file_inst_satp_csr_inst_satp_r_reg[24]/CP","axi2apb_instance/write_fifo_fifo_reg[2][52]/D",-13,-0.013
1285,"csr_top_instance_csr_register_file_inst_satp_csr_inst_satp_r_reg[24]/CP","axi2apb_instance/write_fifo_fifo_reg[2][51]/D",-13,-0.013
1286,"csr_top_instance_csr_register_file_inst_satp_csr_inst_satp_r_reg[24]/CP","axi2apb_instance/write_fifo_fifo_reg[2][50]/D",-13,-0.013
1287,"csr_top_instance_csr_register_file_inst_satp_csr_inst_satp_r_reg[24]/CP","axi2apb_instance/write_fifo_fifo_reg[2][49]/D",-13,-0.013
1288,"csr_top_instance_csr_register_file_inst_satp_csr_inst_satp_r_reg[24]/CP","axi2apb_instance/write_fifo_fifo_reg[2][48]/D",-13,-0.013
1289,"csr_top_instance_csr_register_file_inst_satp_csr_inst_satp_r_reg[24]/CP","axi2apb_instance/write_fifo_fifo_reg[2][47]/D",-13,-0.013
1290,"csr_top_instance_csr_register_file_inst_satp_csr_inst_satp_r_reg[24]/CP","axi2apb_instance/write_fifo_fifo_reg[2][46]/D",-13,-0.013
1291,"csr_top_instance_csr_register_file_inst_satp_csr_inst_satp_r_reg[24]/CP","axi2apb_instance/write_fifo_fifo_reg[2][45]/D",-13,-0.013
1292,"csr_top_instance_csr_register_file_inst_satp_csr_inst_satp_r_reg[24]/CP","axi2apb_instance/write_fifo_fifo_reg[2][44]/D",-13,-0.013
1293,"csr_top_instance_csr_register_file_inst_satp_csr_inst_satp_r_reg[24]/CP","axi2apb_instance/write_fifo_fifo_reg[2][43]/D",-13,-0.013
1294,"csr_top_instance_csr_register_file_inst_satp_csr_inst_satp_r_reg[24]/CP","axi2apb_instance/write_fifo_fifo_reg[2][42]/D",-13,-0.013
1295,"csr_top_instance_csr_register_file_inst_satp_csr_inst_satp_r_reg[24]/CP","axi2apb_instance/write_fifo_fifo_reg[2][41]/D",-13,-0.013
1296,"csr_top_instance_csr_register_file_inst_satp_csr_inst_satp_r_reg[24]/CP","axi2apb_instance/write_fifo_fifo_reg[2][40]/D",-13,-0.013
1297,"csr_top_instance_csr_register_file_inst_satp_csr_inst_satp_r_reg[24]/CP","axi2apb_instance/write_fifo_fifo_reg[2][39]/D",-13,-0.013
1298,"csr_top_instance_csr_register_file_inst_satp_csr_inst_satp_r_reg[24]/CP","axi2apb_instance/write_fifo_fifo_reg[2][38]/D",-13,-0.013
1299,"csr_top_instance_csr_register_file_inst_satp_csr_inst_satp_r_reg[24]/CP","axi2apb_instance/write_fifo_fifo_reg[2][37]/D",-13,-0.013
1300,"csr_top_instance_csr_register_file_inst_satp_csr_inst_satp_r_reg[24]/CP","axi2apb_instance/write_fifo_fifo_reg[2][36]/D",-13,-0.013
1301,"csr_top_instance_csr_register_file_inst_satp_csr_inst_satp_r_reg[24]/CP","axi2apb_instance/write_fifo_fifo_reg[2][35]/D",-13,-0.013
1302,"csr_top_instance_csr_register_file_inst_satp_csr_inst_satp_r_reg[24]/CP","axi2apb_instance/write_fifo_fifo_reg[2][34]/D",-13,-0.013
1303,"csr_top_instance_csr_register_file_inst_satp_csr_inst_satp_r_reg[24]/CP","axi2apb_instance/write_fifo_fifo_reg[2][33]/D",-13,-0.013
1304,"csr_top_instance_csr_register_file_inst_satp_csr_inst_satp_r_reg[24]/CP","axi2apb_instance/write_fifo_fifo_reg[2][32]/D",-13,-0.013
1305,"csr_top_instance_csr_register_file_inst_satp_csr_inst_satp_r_reg[24]/CP","axi2apb_instance/write_fifo_fifo_reg[1][63]/D",-13,-0.013
1306,"csr_top_instance_csr_register_file_inst_satp_csr_inst_satp_r_reg[24]/CP","axi2apb_instance/write_fifo_fifo_reg[1][62]/D",-13,-0.013
1307,"csr_top_instance_csr_register_file_inst_satp_csr_inst_satp_r_reg[24]/CP","axi2apb_instance/write_fifo_fifo_reg[1][61]/D",-13,-0.013
1308,"csr_top_instance_csr_register_file_inst_satp_csr_inst_satp_r_reg[24]/CP","axi2apb_instance/write_fifo_fifo_reg[1][60]/D",-13,-0.013
1309,"csr_top_instance_csr_register_file_inst_satp_csr_inst_satp_r_reg[24]/CP","axi2apb_instance/write_fifo_fifo_reg[1][59]/D",-13,-0.013
1310,"csr_top_instance_csr_register_file_inst_satp_csr_inst_satp_r_reg[24]/CP","axi2apb_instance/write_fifo_fifo_reg[1][58]/D",-13,-0.013
1311,"csr_top_instance_csr_register_file_inst_satp_csr_inst_satp_r_reg[24]/CP","axi2apb_instance/write_fifo_fifo_reg[1][57]/D",-13,-0.013
1312,"csr_top_instance_csr_register_file_inst_satp_csr_inst_satp_r_reg[24]/CP","axi2apb_instance/write_fifo_fifo_reg[1][56]/D",-13,-0.013
1313,"csr_top_instance_csr_register_file_inst_satp_csr_inst_satp_r_reg[24]/CP","axi2apb_instance/write_fifo_fifo_reg[1][55]/D",-13,-0.013
1314,"csr_top_instance_csr_register_file_inst_satp_csr_inst_satp_r_reg[24]/CP","axi2apb_instance/write_fifo_fifo_reg[1][54]/D",-13,-0.013
1315,"csr_top_instance_csr_register_file_inst_satp_csr_inst_satp_r_reg[24]/CP","axi2apb_instance/write_fifo_fifo_reg[1][53]/D",-13,-0.013
1316,"csr_top_instance_csr_register_file_inst_satp_csr_inst_satp_r_reg[24]/CP","axi2apb_instance/write_fifo_fifo_reg[1][52]/D",-13,-0.013
1317,"csr_top_instance_csr_register_file_inst_satp_csr_inst_satp_r_reg[24]/CP","axi2apb_instance/write_fifo_fifo_reg[1][51]/D",-13,-0.013
1318,"csr_top_instance_csr_register_file_inst_satp_csr_inst_satp_r_reg[24]/CP","axi2apb_instance/write_fifo_fifo_reg[1][50]/D",-13,-0.013
1319,"csr_top_instance_csr_register_file_inst_satp_csr_inst_satp_r_reg[24]/CP","axi2apb_instance/write_fifo_fifo_reg[1][49]/D",-13,-0.013
1320,"csr_top_instance_csr_register_file_inst_satp_csr_inst_satp_r_reg[24]/CP","axi2apb_instance/write_fifo_fifo_reg[1][48]/D",-13,-0.013
1321,"csr_top_instance_csr_register_file_inst_satp_csr_inst_satp_r_reg[24]/CP","axi2apb_instance/write_fifo_fifo_reg[1][47]/D",-13,-0.013
1322,"csr_top_instance_csr_register_file_inst_satp_csr_inst_satp_r_reg[24]/CP","axi2apb_instance/write_fifo_fifo_reg[1][46]/D",-13,-0.013
1323,"csr_top_instance_csr_register_file_inst_satp_csr_inst_satp_r_reg[24]/CP","axi2apb_instance/write_fifo_fifo_reg[1][45]/D",-13,-0.013
1324,"csr_top_instance_csr_register_file_inst_satp_csr_inst_satp_r_reg[24]/CP","axi2apb_instance/write_fifo_fifo_reg[1][44]/D",-13,-0.013
1325,"csr_top_instance_csr_register_file_inst_satp_csr_inst_satp_r_reg[24]/CP","axi2apb_instance/write_fifo_fifo_reg[1][43]/D",-13,-0.013
1326,"csr_top_instance_csr_register_file_inst_satp_csr_inst_satp_r_reg[24]/CP","axi2apb_instance/write_fifo_fifo_reg[1][42]/D",-13,-0.013
1327,"csr_top_instance_csr_register_file_inst_satp_csr_inst_satp_r_reg[24]/CP","axi2apb_instance/write_fifo_fifo_reg[1][41]/D",-13,-0.013
1328,"csr_top_instance_csr_register_file_inst_satp_csr_inst_satp_r_reg[24]/CP","axi2apb_instance/write_fifo_fifo_reg[1][40]/D",-13,-0.013
1329,"csr_top_instance_csr_register_file_inst_satp_csr_inst_satp_r_reg[24]/CP","axi2apb_instance/write_fifo_fifo_reg[1][39]/D",-13,-0.013
1330,"csr_top_instance_csr_register_file_inst_satp_csr_inst_satp_r_reg[24]/CP","axi2apb_instance/write_fifo_fifo_reg[1][38]/D",-13,-0.013
1331,"csr_top_instance_csr_register_file_inst_satp_csr_inst_satp_r_reg[24]/CP","axi2apb_instance/write_fifo_fifo_reg[1][37]/D",-13,-0.013
1332,"csr_top_instance_csr_register_file_inst_satp_csr_inst_satp_r_reg[24]/CP","axi2apb_instance/write_fifo_fifo_reg[1][36]/D",-13,-0.013
1333,"csr_top_instance_csr_register_file_inst_satp_csr_inst_satp_r_reg[24]/CP","axi2apb_instance/write_fifo_fifo_reg[1][35]/D",-13,-0.013
1334,"csr_top_instance_csr_register_file_inst_satp_csr_inst_satp_r_reg[24]/CP","axi2apb_instance/write_fifo_fifo_reg[1][34]/D",-13,-0.013
1335,"csr_top_instance_csr_register_file_inst_satp_csr_inst_satp_r_reg[24]/CP","axi2apb_instance/write_fifo_fifo_reg[1][33]/D",-13,-0.013
1336,"csr_top_instance_csr_register_file_inst_satp_csr_inst_satp_r_reg[24]/CP","axi2apb_instance/write_fifo_fifo_reg[1][32]/D",-13,-0.013
1337,"csr_top_instance_csr_register_file_inst_satp_csr_inst_satp_r_reg[24]/CP","axi2apb_instance/write_fifo_fifo_reg[0][63]/D",-13,-0.013
1338,"csr_top_instance_csr_register_file_inst_satp_csr_inst_satp_r_reg[24]/CP","axi2apb_instance/write_fifo_fifo_reg[0][62]/D",-13,-0.013
1339,"csr_top_instance_csr_register_file_inst_satp_csr_inst_satp_r_reg[24]/CP","axi2apb_instance/write_fifo_fifo_reg[0][61]/D",-13,-0.013
1340,"csr_top_instance_csr_register_file_inst_satp_csr_inst_satp_r_reg[24]/CP","axi2apb_instance/write_fifo_fifo_reg[0][60]/D",-13,-0.013
1341,"csr_top_instance_csr_register_file_inst_satp_csr_inst_satp_r_reg[24]/CP","axi2apb_instance/write_fifo_fifo_reg[0][59]/D",-13,-0.013
1342,"csr_top_instance_csr_register_file_inst_satp_csr_inst_satp_r_reg[24]/CP","axi2apb_instance/write_fifo_fifo_reg[0][58]/D",-13,-0.013
1343,"csr_top_instance_csr_register_file_inst_satp_csr_inst_satp_r_reg[24]/CP","axi2apb_instance/write_fifo_fifo_reg[0][57]/D",-13,-0.013
1344,"csr_top_instance_csr_register_file_inst_satp_csr_inst_satp_r_reg[24]/CP","axi2apb_instance/write_fifo_fifo_reg[0][56]/D",-13,-0.013
1345,"csr_top_instance_csr_register_file_inst_satp_csr_inst_satp_r_reg[24]/CP","axi2apb_instance/write_fifo_fifo_reg[0][55]/D",-13,-0.013
1346,"csr_top_instance_csr_register_file_inst_satp_csr_inst_satp_r_reg[24]/CP","axi2apb_instance/write_fifo_fifo_reg[0][54]/D",-13,-0.013
1347,"csr_top_instance_csr_register_file_inst_satp_csr_inst_satp_r_reg[24]/CP","axi2apb_instance/write_fifo_fifo_reg[0][53]/D",-13,-0.013
1348,"csr_top_instance_csr_register_file_inst_satp_csr_inst_satp_r_reg[24]/CP","axi2apb_instance/write_fifo_fifo_reg[0][52]/D",-13,-0.013
1349,"csr_top_instance_csr_register_file_inst_satp_csr_inst_satp_r_reg[24]/CP","axi2apb_instance/write_fifo_fifo_reg[0][51]/D",-13,-0.013
1350,"csr_top_instance_csr_register_file_inst_satp_csr_inst_satp_r_reg[24]/CP","axi2apb_instance/write_fifo_fifo_reg[0][50]/D",-13,-0.013
1351,"csr_top_instance_csr_register_file_inst_satp_csr_inst_satp_r_reg[24]/CP","axi2apb_instance/write_fifo_fifo_reg[0][49]/D",-13,-0.013
1352,"csr_top_instance_csr_register_file_inst_satp_csr_inst_satp_r_reg[24]/CP","axi2apb_instance/write_fifo_fifo_reg[0][48]/D",-13,-0.013
1353,"csr_top_instance_csr_register_file_inst_satp_csr_inst_satp_r_reg[24]/CP","axi2apb_instance/write_fifo_fifo_reg[0][47]/D",-13,-0.013
1354,"csr_top_instance_csr_register_file_inst_satp_csr_inst_satp_r_reg[24]/CP","axi2apb_instance/write_fifo_fifo_reg[0][46]/D",-13,-0.013
1355,"csr_top_instance_csr_register_file_inst_satp_csr_inst_satp_r_reg[24]/CP","axi2apb_instance/write_fifo_fifo_reg[0][45]/D",-13,-0.013
1356,"csr_top_instance_csr_register_file_inst_satp_csr_inst_satp_r_reg[24]/CP","axi2apb_instance/write_fifo_fifo_reg[0][44]/D",-13,-0.013
1357,"csr_top_instance_csr_register_file_inst_satp_csr_inst_satp_r_reg[24]/CP","axi2apb_instance/write_fifo_fifo_reg[0][43]/D",-13,-0.013
1358,"csr_top_instance_csr_register_file_inst_satp_csr_inst_satp_r_reg[24]/CP","axi2apb_instance/write_fifo_fifo_reg[0][42]/D",-13,-0.013
1359,"csr_top_instance_csr_register_file_inst_satp_csr_inst_satp_r_reg[24]/CP","axi2apb_instance/write_fifo_fifo_reg[0][41]/D",-13,-0.013
1360,"csr_top_instance_csr_register_file_inst_satp_csr_inst_satp_r_reg[24]/CP","axi2apb_instance/write_fifo_fifo_reg[0][40]/D",-13,-0.013
1361,"csr_top_instance_csr_register_file_inst_satp_csr_inst_satp_r_reg[24]/CP","axi2apb_instance/write_fifo_fifo_reg[0][39]/D",-13,-0.013
1362,"csr_top_instance_csr_register_file_inst_satp_csr_inst_satp_r_reg[24]/CP","axi2apb_instance/write_fifo_fifo_reg[0][38]/D",-13,-0.013
1363,"csr_top_instance_csr_register_file_inst_satp_csr_inst_satp_r_reg[24]/CP","axi2apb_instance/write_fifo_fifo_reg[0][37]/D",-13,-0.013
1364,"csr_top_instance_csr_register_file_inst_satp_csr_inst_satp_r_reg[24]/CP","axi2apb_instance/write_fifo_fifo_reg[0][36]/D",-13,-0.013
1365,"csr_top_instance_csr_register_file_inst_satp_csr_inst_satp_r_reg[24]/CP","axi2apb_instance/write_fifo_fifo_reg[0][35]/D",-13,-0.013
1366,"csr_top_instance_csr_register_file_inst_satp_csr_inst_satp_r_reg[24]/CP","axi2apb_instance/write_fifo_fifo_reg[0][34]/D",-13,-0.013
1367,"csr_top_instance_csr_register_file_inst_satp_csr_inst_satp_r_reg[24]/CP","axi2apb_instance/write_fifo_fifo_reg[0][33]/D",-13,-0.013
1368,"csr_top_instance_csr_register_file_inst_satp_csr_inst_satp_r_reg[24]/CP","axi2apb_instance/write_fifo_fifo_reg[0][32]/D",-13,-0.013
1369,"basic_isa_instance/u_ex_mem_alu_result_mem_reg[31]/CP","axi2apb_instance/axi_trace_id_reg[3]/D",-13,-0.013
1370,"interrupt_controller_instance/soc_top_inst_interrupt_recieve_inst_interrupt_pending_o_reg[4]/CP","interrupt_controller_instance/soc_top_inst_priority_resolve_inst_highest_pending_lvl_pr_o_reg[6]/SI",-13,-0.013
1371,"basic_isa_instance/u_halt_fsm_state_reg[2]/CP","ip_debug_trace_instance_u_trace_cdc_u_mmu_fifo/mem_reg[15][16]/D",-12,-0.012
1372,"basic_isa_instance/u_halt_fsm_state_reg[2]/CP","ip_debug_trace_instance_u_trace_cdc_u_mmu_fifo/mem_reg[14][16]/D",-12,-0.012
1373,"basic_isa_instance/u_halt_fsm_state_reg[2]/CP","ip_debug_trace_instance_u_trace_cdc_u_mmu_fifo/mem_reg[13][16]/D",-12,-0.012
1374,"basic_isa_instance/u_halt_fsm_state_reg[2]/CP","ip_debug_trace_instance_u_trace_cdc_u_mmu_fifo/mem_reg[12][16]/D",-12,-0.012
1375,"basic_isa_instance/u_halt_fsm_state_reg[2]/CP","ip_debug_trace_instance_u_trace_cdc_u_mmu_fifo/mem_reg[11][16]/D",-12,-0.012
1376,"basic_isa_instance/u_halt_fsm_state_reg[2]/CP","ip_debug_trace_instance_u_trace_cdc_u_mmu_fifo/mem_reg[10][16]/D",-12,-0.012
1377,"basic_isa_instance/u_halt_fsm_state_reg[2]/CP","ip_debug_trace_instance_u_trace_cdc_u_mmu_fifo/mem_reg[9][16]/D",-12,-0.012
1378,"basic_isa_instance/u_halt_fsm_state_reg[2]/CP","ip_debug_trace_instance_u_trace_cdc_u_mmu_fifo/mem_reg[8][16]/D",-12,-0.012
1379,"basic_isa_instance/u_halt_fsm_state_reg[2]/CP","ip_debug_trace_instance_u_trace_cdc_u_mmu_fifo/mem_reg[7][16]/D",-12,-0.012
1380,"basic_isa_instance/u_halt_fsm_state_reg[2]/CP","ip_debug_trace_instance_u_trace_cdc_u_mmu_fifo/mem_reg[6][16]/D",-12,-0.012
1381,"basic_isa_instance/u_halt_fsm_state_reg[2]/CP","ip_debug_trace_instance_u_trace_cdc_u_mmu_fifo/mem_reg[5][16]/D",-12,-0.012
1382,"basic_isa_instance/u_halt_fsm_state_reg[2]/CP","ip_debug_trace_instance_u_trace_cdc_u_mmu_fifo/mem_reg[4][16]/D",-12,-0.012
1383,"basic_isa_instance/u_halt_fsm_state_reg[2]/CP","ip_debug_trace_instance_u_trace_cdc_u_mmu_fifo/mem_reg[3][16]/D",-12,-0.012
1384,"basic_isa_instance/u_halt_fsm_state_reg[2]/CP","ip_debug_trace_instance_u_trace_cdc_u_mmu_fifo/mem_reg[2][16]/D",-12,-0.012
1385,"basic_isa_instance/u_halt_fsm_state_reg[2]/CP","ip_debug_trace_instance_u_trace_cdc_u_mmu_fifo/mem_reg[1][16]/D",-12,-0.012
1386,"basic_isa_instance/u_halt_fsm_state_reg[2]/CP","ip_debug_trace_instance_u_trace_cdc_u_mmu_fifo/mem_reg[0][16]/D",-12,-0.012
1387,"mmu_instance_u_ptw_lat_base_ppn_reg[4]/CP","pte_wrapper_instance_u_pte_memory/data_out_reg[16]/D",-12,-0.012
1388,"basic_isa_instance/u_ex_mem_inst_mem_o_reg[9]/CP","basic_isa_instance/u_if_u_btb_U_FILE_state_arr_reg[7][1][0]/D",-12,-0.012
1389,"basic_isa_instance/u_ex_mem_inst_mem_o_reg[9]/CP","basic_isa_instance/u_if_u_btb_U_FILE_state_arr_reg[7][0][0]/D",-12,-0.012
1390,"basic_isa_instance/u_ex_mem_inst_mem_o_reg[9]/CP","basic_isa_instance/u_if_u_btb_U_FILE_state_arr_reg[6][1][0]/D",-12,-0.012
1391,"basic_isa_instance/u_ex_mem_inst_mem_o_reg[9]/CP","basic_isa_instance/u_if_u_btb_U_FILE_state_arr_reg[6][0][0]/D",-12,-0.012
1392,"basic_isa_instance/u_ex_mem_inst_mem_o_reg[9]/CP","basic_isa_instance/u_if_u_btb_U_FILE_state_arr_reg[5][1][0]/D",-12,-0.012
1393,"basic_isa_instance/u_ex_mem_inst_mem_o_reg[9]/CP","basic_isa_instance/u_if_u_btb_U_FILE_state_arr_reg[5][0][0]/D",-12,-0.012
1394,"basic_isa_instance/u_ex_mem_inst_mem_o_reg[9]/CP","basic_isa_instance/u_if_u_btb_U_FILE_state_arr_reg[4][1][0]/D",-12,-0.012
1395,"basic_isa_instance/u_ex_mem_inst_mem_o_reg[9]/CP","basic_isa_instance/u_if_u_btb_U_FILE_state_arr_reg[4][0][0]/D",-12,-0.012
1396,"basic_isa_instance/u_ex_mem_inst_mem_o_reg[9]/CP","basic_isa_instance/u_if_u_btb_U_FILE_state_arr_reg[3][1][0]/D",-12,-0.012
1397,"basic_isa_instance/u_ex_mem_inst_mem_o_reg[9]/CP","basic_isa_instance/u_if_u_btb_U_FILE_state_arr_reg[3][0][0]/D",-12,-0.012
1398,"basic_isa_instance/u_ex_mem_inst_mem_o_reg[9]/CP","basic_isa_instance/u_if_u_btb_U_FILE_state_arr_reg[2][1][0]/D",-12,-0.012
1399,"basic_isa_instance/u_ex_mem_inst_mem_o_reg[9]/CP","basic_isa_instance/u_if_u_btb_U_FILE_state_arr_reg[2][0][0]/D",-12,-0.012
1400,"basic_isa_instance/u_ex_mem_inst_mem_o_reg[9]/CP","basic_isa_instance/u_if_u_btb_U_FILE_state_arr_reg[1][0][0]/D",-12,-0.012
1401,"basic_isa_instance/u_ex_mem_inst_mem_o_reg[9]/CP","basic_isa_instance/u_if_u_btb_U_FILE_state_arr_reg[0][1][0]/D",-12,-0.012
1402,"basic_isa_instance/u_ex_mem_inst_mem_o_reg[9]/CP","basic_isa_instance/u_if_u_btb_U_FILE_state_arr_reg[1][1][0]/D",-12,-0.012
1403,"basic_isa_instance/u_ex_mem_inst_mem_o_reg[9]/CP","basic_isa_instance/u_if_u_btb_U_FILE_state_arr_reg[0][0][0]/D",-12,-0.012
1404,"basic_isa_instance/u_halt_fsm_state_reg[0]/CP","ip_debug_trace_instance_u_trace_cdc_u_mmu_fifo/mem_reg[15][14]/D",-12,-0.012
1405,"basic_isa_instance/u_halt_fsm_state_reg[0]/CP","ip_debug_trace_instance_u_trace_cdc_u_mmu_fifo/mem_reg[14][14]/D",-12,-0.012
1406,"basic_isa_instance/u_halt_fsm_state_reg[0]/CP","ip_debug_trace_instance_u_trace_cdc_u_mmu_fifo/mem_reg[13][14]/D",-12,-0.012
1407,"basic_isa_instance/u_halt_fsm_state_reg[0]/CP","ip_debug_trace_instance_u_trace_cdc_u_mmu_fifo/mem_reg[12][14]/D",-12,-0.012
1408,"basic_isa_instance/u_halt_fsm_state_reg[0]/CP","ip_debug_trace_instance_u_trace_cdc_u_mmu_fifo/mem_reg[11][14]/D",-12,-0.012
1409,"basic_isa_instance/u_halt_fsm_state_reg[0]/CP","ip_debug_trace_instance_u_trace_cdc_u_mmu_fifo/mem_reg[10][14]/D",-12,-0.012
1410,"basic_isa_instance/u_halt_fsm_state_reg[0]/CP","ip_debug_trace_instance_u_trace_cdc_u_mmu_fifo/mem_reg[9][14]/D",-12,-0.012
1411,"basic_isa_instance/u_halt_fsm_state_reg[0]/CP","ip_debug_trace_instance_u_trace_cdc_u_mmu_fifo/mem_reg[8][14]/D",-12,-0.012
1412,"basic_isa_instance/u_halt_fsm_state_reg[0]/CP","ip_debug_trace_instance_u_trace_cdc_u_mmu_fifo/mem_reg[7][14]/D",-12,-0.012
1413,"basic_isa_instance/u_halt_fsm_state_reg[0]/CP","ip_debug_trace_instance_u_trace_cdc_u_mmu_fifo/mem_reg[6][14]/D",-12,-0.012
1414,"basic_isa_instance/u_halt_fsm_state_reg[0]/CP","ip_debug_trace_instance_u_trace_cdc_u_mmu_fifo/mem_reg[5][14]/D",-12,-0.012
1415,"basic_isa_instance/u_halt_fsm_state_reg[0]/CP","ip_debug_trace_instance_u_trace_cdc_u_mmu_fifo/mem_reg[4][14]/D",-12,-0.012
1416,"basic_isa_instance/u_halt_fsm_state_reg[0]/CP","ip_debug_trace_instance_u_trace_cdc_u_mmu_fifo/mem_reg[3][14]/D",-12,-0.012
1417,"basic_isa_instance/u_halt_fsm_state_reg[0]/CP","ip_debug_trace_instance_u_trace_cdc_u_mmu_fifo/mem_reg[2][14]/D",-12,-0.012
1418,"basic_isa_instance/u_halt_fsm_state_reg[0]/CP","ip_debug_trace_instance_u_trace_cdc_u_mmu_fifo/mem_reg[1][14]/D",-12,-0.012
1419,"basic_isa_instance/u_halt_fsm_state_reg[0]/CP","ip_debug_trace_instance_u_trace_cdc_u_mmu_fifo/mem_reg[0][14]/D",-12,-0.012
1420,"basic_isa_instance/u_halt_fsm_state_reg[0]/CP","ip_debug_trace_instance_u_trace_cdc_u_mmu_fifo/mem_reg[15][17]/D",-12,-0.012
1421,"basic_isa_instance/u_halt_fsm_state_reg[0]/CP","ip_debug_trace_instance_u_trace_cdc_u_mmu_fifo/mem_reg[14][17]/D",-12,-0.012
1422,"basic_isa_instance/u_halt_fsm_state_reg[0]/CP","ip_debug_trace_instance_u_trace_cdc_u_mmu_fifo/mem_reg[13][17]/D",-12,-0.012
1423,"basic_isa_instance/u_halt_fsm_state_reg[0]/CP","ip_debug_trace_instance_u_trace_cdc_u_mmu_fifo/mem_reg[12][17]/D",-12,-0.012
1424,"basic_isa_instance/u_halt_fsm_state_reg[0]/CP","ip_debug_trace_instance_u_trace_cdc_u_mmu_fifo/mem_reg[11][17]/D",-12,-0.012
1425,"basic_isa_instance/u_halt_fsm_state_reg[0]/CP","ip_debug_trace_instance_u_trace_cdc_u_mmu_fifo/mem_reg[10][17]/D",-12,-0.012
1426,"basic_isa_instance/u_halt_fsm_state_reg[0]/CP","ip_debug_trace_instance_u_trace_cdc_u_mmu_fifo/mem_reg[9][17]/D",-12,-0.012
1427,"basic_isa_instance/u_halt_fsm_state_reg[0]/CP","ip_debug_trace_instance_u_trace_cdc_u_mmu_fifo/mem_reg[8][17]/D",-12,-0.012
1428,"basic_isa_instance/u_halt_fsm_state_reg[0]/CP","ip_debug_trace_instance_u_trace_cdc_u_mmu_fifo/mem_reg[7][17]/D",-12,-0.012
1429,"basic_isa_instance/u_halt_fsm_state_reg[0]/CP","ip_debug_trace_instance_u_trace_cdc_u_mmu_fifo/mem_reg[6][17]/D",-12,-0.012
1430,"basic_isa_instance/u_halt_fsm_state_reg[0]/CP","ip_debug_trace_instance_u_trace_cdc_u_mmu_fifo/mem_reg[5][17]/D",-12,-0.012
1431,"basic_isa_instance/u_halt_fsm_state_reg[0]/CP","ip_debug_trace_instance_u_trace_cdc_u_mmu_fifo/mem_reg[4][17]/D",-12,-0.012
1432,"basic_isa_instance/u_halt_fsm_state_reg[0]/CP","ip_debug_trace_instance_u_trace_cdc_u_mmu_fifo/mem_reg[3][17]/D",-12,-0.012
1433,"basic_isa_instance/u_halt_fsm_state_reg[0]/CP","ip_debug_trace_instance_u_trace_cdc_u_mmu_fifo/mem_reg[2][17]/D",-12,-0.012
1434,"basic_isa_instance/u_halt_fsm_state_reg[0]/CP","ip_debug_trace_instance_u_trace_cdc_u_mmu_fifo/mem_reg[1][17]/D",-12,-0.012
1435,"basic_isa_instance/u_halt_fsm_state_reg[0]/CP","ip_debug_trace_instance_u_trace_cdc_u_mmu_fifo/mem_reg[0][17]/D",-12,-0.012
1436,"basic_isa_instance/u_ex_mem_inst_mem_o_reg[9]/CP","basic_isa_instance/u_id_ex_csr_clear_valid_ex_o_reg/D",-10,-0.010
1437,"basic_isa_instance/u_ex_mem_inst_mem_o_reg[9]/CP","basic_isa_instance/u_if_u_btb_U_WRITE_dp1_next_state_reg[0]/D",-6,-0.006
1438,"basic_isa_instance/u_ex_mem_alu_result_mem_reg[21]/CP","axi2apb_instance/axi_trace_id_reg[2]/D",-6,-0.006
1439,"basic_isa_instance/u_halt_fsm_state_reg[0]/CP","ip_debug_trace_instance_u_trace_cdc_u_mmu_fifo/mem_reg[15][18]/D",-6,-0.006
1440,"basic_isa_instance/u_halt_fsm_state_reg[0]/CP","ip_debug_trace_instance_u_trace_cdc_u_mmu_fifo/mem_reg[14][18]/D",-6,-0.006
1441,"basic_isa_instance/u_halt_fsm_state_reg[0]/CP","ip_debug_trace_instance_u_trace_cdc_u_mmu_fifo/mem_reg[13][18]/D",-6,-0.006
1442,"basic_isa_instance/u_halt_fsm_state_reg[0]/CP","ip_debug_trace_instance_u_trace_cdc_u_mmu_fifo/mem_reg[12][18]/D",-6,-0.006
1443,"basic_isa_instance/u_halt_fsm_state_reg[0]/CP","ip_debug_trace_instance_u_trace_cdc_u_mmu_fifo/mem_reg[11][18]/D",-6,-0.006
1444,"basic_isa_instance/u_halt_fsm_state_reg[0]/CP","ip_debug_trace_instance_u_trace_cdc_u_mmu_fifo/mem_reg[10][18]/D",-6,-0.006
1445,"basic_isa_instance/u_halt_fsm_state_reg[0]/CP","ip_debug_trace_instance_u_trace_cdc_u_mmu_fifo/mem_reg[9][18]/D",-6,-0.006
1446,"basic_isa_instance/u_halt_fsm_state_reg[0]/CP","ip_debug_trace_instance_u_trace_cdc_u_mmu_fifo/mem_reg[8][18]/D",-6,-0.006
1447,"basic_isa_instance/u_halt_fsm_state_reg[0]/CP","ip_debug_trace_instance_u_trace_cdc_u_mmu_fifo/mem_reg[7][18]/D",-6,-0.006
1448,"basic_isa_instance/u_halt_fsm_state_reg[0]/CP","ip_debug_trace_instance_u_trace_cdc_u_mmu_fifo/mem_reg[6][18]/D",-6,-0.006
1449,"basic_isa_instance/u_halt_fsm_state_reg[0]/CP","ip_debug_trace_instance_u_trace_cdc_u_mmu_fifo/mem_reg[5][18]/D",-6,-0.006
1450,"basic_isa_instance/u_halt_fsm_state_reg[0]/CP","ip_debug_trace_instance_u_trace_cdc_u_mmu_fifo/mem_reg[4][18]/D",-6,-0.006
1451,"basic_isa_instance/u_halt_fsm_state_reg[0]/CP","ip_debug_trace_instance_u_trace_cdc_u_mmu_fifo/mem_reg[3][18]/D",-6,-0.006
1452,"basic_isa_instance/u_halt_fsm_state_reg[0]/CP","ip_debug_trace_instance_u_trace_cdc_u_mmu_fifo/mem_reg[2][18]/D",-6,-0.006
1453,"basic_isa_instance/u_halt_fsm_state_reg[0]/CP","ip_debug_trace_instance_u_trace_cdc_u_mmu_fifo/mem_reg[1][18]/D",-6,-0.006
1454,"basic_isa_instance/u_halt_fsm_state_reg[0]/CP","ip_debug_trace_instance_u_trace_cdc_u_mmu_fifo/mem_reg[0][18]/D",-6,-0.006
1455,"basic_isa_instance/u_halt_fsm_state_reg[0]/CP","ip_debug_trace_instance_u_trace_cdc_u_mmu_fifo/mem_reg[15][19]/D",-6,-0.006
1456,"basic_isa_instance/u_halt_fsm_state_reg[0]/CP","ip_debug_trace_instance_u_trace_cdc_u_mmu_fifo/mem_reg[14][19]/D",-6,-0.006
1457,"basic_isa_instance/u_halt_fsm_state_reg[0]/CP","ip_debug_trace_instance_u_trace_cdc_u_mmu_fifo/mem_reg[13][19]/D",-6,-0.006
1458,"basic_isa_instance/u_halt_fsm_state_reg[0]/CP","ip_debug_trace_instance_u_trace_cdc_u_mmu_fifo/mem_reg[12][19]/D",-6,-0.006
1459,"basic_isa_instance/u_halt_fsm_state_reg[0]/CP","ip_debug_trace_instance_u_trace_cdc_u_mmu_fifo/mem_reg[11][19]/D",-6,-0.006
1460,"basic_isa_instance/u_halt_fsm_state_reg[0]/CP","ip_debug_trace_instance_u_trace_cdc_u_mmu_fifo/mem_reg[10][19]/D",-6,-0.006
1461,"basic_isa_instance/u_halt_fsm_state_reg[0]/CP","ip_debug_trace_instance_u_trace_cdc_u_mmu_fifo/mem_reg[9][19]/D",-6,-0.006
1462,"basic_isa_instance/u_halt_fsm_state_reg[0]/CP","ip_debug_trace_instance_u_trace_cdc_u_mmu_fifo/mem_reg[8][19]/D",-6,-0.006
1463,"basic_isa_instance/u_halt_fsm_state_reg[0]/CP","ip_debug_trace_instance_u_trace_cdc_u_mmu_fifo/mem_reg[7][19]/D",-6,-0.006
1464,"basic_isa_instance/u_halt_fsm_state_reg[0]/CP","ip_debug_trace_instance_u_trace_cdc_u_mmu_fifo/mem_reg[6][19]/D",-6,-0.006
1465,"basic_isa_instance/u_halt_fsm_state_reg[0]/CP","ip_debug_trace_instance_u_trace_cdc_u_mmu_fifo/mem_reg[5][19]/D",-6,-0.006
1466,"basic_isa_instance/u_halt_fsm_state_reg[0]/CP","ip_debug_trace_instance_u_trace_cdc_u_mmu_fifo/mem_reg[4][19]/D",-6,-0.006
1467,"basic_isa_instance/u_halt_fsm_state_reg[0]/CP","ip_debug_trace_instance_u_trace_cdc_u_mmu_fifo/mem_reg[3][19]/D",-6,-0.006
1468,"basic_isa_instance/u_halt_fsm_state_reg[0]/CP","ip_debug_trace_instance_u_trace_cdc_u_mmu_fifo/mem_reg[2][19]/D",-6,-0.006
1469,"basic_isa_instance/u_halt_fsm_state_reg[0]/CP","ip_debug_trace_instance_u_trace_cdc_u_mmu_fifo/mem_reg[1][19]/D",-6,-0.006
1470,"basic_isa_instance/u_halt_fsm_state_reg[0]/CP","ip_debug_trace_instance_u_trace_cdc_u_mmu_fifo/mem_reg[0][19]/D",-6,-0.006
1471,"basic_isa_instance/u_ex_mem_inst_mem_o_reg[9]/CP","basic_isa_instance/u_if_u_btb_U_WRITE_dp0_next_state_reg[0]/D",-6,-0.006
1472,"basic_isa_instance/u_halt_fsm_state_reg[0]/CP","ip_debug_trace_instance_u_trace_cdc_u_mmu_fifo/mem_reg[15][15]/D",-5,-0.005
1473,"basic_isa_instance/u_halt_fsm_state_reg[0]/CP","ip_debug_trace_instance_u_trace_cdc_u_mmu_fifo/mem_reg[14][15]/D",-5,-0.005
1474,"basic_isa_instance/u_halt_fsm_state_reg[0]/CP","ip_debug_trace_instance_u_trace_cdc_u_mmu_fifo/mem_reg[13][15]/D",-5,-0.005
1475,"basic_isa_instance/u_halt_fsm_state_reg[0]/CP","ip_debug_trace_instance_u_trace_cdc_u_mmu_fifo/mem_reg[12][15]/D",-5,-0.005
1476,"basic_isa_instance/u_halt_fsm_state_reg[0]/CP","ip_debug_trace_instance_u_trace_cdc_u_mmu_fifo/mem_reg[11][15]/D",-5,-0.005
1477,"basic_isa_instance/u_halt_fsm_state_reg[0]/CP","ip_debug_trace_instance_u_trace_cdc_u_mmu_fifo/mem_reg[10][15]/D",-5,-0.005
1478,"basic_isa_instance/u_halt_fsm_state_reg[0]/CP","ip_debug_trace_instance_u_trace_cdc_u_mmu_fifo/mem_reg[9][15]/D",-5,-0.005
1479,"basic_isa_instance/u_halt_fsm_state_reg[0]/CP","ip_debug_trace_instance_u_trace_cdc_u_mmu_fifo/mem_reg[8][15]/D",-5,-0.005
1480,"basic_isa_instance/u_halt_fsm_state_reg[0]/CP","ip_debug_trace_instance_u_trace_cdc_u_mmu_fifo/mem_reg[7][15]/D",-5,-0.005
1481,"basic_isa_instance/u_halt_fsm_state_reg[0]/CP","ip_debug_trace_instance_u_trace_cdc_u_mmu_fifo/mem_reg[6][15]/D",-5,-0.005
1482,"basic_isa_instance/u_halt_fsm_state_reg[0]/CP","ip_debug_trace_instance_u_trace_cdc_u_mmu_fifo/mem_reg[5][15]/D",-5,-0.005
1483,"basic_isa_instance/u_halt_fsm_state_reg[0]/CP","ip_debug_trace_instance_u_trace_cdc_u_mmu_fifo/mem_reg[4][15]/D",-5,-0.005
1484,"basic_isa_instance/u_halt_fsm_state_reg[0]/CP","ip_debug_trace_instance_u_trace_cdc_u_mmu_fifo/mem_reg[3][15]/D",-5,-0.005
1485,"basic_isa_instance/u_halt_fsm_state_reg[0]/CP","ip_debug_trace_instance_u_trace_cdc_u_mmu_fifo/mem_reg[2][15]/D",-5,-0.005
1486,"basic_isa_instance/u_halt_fsm_state_reg[0]/CP","ip_debug_trace_instance_u_trace_cdc_u_mmu_fifo/mem_reg[1][15]/D",-5,-0.005
1487,"basic_isa_instance/u_halt_fsm_state_reg[0]/CP","ip_debug_trace_instance_u_trace_cdc_u_mmu_fifo/mem_reg[0][15]/D",-5,-0.005
1488,"basic_isa_instance/u_halt_fsm_state_reg[0]/CP","ip_debug_trace_instance_u_trace_cdc_u_mmu_fifo/mem_reg[15][13]/D",-5,-0.005
1489,"basic_isa_instance/u_halt_fsm_state_reg[0]/CP","ip_debug_trace_instance_u_trace_cdc_u_mmu_fifo/mem_reg[15][12]/D",-5,-0.005
1490,"basic_isa_instance/u_halt_fsm_state_reg[0]/CP","ip_debug_trace_instance_u_trace_cdc_u_mmu_fifo/mem_reg[14][13]/D",-5,-0.005
1491,"basic_isa_instance/u_halt_fsm_state_reg[0]/CP","ip_debug_trace_instance_u_trace_cdc_u_mmu_fifo/mem_reg[14][12]/D",-5,-0.005
1492,"basic_isa_instance/u_halt_fsm_state_reg[0]/CP","ip_debug_trace_instance_u_trace_cdc_u_mmu_fifo/mem_reg[13][13]/D",-5,-0.005
1493,"basic_isa_instance/u_halt_fsm_state_reg[0]/CP","ip_debug_trace_instance_u_trace_cdc_u_mmu_fifo/mem_reg[13][12]/D",-5,-0.005
1494,"basic_isa_instance/u_halt_fsm_state_reg[0]/CP","ip_debug_trace_instance_u_trace_cdc_u_mmu_fifo/mem_reg[12][13]/D",-5,-0.005
1495,"basic_isa_instance/u_halt_fsm_state_reg[0]/CP","ip_debug_trace_instance_u_trace_cdc_u_mmu_fifo/mem_reg[12][12]/D",-5,-0.005
1496,"basic_isa_instance/u_halt_fsm_state_reg[0]/CP","ip_debug_trace_instance_u_trace_cdc_u_mmu_fifo/mem_reg[11][13]/D",-5,-0.005
1497,"basic_isa_instance/u_halt_fsm_state_reg[0]/CP","ip_debug_trace_instance_u_trace_cdc_u_mmu_fifo/mem_reg[11][12]/D",-5,-0.005
1498,"basic_isa_instance/u_halt_fsm_state_reg[0]/CP","ip_debug_trace_instance_u_trace_cdc_u_mmu_fifo/mem_reg[10][13]/D",-5,-0.005
1499,"basic_isa_instance/u_halt_fsm_state_reg[0]/CP","ip_debug_trace_instance_u_trace_cdc_u_mmu_fifo/mem_reg[10][12]/D",-5,-0.005
1500,"basic_isa_instance/u_halt_fsm_state_reg[0]/CP","ip_debug_trace_instance_u_trace_cdc_u_mmu_fifo/mem_reg[9][13]/D",-5,-0.005
1501,"basic_isa_instance/u_halt_fsm_state_reg[0]/CP","ip_debug_trace_instance_u_trace_cdc_u_mmu_fifo/mem_reg[9][12]/D",-5,-0.005
1502,"basic_isa_instance/u_halt_fsm_state_reg[0]/CP","ip_debug_trace_instance_u_trace_cdc_u_mmu_fifo/mem_reg[8][13]/D",-5,-0.005
1503,"basic_isa_instance/u_halt_fsm_state_reg[0]/CP","ip_debug_trace_instance_u_trace_cdc_u_mmu_fifo/mem_reg[8][12]/D",-5,-0.005
1504,"basic_isa_instance/u_halt_fsm_state_reg[0]/CP","ip_debug_trace_instance_u_trace_cdc_u_mmu_fifo/mem_reg[7][13]/D",-5,-0.005
1505,"basic_isa_instance/u_halt_fsm_state_reg[0]/CP","ip_debug_trace_instance_u_trace_cdc_u_mmu_fifo/mem_reg[7][12]/D",-5,-0.005
1506,"basic_isa_instance/u_halt_fsm_state_reg[0]/CP","ip_debug_trace_instance_u_trace_cdc_u_mmu_fifo/mem_reg[6][13]/D",-5,-0.005
1507,"basic_isa_instance/u_halt_fsm_state_reg[0]/CP","ip_debug_trace_instance_u_trace_cdc_u_mmu_fifo/mem_reg[6][12]/D",-5,-0.005
1508,"basic_isa_instance/u_halt_fsm_state_reg[0]/CP","ip_debug_trace_instance_u_trace_cdc_u_mmu_fifo/mem_reg[5][13]/D",-5,-0.005
1509,"basic_isa_instance/u_halt_fsm_state_reg[0]/CP","ip_debug_trace_instance_u_trace_cdc_u_mmu_fifo/mem_reg[5][12]/D",-5,-0.005
1510,"basic_isa_instance/u_halt_fsm_state_reg[0]/CP","ip_debug_trace_instance_u_trace_cdc_u_mmu_fifo/mem_reg[4][13]/D",-5,-0.005
1511,"basic_isa_instance/u_halt_fsm_state_reg[0]/CP","ip_debug_trace_instance_u_trace_cdc_u_mmu_fifo/mem_reg[4][12]/D",-5,-0.005
1512,"basic_isa_instance/u_halt_fsm_state_reg[0]/CP","ip_debug_trace_instance_u_trace_cdc_u_mmu_fifo/mem_reg[3][13]/D",-5,-0.005
1513,"basic_isa_instance/u_halt_fsm_state_reg[0]/CP","ip_debug_trace_instance_u_trace_cdc_u_mmu_fifo/mem_reg[3][12]/D",-5,-0.005
1514,"basic_isa_instance/u_halt_fsm_state_reg[0]/CP","ip_debug_trace_instance_u_trace_cdc_u_mmu_fifo/mem_reg[2][13]/D",-5,-0.005
1515,"basic_isa_instance/u_halt_fsm_state_reg[0]/CP","ip_debug_trace_instance_u_trace_cdc_u_mmu_fifo/mem_reg[2][12]/D",-5,-0.005
1516,"basic_isa_instance/u_halt_fsm_state_reg[0]/CP","ip_debug_trace_instance_u_trace_cdc_u_mmu_fifo/mem_reg[1][13]/D",-5,-0.005
1517,"basic_isa_instance/u_halt_fsm_state_reg[0]/CP","ip_debug_trace_instance_u_trace_cdc_u_mmu_fifo/mem_reg[1][12]/D",-5,-0.005
1518,"basic_isa_instance/u_halt_fsm_state_reg[0]/CP","ip_debug_trace_instance_u_trace_cdc_u_mmu_fifo/mem_reg[0][13]/D",-5,-0.005
1519,"basic_isa_instance/u_halt_fsm_state_reg[0]/CP","ip_debug_trace_instance_u_trace_cdc_u_mmu_fifo/mem_reg[0][12]/D",-5,-0.005
1520,"mmu_instance_u_ptw_lat_base_ppn_reg[4]/CP","pte_wrapper_instance_u_pte_memory/data_out_reg[17]/D",-4,-0.004
1521,"basic_isa_instance/u_halt_fsm_state_reg[2]/CP","ip_debug_trace_instance_u_trace_cdc_u_mmu_fifo/mem_reg[15][4]/D",-4,-0.004
1522,"basic_isa_instance/u_halt_fsm_state_reg[2]/CP","ip_debug_trace_instance_u_trace_cdc_u_mmu_fifo/mem_reg[14][4]/D",-4,-0.004
1523,"basic_isa_instance/u_halt_fsm_state_reg[2]/CP","ip_debug_trace_instance_u_trace_cdc_u_mmu_fifo/mem_reg[13][4]/D",-4,-0.004
1524,"basic_isa_instance/u_halt_fsm_state_reg[2]/CP","ip_debug_trace_instance_u_trace_cdc_u_mmu_fifo/mem_reg[12][4]/D",-4,-0.004
1525,"basic_isa_instance/u_halt_fsm_state_reg[2]/CP","ip_debug_trace_instance_u_trace_cdc_u_mmu_fifo/mem_reg[11][4]/D",-4,-0.004
1526,"basic_isa_instance/u_halt_fsm_state_reg[2]/CP","ip_debug_trace_instance_u_trace_cdc_u_mmu_fifo/mem_reg[10][4]/D",-4,-0.004
1527,"basic_isa_instance/u_halt_fsm_state_reg[2]/CP","ip_debug_trace_instance_u_trace_cdc_u_mmu_fifo/mem_reg[9][4]/D",-4,-0.004
1528,"basic_isa_instance/u_halt_fsm_state_reg[2]/CP","ip_debug_trace_instance_u_trace_cdc_u_mmu_fifo/mem_reg[8][4]/D",-4,-0.004
1529,"basic_isa_instance/u_halt_fsm_state_reg[2]/CP","ip_debug_trace_instance_u_trace_cdc_u_mmu_fifo/mem_reg[7][4]/D",-4,-0.004
1530,"basic_isa_instance/u_halt_fsm_state_reg[2]/CP","ip_debug_trace_instance_u_trace_cdc_u_mmu_fifo/mem_reg[6][4]/D",-4,-0.004
1531,"basic_isa_instance/u_halt_fsm_state_reg[2]/CP","ip_debug_trace_instance_u_trace_cdc_u_mmu_fifo/mem_reg[5][4]/D",-4,-0.004
1532,"basic_isa_instance/u_halt_fsm_state_reg[2]/CP","ip_debug_trace_instance_u_trace_cdc_u_mmu_fifo/mem_reg[4][4]/D",-4,-0.004
1533,"basic_isa_instance/u_halt_fsm_state_reg[2]/CP","ip_debug_trace_instance_u_trace_cdc_u_mmu_fifo/mem_reg[3][4]/D",-4,-0.004
1534,"basic_isa_instance/u_halt_fsm_state_reg[2]/CP","ip_debug_trace_instance_u_trace_cdc_u_mmu_fifo/mem_reg[2][4]/D",-4,-0.004
1535,"basic_isa_instance/u_halt_fsm_state_reg[2]/CP","ip_debug_trace_instance_u_trace_cdc_u_mmu_fifo/mem_reg[1][4]/D",-4,-0.004
1536,"basic_isa_instance/u_halt_fsm_state_reg[2]/CP","ip_debug_trace_instance_u_trace_cdc_u_mmu_fifo/mem_reg[0][4]/D",-4,-0.004
1537,"csr_top_instance_csr_register_file_inst_satp_csr_inst_satp_r_reg[24]/CP","basic_isa_instance/u_mem_wb_load_data_out_reg[7]/D",-3,-0.003
1538,"basic_isa_instance/u_id_ex_jalr_ex_reg/CP","basic_isa_instance/u_ex_mem_alu_result_mem_reg[28]/D",-3,-0.003
1539,"mmu_instance_u_ptw_lat_base_ppn_reg[4]/CP","pte_wrapper_instance_u_pte_memory/data_out_reg[25]/D",-2,-0.002
1540,"mmu_instance_u_ptw_lat_base_ppn_reg[4]/CP","pte_wrapper_instance_u_pte_memory/data_out_reg[29]/D",-2,-0.002
1541,"basic_isa_instance/u_halt_fsm_state_reg[0]/CP","ip_debug_trace_instance_u_trace_cdc_u_mmu_fifo/mem_reg[15][0]/D",-2,-0.002
1542,"basic_isa_instance/u_halt_fsm_state_reg[0]/CP","ip_debug_trace_instance_u_trace_cdc_u_mmu_fifo/mem_reg[14][0]/D",-2,-0.002
1543,"basic_isa_instance/u_halt_fsm_state_reg[0]/CP","ip_debug_trace_instance_u_trace_cdc_u_mmu_fifo/mem_reg[13][0]/D",-2,-0.002
1544,"basic_isa_instance/u_halt_fsm_state_reg[0]/CP","ip_debug_trace_instance_u_trace_cdc_u_mmu_fifo/mem_reg[12][0]/D",-2,-0.002
1545,"basic_isa_instance/u_halt_fsm_state_reg[0]/CP","ip_debug_trace_instance_u_trace_cdc_u_mmu_fifo/mem_reg[11][0]/D",-2,-0.002
1546,"basic_isa_instance/u_halt_fsm_state_reg[0]/CP","ip_debug_trace_instance_u_trace_cdc_u_mmu_fifo/mem_reg[10][0]/D",-2,-0.002
1547,"basic_isa_instance/u_halt_fsm_state_reg[0]/CP","ip_debug_trace_instance_u_trace_cdc_u_mmu_fifo/mem_reg[9][0]/D",-2,-0.002
1548,"basic_isa_instance/u_halt_fsm_state_reg[0]/CP","ip_debug_trace_instance_u_trace_cdc_u_mmu_fifo/mem_reg[8][0]/D",-2,-0.002
1549,"basic_isa_instance/u_halt_fsm_state_reg[0]/CP","ip_debug_trace_instance_u_trace_cdc_u_mmu_fifo/mem_reg[7][0]/D",-2,-0.002
1550,"basic_isa_instance/u_halt_fsm_state_reg[0]/CP","ip_debug_trace_instance_u_trace_cdc_u_mmu_fifo/mem_reg[6][0]/D",-2,-0.002
1551,"basic_isa_instance/u_halt_fsm_state_reg[0]/CP","ip_debug_trace_instance_u_trace_cdc_u_mmu_fifo/mem_reg[5][0]/D",-2,-0.002
1552,"basic_isa_instance/u_halt_fsm_state_reg[0]/CP","ip_debug_trace_instance_u_trace_cdc_u_mmu_fifo/mem_reg[4][0]/D",-2,-0.002
1553,"basic_isa_instance/u_halt_fsm_state_reg[0]/CP","ip_debug_trace_instance_u_trace_cdc_u_mmu_fifo/mem_reg[3][0]/D",-2,-0.002
1554,"basic_isa_instance/u_halt_fsm_state_reg[0]/CP","ip_debug_trace_instance_u_trace_cdc_u_mmu_fifo/mem_reg[2][0]/D",-2,-0.002
1555,"basic_isa_instance/u_halt_fsm_state_reg[0]/CP","ip_debug_trace_instance_u_trace_cdc_u_mmu_fifo/mem_reg[1][0]/D",-2,-0.002
1556,"basic_isa_instance/u_halt_fsm_state_reg[0]/CP","ip_debug_trace_instance_u_trace_cdc_u_mmu_fifo/mem_reg[0][0]/D",-2,-0.002
