==============================================================
             TIMING VIOLATION REPORT
==============================================================

Source report : timing_maxpath1000.rpt
Maximum paths : 1600

Path    Startpoint    Endpoint    Slack
--------------------------------------------------------------
--------------------------------------------------------------
Path       : 1
Startpoint : clk_rst_bypass_top_instance/mem_rc_clk_mux_i_scan_mode_test_clk_0_clksel_latch_reg/EN
Endpoint   : clk_rst_bypass_top_instance/g1710/A2
Slack      : -9995553 ps
Slack      : -9995.553 ns

--------------------------------------------------------------
Path       : 2
Startpoint : clk_rst_bypass_top_instance/debug_rc_clk_mux_i_scan_mode_test_clk_0_clksel_latch_reg/EN
Endpoint   : clk_rst_bypass_top_instance/g1828/A2
Slack      : -9990579 ps
Slack      : -9990.579 ns

--------------------------------------------------------------
Path       : 3
Startpoint : basic_isa_instance/u_mem_wb_rd_wb_reg[3]/CP
Endpoint   : basic_isa_instance/u_if_u_pc_reg_core_to_int_reg[31]/D
Slack      : -1159 ps
Slack      : -1.159 ns

--------------------------------------------------------------
Path       : 4
Startpoint : basic_isa_instance/u_mem_wb_rd_wb_reg[3]/CP
Endpoint   : basic_isa_instance/u_if_u_pc_reg_core_to_int_reg[30]/D
Slack      : -1151 ps
Slack      : -1.151 ns

--------------------------------------------------------------
Path       : 5
Startpoint : basic_isa_instance/u_mem_wb_rd_wb_reg[3]/CP
Endpoint   : basic_isa_instance/u_if_u_btb_U_FILE_target_arr_reg[7][1][31]/D
Slack      : -1149 ps
Slack      : -1.149 ns

--------------------------------------------------------------
Path       : 6
Startpoint : basic_isa_instance/u_mem_wb_rd_wb_reg[3]/CP
Endpoint   : basic_isa_instance/u_if_u_btb_U_FILE_target_arr_reg[7][0][31]/D
Slack      : -1149 ps
Slack      : -1.149 ns

--------------------------------------------------------------
Path       : 7
Startpoint : basic_isa_instance/u_mem_wb_rd_wb_reg[3]/CP
Endpoint   : basic_isa_instance/u_if_u_btb_U_FILE_target_arr_reg[6][1][31]/D
Slack      : -1149 ps
Slack      : -1.149 ns

--------------------------------------------------------------
Path       : 8
Startpoint : basic_isa_instance/u_mem_wb_rd_wb_reg[3]/CP
Endpoint   : basic_isa_instance/u_if_u_btb_U_FILE_target_arr_reg[6][0][31]/D
Slack      : -1149 ps
Slack      : -1.149 ns

--------------------------------------------------------------
Path       : 9
Startpoint : basic_isa_instance/u_mem_wb_rd_wb_reg[3]/CP
Endpoint   : basic_isa_instance/u_if_u_btb_U_FILE_target_arr_reg[5][1][31]/D
Slack      : -1149 ps
Slack      : -1.149 ns

--------------------------------------------------------------
Path       : 10
Startpoint : basic_isa_instance/u_mem_wb_rd_wb_reg[3]/CP
Endpoint   : basic_isa_instance/u_if_u_btb_U_FILE_target_arr_reg[5][0][31]/D
Slack      : -1149 ps
Slack      : -1.149 ns

--------------------------------------------------------------
Path       : 11
Startpoint : basic_isa_instance/u_mem_wb_rd_wb_reg[3]/CP
Endpoint   : basic_isa_instance/u_if_u_btb_U_FILE_target_arr_reg[4][1][31]/D
Slack      : -1149 ps
Slack      : -1.149 ns

--------------------------------------------------------------
Path       : 12
Startpoint : basic_isa_instance/u_mem_wb_rd_wb_reg[3]/CP
Endpoint   : basic_isa_instance/u_if_u_btb_U_FILE_target_arr_reg[4][0][31]/D
Slack      : -1149 ps
Slack      : -1.149 ns

--------------------------------------------------------------
Path       : 13
Startpoint : basic_isa_instance/u_mem_wb_rd_wb_reg[3]/CP
Endpoint   : basic_isa_instance/u_if_u_btb_U_FILE_target_arr_reg[3][1][31]/D
Slack      : -1149 ps
Slack      : -1.149 ns

--------------------------------------------------------------
Path       : 14
Startpoint : basic_isa_instance/u_mem_wb_rd_wb_reg[3]/CP
Endpoint   : basic_isa_instance/u_if_u_btb_U_FILE_target_arr_reg[3][0][31]/D
Slack      : -1149 ps
Slack      : -1.149 ns

--------------------------------------------------------------
Path       : 15
Startpoint : basic_isa_instance/u_mem_wb_rd_wb_reg[3]/CP
Endpoint   : basic_isa_instance/u_if_u_btb_U_FILE_target_arr_reg[2][1][31]/D
Slack      : -1149 ps
Slack      : -1.149 ns

--------------------------------------------------------------
Path       : 16
Startpoint : basic_isa_instance/u_mem_wb_rd_wb_reg[3]/CP
Endpoint   : basic_isa_instance/u_if_u_btb_U_FILE_target_arr_reg[2][0][31]/D
Slack      : -1149 ps
Slack      : -1.149 ns

--------------------------------------------------------------
Path       : 17
Startpoint : basic_isa_instance/u_mem_wb_rd_wb_reg[3]/CP
Endpoint   : basic_isa_instance/u_if_u_btb_U_FILE_target_arr_reg[1][1][31]/D
Slack      : -1149 ps
Slack      : -1.149 ns

--------------------------------------------------------------
Path       : 18
Startpoint : basic_isa_instance/u_mem_wb_rd_wb_reg[3]/CP
Endpoint   : basic_isa_instance/u_if_u_btb_U_FILE_target_arr_reg[1][0][31]/D
Slack      : -1149 ps
Slack      : -1.149 ns

--------------------------------------------------------------
Path       : 19
Startpoint : basic_isa_instance/u_mem_wb_rd_wb_reg[3]/CP
Endpoint   : basic_isa_instance/u_if_u_btb_U_FILE_target_arr_reg[0][1][31]/D
Slack      : -1149 ps
Slack      : -1.149 ns

--------------------------------------------------------------
Path       : 20
Startpoint : basic_isa_instance/u_mem_wb_rd_wb_reg[3]/CP
Endpoint   : basic_isa_instance/u_if_u_btb_U_FILE_target_arr_reg[0][0][31]/D
Slack      : -1149 ps
Slack      : -1.149 ns

--------------------------------------------------------------
Path       : 21
Startpoint : basic_isa_instance/u_mem_wb_rd_wb_reg[3]/CP
Endpoint   : basic_isa_instance/u_if_u_pc_reg_pc_reg[31]/D
Slack      : -1142 ps
Slack      : -1.142 ns

--------------------------------------------------------------
Path       : 22
Startpoint : basic_isa_instance/u_mem_wb_rd_wb_reg[3]/CP
Endpoint   : basic_isa_instance/u_if_u_pc_reg_pc_reg[29]/D
Slack      : -1138 ps
Slack      : -1.138 ns

--------------------------------------------------------------
Path       : 23
Startpoint : basic_isa_instance/u_mem_wb_rd_wb_reg[3]/CP
Endpoint   : basic_isa_instance/u_if_u_pc_reg_pc_reg[30]/D
Slack      : -1119 ps
Slack      : -1.119 ns

--------------------------------------------------------------
Path       : 24
Startpoint : basic_isa_instance/u_mem_wb_rd_wb_reg[3]/CP
Endpoint   : basic_isa_instance/u_if_u_btb_U_FILE_target_arr_reg[7][1][30]/D
Slack      : -1114 ps
Slack      : -1.114 ns

--------------------------------------------------------------
Path       : 25
Startpoint : basic_isa_instance/u_mem_wb_rd_wb_reg[3]/CP
Endpoint   : basic_isa_instance/u_if_u_btb_U_FILE_target_arr_reg[7][0][30]/D
Slack      : -1114 ps
Slack      : -1.114 ns

--------------------------------------------------------------
Path       : 26
Startpoint : basic_isa_instance/u_mem_wb_rd_wb_reg[3]/CP
Endpoint   : basic_isa_instance/u_if_u_btb_U_FILE_target_arr_reg[6][1][30]/D
Slack      : -1114 ps
Slack      : -1.114 ns

--------------------------------------------------------------
Path       : 27
Startpoint : basic_isa_instance/u_mem_wb_rd_wb_reg[3]/CP
Endpoint   : basic_isa_instance/u_if_u_btb_U_FILE_target_arr_reg[6][0][30]/D
Slack      : -1114 ps
Slack      : -1.114 ns

--------------------------------------------------------------
Path       : 28
Startpoint : basic_isa_instance/u_mem_wb_rd_wb_reg[3]/CP
Endpoint   : basic_isa_instance/u_if_u_btb_U_FILE_target_arr_reg[5][1][30]/D
Slack      : -1114 ps
Slack      : -1.114 ns

--------------------------------------------------------------
Path       : 29
Startpoint : basic_isa_instance/u_mem_wb_rd_wb_reg[3]/CP
Endpoint   : basic_isa_instance/u_if_u_btb_U_FILE_target_arr_reg[5][0][30]/D
Slack      : -1114 ps
Slack      : -1.114 ns

--------------------------------------------------------------
Path       : 30
Startpoint : basic_isa_instance/u_mem_wb_rd_wb_reg[3]/CP
Endpoint   : basic_isa_instance/u_if_u_btb_U_FILE_target_arr_reg[4][1][30]/D
Slack      : -1114 ps
Slack      : -1.114 ns

--------------------------------------------------------------
Path       : 31
Startpoint : basic_isa_instance/u_mem_wb_rd_wb_reg[3]/CP
Endpoint   : basic_isa_instance/u_if_u_btb_U_FILE_target_arr_reg[4][0][30]/D
Slack      : -1114 ps
Slack      : -1.114 ns

--------------------------------------------------------------
Path       : 32
Startpoint : basic_isa_instance/u_mem_wb_rd_wb_reg[3]/CP
Endpoint   : basic_isa_instance/u_if_u_btb_U_FILE_target_arr_reg[3][1][30]/D
Slack      : -1114 ps
Slack      : -1.114 ns

--------------------------------------------------------------
Path       : 33
Startpoint : basic_isa_instance/u_mem_wb_rd_wb_reg[3]/CP
Endpoint   : basic_isa_instance/u_if_u_btb_U_FILE_target_arr_reg[3][0][30]/D
Slack      : -1114 ps
Slack      : -1.114 ns

--------------------------------------------------------------
Path       : 34
Startpoint : basic_isa_instance/u_mem_wb_rd_wb_reg[3]/CP
Endpoint   : basic_isa_instance/u_if_u_btb_U_FILE_target_arr_reg[2][1][30]/D
Slack      : -1114 ps
Slack      : -1.114 ns

--------------------------------------------------------------
Path       : 35
Startpoint : basic_isa_instance/u_mem_wb_rd_wb_reg[3]/CP
Endpoint   : basic_isa_instance/u_if_u_btb_U_FILE_target_arr_reg[2][0][30]/D
Slack      : -1114 ps
Slack      : -1.114 ns

--------------------------------------------------------------
Path       : 36
Startpoint : basic_isa_instance/u_mem_wb_rd_wb_reg[3]/CP
Endpoint   : basic_isa_instance/u_if_u_btb_U_FILE_target_arr_reg[1][1][30]/D
Slack      : -1114 ps
Slack      : -1.114 ns

--------------------------------------------------------------
Path       : 37
Startpoint : basic_isa_instance/u_mem_wb_rd_wb_reg[3]/CP
Endpoint   : basic_isa_instance/u_if_u_btb_U_FILE_target_arr_reg[1][0][30]/D
Slack      : -1114 ps
Slack      : -1.114 ns

--------------------------------------------------------------
Path       : 38
Startpoint : basic_isa_instance/u_mem_wb_rd_wb_reg[3]/CP
Endpoint   : basic_isa_instance/u_if_u_btb_U_FILE_target_arr_reg[0][1][30]/D
Slack      : -1114 ps
Slack      : -1.114 ns

--------------------------------------------------------------
Path       : 39
Startpoint : basic_isa_instance/u_mem_wb_rd_wb_reg[3]/CP
Endpoint   : basic_isa_instance/u_if_u_btb_U_FILE_target_arr_reg[0][0][30]/D
Slack      : -1114 ps
Slack      : -1.114 ns

--------------------------------------------------------------
Path       : 40
Startpoint : basic_isa_instance/u_mem_wb_rd_wb_reg[3]/CP
Endpoint   : basic_isa_instance/u_if_u_pc_reg_core_to_int_reg[29]/D
Slack      : -1094 ps
Slack      : -1.094 ns

--------------------------------------------------------------
Path       : 41
Startpoint : basic_isa_instance/u_id_ex_inst_ex_o_reg[17]/CP
Endpoint   : basic_isa_instance/u_if_u_btb_U_FILE_target_arr_reg[7][1][29]/D
Slack      : -1038 ps
Slack      : -1.038 ns

--------------------------------------------------------------
Path       : 42
Startpoint : basic_isa_instance/u_id_ex_inst_ex_o_reg[17]/CP
Endpoint   : basic_isa_instance/u_if_u_btb_U_FILE_target_arr_reg[7][0][29]/D
Slack      : -1038 ps
Slack      : -1.038 ns

--------------------------------------------------------------
Path       : 43
Startpoint : basic_isa_instance/u_id_ex_inst_ex_o_reg[17]/CP
Endpoint   : basic_isa_instance/u_if_u_btb_U_FILE_target_arr_reg[6][1][29]/D
Slack      : -1038 ps
Slack      : -1.038 ns

--------------------------------------------------------------
Path       : 44
Startpoint : basic_isa_instance/u_id_ex_inst_ex_o_reg[17]/CP
Endpoint   : basic_isa_instance/u_if_u_btb_U_FILE_target_arr_reg[6][0][29]/D
Slack      : -1038 ps
Slack      : -1.038 ns

--------------------------------------------------------------
Path       : 45
Startpoint : basic_isa_instance/u_id_ex_inst_ex_o_reg[17]/CP
Endpoint   : basic_isa_instance/u_if_u_btb_U_FILE_target_arr_reg[5][1][29]/D
Slack      : -1038 ps
Slack      : -1.038 ns

--------------------------------------------------------------
Path       : 46
Startpoint : basic_isa_instance/u_id_ex_inst_ex_o_reg[17]/CP
Endpoint   : basic_isa_instance/u_if_u_btb_U_FILE_target_arr_reg[5][0][29]/D
Slack      : -1038 ps
Slack      : -1.038 ns

--------------------------------------------------------------
Path       : 47
Startpoint : basic_isa_instance/u_id_ex_inst_ex_o_reg[17]/CP
Endpoint   : basic_isa_instance/u_if_u_btb_U_FILE_target_arr_reg[4][1][29]/D
Slack      : -1038 ps
Slack      : -1.038 ns

--------------------------------------------------------------
Path       : 48
Startpoint : basic_isa_instance/u_id_ex_inst_ex_o_reg[17]/CP
Endpoint   : basic_isa_instance/u_if_u_btb_U_FILE_target_arr_reg[4][0][29]/D
Slack      : -1038 ps
Slack      : -1.038 ns

--------------------------------------------------------------
Path       : 49
Startpoint : basic_isa_instance/u_id_ex_inst_ex_o_reg[17]/CP
Endpoint   : basic_isa_instance/u_if_u_btb_U_FILE_target_arr_reg[3][1][29]/D
Slack      : -1038 ps
Slack      : -1.038 ns

--------------------------------------------------------------
Path       : 50
Startpoint : basic_isa_instance/u_id_ex_inst_ex_o_reg[17]/CP
Endpoint   : basic_isa_instance/u_if_u_btb_U_FILE_target_arr_reg[3][0][29]/D
Slack      : -1038 ps
Slack      : -1.038 ns

--------------------------------------------------------------
Path       : 51
Startpoint : basic_isa_instance/u_id_ex_inst_ex_o_reg[17]/CP
Endpoint   : basic_isa_instance/u_if_u_btb_U_FILE_target_arr_reg[2][1][29]/D
Slack      : -1038 ps
Slack      : -1.038 ns

--------------------------------------------------------------
Path       : 52
Startpoint : basic_isa_instance/u_id_ex_inst_ex_o_reg[17]/CP
Endpoint   : basic_isa_instance/u_if_u_btb_U_FILE_target_arr_reg[2][0][29]/D
Slack      : -1038 ps
Slack      : -1.038 ns

--------------------------------------------------------------
Path       : 53
Startpoint : basic_isa_instance/u_id_ex_inst_ex_o_reg[17]/CP
Endpoint   : basic_isa_instance/u_if_u_btb_U_FILE_target_arr_reg[1][1][29]/D
Slack      : -1038 ps
Slack      : -1.038 ns

--------------------------------------------------------------
Path       : 54
Startpoint : basic_isa_instance/u_id_ex_inst_ex_o_reg[17]/CP
Endpoint   : basic_isa_instance/u_if_u_btb_U_FILE_target_arr_reg[1][0][29]/D
Slack      : -1038 ps
Slack      : -1.038 ns

--------------------------------------------------------------
Path       : 55
Startpoint : basic_isa_instance/u_id_ex_inst_ex_o_reg[17]/CP
Endpoint   : basic_isa_instance/u_if_u_btb_U_FILE_target_arr_reg[0][1][29]/D
Slack      : -1038 ps
Slack      : -1.038 ns

--------------------------------------------------------------
Path       : 56
Startpoint : basic_isa_instance/u_id_ex_inst_ex_o_reg[17]/CP
Endpoint   : basic_isa_instance/u_if_u_btb_U_FILE_target_arr_reg[0][0][29]/D
Slack      : -1038 ps
Slack      : -1.038 ns

--------------------------------------------------------------
Path       : 57
Startpoint : basic_isa_instance/u_id_ex_inst_ex_o_reg[17]/CP
Endpoint   : basic_isa_instance/u_if_u_btb_U_FILE_target_arr_reg[7][1][28]/D
Slack      : -999 ps
Slack      : -0.999 ns

--------------------------------------------------------------
Path       : 58
Startpoint : basic_isa_instance/u_id_ex_inst_ex_o_reg[17]/CP
Endpoint   : basic_isa_instance/u_if_u_btb_U_FILE_target_arr_reg[7][0][28]/D
Slack      : -999 ps
Slack      : -0.999 ns

--------------------------------------------------------------
Path       : 59
Startpoint : basic_isa_instance/u_id_ex_inst_ex_o_reg[17]/CP
Endpoint   : basic_isa_instance/u_if_u_btb_U_FILE_target_arr_reg[6][1][28]/D
Slack      : -999 ps
Slack      : -0.999 ns

--------------------------------------------------------------
Path       : 60
Startpoint : basic_isa_instance/u_id_ex_inst_ex_o_reg[17]/CP
Endpoint   : basic_isa_instance/u_if_u_btb_U_FILE_target_arr_reg[6][0][28]/D
Slack      : -999 ps
Slack      : -0.999 ns

--------------------------------------------------------------
Path       : 61
Startpoint : basic_isa_instance/u_id_ex_inst_ex_o_reg[17]/CP
Endpoint   : basic_isa_instance/u_if_u_btb_U_FILE_target_arr_reg[5][1][28]/D
Slack      : -999 ps
Slack      : -0.999 ns

--------------------------------------------------------------
Path       : 62
Startpoint : basic_isa_instance/u_id_ex_inst_ex_o_reg[17]/CP
Endpoint   : basic_isa_instance/u_if_u_btb_U_FILE_target_arr_reg[5][0][28]/D
Slack      : -999 ps
Slack      : -0.999 ns

--------------------------------------------------------------
Path       : 63
Startpoint : basic_isa_instance/u_id_ex_inst_ex_o_reg[17]/CP
Endpoint   : basic_isa_instance/u_if_u_btb_U_FILE_target_arr_reg[4][1][28]/D
Slack      : -999 ps
Slack      : -0.999 ns

--------------------------------------------------------------
Path       : 64
Startpoint : basic_isa_instance/u_id_ex_inst_ex_o_reg[17]/CP
Endpoint   : basic_isa_instance/u_if_u_btb_U_FILE_target_arr_reg[4][0][28]/D
Slack      : -999 ps
Slack      : -0.999 ns

--------------------------------------------------------------
Path       : 65
Startpoint : basic_isa_instance/u_id_ex_inst_ex_o_reg[17]/CP
Endpoint   : basic_isa_instance/u_if_u_btb_U_FILE_target_arr_reg[3][1][28]/D
Slack      : -999 ps
Slack      : -0.999 ns

--------------------------------------------------------------
Path       : 66
Startpoint : basic_isa_instance/u_id_ex_inst_ex_o_reg[17]/CP
Endpoint   : basic_isa_instance/u_if_u_btb_U_FILE_target_arr_reg[3][0][28]/D
Slack      : -999 ps
Slack      : -0.999 ns

--------------------------------------------------------------
Path       : 67
Startpoint : basic_isa_instance/u_id_ex_inst_ex_o_reg[17]/CP
Endpoint   : basic_isa_instance/u_if_u_btb_U_FILE_target_arr_reg[2][1][28]/D
Slack      : -999 ps
Slack      : -0.999 ns

--------------------------------------------------------------
Path       : 68
Startpoint : basic_isa_instance/u_id_ex_inst_ex_o_reg[17]/CP
Endpoint   : basic_isa_instance/u_if_u_btb_U_FILE_target_arr_reg[2][0][28]/D
Slack      : -999 ps
Slack      : -0.999 ns

--------------------------------------------------------------
Path       : 69
Startpoint : basic_isa_instance/u_id_ex_inst_ex_o_reg[17]/CP
Endpoint   : basic_isa_instance/u_if_u_btb_U_FILE_target_arr_reg[1][1][28]/D
Slack      : -999 ps
Slack      : -0.999 ns

--------------------------------------------------------------
Path       : 70
Startpoint : basic_isa_instance/u_id_ex_inst_ex_o_reg[17]/CP
Endpoint   : basic_isa_instance/u_if_u_btb_U_FILE_target_arr_reg[1][0][28]/D
Slack      : -999 ps
Slack      : -0.999 ns

--------------------------------------------------------------
Path       : 71
Startpoint : basic_isa_instance/u_id_ex_inst_ex_o_reg[17]/CP
Endpoint   : basic_isa_instance/u_if_u_btb_U_FILE_target_arr_reg[0][1][28]/D
Slack      : -999 ps
Slack      : -0.999 ns

--------------------------------------------------------------
Path       : 72
Startpoint : basic_isa_instance/u_id_ex_inst_ex_o_reg[17]/CP
Endpoint   : basic_isa_instance/u_if_u_btb_U_FILE_target_arr_reg[0][0][28]/D
Slack      : -999 ps
Slack      : -0.999 ns

--------------------------------------------------------------
Path       : 73
Startpoint : basic_isa_instance/u_id_ex_inst_ex_o_reg[17]/CP
Endpoint   : basic_isa_instance/u_if_u_pc_reg_pc_reg[28]/D
Slack      : -973 ps
Slack      : -0.973 ns

--------------------------------------------------------------
Path       : 74
Startpoint : basic_isa_instance/u_id_ex_inst_ex_o_reg[17]/CP
Endpoint   : basic_isa_instance/u_if_u_btb_U_FILE_target_arr_reg[7][1][27]/D
Slack      : -958 ps
Slack      : -0.958 ns

--------------------------------------------------------------
Path       : 75
Startpoint : basic_isa_instance/u_id_ex_inst_ex_o_reg[17]/CP
Endpoint   : basic_isa_instance/u_if_u_btb_U_FILE_target_arr_reg[7][0][27]/D
Slack      : -958 ps
Slack      : -0.958 ns

--------------------------------------------------------------
Path       : 76
Startpoint : basic_isa_instance/u_id_ex_inst_ex_o_reg[17]/CP
Endpoint   : basic_isa_instance/u_if_u_btb_U_FILE_target_arr_reg[6][1][27]/D
Slack      : -958 ps
Slack      : -0.958 ns

--------------------------------------------------------------
Path       : 77
Startpoint : basic_isa_instance/u_id_ex_inst_ex_o_reg[17]/CP
Endpoint   : basic_isa_instance/u_if_u_btb_U_FILE_target_arr_reg[6][0][27]/D
Slack      : -958 ps
Slack      : -0.958 ns

--------------------------------------------------------------
Path       : 78
Startpoint : basic_isa_instance/u_id_ex_inst_ex_o_reg[17]/CP
Endpoint   : basic_isa_instance/u_if_u_btb_U_FILE_target_arr_reg[5][1][27]/D
Slack      : -958 ps
Slack      : -0.958 ns

--------------------------------------------------------------
Path       : 79
Startpoint : basic_isa_instance/u_id_ex_inst_ex_o_reg[17]/CP
Endpoint   : basic_isa_instance/u_if_u_btb_U_FILE_target_arr_reg[5][0][27]/D
Slack      : -958 ps
Slack      : -0.958 ns

--------------------------------------------------------------
Path       : 80
Startpoint : basic_isa_instance/u_id_ex_inst_ex_o_reg[17]/CP
Endpoint   : basic_isa_instance/u_if_u_btb_U_FILE_target_arr_reg[4][1][27]/D
Slack      : -958 ps
Slack      : -0.958 ns

--------------------------------------------------------------
Path       : 81
Startpoint : basic_isa_instance/u_id_ex_inst_ex_o_reg[17]/CP
Endpoint   : basic_isa_instance/u_if_u_btb_U_FILE_target_arr_reg[4][0][27]/D
Slack      : -958 ps
Slack      : -0.958 ns

--------------------------------------------------------------
Path       : 82
Startpoint : basic_isa_instance/u_id_ex_inst_ex_o_reg[17]/CP
Endpoint   : basic_isa_instance/u_if_u_btb_U_FILE_target_arr_reg[3][1][27]/D
Slack      : -958 ps
Slack      : -0.958 ns

--------------------------------------------------------------
Path       : 83
Startpoint : basic_isa_instance/u_id_ex_inst_ex_o_reg[17]/CP
Endpoint   : basic_isa_instance/u_if_u_btb_U_FILE_target_arr_reg[3][0][27]/D
Slack      : -958 ps
Slack      : -0.958 ns

--------------------------------------------------------------
Path       : 84
Startpoint : basic_isa_instance/u_id_ex_inst_ex_o_reg[17]/CP
Endpoint   : basic_isa_instance/u_if_u_btb_U_FILE_target_arr_reg[2][1][27]/D
Slack      : -958 ps
Slack      : -0.958 ns

--------------------------------------------------------------
Path       : 85
Startpoint : basic_isa_instance/u_id_ex_inst_ex_o_reg[17]/CP
Endpoint   : basic_isa_instance/u_if_u_btb_U_FILE_target_arr_reg[2][0][27]/D
Slack      : -958 ps
Slack      : -0.958 ns

--------------------------------------------------------------
Path       : 86
Startpoint : basic_isa_instance/u_id_ex_inst_ex_o_reg[17]/CP
Endpoint   : basic_isa_instance/u_if_u_btb_U_FILE_target_arr_reg[1][1][27]/D
Slack      : -958 ps
Slack      : -0.958 ns

--------------------------------------------------------------
Path       : 87
Startpoint : basic_isa_instance/u_id_ex_inst_ex_o_reg[17]/CP
Endpoint   : basic_isa_instance/u_if_u_btb_U_FILE_target_arr_reg[1][0][27]/D
Slack      : -958 ps
Slack      : -0.958 ns

--------------------------------------------------------------
Path       : 88
Startpoint : basic_isa_instance/u_id_ex_inst_ex_o_reg[17]/CP
Endpoint   : basic_isa_instance/u_if_u_btb_U_FILE_target_arr_reg[0][1][27]/D
Slack      : -958 ps
Slack      : -0.958 ns

--------------------------------------------------------------
Path       : 89
Startpoint : basic_isa_instance/u_id_ex_inst_ex_o_reg[17]/CP
Endpoint   : basic_isa_instance/u_if_u_btb_U_FILE_target_arr_reg[0][0][27]/D
Slack      : -958 ps
Slack      : -0.958 ns

--------------------------------------------------------------
Path       : 90
Startpoint : basic_isa_instance/u_id_ex_inst_ex_o_reg[17]/CP
Endpoint   : basic_isa_instance/u_if_u_pc_reg_core_to_int_reg[28]/D
Slack      : -956 ps
Slack      : -0.956 ns

--------------------------------------------------------------
Path       : 91
Startpoint : basic_isa_instance/u_id_ex_inst_ex_o_reg[17]/CP
Endpoint   : basic_isa_instance/u_if_u_pc_reg_pc_reg[27]/D
Slack      : -929 ps
Slack      : -0.929 ns

--------------------------------------------------------------
Path       : 92
Startpoint : basic_isa_instance/u_id_ex_inst_ex_o_reg[17]/CP
Endpoint   : basic_isa_instance/u_if_u_pc_reg_core_to_int_reg[27]/D
Slack      : -912 ps
Slack      : -0.912 ns

--------------------------------------------------------------
Path       : 93
Startpoint : basic_isa_instance/u_id_ex_inst_ex_o_reg[17]/CP
Endpoint   : basic_isa_instance/u_if_u_pc_reg_pc_reg[25]/D
Slack      : -904 ps
Slack      : -0.904 ns

--------------------------------------------------------------
Path       : 94
Startpoint : basic_isa_instance/u_id_ex_inst_ex_o_reg[17]/CP
Endpoint   : basic_isa_instance/u_if_u_btb_U_FILE_target_arr_reg[7][1][25]/D
Slack      : -899 ps
Slack      : -0.899 ns

--------------------------------------------------------------
Path       : 95
Startpoint : basic_isa_instance/u_id_ex_inst_ex_o_reg[17]/CP
Endpoint   : basic_isa_instance/u_if_u_btb_U_FILE_target_arr_reg[7][0][25]/D
Slack      : -899 ps
Slack      : -0.899 ns

--------------------------------------------------------------
Path       : 96
Startpoint : basic_isa_instance/u_id_ex_inst_ex_o_reg[17]/CP
Endpoint   : basic_isa_instance/u_if_u_btb_U_FILE_target_arr_reg[6][1][25]/D
Slack      : -899 ps
Slack      : -0.899 ns

--------------------------------------------------------------
Path       : 97
Startpoint : basic_isa_instance/u_id_ex_inst_ex_o_reg[17]/CP
Endpoint   : basic_isa_instance/u_if_u_btb_U_FILE_target_arr_reg[6][0][25]/D
Slack      : -899 ps
Slack      : -0.899 ns

--------------------------------------------------------------
Path       : 98
Startpoint : basic_isa_instance/u_id_ex_inst_ex_o_reg[17]/CP
Endpoint   : basic_isa_instance/u_if_u_btb_U_FILE_target_arr_reg[5][1][25]/D
Slack      : -899 ps
Slack      : -0.899 ns

--------------------------------------------------------------
Path       : 99
Startpoint : basic_isa_instance/u_id_ex_inst_ex_o_reg[17]/CP
Endpoint   : basic_isa_instance/u_if_u_btb_U_FILE_target_arr_reg[5][0][25]/D
Slack      : -899 ps
Slack      : -0.899 ns

--------------------------------------------------------------
Path       : 100
Startpoint : basic_isa_instance/u_id_ex_inst_ex_o_reg[17]/CP
Endpoint   : basic_isa_instance/u_if_u_btb_U_FILE_target_arr_reg[4][1][25]/D
Slack      : -899 ps
Slack      : -0.899 ns

--------------------------------------------------------------
Path       : 101
Startpoint : basic_isa_instance/u_id_ex_inst_ex_o_reg[17]/CP
Endpoint   : basic_isa_instance/u_if_u_btb_U_FILE_target_arr_reg[4][0][25]/D
Slack      : -899 ps
Slack      : -0.899 ns

--------------------------------------------------------------
Path       : 102
Startpoint : basic_isa_instance/u_id_ex_inst_ex_o_reg[17]/CP
Endpoint   : basic_isa_instance/u_if_u_btb_U_FILE_target_arr_reg[3][1][25]/D
Slack      : -899 ps
Slack      : -0.899 ns

--------------------------------------------------------------
Path       : 103
Startpoint : basic_isa_instance/u_id_ex_inst_ex_o_reg[17]/CP
Endpoint   : basic_isa_instance/u_if_u_btb_U_FILE_target_arr_reg[3][0][25]/D
Slack      : -899 ps
Slack      : -0.899 ns

--------------------------------------------------------------
Path       : 104
Startpoint : basic_isa_instance/u_id_ex_inst_ex_o_reg[17]/CP
Endpoint   : basic_isa_instance/u_if_u_btb_U_FILE_target_arr_reg[2][1][25]/D
Slack      : -899 ps
Slack      : -0.899 ns

--------------------------------------------------------------
Path       : 105
Startpoint : basic_isa_instance/u_id_ex_inst_ex_o_reg[17]/CP
Endpoint   : basic_isa_instance/u_if_u_btb_U_FILE_target_arr_reg[2][0][25]/D
Slack      : -899 ps
Slack      : -0.899 ns

--------------------------------------------------------------
Path       : 106
Startpoint : basic_isa_instance/u_id_ex_inst_ex_o_reg[17]/CP
Endpoint   : basic_isa_instance/u_if_u_btb_U_FILE_target_arr_reg[1][1][25]/D
Slack      : -899 ps
Slack      : -0.899 ns

--------------------------------------------------------------
Path       : 107
Startpoint : basic_isa_instance/u_id_ex_inst_ex_o_reg[17]/CP
Endpoint   : basic_isa_instance/u_if_u_btb_U_FILE_target_arr_reg[1][0][25]/D
Slack      : -899 ps
Slack      : -0.899 ns

--------------------------------------------------------------
Path       : 108
Startpoint : basic_isa_instance/u_id_ex_inst_ex_o_reg[17]/CP
Endpoint   : basic_isa_instance/u_if_u_btb_U_FILE_target_arr_reg[0][1][25]/D
Slack      : -899 ps
Slack      : -0.899 ns

--------------------------------------------------------------
Path       : 109
Startpoint : basic_isa_instance/u_id_ex_inst_ex_o_reg[17]/CP
Endpoint   : basic_isa_instance/u_if_u_btb_U_FILE_target_arr_reg[0][0][25]/D
Slack      : -899 ps
Slack      : -0.899 ns

--------------------------------------------------------------
Path       : 110
Startpoint : basic_isa_instance/u_id_ex_inst_ex_o_reg[17]/CP
Endpoint   : basic_isa_instance/u_if_u_pc_reg_core_to_int_reg[25]/D
Slack      : -888 ps
Slack      : -0.888 ns

--------------------------------------------------------------
Path       : 111
Startpoint : basic_isa_instance/u_id_ex_inst_ex_o_reg[17]/CP
Endpoint   : basic_isa_instance/u_if_u_btb_U_FILE_target_arr_reg[7][1][26]/D
Slack      : -876 ps
Slack      : -0.876 ns

--------------------------------------------------------------
Path       : 112
Startpoint : basic_isa_instance/u_id_ex_inst_ex_o_reg[17]/CP
Endpoint   : basic_isa_instance/u_if_u_btb_U_FILE_target_arr_reg[7][0][26]/D
Slack      : -876 ps
Slack      : -0.876 ns

--------------------------------------------------------------
Path       : 113
Startpoint : basic_isa_instance/u_id_ex_inst_ex_o_reg[17]/CP
Endpoint   : basic_isa_instance/u_if_u_btb_U_FILE_target_arr_reg[6][1][26]/D
Slack      : -876 ps
Slack      : -0.876 ns

--------------------------------------------------------------
Path       : 114
Startpoint : basic_isa_instance/u_id_ex_inst_ex_o_reg[17]/CP
Endpoint   : basic_isa_instance/u_if_u_btb_U_FILE_target_arr_reg[6][0][26]/D
Slack      : -876 ps
Slack      : -0.876 ns

--------------------------------------------------------------
Path       : 115
Startpoint : basic_isa_instance/u_id_ex_inst_ex_o_reg[17]/CP
Endpoint   : basic_isa_instance/u_if_u_btb_U_FILE_target_arr_reg[5][1][26]/D
Slack      : -876 ps
Slack      : -0.876 ns

--------------------------------------------------------------
Path       : 116
Startpoint : basic_isa_instance/u_id_ex_inst_ex_o_reg[17]/CP
Endpoint   : basic_isa_instance/u_if_u_btb_U_FILE_target_arr_reg[5][0][26]/D
Slack      : -876 ps
Slack      : -0.876 ns

--------------------------------------------------------------
Path       : 117
Startpoint : basic_isa_instance/u_id_ex_inst_ex_o_reg[17]/CP
Endpoint   : basic_isa_instance/u_if_u_btb_U_FILE_target_arr_reg[4][1][26]/D
Slack      : -876 ps
Slack      : -0.876 ns

--------------------------------------------------------------
Path       : 118
Startpoint : basic_isa_instance/u_id_ex_inst_ex_o_reg[17]/CP
Endpoint   : basic_isa_instance/u_if_u_btb_U_FILE_target_arr_reg[4][0][26]/D
Slack      : -876 ps
Slack      : -0.876 ns

--------------------------------------------------------------
Path       : 119
Startpoint : basic_isa_instance/u_id_ex_inst_ex_o_reg[17]/CP
Endpoint   : basic_isa_instance/u_if_u_btb_U_FILE_target_arr_reg[3][1][26]/D
Slack      : -876 ps
Slack      : -0.876 ns

--------------------------------------------------------------
Path       : 120
Startpoint : basic_isa_instance/u_id_ex_inst_ex_o_reg[17]/CP
Endpoint   : basic_isa_instance/u_if_u_btb_U_FILE_target_arr_reg[3][0][26]/D
Slack      : -876 ps
Slack      : -0.876 ns

--------------------------------------------------------------
Path       : 121
Startpoint : basic_isa_instance/u_id_ex_inst_ex_o_reg[17]/CP
Endpoint   : basic_isa_instance/u_if_u_btb_U_FILE_target_arr_reg[2][1][26]/D
Slack      : -876 ps
Slack      : -0.876 ns

--------------------------------------------------------------
Path       : 122
Startpoint : basic_isa_instance/u_id_ex_inst_ex_o_reg[17]/CP
Endpoint   : basic_isa_instance/u_if_u_btb_U_FILE_target_arr_reg[2][0][26]/D
Slack      : -876 ps
Slack      : -0.876 ns

--------------------------------------------------------------
Path       : 123
Startpoint : basic_isa_instance/u_id_ex_inst_ex_o_reg[17]/CP
Endpoint   : basic_isa_instance/u_if_u_btb_U_FILE_target_arr_reg[1][1][26]/D
Slack      : -876 ps
Slack      : -0.876 ns

--------------------------------------------------------------
Path       : 124
Startpoint : basic_isa_instance/u_id_ex_inst_ex_o_reg[17]/CP
Endpoint   : basic_isa_instance/u_if_u_btb_U_FILE_target_arr_reg[1][0][26]/D
Slack      : -876 ps
Slack      : -0.876 ns

--------------------------------------------------------------
Path       : 125
Startpoint : basic_isa_instance/u_id_ex_inst_ex_o_reg[17]/CP
Endpoint   : basic_isa_instance/u_if_u_btb_U_FILE_target_arr_reg[0][1][26]/D
Slack      : -876 ps
Slack      : -0.876 ns

--------------------------------------------------------------
Path       : 126
Startpoint : basic_isa_instance/u_id_ex_inst_ex_o_reg[17]/CP
Endpoint   : basic_isa_instance/u_if_u_btb_U_FILE_target_arr_reg[0][0][26]/D
Slack      : -876 ps
Slack      : -0.876 ns

--------------------------------------------------------------
Path       : 127
Startpoint : basic_isa_instance/u_id_ex_inst_ex_o_reg[17]/CP
Endpoint   : basic_isa_instance/u_if_u_pc_reg_pc_reg[26]/D
Slack      : -847 ps
Slack      : -0.847 ns

--------------------------------------------------------------
Path       : 128
Startpoint : basic_isa_instance/u_id_ex_inst_ex_o_reg[17]/CP
Endpoint   : basic_isa_instance/u_if_u_pc_reg_core_to_int_reg[26]/D
Slack      : -830 ps
Slack      : -0.830 ns

--------------------------------------------------------------
Path       : 129
Startpoint : basic_isa_instance/u_id_ex_inst_ex_o_reg[17]/CP
Endpoint   : basic_isa_instance/u_if_u_btb_U_FILE_target_arr_reg[7][1][24]/D
Slack      : -822 ps
Slack      : -0.822 ns

--------------------------------------------------------------
Path       : 130
Startpoint : basic_isa_instance/u_id_ex_inst_ex_o_reg[17]/CP
Endpoint   : basic_isa_instance/u_if_u_btb_U_FILE_target_arr_reg[7][0][24]/D
Slack      : -822 ps
Slack      : -0.822 ns

--------------------------------------------------------------
Path       : 131
Startpoint : basic_isa_instance/u_id_ex_inst_ex_o_reg[17]/CP
Endpoint   : basic_isa_instance/u_if_u_btb_U_FILE_target_arr_reg[6][1][24]/D
Slack      : -822 ps
Slack      : -0.822 ns

--------------------------------------------------------------
Path       : 132
Startpoint : basic_isa_instance/u_id_ex_inst_ex_o_reg[17]/CP
Endpoint   : basic_isa_instance/u_if_u_btb_U_FILE_target_arr_reg[6][0][24]/D
Slack      : -822 ps
Slack      : -0.822 ns

--------------------------------------------------------------
Path       : 133
Startpoint : basic_isa_instance/u_id_ex_inst_ex_o_reg[17]/CP
Endpoint   : basic_isa_instance/u_if_u_btb_U_FILE_target_arr_reg[5][1][24]/D
Slack      : -822 ps
Slack      : -0.822 ns

--------------------------------------------------------------
Path       : 134
Startpoint : basic_isa_instance/u_id_ex_inst_ex_o_reg[17]/CP
Endpoint   : basic_isa_instance/u_if_u_btb_U_FILE_target_arr_reg[5][0][24]/D
Slack      : -822 ps
Slack      : -0.822 ns

--------------------------------------------------------------
Path       : 135
Startpoint : basic_isa_instance/u_id_ex_inst_ex_o_reg[17]/CP
Endpoint   : basic_isa_instance/u_if_u_btb_U_FILE_target_arr_reg[4][1][24]/D
Slack      : -822 ps
Slack      : -0.822 ns

--------------------------------------------------------------
Path       : 136
Startpoint : basic_isa_instance/u_id_ex_inst_ex_o_reg[17]/CP
Endpoint   : basic_isa_instance/u_if_u_btb_U_FILE_target_arr_reg[4][0][24]/D
Slack      : -822 ps
Slack      : -0.822 ns

--------------------------------------------------------------
Path       : 137
Startpoint : basic_isa_instance/u_id_ex_inst_ex_o_reg[17]/CP
Endpoint   : basic_isa_instance/u_if_u_btb_U_FILE_target_arr_reg[3][1][24]/D
Slack      : -822 ps
Slack      : -0.822 ns

--------------------------------------------------------------
Path       : 138
Startpoint : basic_isa_instance/u_id_ex_inst_ex_o_reg[17]/CP
Endpoint   : basic_isa_instance/u_if_u_btb_U_FILE_target_arr_reg[3][0][24]/D
Slack      : -822 ps
Slack      : -0.822 ns

--------------------------------------------------------------
Path       : 139
Startpoint : basic_isa_instance/u_id_ex_inst_ex_o_reg[17]/CP
Endpoint   : basic_isa_instance/u_if_u_btb_U_FILE_target_arr_reg[2][1][24]/D
Slack      : -822 ps
Slack      : -0.822 ns

--------------------------------------------------------------
Path       : 140
Startpoint : basic_isa_instance/u_id_ex_inst_ex_o_reg[17]/CP
Endpoint   : basic_isa_instance/u_if_u_btb_U_FILE_target_arr_reg[2][0][24]/D
Slack      : -822 ps
Slack      : -0.822 ns

--------------------------------------------------------------
Path       : 141
Startpoint : basic_isa_instance/u_id_ex_inst_ex_o_reg[17]/CP
Endpoint   : basic_isa_instance/u_if_u_btb_U_FILE_target_arr_reg[1][1][24]/D
Slack      : -822 ps
Slack      : -0.822 ns

--------------------------------------------------------------
Path       : 142
Startpoint : basic_isa_instance/u_id_ex_inst_ex_o_reg[17]/CP
Endpoint   : basic_isa_instance/u_if_u_btb_U_FILE_target_arr_reg[1][0][24]/D
Slack      : -822 ps
Slack      : -0.822 ns

--------------------------------------------------------------
Path       : 143
Startpoint : basic_isa_instance/u_id_ex_inst_ex_o_reg[17]/CP
Endpoint   : basic_isa_instance/u_if_u_btb_U_FILE_target_arr_reg[0][1][24]/D
Slack      : -822 ps
Slack      : -0.822 ns

--------------------------------------------------------------
Path       : 144
Startpoint : basic_isa_instance/u_id_ex_inst_ex_o_reg[17]/CP
Endpoint   : basic_isa_instance/u_if_u_btb_U_FILE_target_arr_reg[0][0][24]/D
Slack      : -822 ps
Slack      : -0.822 ns

--------------------------------------------------------------
Path       : 145
Startpoint : basic_isa_instance/u_id_ex_inst_ex_o_reg[17]/CP
Endpoint   : basic_isa_instance/u_if_u_pc_reg_pc_reg[24]/D
Slack      : -798 ps
Slack      : -0.798 ns

--------------------------------------------------------------
Path       : 146
Startpoint : basic_isa_instance/u_id_ex_inst_ex_o_reg[17]/CP
Endpoint   : basic_isa_instance/u_if_u_pc_reg_pc_reg[23]/D
Slack      : -789 ps
Slack      : -0.789 ns

--------------------------------------------------------------
Path       : 147
Startpoint : basic_isa_instance/u_id_ex_inst_ex_o_reg[17]/CP
Endpoint   : basic_isa_instance/u_if_u_pc_reg_core_to_int_reg[24]/D
Slack      : -779 ps
Slack      : -0.779 ns

--------------------------------------------------------------
Path       : 148
Startpoint : basic_isa_instance/u_id_ex_inst_ex_o_reg[17]/CP
Endpoint   : basic_isa_instance/u_if_u_pc_reg_pc_reg[21]/D
Slack      : -760 ps
Slack      : -0.760 ns

--------------------------------------------------------------
Path       : 149
Startpoint : basic_isa_instance/u_id_ex_inst_ex_o_reg[17]/CP
Endpoint   : basic_isa_instance/u_if_u_pc_reg_core_to_int_reg[23]/D
Slack      : -759 ps
Slack      : -0.759 ns

--------------------------------------------------------------
Path       : 150
Startpoint : basic_isa_instance/u_id_ex_inst_ex_o_reg[17]/CP
Endpoint   : basic_isa_instance/u_if_u_btb_U_FILE_target_arr_reg[7][1][23]/D
Slack      : -758 ps
Slack      : -0.758 ns

--------------------------------------------------------------
Path       : 151
Startpoint : basic_isa_instance/u_id_ex_inst_ex_o_reg[17]/CP
Endpoint   : basic_isa_instance/u_if_u_btb_U_FILE_target_arr_reg[7][0][23]/D
Slack      : -758 ps
Slack      : -0.758 ns

--------------------------------------------------------------
Path       : 152
Startpoint : basic_isa_instance/u_id_ex_inst_ex_o_reg[17]/CP
Endpoint   : basic_isa_instance/u_if_u_btb_U_FILE_target_arr_reg[6][1][23]/D
Slack      : -758 ps
Slack      : -0.758 ns

--------------------------------------------------------------
Path       : 153
Startpoint : basic_isa_instance/u_id_ex_inst_ex_o_reg[17]/CP
Endpoint   : basic_isa_instance/u_if_u_btb_U_FILE_target_arr_reg[6][0][23]/D
Slack      : -758 ps
Slack      : -0.758 ns

--------------------------------------------------------------
Path       : 154
Startpoint : basic_isa_instance/u_id_ex_inst_ex_o_reg[17]/CP
Endpoint   : basic_isa_instance/u_if_u_btb_U_FILE_target_arr_reg[5][1][23]/D
Slack      : -758 ps
Slack      : -0.758 ns

--------------------------------------------------------------
Path       : 155
Startpoint : basic_isa_instance/u_id_ex_inst_ex_o_reg[17]/CP
Endpoint   : basic_isa_instance/u_if_u_btb_U_FILE_target_arr_reg[5][0][23]/D
Slack      : -758 ps
Slack      : -0.758 ns

--------------------------------------------------------------
Path       : 156
Startpoint : basic_isa_instance/u_id_ex_inst_ex_o_reg[17]/CP
Endpoint   : basic_isa_instance/u_if_u_btb_U_FILE_target_arr_reg[4][1][23]/D
Slack      : -758 ps
Slack      : -0.758 ns

--------------------------------------------------------------
Path       : 157
Startpoint : basic_isa_instance/u_id_ex_inst_ex_o_reg[17]/CP
Endpoint   : basic_isa_instance/u_if_u_btb_U_FILE_target_arr_reg[4][0][23]/D
Slack      : -758 ps
Slack      : -0.758 ns

--------------------------------------------------------------
Path       : 158
Startpoint : basic_isa_instance/u_id_ex_inst_ex_o_reg[17]/CP
Endpoint   : basic_isa_instance/u_if_u_btb_U_FILE_target_arr_reg[3][1][23]/D
Slack      : -758 ps
Slack      : -0.758 ns

--------------------------------------------------------------
Path       : 159
Startpoint : basic_isa_instance/u_id_ex_inst_ex_o_reg[17]/CP
Endpoint   : basic_isa_instance/u_if_u_btb_U_FILE_target_arr_reg[3][0][23]/D
Slack      : -758 ps
Slack      : -0.758 ns

--------------------------------------------------------------
Path       : 160
Startpoint : basic_isa_instance/u_id_ex_inst_ex_o_reg[17]/CP
Endpoint   : basic_isa_instance/u_if_u_btb_U_FILE_target_arr_reg[2][1][23]/D
Slack      : -758 ps
Slack      : -0.758 ns

--------------------------------------------------------------
Path       : 161
Startpoint : basic_isa_instance/u_id_ex_inst_ex_o_reg[17]/CP
Endpoint   : basic_isa_instance/u_if_u_btb_U_FILE_target_arr_reg[2][0][23]/D
Slack      : -758 ps
Slack      : -0.758 ns

--------------------------------------------------------------
Path       : 162
Startpoint : basic_isa_instance/u_id_ex_inst_ex_o_reg[17]/CP
Endpoint   : basic_isa_instance/u_if_u_btb_U_FILE_target_arr_reg[1][1][23]/D
Slack      : -758 ps
Slack      : -0.758 ns

--------------------------------------------------------------
Path       : 163
Startpoint : basic_isa_instance/u_id_ex_inst_ex_o_reg[17]/CP
Endpoint   : basic_isa_instance/u_if_u_btb_U_FILE_target_arr_reg[1][0][23]/D
Slack      : -758 ps
Slack      : -0.758 ns

--------------------------------------------------------------
Path       : 164
Startpoint : basic_isa_instance/u_id_ex_inst_ex_o_reg[17]/CP
Endpoint   : basic_isa_instance/u_if_u_btb_U_FILE_target_arr_reg[0][1][23]/D
Slack      : -758 ps
Slack      : -0.758 ns

--------------------------------------------------------------
Path       : 165
Startpoint : basic_isa_instance/u_id_ex_inst_ex_o_reg[17]/CP
Endpoint   : basic_isa_instance/u_if_u_btb_U_FILE_target_arr_reg[0][0][23]/D
Slack      : -758 ps
Slack      : -0.758 ns

--------------------------------------------------------------
Path       : 166
Startpoint : basic_isa_instance/u_id_ex_inst_ex_o_reg[17]/CP
Endpoint   : basic_isa_instance/u_if_u_pc_reg_core_to_int_reg[21]/D
Slack      : -756 ps
Slack      : -0.756 ns

--------------------------------------------------------------
Path       : 167
Startpoint : basic_isa_instance/u_id_ex_inst_ex_o_reg[17]/CP
Endpoint   : basic_isa_instance/u_if_u_btb_U_FILE_target_arr_reg[7][1][22]/D
Slack      : -716 ps
Slack      : -0.716 ns

--------------------------------------------------------------
Path       : 168
Startpoint : basic_isa_instance/u_id_ex_inst_ex_o_reg[17]/CP
Endpoint   : basic_isa_instance/u_if_u_btb_U_FILE_target_arr_reg[7][0][22]/D
Slack      : -716 ps
Slack      : -0.716 ns

--------------------------------------------------------------
Path       : 169
Startpoint : basic_isa_instance/u_id_ex_inst_ex_o_reg[17]/CP
Endpoint   : basic_isa_instance/u_if_u_btb_U_FILE_target_arr_reg[6][1][22]/D
Slack      : -716 ps
Slack      : -0.716 ns

--------------------------------------------------------------
Path       : 170
Startpoint : basic_isa_instance/u_id_ex_inst_ex_o_reg[17]/CP
Endpoint   : basic_isa_instance/u_if_u_btb_U_FILE_target_arr_reg[6][0][22]/D
Slack      : -716 ps
Slack      : -0.716 ns

--------------------------------------------------------------
Path       : 171
Startpoint : basic_isa_instance/u_id_ex_inst_ex_o_reg[17]/CP
Endpoint   : basic_isa_instance/u_if_u_btb_U_FILE_target_arr_reg[5][1][22]/D
Slack      : -716 ps
Slack      : -0.716 ns

--------------------------------------------------------------
Path       : 172
Startpoint : basic_isa_instance/u_id_ex_inst_ex_o_reg[17]/CP
Endpoint   : basic_isa_instance/u_if_u_btb_U_FILE_target_arr_reg[5][0][22]/D
Slack      : -716 ps
Slack      : -0.716 ns

--------------------------------------------------------------
Path       : 173
Startpoint : basic_isa_instance/u_id_ex_inst_ex_o_reg[17]/CP
Endpoint   : basic_isa_instance/u_if_u_btb_U_FILE_target_arr_reg[4][1][22]/D
Slack      : -716 ps
Slack      : -0.716 ns

--------------------------------------------------------------
Path       : 174
Startpoint : basic_isa_instance/u_id_ex_inst_ex_o_reg[17]/CP
Endpoint   : basic_isa_instance/u_if_u_btb_U_FILE_target_arr_reg[4][0][22]/D
Slack      : -716 ps
Slack      : -0.716 ns

--------------------------------------------------------------
Path       : 175
Startpoint : basic_isa_instance/u_id_ex_inst_ex_o_reg[17]/CP
Endpoint   : basic_isa_instance/u_if_u_btb_U_FILE_target_arr_reg[3][1][22]/D
Slack      : -716 ps
Slack      : -0.716 ns

--------------------------------------------------------------
Path       : 176
Startpoint : basic_isa_instance/u_id_ex_inst_ex_o_reg[17]/CP
Endpoint   : basic_isa_instance/u_if_u_btb_U_FILE_target_arr_reg[3][0][22]/D
Slack      : -716 ps
Slack      : -0.716 ns

--------------------------------------------------------------
Path       : 177
Startpoint : basic_isa_instance/u_id_ex_inst_ex_o_reg[17]/CP
Endpoint   : basic_isa_instance/u_if_u_btb_U_FILE_target_arr_reg[2][1][22]/D
Slack      : -716 ps
Slack      : -0.716 ns

--------------------------------------------------------------
Path       : 178
Startpoint : basic_isa_instance/u_id_ex_inst_ex_o_reg[17]/CP
Endpoint   : basic_isa_instance/u_if_u_btb_U_FILE_target_arr_reg[2][0][22]/D
Slack      : -716 ps
Slack      : -0.716 ns

--------------------------------------------------------------
Path       : 179
Startpoint : basic_isa_instance/u_id_ex_inst_ex_o_reg[17]/CP
Endpoint   : basic_isa_instance/u_if_u_btb_U_FILE_target_arr_reg[1][1][22]/D
Slack      : -716 ps
Slack      : -0.716 ns

--------------------------------------------------------------
Path       : 180
Startpoint : basic_isa_instance/u_id_ex_inst_ex_o_reg[17]/CP
Endpoint   : basic_isa_instance/u_if_u_btb_U_FILE_target_arr_reg[1][0][22]/D
Slack      : -716 ps
Slack      : -0.716 ns

--------------------------------------------------------------
Path       : 181
Startpoint : basic_isa_instance/u_id_ex_inst_ex_o_reg[17]/CP
Endpoint   : basic_isa_instance/u_if_u_btb_U_FILE_target_arr_reg[0][1][22]/D
Slack      : -716 ps
Slack      : -0.716 ns

--------------------------------------------------------------
Path       : 182
Startpoint : basic_isa_instance/u_id_ex_inst_ex_o_reg[17]/CP
Endpoint   : basic_isa_instance/u_if_u_btb_U_FILE_target_arr_reg[0][0][22]/D
Slack      : -716 ps
Slack      : -0.716 ns

--------------------------------------------------------------
Path       : 183
Startpoint : basic_isa_instance/u_id_ex_inst_ex_o_reg[17]/CP
Endpoint   : basic_isa_instance/u_if_u_btb_U_FILE_target_arr_reg[7][1][21]/D
Slack      : -715 ps
Slack      : -0.715 ns

--------------------------------------------------------------
Path       : 184
Startpoint : basic_isa_instance/u_id_ex_inst_ex_o_reg[17]/CP
Endpoint   : basic_isa_instance/u_if_u_btb_U_FILE_target_arr_reg[7][0][21]/D
Slack      : -715 ps
Slack      : -0.715 ns

--------------------------------------------------------------
Path       : 185
Startpoint : basic_isa_instance/u_id_ex_inst_ex_o_reg[17]/CP
Endpoint   : basic_isa_instance/u_if_u_btb_U_FILE_target_arr_reg[6][1][21]/D
Slack      : -715 ps
Slack      : -0.715 ns

--------------------------------------------------------------
Path       : 186
Startpoint : basic_isa_instance/u_id_ex_inst_ex_o_reg[17]/CP
Endpoint   : basic_isa_instance/u_if_u_btb_U_FILE_target_arr_reg[6][0][21]/D
Slack      : -715 ps
Slack      : -0.715 ns

--------------------------------------------------------------
Path       : 187
Startpoint : basic_isa_instance/u_id_ex_inst_ex_o_reg[17]/CP
Endpoint   : basic_isa_instance/u_if_u_btb_U_FILE_target_arr_reg[5][1][21]/D
Slack      : -715 ps
Slack      : -0.715 ns

--------------------------------------------------------------
Path       : 188
Startpoint : basic_isa_instance/u_id_ex_inst_ex_o_reg[17]/CP
Endpoint   : basic_isa_instance/u_if_u_btb_U_FILE_target_arr_reg[5][0][21]/D
Slack      : -715 ps
Slack      : -0.715 ns

--------------------------------------------------------------
Path       : 189
Startpoint : basic_isa_instance/u_id_ex_inst_ex_o_reg[17]/CP
Endpoint   : basic_isa_instance/u_if_u_btb_U_FILE_target_arr_reg[4][1][21]/D
Slack      : -715 ps
Slack      : -0.715 ns

--------------------------------------------------------------
Path       : 190
Startpoint : basic_isa_instance/u_id_ex_inst_ex_o_reg[17]/CP
Endpoint   : basic_isa_instance/u_if_u_btb_U_FILE_target_arr_reg[4][0][21]/D
Slack      : -715 ps
Slack      : -0.715 ns

--------------------------------------------------------------
Path       : 191
Startpoint : basic_isa_instance/u_id_ex_inst_ex_o_reg[17]/CP
Endpoint   : basic_isa_instance/u_if_u_btb_U_FILE_target_arr_reg[3][1][21]/D
Slack      : -715 ps
Slack      : -0.715 ns

--------------------------------------------------------------
Path       : 192
Startpoint : basic_isa_instance/u_id_ex_inst_ex_o_reg[17]/CP
Endpoint   : basic_isa_instance/u_if_u_btb_U_FILE_target_arr_reg[3][0][21]/D
Slack      : -715 ps
Slack      : -0.715 ns

--------------------------------------------------------------
Path       : 193
Startpoint : basic_isa_instance/u_id_ex_inst_ex_o_reg[17]/CP
Endpoint   : basic_isa_instance/u_if_u_btb_U_FILE_target_arr_reg[2][1][21]/D
Slack      : -715 ps
Slack      : -0.715 ns

--------------------------------------------------------------
Path       : 194
Startpoint : basic_isa_instance/u_id_ex_inst_ex_o_reg[17]/CP
Endpoint   : basic_isa_instance/u_if_u_btb_U_FILE_target_arr_reg[2][0][21]/D
Slack      : -715 ps
Slack      : -0.715 ns

--------------------------------------------------------------
Path       : 195
Startpoint : basic_isa_instance/u_id_ex_inst_ex_o_reg[17]/CP
Endpoint   : basic_isa_instance/u_if_u_btb_U_FILE_target_arr_reg[1][1][21]/D
Slack      : -715 ps
Slack      : -0.715 ns

--------------------------------------------------------------
Path       : 196
Startpoint : basic_isa_instance/u_id_ex_inst_ex_o_reg[17]/CP
Endpoint   : basic_isa_instance/u_if_u_btb_U_FILE_target_arr_reg[1][0][21]/D
Slack      : -715 ps
Slack      : -0.715 ns

--------------------------------------------------------------
Path       : 197
Startpoint : basic_isa_instance/u_id_ex_inst_ex_o_reg[17]/CP
Endpoint   : basic_isa_instance/u_if_u_btb_U_FILE_target_arr_reg[0][1][21]/D
Slack      : -715 ps
Slack      : -0.715 ns

--------------------------------------------------------------
Path       : 198
Startpoint : basic_isa_instance/u_id_ex_inst_ex_o_reg[17]/CP
Endpoint   : basic_isa_instance/u_if_u_btb_U_FILE_target_arr_reg[0][0][21]/D
Slack      : -715 ps
Slack      : -0.715 ns

--------------------------------------------------------------
Path       : 199
Startpoint : basic_isa_instance/u_id_ex_inst_ex_o_reg[17]/CP
Endpoint   : basic_isa_instance/u_if_u_pc_reg_pc_reg[22]/D
Slack      : -692 ps
Slack      : -0.692 ns

--------------------------------------------------------------
Path       : 200
Startpoint : basic_isa_instance/u_id_ex_inst_ex_o_reg[17]/CP
Endpoint   : basic_isa_instance/u_if_u_btb_U_FILE_target_arr_reg[7][1][20]/D
Slack      : -692 ps
Slack      : -0.692 ns

--------------------------------------------------------------
Path       : 201
Startpoint : basic_isa_instance/u_id_ex_inst_ex_o_reg[17]/CP
Endpoint   : basic_isa_instance/u_if_u_btb_U_FILE_target_arr_reg[7][0][20]/D
Slack      : -692 ps
Slack      : -0.692 ns

--------------------------------------------------------------
Path       : 202
Startpoint : basic_isa_instance/u_id_ex_inst_ex_o_reg[17]/CP
Endpoint   : basic_isa_instance/u_if_u_btb_U_FILE_target_arr_reg[6][1][20]/D
Slack      : -692 ps
Slack      : -0.692 ns

--------------------------------------------------------------
Path       : 203
Startpoint : basic_isa_instance/u_id_ex_inst_ex_o_reg[17]/CP
Endpoint   : basic_isa_instance/u_if_u_btb_U_FILE_target_arr_reg[6][0][20]/D
Slack      : -692 ps
Slack      : -0.692 ns

--------------------------------------------------------------
Path       : 204
Startpoint : basic_isa_instance/u_id_ex_inst_ex_o_reg[17]/CP
Endpoint   : basic_isa_instance/u_if_u_btb_U_FILE_target_arr_reg[5][1][20]/D
Slack      : -692 ps
Slack      : -0.692 ns

--------------------------------------------------------------
Path       : 205
Startpoint : basic_isa_instance/u_id_ex_inst_ex_o_reg[17]/CP
Endpoint   : basic_isa_instance/u_if_u_btb_U_FILE_target_arr_reg[5][0][20]/D
Slack      : -692 ps
Slack      : -0.692 ns

--------------------------------------------------------------
Path       : 206
Startpoint : basic_isa_instance/u_id_ex_inst_ex_o_reg[17]/CP
Endpoint   : basic_isa_instance/u_if_u_btb_U_FILE_target_arr_reg[4][1][20]/D
Slack      : -692 ps
Slack      : -0.692 ns

--------------------------------------------------------------
Path       : 207
Startpoint : basic_isa_instance/u_id_ex_inst_ex_o_reg[17]/CP
Endpoint   : basic_isa_instance/u_if_u_btb_U_FILE_target_arr_reg[4][0][20]/D
Slack      : -692 ps
Slack      : -0.692 ns

--------------------------------------------------------------
Path       : 208
Startpoint : basic_isa_instance/u_id_ex_inst_ex_o_reg[17]/CP
Endpoint   : basic_isa_instance/u_if_u_btb_U_FILE_target_arr_reg[3][1][20]/D
Slack      : -692 ps
Slack      : -0.692 ns

--------------------------------------------------------------
Path       : 209
Startpoint : basic_isa_instance/u_id_ex_inst_ex_o_reg[17]/CP
Endpoint   : basic_isa_instance/u_if_u_btb_U_FILE_target_arr_reg[3][0][20]/D
Slack      : -692 ps
Slack      : -0.692 ns

--------------------------------------------------------------
Path       : 210
Startpoint : basic_isa_instance/u_id_ex_inst_ex_o_reg[17]/CP
Endpoint   : basic_isa_instance/u_if_u_btb_U_FILE_target_arr_reg[2][1][20]/D
Slack      : -692 ps
Slack      : -0.692 ns

--------------------------------------------------------------
Path       : 211
Startpoint : basic_isa_instance/u_id_ex_inst_ex_o_reg[17]/CP
Endpoint   : basic_isa_instance/u_if_u_btb_U_FILE_target_arr_reg[2][0][20]/D
Slack      : -692 ps
Slack      : -0.692 ns

--------------------------------------------------------------
Path       : 212
Startpoint : basic_isa_instance/u_id_ex_inst_ex_o_reg[17]/CP
Endpoint   : basic_isa_instance/u_if_u_btb_U_FILE_target_arr_reg[1][1][20]/D
Slack      : -692 ps
Slack      : -0.692 ns

--------------------------------------------------------------
Path       : 213
Startpoint : basic_isa_instance/u_id_ex_inst_ex_o_reg[17]/CP
Endpoint   : basic_isa_instance/u_if_u_btb_U_FILE_target_arr_reg[1][0][20]/D
Slack      : -692 ps
Slack      : -0.692 ns

--------------------------------------------------------------
Path       : 214
Startpoint : basic_isa_instance/u_id_ex_inst_ex_o_reg[17]/CP
Endpoint   : basic_isa_instance/u_if_u_btb_U_FILE_target_arr_reg[0][1][20]/D
Slack      : -692 ps
Slack      : -0.692 ns

--------------------------------------------------------------
Path       : 215
Startpoint : basic_isa_instance/u_id_ex_inst_ex_o_reg[17]/CP
Endpoint   : basic_isa_instance/u_if_u_btb_U_FILE_target_arr_reg[0][0][20]/D
Slack      : -692 ps
Slack      : -0.692 ns

--------------------------------------------------------------
Path       : 216
Startpoint : basic_isa_instance/u_id_ex_inst_ex_o_reg[17]/CP
Endpoint   : basic_isa_instance/u_if_u_pc_reg_core_to_int_reg[22]/D
Slack      : -673 ps
Slack      : -0.673 ns

--------------------------------------------------------------
Path       : 217
Startpoint : basic_isa_instance/u_id_ex_inst_ex_o_reg[17]/CP
Endpoint   : basic_isa_instance/u_if_u_pc_reg_pc_reg[20]/D
Slack      : -663 ps
Slack      : -0.663 ns

--------------------------------------------------------------
Path       : 218
Startpoint : basic_isa_instance/u_id_ex_inst_ex_o_reg[17]/CP
Endpoint   : basic_isa_instance/u_if_u_pc_reg_core_to_int_reg[20]/D
Slack      : -644 ps
Slack      : -0.644 ns

--------------------------------------------------------------
Path       : 219
Startpoint : basic_isa_instance/u_id_ex_inst_ex_o_reg[17]/CP
Endpoint   : basic_isa_instance/u_if_u_btb_U_FILE_target_arr_reg[7][1][19]/D
Slack      : -534 ps
Slack      : -0.534 ns

--------------------------------------------------------------
Path       : 220
Startpoint : basic_isa_instance/u_id_ex_inst_ex_o_reg[17]/CP
Endpoint   : basic_isa_instance/u_if_u_btb_U_FILE_target_arr_reg[7][0][19]/D
Slack      : -534 ps
Slack      : -0.534 ns

--------------------------------------------------------------
Path       : 221
Startpoint : basic_isa_instance/u_id_ex_inst_ex_o_reg[17]/CP
Endpoint   : basic_isa_instance/u_if_u_btb_U_FILE_target_arr_reg[6][1][19]/D
Slack      : -534 ps
Slack      : -0.534 ns

--------------------------------------------------------------
Path       : 222
Startpoint : basic_isa_instance/u_id_ex_inst_ex_o_reg[17]/CP
Endpoint   : basic_isa_instance/u_if_u_btb_U_FILE_target_arr_reg[6][0][19]/D
Slack      : -534 ps
Slack      : -0.534 ns

--------------------------------------------------------------
Path       : 223
Startpoint : basic_isa_instance/u_id_ex_inst_ex_o_reg[17]/CP
Endpoint   : basic_isa_instance/u_if_u_btb_U_FILE_target_arr_reg[5][1][19]/D
Slack      : -534 ps
Slack      : -0.534 ns

--------------------------------------------------------------
Path       : 224
Startpoint : basic_isa_instance/u_id_ex_inst_ex_o_reg[17]/CP
Endpoint   : basic_isa_instance/u_if_u_btb_U_FILE_target_arr_reg[5][0][19]/D
Slack      : -534 ps
Slack      : -0.534 ns

--------------------------------------------------------------
Path       : 225
Startpoint : basic_isa_instance/u_id_ex_inst_ex_o_reg[17]/CP
Endpoint   : basic_isa_instance/u_if_u_btb_U_FILE_target_arr_reg[4][1][19]/D
Slack      : -534 ps
Slack      : -0.534 ns

--------------------------------------------------------------
Path       : 226
Startpoint : basic_isa_instance/u_id_ex_inst_ex_o_reg[17]/CP
Endpoint   : basic_isa_instance/u_if_u_btb_U_FILE_target_arr_reg[4][0][19]/D
Slack      : -534 ps
Slack      : -0.534 ns

--------------------------------------------------------------
Path       : 227
Startpoint : basic_isa_instance/u_id_ex_inst_ex_o_reg[17]/CP
Endpoint   : basic_isa_instance/u_if_u_btb_U_FILE_target_arr_reg[3][1][19]/D
Slack      : -534 ps
Slack      : -0.534 ns

--------------------------------------------------------------
Path       : 228
Startpoint : basic_isa_instance/u_id_ex_inst_ex_o_reg[17]/CP
Endpoint   : basic_isa_instance/u_if_u_btb_U_FILE_target_arr_reg[3][0][19]/D
Slack      : -534 ps
Slack      : -0.534 ns

--------------------------------------------------------------
Path       : 229
Startpoint : basic_isa_instance/u_id_ex_inst_ex_o_reg[17]/CP
Endpoint   : basic_isa_instance/u_if_u_btb_U_FILE_target_arr_reg[2][1][19]/D
Slack      : -534 ps
Slack      : -0.534 ns

--------------------------------------------------------------
Path       : 230
Startpoint : basic_isa_instance/u_id_ex_inst_ex_o_reg[17]/CP
Endpoint   : basic_isa_instance/u_if_u_btb_U_FILE_target_arr_reg[2][0][19]/D
Slack      : -534 ps
Slack      : -0.534 ns

--------------------------------------------------------------
Path       : 231
Startpoint : basic_isa_instance/u_id_ex_inst_ex_o_reg[17]/CP
Endpoint   : basic_isa_instance/u_if_u_btb_U_FILE_target_arr_reg[1][1][19]/D
Slack      : -534 ps
Slack      : -0.534 ns

--------------------------------------------------------------
Path       : 232
Startpoint : basic_isa_instance/u_id_ex_inst_ex_o_reg[17]/CP
Endpoint   : basic_isa_instance/u_if_u_btb_U_FILE_target_arr_reg[1][0][19]/D
Slack      : -534 ps
Slack      : -0.534 ns

--------------------------------------------------------------
Path       : 233
Startpoint : basic_isa_instance/u_id_ex_inst_ex_o_reg[17]/CP
Endpoint   : basic_isa_instance/u_if_u_btb_U_FILE_target_arr_reg[0][1][19]/D
Slack      : -534 ps
Slack      : -0.534 ns

--------------------------------------------------------------
Path       : 234
Startpoint : basic_isa_instance/u_id_ex_inst_ex_o_reg[17]/CP
Endpoint   : basic_isa_instance/u_if_u_btb_U_FILE_target_arr_reg[0][0][19]/D
Slack      : -534 ps
Slack      : -0.534 ns

--------------------------------------------------------------
Path       : 235
Startpoint : basic_isa_instance/u_id_ex_inst_ex_o_reg[17]/CP
Endpoint   : basic_isa_instance/u_if_u_pc_reg_pc_reg[19]/D
Slack      : -524 ps
Slack      : -0.524 ns

--------------------------------------------------------------
Path       : 236
Startpoint : basic_isa_instance/u_id_ex_inst_ex_o_reg[17]/CP
Endpoint   : basic_isa_instance/u_if_u_btb_U_FILE_target_arr_reg[7][1][18]/D
Slack      : -517 ps
Slack      : -0.517 ns

--------------------------------------------------------------
Path       : 237
Startpoint : basic_isa_instance/u_id_ex_inst_ex_o_reg[17]/CP
Endpoint   : basic_isa_instance/u_if_u_btb_U_FILE_target_arr_reg[7][0][18]/D
Slack      : -517 ps
Slack      : -0.517 ns

--------------------------------------------------------------
Path       : 238
Startpoint : basic_isa_instance/u_id_ex_inst_ex_o_reg[17]/CP
Endpoint   : basic_isa_instance/u_if_u_btb_U_FILE_target_arr_reg[6][1][18]/D
Slack      : -517 ps
Slack      : -0.517 ns

--------------------------------------------------------------
Path       : 239
Startpoint : basic_isa_instance/u_id_ex_inst_ex_o_reg[17]/CP
Endpoint   : basic_isa_instance/u_if_u_btb_U_FILE_target_arr_reg[6][0][18]/D
Slack      : -517 ps
Slack      : -0.517 ns

--------------------------------------------------------------
Path       : 240
Startpoint : basic_isa_instance/u_id_ex_inst_ex_o_reg[17]/CP
Endpoint   : basic_isa_instance/u_if_u_btb_U_FILE_target_arr_reg[5][1][18]/D
Slack      : -517 ps
Slack      : -0.517 ns

--------------------------------------------------------------
Path       : 241
Startpoint : basic_isa_instance/u_id_ex_inst_ex_o_reg[17]/CP
Endpoint   : basic_isa_instance/u_if_u_btb_U_FILE_target_arr_reg[5][0][18]/D
Slack      : -517 ps
Slack      : -0.517 ns

--------------------------------------------------------------
Path       : 242
Startpoint : basic_isa_instance/u_id_ex_inst_ex_o_reg[17]/CP
Endpoint   : basic_isa_instance/u_if_u_btb_U_FILE_target_arr_reg[4][1][18]/D
Slack      : -517 ps
Slack      : -0.517 ns

--------------------------------------------------------------
Path       : 243
Startpoint : basic_isa_instance/u_id_ex_inst_ex_o_reg[17]/CP
Endpoint   : basic_isa_instance/u_if_u_btb_U_FILE_target_arr_reg[4][0][18]/D
Slack      : -517 ps
Slack      : -0.517 ns

--------------------------------------------------------------
Path       : 244
Startpoint : basic_isa_instance/u_id_ex_inst_ex_o_reg[17]/CP
Endpoint   : basic_isa_instance/u_if_u_btb_U_FILE_target_arr_reg[3][1][18]/D
Slack      : -517 ps
Slack      : -0.517 ns

--------------------------------------------------------------
Path       : 245
Startpoint : basic_isa_instance/u_id_ex_inst_ex_o_reg[17]/CP
Endpoint   : basic_isa_instance/u_if_u_btb_U_FILE_target_arr_reg[3][0][18]/D
Slack      : -517 ps
Slack      : -0.517 ns

--------------------------------------------------------------
Path       : 246
Startpoint : basic_isa_instance/u_id_ex_inst_ex_o_reg[17]/CP
Endpoint   : basic_isa_instance/u_if_u_btb_U_FILE_target_arr_reg[2][1][18]/D
Slack      : -517 ps
Slack      : -0.517 ns

--------------------------------------------------------------
Path       : 247
Startpoint : basic_isa_instance/u_id_ex_inst_ex_o_reg[17]/CP
Endpoint   : basic_isa_instance/u_if_u_btb_U_FILE_target_arr_reg[2][0][18]/D
Slack      : -517 ps
Slack      : -0.517 ns

--------------------------------------------------------------
Path       : 248
Startpoint : basic_isa_instance/u_id_ex_inst_ex_o_reg[17]/CP
Endpoint   : basic_isa_instance/u_if_u_btb_U_FILE_target_arr_reg[1][1][18]/D
Slack      : -517 ps
Slack      : -0.517 ns

--------------------------------------------------------------
Path       : 249
Startpoint : basic_isa_instance/u_id_ex_inst_ex_o_reg[17]/CP
Endpoint   : basic_isa_instance/u_if_u_btb_U_FILE_target_arr_reg[1][0][18]/D
Slack      : -517 ps
Slack      : -0.517 ns

--------------------------------------------------------------
Path       : 250
Startpoint : basic_isa_instance/u_id_ex_inst_ex_o_reg[17]/CP
Endpoint   : basic_isa_instance/u_if_u_btb_U_FILE_target_arr_reg[0][1][18]/D
Slack      : -517 ps
Slack      : -0.517 ns

--------------------------------------------------------------
Path       : 251
Startpoint : basic_isa_instance/u_id_ex_inst_ex_o_reg[17]/CP
Endpoint   : basic_isa_instance/u_if_u_btb_U_FILE_target_arr_reg[0][0][18]/D
Slack      : -517 ps
Slack      : -0.517 ns

--------------------------------------------------------------
Path       : 252
Startpoint : basic_isa_instance/u_id_ex_inst_ex_o_reg[17]/CP
Endpoint   : basic_isa_instance/u_if_u_pc_reg_pc_reg[18]/D
Slack      : -498 ps
Slack      : -0.498 ns

--------------------------------------------------------------
Path       : 253
Startpoint : basic_isa_instance/u_id_ex_inst_ex_o_reg[17]/CP
Endpoint   : basic_isa_instance/u_if_u_pc_reg_core_to_int_reg[19]/D
Slack      : -496 ps
Slack      : -0.496 ns

--------------------------------------------------------------
Path       : 254
Startpoint : basic_isa_instance/u_id_ex_inst_ex_o_reg[17]/CP
Endpoint   : basic_isa_instance/u_if_u_pc_reg_core_to_int_reg[18]/D
Slack      : -473 ps
Slack      : -0.473 ns

--------------------------------------------------------------
Path       : 255
Startpoint : basic_isa_instance/u_id_ex_inst_ex_o_reg[17]/CP
Endpoint   : basic_isa_instance/u_trace_core_it_delta_addr_o_reg[19]/D
Slack      : -441 ps
Slack      : -0.441 ns

--------------------------------------------------------------
Path       : 256
Startpoint : csr_top_instance_csr_register_file_inst_satp_csr_inst_satp_r_reg[30]/CP
Endpoint   : csr_top_instance_csr_register_file_inst_mstatus_csr_inst_mstatus_r_reg[3]/SI
Slack      : -433 ps
Slack      : -0.433 ns

--------------------------------------------------------------
Path       : 257
Startpoint : basic_isa_instance/u_ex_mem_inst_mem_o_reg[9]/CP
Endpoint   : basic_isa_instance/u_if_u_pc_reg_pc_reg[17]/D
Slack      : -433 ps
Slack      : -0.433 ns

--------------------------------------------------------------
Path       : 258
Startpoint : basic_isa_instance/u_id_ex_inst_ex_o_reg[17]/CP
Endpoint   : basic_isa_instance/u_trace_core_it_delta_addr_o_reg[18]/D
Slack      : -424 ps
Slack      : -0.424 ns

--------------------------------------------------------------
Path       : 259
Startpoint : basic_isa_instance/u_id_ex_inst_ex_o_reg[17]/CP
Endpoint   : basic_isa_instance/u_if_u_btb_U_FILE_target_arr_reg[7][1][17]/D
Slack      : -419 ps
Slack      : -0.419 ns

--------------------------------------------------------------
Path       : 260
Startpoint : basic_isa_instance/u_id_ex_inst_ex_o_reg[17]/CP
Endpoint   : basic_isa_instance/u_if_u_btb_U_FILE_target_arr_reg[7][0][17]/D
Slack      : -419 ps
Slack      : -0.419 ns

--------------------------------------------------------------
Path       : 261
Startpoint : basic_isa_instance/u_id_ex_inst_ex_o_reg[17]/CP
Endpoint   : basic_isa_instance/u_if_u_btb_U_FILE_target_arr_reg[6][1][17]/D
Slack      : -419 ps
Slack      : -0.419 ns

--------------------------------------------------------------
Path       : 262
Startpoint : basic_isa_instance/u_id_ex_inst_ex_o_reg[17]/CP
Endpoint   : basic_isa_instance/u_if_u_btb_U_FILE_target_arr_reg[6][0][17]/D
Slack      : -419 ps
Slack      : -0.419 ns

--------------------------------------------------------------
Path       : 263
Startpoint : basic_isa_instance/u_id_ex_inst_ex_o_reg[17]/CP
Endpoint   : basic_isa_instance/u_if_u_btb_U_FILE_target_arr_reg[5][1][17]/D
Slack      : -419 ps
Slack      : -0.419 ns

--------------------------------------------------------------
Path       : 264
Startpoint : basic_isa_instance/u_id_ex_inst_ex_o_reg[17]/CP
Endpoint   : basic_isa_instance/u_if_u_btb_U_FILE_target_arr_reg[5][0][17]/D
Slack      : -419 ps
Slack      : -0.419 ns

--------------------------------------------------------------
Path       : 265
Startpoint : basic_isa_instance/u_id_ex_inst_ex_o_reg[17]/CP
Endpoint   : basic_isa_instance/u_if_u_btb_U_FILE_target_arr_reg[4][1][17]/D
Slack      : -419 ps
Slack      : -0.419 ns

--------------------------------------------------------------
Path       : 266
Startpoint : basic_isa_instance/u_id_ex_inst_ex_o_reg[17]/CP
Endpoint   : basic_isa_instance/u_if_u_btb_U_FILE_target_arr_reg[4][0][17]/D
Slack      : -419 ps
Slack      : -0.419 ns

--------------------------------------------------------------
Path       : 267
Startpoint : basic_isa_instance/u_id_ex_inst_ex_o_reg[17]/CP
Endpoint   : basic_isa_instance/u_if_u_btb_U_FILE_target_arr_reg[3][1][17]/D
Slack      : -419 ps
Slack      : -0.419 ns

--------------------------------------------------------------
Path       : 268
Startpoint : basic_isa_instance/u_id_ex_inst_ex_o_reg[17]/CP
Endpoint   : basic_isa_instance/u_if_u_btb_U_FILE_target_arr_reg[3][0][17]/D
Slack      : -419 ps
Slack      : -0.419 ns

--------------------------------------------------------------
Path       : 269
Startpoint : basic_isa_instance/u_id_ex_inst_ex_o_reg[17]/CP
Endpoint   : basic_isa_instance/u_if_u_btb_U_FILE_target_arr_reg[2][1][17]/D
Slack      : -419 ps
Slack      : -0.419 ns

--------------------------------------------------------------
Path       : 270
Startpoint : basic_isa_instance/u_id_ex_inst_ex_o_reg[17]/CP
Endpoint   : basic_isa_instance/u_if_u_btb_U_FILE_target_arr_reg[2][0][17]/D
Slack      : -419 ps
Slack      : -0.419 ns

--------------------------------------------------------------
Path       : 271
Startpoint : basic_isa_instance/u_id_ex_inst_ex_o_reg[17]/CP
Endpoint   : basic_isa_instance/u_if_u_btb_U_FILE_target_arr_reg[1][1][17]/D
Slack      : -419 ps
Slack      : -0.419 ns

--------------------------------------------------------------
Path       : 272
Startpoint : basic_isa_instance/u_id_ex_inst_ex_o_reg[17]/CP
Endpoint   : basic_isa_instance/u_if_u_btb_U_FILE_target_arr_reg[1][0][17]/D
Slack      : -419 ps
Slack      : -0.419 ns

--------------------------------------------------------------
Path       : 273
Startpoint : basic_isa_instance/u_id_ex_inst_ex_o_reg[17]/CP
Endpoint   : basic_isa_instance/u_if_u_btb_U_FILE_target_arr_reg[0][1][17]/D
Slack      : -419 ps
Slack      : -0.419 ns

--------------------------------------------------------------
Path       : 274
Startpoint : basic_isa_instance/u_id_ex_inst_ex_o_reg[17]/CP
Endpoint   : basic_isa_instance/u_if_u_btb_U_FILE_target_arr_reg[0][0][17]/D
Slack      : -419 ps
Slack      : -0.419 ns

--------------------------------------------------------------
Path       : 275
Startpoint : basic_isa_instance/u_ex_mem_inst_mem_o_reg[9]/CP
Endpoint   : basic_isa_instance/u_if_u_pc_reg_core_to_int_reg[16]/D
Slack      : -412 ps
Slack      : -0.412 ns

--------------------------------------------------------------
Path       : 276
Startpoint : basic_isa_instance/u_ex_mem_inst_mem_o_reg[9]/CP
Endpoint   : basic_isa_instance/u_if_u_pc_reg_pc_reg[16]/D
Slack      : -404 ps
Slack      : -0.404 ns

--------------------------------------------------------------
Path       : 277
Startpoint : basic_isa_instance/u_ex_mem_inst_mem_o_reg[9]/CP
Endpoint   : basic_isa_instance/u_if_u_pc_reg_core_to_int_reg[17]/D
Slack      : -383 ps
Slack      : -0.383 ns

--------------------------------------------------------------
Path       : 278
Startpoint : basic_isa_instance/u_halt_fsm_state_reg[2]/CP
Endpoint   : ip_debug_trace_instance_u_trace_cdc_u_mmu_fifo/full_reg/D
Slack      : -372 ps
Slack      : -0.372 ns

--------------------------------------------------------------
Path       : 279
Startpoint : basic_isa_instance/u_ex_mem_inst_mem_o_reg[9]/CP
Endpoint   : basic_isa_instance/u_if_u_pc_reg_pc_reg[2]/D
Slack      : -368 ps
Slack      : -0.368 ns

--------------------------------------------------------------
Path       : 280
Startpoint : basic_isa_instance/u_ex_mem_inst_mem_o_reg[9]/CP
Endpoint   : basic_isa_instance/u_id_ex_alu_ctrl_ex_reg[0]/D
Slack      : -365 ps
Slack      : -0.365 ns

--------------------------------------------------------------
Path       : 281
Startpoint : basic_isa_instance/u_ex_mem_inst_mem_o_reg[9]/CP
Endpoint   : basic_isa_instance/u_id_ex_imm_ex_reg[0]/D
Slack      : -363 ps
Slack      : -0.363 ns

--------------------------------------------------------------
Path       : 282
Startpoint : basic_isa_instance/u_ex_mem_inst_mem_o_reg[9]/CP
Endpoint   : basic_isa_instance/u_if_u_pc_reg_pc_reg[15]/D
Slack      : -360 ps
Slack      : -0.360 ns

--------------------------------------------------------------
Path       : 283
Startpoint : basic_isa_instance/u_ex_mem_inst_mem_o_reg[9]/CP
Endpoint   : basic_isa_instance/u_id_ex_imm_ex_reg[3]/D
Slack      : -352 ps
Slack      : -0.352 ns

--------------------------------------------------------------
Path       : 284
Startpoint : basic_isa_instance/u_ex_mem_inst_mem_o_reg[9]/CP
Endpoint   : basic_isa_instance/u_id_ex_imm_ex_reg[1]/D
Slack      : -352 ps
Slack      : -0.352 ns

--------------------------------------------------------------
Path       : 285
Startpoint : interrupt_controller_instance/soc_top_inst_interrupt_recieve_inst_interrupt_pending_o_reg[4]/CP
Endpoint   : interrupt_controller_instance/soc_top_inst_priority_resolve_inst_highest_pending_lvl_pr_o_reg[6]/SE
Slack      : -352 ps
Slack      : -0.352 ns

--------------------------------------------------------------
Path       : 286
Startpoint : interrupt_controller_instance/soc_top_inst_interrupt_recieve_inst_interrupt_pending_o_reg[4]/CP
Endpoint   : interrupt_controller_instance/soc_top_inst_priority_resolve_inst_highest_pending_lvl_pr_o_reg[4]/SE
Slack      : -352 ps
Slack      : -0.352 ns

--------------------------------------------------------------
Path       : 287
Startpoint : interrupt_controller_instance/soc_top_inst_interrupt_recieve_inst_interrupt_pending_o_reg[4]/CP
Endpoint   : interrupt_controller_instance/soc_top_inst_priority_resolve_inst_highest_pending_lvl_pr_o_reg[3]/SE
Slack      : -352 ps
Slack      : -0.352 ns

--------------------------------------------------------------
Path       : 288
Startpoint : interrupt_controller_instance/soc_top_inst_interrupt_recieve_inst_interrupt_pending_o_reg[4]/CP
Endpoint   : interrupt_controller_instance/soc_top_inst_priority_resolve_inst_highest_pending_lvl_pr_o_reg[2]/SE
Slack      : -352 ps
Slack      : -0.352 ns

--------------------------------------------------------------
Path       : 289
Startpoint : interrupt_controller_instance/soc_top_inst_interrupt_recieve_inst_interrupt_pending_o_reg[4]/CP
Endpoint   : interrupt_controller_instance/soc_top_inst_priority_resolve_inst_highest_pending_lvl_pr_o_reg[0]/SE
Slack      : -352 ps
Slack      : -0.352 ns

--------------------------------------------------------------
Path       : 290
Startpoint : interrupt_controller_instance/soc_top_inst_interrupt_recieve_inst_interrupt_pending_o_reg[4]/CP
Endpoint   : interrupt_controller_instance/soc_top_inst_priority_resolve_inst_highest_pending_lvl_pr_o_reg[5]/SE
Slack      : -352 ps
Slack      : -0.352 ns

--------------------------------------------------------------
Path       : 291
Startpoint : interrupt_controller_instance/soc_top_inst_interrupt_recieve_inst_interrupt_pending_o_reg[4]/CP
Endpoint   : interrupt_controller_instance/soc_top_inst_priority_resolve_inst_highest_pending_lvl_pr_o_reg[1]/SE
Slack      : -352 ps
Slack      : -0.352 ns

--------------------------------------------------------------
Path       : 292
Startpoint : csr_top_instance_csr_register_file_inst_satp_csr_inst_satp_r_reg[30]/CP
Endpoint   : csr_top_instance_csr_register_file_inst_mepc_csr_inst_mepc_csr_o_reg[30]/SE
Slack      : -348 ps
Slack      : -0.348 ns

--------------------------------------------------------------
Path       : 293
Startpoint : csr_top_instance_csr_register_file_inst_satp_csr_inst_satp_r_reg[30]/CP
Endpoint   : csr_top_instance_csr_register_file_inst_mepc_csr_inst_mepc_csr_o_reg[28]/SE
Slack      : -348 ps
Slack      : -0.348 ns

--------------------------------------------------------------
Path       : 294
Startpoint : csr_top_instance_csr_register_file_inst_satp_csr_inst_satp_r_reg[30]/CP
Endpoint   : csr_top_instance_csr_register_file_inst_mepc_csr_inst_mepc_csr_o_reg[27]/SE
Slack      : -348 ps
Slack      : -0.348 ns

--------------------------------------------------------------
Path       : 295
Startpoint : csr_top_instance_csr_register_file_inst_satp_csr_inst_satp_r_reg[30]/CP
Endpoint   : csr_top_instance_csr_register_file_inst_mepc_csr_inst_mepc_csr_o_reg[24]/SE
Slack      : -348 ps
Slack      : -0.348 ns

--------------------------------------------------------------
Path       : 296
Startpoint : csr_top_instance_csr_register_file_inst_satp_csr_inst_satp_r_reg[30]/CP
Endpoint   : csr_top_instance_csr_register_file_inst_mepc_csr_inst_mepc_csr_o_reg[19]/SE
Slack      : -348 ps
Slack      : -0.348 ns

--------------------------------------------------------------
Path       : 297
Startpoint : csr_top_instance_csr_register_file_inst_satp_csr_inst_satp_r_reg[30]/CP
Endpoint   : csr_top_instance_csr_register_file_inst_mepc_csr_inst_mepc_csr_o_reg[16]/SE
Slack      : -348 ps
Slack      : -0.348 ns

--------------------------------------------------------------
Path       : 298
Startpoint : csr_top_instance_csr_register_file_inst_satp_csr_inst_satp_r_reg[30]/CP
Endpoint   : csr_top_instance_csr_register_file_inst_mepc_csr_inst_mepc_csr_o_reg[13]/SE
Slack      : -348 ps
Slack      : -0.348 ns

--------------------------------------------------------------
Path       : 299
Startpoint : csr_top_instance_csr_register_file_inst_satp_csr_inst_satp_r_reg[30]/CP
Endpoint   : csr_top_instance_csr_register_file_inst_mepc_csr_inst_mepc_csr_o_reg[12]/SE
Slack      : -348 ps
Slack      : -0.348 ns

--------------------------------------------------------------
Path       : 300
Startpoint : csr_top_instance_csr_register_file_inst_satp_csr_inst_satp_r_reg[30]/CP
Endpoint   : csr_top_instance_csr_register_file_inst_mepc_csr_inst_mepc_csr_o_reg[9]/SE
Slack      : -348 ps
Slack      : -0.348 ns

--------------------------------------------------------------
Path       : 301
Startpoint : csr_top_instance_csr_register_file_inst_satp_csr_inst_satp_r_reg[30]/CP
Endpoint   : csr_top_instance_csr_register_file_inst_mepc_csr_inst_mepc_csr_o_reg[29]/SE
Slack      : -347 ps
Slack      : -0.347 ns

--------------------------------------------------------------
Path       : 302
Startpoint : csr_top_instance_csr_register_file_inst_satp_csr_inst_satp_r_reg[30]/CP
Endpoint   : csr_top_instance_csr_register_file_inst_mepc_csr_inst_mepc_csr_o_reg[26]/SE
Slack      : -347 ps
Slack      : -0.347 ns

--------------------------------------------------------------
Path       : 303
Startpoint : csr_top_instance_csr_register_file_inst_satp_csr_inst_satp_r_reg[30]/CP
Endpoint   : csr_top_instance_csr_register_file_inst_mepc_csr_inst_mepc_csr_o_reg[25]/SE
Slack      : -347 ps
Slack      : -0.347 ns

--------------------------------------------------------------
Path       : 304
Startpoint : csr_top_instance_csr_register_file_inst_satp_csr_inst_satp_r_reg[30]/CP
Endpoint   : csr_top_instance_csr_register_file_inst_mepc_csr_inst_mepc_csr_o_reg[23]/SE
Slack      : -347 ps
Slack      : -0.347 ns

--------------------------------------------------------------
Path       : 305
Startpoint : csr_top_instance_csr_register_file_inst_satp_csr_inst_satp_r_reg[30]/CP
Endpoint   : csr_top_instance_csr_register_file_inst_mepc_csr_inst_mepc_csr_o_reg[22]/SE
Slack      : -347 ps
Slack      : -0.347 ns

--------------------------------------------------------------
Path       : 306
Startpoint : csr_top_instance_csr_register_file_inst_satp_csr_inst_satp_r_reg[30]/CP
Endpoint   : csr_top_instance_csr_register_file_inst_mepc_csr_inst_mepc_csr_o_reg[21]/SE
Slack      : -347 ps
Slack      : -0.347 ns

--------------------------------------------------------------
Path       : 307
Startpoint : csr_top_instance_csr_register_file_inst_satp_csr_inst_satp_r_reg[30]/CP
Endpoint   : csr_top_instance_csr_register_file_inst_mepc_csr_inst_mepc_csr_o_reg[17]/SE
Slack      : -347 ps
Slack      : -0.347 ns

--------------------------------------------------------------
Path       : 308
Startpoint : csr_top_instance_csr_register_file_inst_satp_csr_inst_satp_r_reg[30]/CP
Endpoint   : csr_top_instance_csr_register_file_inst_mepc_csr_inst_mepc_csr_o_reg[14]/SE
Slack      : -347 ps
Slack      : -0.347 ns

--------------------------------------------------------------
Path       : 309
Startpoint : csr_top_instance_csr_register_file_inst_satp_csr_inst_satp_r_reg[30]/CP
Endpoint   : csr_top_instance_csr_register_file_inst_mepc_csr_inst_mepc_csr_o_reg[11]/SE
Slack      : -347 ps
Slack      : -0.347 ns

--------------------------------------------------------------
Path       : 310
Startpoint : csr_top_instance_csr_register_file_inst_satp_csr_inst_satp_r_reg[30]/CP
Endpoint   : csr_top_instance_csr_register_file_inst_mepc_csr_inst_mepc_csr_o_reg[10]/SE
Slack      : -347 ps
Slack      : -0.347 ns

--------------------------------------------------------------
Path       : 311
Startpoint : csr_top_instance_csr_register_file_inst_satp_csr_inst_satp_r_reg[30]/CP
Endpoint   : csr_top_instance_csr_register_file_inst_mepc_csr_inst_mepc_csr_o_reg[8]/SE
Slack      : -347 ps
Slack      : -0.347 ns

--------------------------------------------------------------
Path       : 312
Startpoint : csr_top_instance_csr_register_file_inst_satp_csr_inst_satp_r_reg[30]/CP
Endpoint   : csr_top_instance_csr_register_file_inst_mepc_csr_inst_mepc_csr_o_reg[5]/SE
Slack      : -347 ps
Slack      : -0.347 ns

--------------------------------------------------------------
Path       : 313
Startpoint : csr_top_instance_csr_register_file_inst_satp_csr_inst_satp_r_reg[30]/CP
Endpoint   : csr_top_instance_csr_register_file_inst_mepc_csr_inst_mepc_csr_o_reg[3]/SE
Slack      : -347 ps
Slack      : -0.347 ns

--------------------------------------------------------------
Path       : 314
Startpoint : csr_top_instance_csr_register_file_inst_satp_csr_inst_satp_r_reg[30]/CP
Endpoint   : csr_top_instance_csr_register_file_inst_mstatus_csr_inst_mstatus_r_reg[3]/SE
Slack      : -345 ps
Slack      : -0.345 ns

--------------------------------------------------------------
Path       : 315
Startpoint : basic_isa_instance/u_ex_mem_alu_result_mem_reg[31]/CP
Endpoint   : csr_top_instance_csr_register_file_inst_mie_csr_inst_mie_r_reg[31]/SE
Slack      : -344 ps
Slack      : -0.344 ns

--------------------------------------------------------------
Path       : 316
Startpoint : basic_isa_instance/u_ex_mem_alu_result_mem_reg[31]/CP
Endpoint   : csr_top_instance_csr_register_file_inst_mie_csr_inst_mie_r_reg[30]/SE
Slack      : -344 ps
Slack      : -0.344 ns

--------------------------------------------------------------
Path       : 317
Startpoint : basic_isa_instance/u_ex_mem_alu_result_mem_reg[31]/CP
Endpoint   : csr_top_instance_csr_register_file_inst_mie_csr_inst_mie_r_reg[27]/SE
Slack      : -344 ps
Slack      : -0.344 ns

--------------------------------------------------------------
Path       : 318
Startpoint : basic_isa_instance/u_ex_mem_inst_mem_o_reg[9]/CP
Endpoint   : basic_isa_instance/u_if_u_pc_reg_core_to_int_reg[15]/D
Slack      : -344 ps
Slack      : -0.344 ns

--------------------------------------------------------------
Path       : 319
Startpoint : csr_top_instance_csr_register_file_inst_satp_csr_inst_satp_r_reg[30]/CP
Endpoint   : csr_top_instance_csr_register_file_inst_mstatus_csr_inst_mstatus_r_reg[7]/SE
Slack      : -341 ps
Slack      : -0.341 ns

--------------------------------------------------------------
Path       : 320
Startpoint : basic_isa_instance/u_ex_mem_inst_mem_o_reg[9]/CP
Endpoint   : basic_isa_instance/u_if_u_pc_reg_core_to_int_reg[2]/D
Slack      : -330 ps
Slack      : -0.330 ns

--------------------------------------------------------------
Path       : 321
Startpoint : basic_isa_instance/u_id_ex_pc_ex_reg[3]/CP
Endpoint   : basic_isa_instance/u_if_u_pc_reg_pc_reg[12]/D
Slack      : -328 ps
Slack      : -0.328 ns

--------------------------------------------------------------
Path       : 322
Startpoint : csr_top_instance_csr_register_file_inst_satp_csr_inst_satp_r_reg[30]/CP
Endpoint   : csr_top_instance_csr_register_file_inst_mepc_csr_inst_mepc_csr_o_reg[31]/SE
Slack      : -326 ps
Slack      : -0.326 ns

--------------------------------------------------------------
Path       : 323
Startpoint : csr_top_instance_csr_register_file_inst_satp_csr_inst_satp_r_reg[30]/CP
Endpoint   : csr_top_instance_csr_register_file_inst_mepc_csr_inst_mepc_csr_o_reg[20]/SE
Slack      : -326 ps
Slack      : -0.326 ns

--------------------------------------------------------------
Path       : 324
Startpoint : csr_top_instance_csr_register_file_inst_satp_csr_inst_satp_r_reg[30]/CP
Endpoint   : csr_top_instance_csr_register_file_inst_mepc_csr_inst_mepc_csr_o_reg[18]/SE
Slack      : -326 ps
Slack      : -0.326 ns

--------------------------------------------------------------
Path       : 325
Startpoint : csr_top_instance_csr_register_file_inst_satp_csr_inst_satp_r_reg[30]/CP
Endpoint   : csr_top_instance_csr_register_file_inst_mepc_csr_inst_mepc_csr_o_reg[15]/SE
Slack      : -326 ps
Slack      : -0.326 ns

--------------------------------------------------------------
Path       : 326
Startpoint : csr_top_instance_csr_register_file_inst_satp_csr_inst_satp_r_reg[30]/CP
Endpoint   : csr_top_instance_csr_register_file_inst_mepc_csr_inst_mepc_csr_o_reg[7]/SE
Slack      : -326 ps
Slack      : -0.326 ns

--------------------------------------------------------------
Path       : 327
Startpoint : csr_top_instance_csr_register_file_inst_satp_csr_inst_satp_r_reg[30]/CP
Endpoint   : csr_top_instance_csr_register_file_inst_mepc_csr_inst_mepc_csr_o_reg[6]/SE
Slack      : -326 ps
Slack      : -0.326 ns

--------------------------------------------------------------
Path       : 328
Startpoint : csr_top_instance_csr_register_file_inst_satp_csr_inst_satp_r_reg[30]/CP
Endpoint   : csr_top_instance_csr_register_file_inst_mepc_csr_inst_mepc_csr_o_reg[4]/SE
Slack      : -326 ps
Slack      : -0.326 ns

--------------------------------------------------------------
Path       : 329
Startpoint : csr_top_instance_csr_register_file_inst_satp_csr_inst_satp_r_reg[30]/CP
Endpoint   : csr_top_instance_csr_register_file_inst_mepc_csr_inst_mepc_csr_o_reg[2]/SE
Slack      : -326 ps
Slack      : -0.326 ns

--------------------------------------------------------------
Path       : 330
Startpoint : basic_isa_instance/u_id_ex_inst_ex_o_reg[17]/CP
Endpoint   : basic_isa_instance/u_trace_core_it_delta_addr_o_reg[17]/D
Slack      : -326 ps
Slack      : -0.326 ns

--------------------------------------------------------------
Path       : 331
Startpoint : basic_isa_instance/u_ex_mem_alu_result_mem_reg[31]/CP
Endpoint   : csr_top_instance_csr_register_file_inst_mscratch_csr_inst_mscratch_o_reg[31]/SE
Slack      : -317 ps
Slack      : -0.317 ns

--------------------------------------------------------------
Path       : 332
Startpoint : basic_isa_instance/u_ex_mem_alu_result_mem_reg[31]/CP
Endpoint   : csr_top_instance_csr_register_file_inst_mscratch_csr_inst_mscratch_o_reg[30]/SE
Slack      : -317 ps
Slack      : -0.317 ns

--------------------------------------------------------------
Path       : 333
Startpoint : basic_isa_instance/u_ex_mem_alu_result_mem_reg[31]/CP
Endpoint   : csr_top_instance_csr_register_file_inst_mscratch_csr_inst_mscratch_o_reg[29]/SE
Slack      : -317 ps
Slack      : -0.317 ns

--------------------------------------------------------------
Path       : 334
Startpoint : basic_isa_instance/u_ex_mem_alu_result_mem_reg[31]/CP
Endpoint   : csr_top_instance_csr_register_file_inst_mscratch_csr_inst_mscratch_o_reg[28]/SE
Slack      : -317 ps
Slack      : -0.317 ns

--------------------------------------------------------------
Path       : 335
Startpoint : basic_isa_instance/u_ex_mem_alu_result_mem_reg[31]/CP
Endpoint   : csr_top_instance_csr_register_file_inst_mscratch_csr_inst_mscratch_o_reg[27]/SE
Slack      : -317 ps
Slack      : -0.317 ns

--------------------------------------------------------------
Path       : 336
Startpoint : basic_isa_instance/u_ex_mem_alu_result_mem_reg[31]/CP
Endpoint   : csr_top_instance_csr_register_file_inst_mscratch_csr_inst_mscratch_o_reg[26]/SE
Slack      : -317 ps
Slack      : -0.317 ns

--------------------------------------------------------------
Path       : 337
Startpoint : basic_isa_instance/u_ex_mem_alu_result_mem_reg[31]/CP
Endpoint   : csr_top_instance_csr_register_file_inst_mscratch_csr_inst_mscratch_o_reg[25]/SE
Slack      : -317 ps
Slack      : -0.317 ns

--------------------------------------------------------------
Path       : 338
Startpoint : basic_isa_instance/u_ex_mem_alu_result_mem_reg[31]/CP
Endpoint   : csr_top_instance_csr_register_file_inst_mscratch_csr_inst_mscratch_o_reg[24]/SE
Slack      : -317 ps
Slack      : -0.317 ns

--------------------------------------------------------------
Path       : 339
Startpoint : basic_isa_instance/u_ex_mem_alu_result_mem_reg[31]/CP
Endpoint   : csr_top_instance_csr_register_file_inst_mscratch_csr_inst_mscratch_o_reg[23]/SE
Slack      : -317 ps
Slack      : -0.317 ns

--------------------------------------------------------------
Path       : 340
Startpoint : basic_isa_instance/u_ex_mem_alu_result_mem_reg[31]/CP
Endpoint   : csr_top_instance_csr_register_file_inst_mscratch_csr_inst_mscratch_o_reg[22]/SE
Slack      : -317 ps
Slack      : -0.317 ns

--------------------------------------------------------------
Path       : 341
Startpoint : basic_isa_instance/u_ex_mem_alu_result_mem_reg[31]/CP
Endpoint   : csr_top_instance_csr_register_file_inst_mscratch_csr_inst_mscratch_o_reg[21]/SE
Slack      : -317 ps
Slack      : -0.317 ns

--------------------------------------------------------------
Path       : 342
Startpoint : basic_isa_instance/u_ex_mem_alu_result_mem_reg[31]/CP
Endpoint   : csr_top_instance_csr_register_file_inst_mscratch_csr_inst_mscratch_o_reg[20]/SE
Slack      : -317 ps
Slack      : -0.317 ns

--------------------------------------------------------------
Path       : 343
Startpoint : basic_isa_instance/u_ex_mem_alu_result_mem_reg[31]/CP
Endpoint   : csr_top_instance_csr_register_file_inst_mscratch_csr_inst_mscratch_o_reg[19]/SE
Slack      : -317 ps
Slack      : -0.317 ns

--------------------------------------------------------------
Path       : 344
Startpoint : basic_isa_instance/u_ex_mem_alu_result_mem_reg[31]/CP
Endpoint   : csr_top_instance_csr_register_file_inst_mscratch_csr_inst_mscratch_o_reg[18]/SE
Slack      : -317 ps
Slack      : -0.317 ns

--------------------------------------------------------------
Path       : 345
Startpoint : basic_isa_instance/u_ex_mem_alu_result_mem_reg[31]/CP
Endpoint   : csr_top_instance_csr_register_file_inst_mscratch_csr_inst_mscratch_o_reg[17]/SE
Slack      : -317 ps
Slack      : -0.317 ns

--------------------------------------------------------------
Path       : 346
Startpoint : basic_isa_instance/u_ex_mem_alu_result_mem_reg[31]/CP
Endpoint   : csr_top_instance_csr_register_file_inst_mscratch_csr_inst_mscratch_o_reg[16]/SE
Slack      : -317 ps
Slack      : -0.317 ns

--------------------------------------------------------------
Path       : 347
Startpoint : basic_isa_instance/u_ex_mem_alu_result_mem_reg[31]/CP
Endpoint   : csr_top_instance_csr_register_file_inst_mscratch_csr_inst_mscratch_o_reg[15]/SE
Slack      : -317 ps
Slack      : -0.317 ns

--------------------------------------------------------------
Path       : 348
Startpoint : basic_isa_instance/u_ex_mem_alu_result_mem_reg[31]/CP
Endpoint   : csr_top_instance_csr_register_file_inst_mscratch_csr_inst_mscratch_o_reg[14]/SE
Slack      : -317 ps
Slack      : -0.317 ns

--------------------------------------------------------------
Path       : 349
Startpoint : basic_isa_instance/u_ex_mem_alu_result_mem_reg[31]/CP
Endpoint   : csr_top_instance_csr_register_file_inst_mscratch_csr_inst_mscratch_o_reg[13]/SE
Slack      : -317 ps
Slack      : -0.317 ns

--------------------------------------------------------------
Path       : 350
Startpoint : basic_isa_instance/u_ex_mem_alu_result_mem_reg[31]/CP
Endpoint   : csr_top_instance_csr_register_file_inst_mscratch_csr_inst_mscratch_o_reg[12]/SE
Slack      : -317 ps
Slack      : -0.317 ns

--------------------------------------------------------------
Path       : 351
Startpoint : basic_isa_instance/u_ex_mem_alu_result_mem_reg[31]/CP
Endpoint   : csr_top_instance_csr_register_file_inst_mscratch_csr_inst_mscratch_o_reg[11]/SE
Slack      : -317 ps
Slack      : -0.317 ns

--------------------------------------------------------------
Path       : 352
Startpoint : basic_isa_instance/u_ex_mem_alu_result_mem_reg[31]/CP
Endpoint   : csr_top_instance_csr_register_file_inst_mscratch_csr_inst_mscratch_o_reg[10]/SE
Slack      : -317 ps
Slack      : -0.317 ns

--------------------------------------------------------------
Path       : 353
Startpoint : basic_isa_instance/u_ex_mem_alu_result_mem_reg[31]/CP
Endpoint   : csr_top_instance_csr_register_file_inst_mscratch_csr_inst_mscratch_o_reg[9]/SE
Slack      : -317 ps
Slack      : -0.317 ns

--------------------------------------------------------------
Path       : 354
Startpoint : basic_isa_instance/u_ex_mem_alu_result_mem_reg[31]/CP
Endpoint   : csr_top_instance_csr_register_file_inst_mscratch_csr_inst_mscratch_o_reg[8]/SE
Slack      : -317 ps
Slack      : -0.317 ns

--------------------------------------------------------------
Path       : 355
Startpoint : basic_isa_instance/u_ex_mem_alu_result_mem_reg[31]/CP
Endpoint   : csr_top_instance_csr_register_file_inst_mscratch_csr_inst_mscratch_o_reg[7]/SE
Slack      : -317 ps
Slack      : -0.317 ns

--------------------------------------------------------------
Path       : 356
Startpoint : basic_isa_instance/u_ex_mem_alu_result_mem_reg[31]/CP
Endpoint   : csr_top_instance_csr_register_file_inst_mscratch_csr_inst_mscratch_o_reg[6]/SE
Slack      : -317 ps
Slack      : -0.317 ns

--------------------------------------------------------------
Path       : 357
Startpoint : basic_isa_instance/u_ex_mem_alu_result_mem_reg[31]/CP
Endpoint   : csr_top_instance_csr_register_file_inst_mscratch_csr_inst_mscratch_o_reg[5]/SE
Slack      : -317 ps
Slack      : -0.317 ns

--------------------------------------------------------------
Path       : 358
Startpoint : basic_isa_instance/u_ex_mem_alu_result_mem_reg[31]/CP
Endpoint   : csr_top_instance_csr_register_file_inst_mscratch_csr_inst_mscratch_o_reg[4]/SE
Slack      : -317 ps
Slack      : -0.317 ns

--------------------------------------------------------------
Path       : 359
Startpoint : basic_isa_instance/u_ex_mem_alu_result_mem_reg[31]/CP
Endpoint   : csr_top_instance_csr_register_file_inst_mscratch_csr_inst_mscratch_o_reg[3]/SE
Slack      : -317 ps
Slack      : -0.317 ns

--------------------------------------------------------------
Path       : 360
Startpoint : basic_isa_instance/u_ex_mem_alu_result_mem_reg[31]/CP
Endpoint   : csr_top_instance_csr_register_file_inst_mscratch_csr_inst_mscratch_o_reg[2]/SE
Slack      : -317 ps
Slack      : -0.317 ns

--------------------------------------------------------------
Path       : 361
Startpoint : basic_isa_instance/u_ex_mem_alu_result_mem_reg[31]/CP
Endpoint   : csr_top_instance_csr_register_file_inst_mscratch_csr_inst_mscratch_o_reg[1]/SE
Slack      : -317 ps
Slack      : -0.317 ns

--------------------------------------------------------------
Path       : 362
Startpoint : basic_isa_instance/u_ex_mem_alu_result_mem_reg[31]/CP
Endpoint   : csr_top_instance_csr_register_file_inst_mscratch_csr_inst_mscratch_o_reg[0]/SE
Slack      : -317 ps
Slack      : -0.317 ns

--------------------------------------------------------------
Path       : 363
Startpoint : csr_top_instance_csr_register_file_inst_satp_csr_inst_satp_r_reg[30]/CP
Endpoint   : csr_top_instance_csr_register_file_inst_mtvec_csr_inst_mtvec_r_reg[31]/SE
Slack      : -317 ps
Slack      : -0.317 ns

--------------------------------------------------------------
Path       : 364
Startpoint : csr_top_instance_csr_register_file_inst_satp_csr_inst_satp_r_reg[30]/CP
Endpoint   : csr_top_instance_csr_register_file_inst_mtvec_csr_inst_mtvec_r_reg[30]/SE
Slack      : -317 ps
Slack      : -0.317 ns

--------------------------------------------------------------
Path       : 365
Startpoint : csr_top_instance_csr_register_file_inst_satp_csr_inst_satp_r_reg[30]/CP
Endpoint   : csr_top_instance_csr_register_file_inst_mtvec_csr_inst_mtvec_r_reg[29]/SE
Slack      : -317 ps
Slack      : -0.317 ns

--------------------------------------------------------------
Path       : 366
Startpoint : csr_top_instance_csr_register_file_inst_satp_csr_inst_satp_r_reg[30]/CP
Endpoint   : csr_top_instance_csr_register_file_inst_mtvec_csr_inst_mtvec_r_reg[28]/SE
Slack      : -317 ps
Slack      : -0.317 ns

--------------------------------------------------------------
Path       : 367
Startpoint : csr_top_instance_csr_register_file_inst_satp_csr_inst_satp_r_reg[30]/CP
Endpoint   : csr_top_instance_csr_register_file_inst_mtvec_csr_inst_mtvec_r_reg[27]/SE
Slack      : -317 ps
Slack      : -0.317 ns

--------------------------------------------------------------
Path       : 368
Startpoint : csr_top_instance_csr_register_file_inst_satp_csr_inst_satp_r_reg[30]/CP
Endpoint   : csr_top_instance_csr_register_file_inst_mtvec_csr_inst_mtvec_r_reg[25]/SE
Slack      : -317 ps
Slack      : -0.317 ns

--------------------------------------------------------------
Path       : 369
Startpoint : csr_top_instance_csr_register_file_inst_satp_csr_inst_satp_r_reg[30]/CP
Endpoint   : csr_top_instance_csr_register_file_inst_mtvec_csr_inst_mtvec_r_reg[24]/SE
Slack      : -317 ps
Slack      : -0.317 ns

--------------------------------------------------------------
Path       : 370
Startpoint : csr_top_instance_csr_register_file_inst_satp_csr_inst_satp_r_reg[30]/CP
Endpoint   : csr_top_instance_csr_register_file_inst_mtvec_csr_inst_mtvec_r_reg[23]/SE
Slack      : -317 ps
Slack      : -0.317 ns

--------------------------------------------------------------
Path       : 371
Startpoint : csr_top_instance_csr_register_file_inst_satp_csr_inst_satp_r_reg[30]/CP
Endpoint   : csr_top_instance_csr_register_file_inst_mtvec_csr_inst_mtvec_r_reg[22]/SE
Slack      : -317 ps
Slack      : -0.317 ns

--------------------------------------------------------------
Path       : 372
Startpoint : csr_top_instance_csr_register_file_inst_satp_csr_inst_satp_r_reg[30]/CP
Endpoint   : csr_top_instance_csr_register_file_inst_mtvec_csr_inst_mtvec_r_reg[21]/SE
Slack      : -317 ps
Slack      : -0.317 ns

--------------------------------------------------------------
Path       : 373
Startpoint : csr_top_instance_csr_register_file_inst_satp_csr_inst_satp_r_reg[30]/CP
Endpoint   : csr_top_instance_csr_register_file_inst_mtvec_csr_inst_mtvec_r_reg[20]/SE
Slack      : -317 ps
Slack      : -0.317 ns

--------------------------------------------------------------
Path       : 374
Startpoint : csr_top_instance_csr_register_file_inst_satp_csr_inst_satp_r_reg[30]/CP
Endpoint   : csr_top_instance_csr_register_file_inst_mtvec_csr_inst_mtvec_r_reg[19]/SE
Slack      : -317 ps
Slack      : -0.317 ns

--------------------------------------------------------------
Path       : 375
Startpoint : csr_top_instance_csr_register_file_inst_satp_csr_inst_satp_r_reg[30]/CP
Endpoint   : csr_top_instance_csr_register_file_inst_mtvec_csr_inst_mtvec_r_reg[18]/SE
Slack      : -317 ps
Slack      : -0.317 ns

--------------------------------------------------------------
Path       : 376
Startpoint : csr_top_instance_csr_register_file_inst_satp_csr_inst_satp_r_reg[30]/CP
Endpoint   : csr_top_instance_csr_register_file_inst_mtvec_csr_inst_mtvec_r_reg[17]/SE
Slack      : -317 ps
Slack      : -0.317 ns

--------------------------------------------------------------
Path       : 377
Startpoint : csr_top_instance_csr_register_file_inst_satp_csr_inst_satp_r_reg[30]/CP
Endpoint   : csr_top_instance_csr_register_file_inst_mtvec_csr_inst_mtvec_r_reg[16]/SE
Slack      : -317 ps
Slack      : -0.317 ns

--------------------------------------------------------------
Path       : 378
Startpoint : csr_top_instance_csr_register_file_inst_satp_csr_inst_satp_r_reg[30]/CP
Endpoint   : csr_top_instance_csr_register_file_inst_mtvec_csr_inst_mtvec_r_reg[13]/SE
Slack      : -317 ps
Slack      : -0.317 ns

--------------------------------------------------------------
Path       : 379
Startpoint : csr_top_instance_csr_register_file_inst_satp_csr_inst_satp_r_reg[30]/CP
Endpoint   : csr_top_instance_csr_register_file_inst_mtvec_csr_inst_mtvec_r_reg[12]/SE
Slack      : -317 ps
Slack      : -0.317 ns

--------------------------------------------------------------
Path       : 380
Startpoint : csr_top_instance_csr_register_file_inst_satp_csr_inst_satp_r_reg[30]/CP
Endpoint   : csr_top_instance_csr_register_file_inst_mtvec_csr_inst_mtvec_r_reg[11]/SE
Slack      : -317 ps
Slack      : -0.317 ns

--------------------------------------------------------------
Path       : 381
Startpoint : csr_top_instance_csr_register_file_inst_satp_csr_inst_satp_r_reg[30]/CP
Endpoint   : csr_top_instance_csr_register_file_inst_mtvec_csr_inst_mtvec_r_reg[10]/SE
Slack      : -317 ps
Slack      : -0.317 ns

--------------------------------------------------------------
Path       : 382
Startpoint : csr_top_instance_csr_register_file_inst_satp_csr_inst_satp_r_reg[30]/CP
Endpoint   : csr_top_instance_csr_register_file_inst_mtvec_csr_inst_mtvec_r_reg[9]/SE
Slack      : -317 ps
Slack      : -0.317 ns

--------------------------------------------------------------
Path       : 383
Startpoint : csr_top_instance_csr_register_file_inst_satp_csr_inst_satp_r_reg[30]/CP
Endpoint   : csr_top_instance_csr_register_file_inst_mtvec_csr_inst_mtvec_r_reg[8]/SE
Slack      : -317 ps
Slack      : -0.317 ns

--------------------------------------------------------------
Path       : 384
Startpoint : csr_top_instance_csr_register_file_inst_satp_csr_inst_satp_r_reg[30]/CP
Endpoint   : csr_top_instance_csr_register_file_inst_mtvec_csr_inst_mtvec_r_reg[7]/SE
Slack      : -317 ps
Slack      : -0.317 ns

--------------------------------------------------------------
Path       : 385
Startpoint : csr_top_instance_csr_register_file_inst_satp_csr_inst_satp_r_reg[30]/CP
Endpoint   : csr_top_instance_csr_register_file_inst_mtvec_csr_inst_mtvec_r_reg[4]/SE
Slack      : -317 ps
Slack      : -0.317 ns

--------------------------------------------------------------
Path       : 386
Startpoint : csr_top_instance_csr_register_file_inst_satp_csr_inst_satp_r_reg[30]/CP
Endpoint   : csr_top_instance_csr_register_file_inst_mtvec_csr_inst_mtvec_r_reg[3]/SE
Slack      : -317 ps
Slack      : -0.317 ns

--------------------------------------------------------------
Path       : 387
Startpoint : csr_top_instance_csr_register_file_inst_satp_csr_inst_satp_r_reg[30]/CP
Endpoint   : csr_top_instance_csr_register_file_inst_mtvec_csr_inst_mtvec_r_reg[15]/SE
Slack      : -316 ps
Slack      : -0.316 ns

--------------------------------------------------------------
Path       : 388
Startpoint : csr_top_instance_csr_register_file_inst_satp_csr_inst_satp_r_reg[30]/CP
Endpoint   : csr_top_instance_csr_register_file_inst_mtvec_csr_inst_mtvec_r_reg[14]/SE
Slack      : -316 ps
Slack      : -0.316 ns

--------------------------------------------------------------
Path       : 389
Startpoint : basic_isa_instance/u_id_ex_inst_ex_o_reg[17]/CP
Endpoint   : basic_isa_instance/u_if_u_btb_U_FILE_target_arr_reg[7][1][16]/D
Slack      : -316 ps
Slack      : -0.316 ns

--------------------------------------------------------------
Path       : 390
Startpoint : basic_isa_instance/u_id_ex_inst_ex_o_reg[17]/CP
Endpoint   : basic_isa_instance/u_if_u_btb_U_FILE_target_arr_reg[7][0][16]/D
Slack      : -316 ps
Slack      : -0.316 ns

--------------------------------------------------------------
Path       : 391
Startpoint : basic_isa_instance/u_id_ex_inst_ex_o_reg[17]/CP
Endpoint   : basic_isa_instance/u_if_u_btb_U_FILE_target_arr_reg[6][1][16]/D
Slack      : -316 ps
Slack      : -0.316 ns

--------------------------------------------------------------
Path       : 392
Startpoint : basic_isa_instance/u_id_ex_inst_ex_o_reg[17]/CP
Endpoint   : basic_isa_instance/u_if_u_btb_U_FILE_target_arr_reg[6][0][16]/D
Slack      : -316 ps
Slack      : -0.316 ns

--------------------------------------------------------------
Path       : 393
Startpoint : basic_isa_instance/u_id_ex_inst_ex_o_reg[17]/CP
Endpoint   : basic_isa_instance/u_if_u_btb_U_FILE_target_arr_reg[5][1][16]/D
Slack      : -316 ps
Slack      : -0.316 ns

--------------------------------------------------------------
Path       : 394
Startpoint : basic_isa_instance/u_id_ex_inst_ex_o_reg[17]/CP
Endpoint   : basic_isa_instance/u_if_u_btb_U_FILE_target_arr_reg[5][0][16]/D
Slack      : -316 ps
Slack      : -0.316 ns

--------------------------------------------------------------
Path       : 395
Startpoint : basic_isa_instance/u_id_ex_inst_ex_o_reg[17]/CP
Endpoint   : basic_isa_instance/u_if_u_btb_U_FILE_target_arr_reg[4][1][16]/D
Slack      : -316 ps
Slack      : -0.316 ns

--------------------------------------------------------------
Path       : 396
Startpoint : basic_isa_instance/u_id_ex_inst_ex_o_reg[17]/CP
Endpoint   : basic_isa_instance/u_if_u_btb_U_FILE_target_arr_reg[4][0][16]/D
Slack      : -316 ps
Slack      : -0.316 ns

--------------------------------------------------------------
Path       : 397
Startpoint : basic_isa_instance/u_id_ex_inst_ex_o_reg[17]/CP
Endpoint   : basic_isa_instance/u_if_u_btb_U_FILE_target_arr_reg[3][1][16]/D
Slack      : -316 ps
Slack      : -0.316 ns

--------------------------------------------------------------
Path       : 398
Startpoint : basic_isa_instance/u_id_ex_inst_ex_o_reg[17]/CP
Endpoint   : basic_isa_instance/u_if_u_btb_U_FILE_target_arr_reg[3][0][16]/D
Slack      : -316 ps
Slack      : -0.316 ns

--------------------------------------------------------------
Path       : 399
Startpoint : basic_isa_instance/u_id_ex_inst_ex_o_reg[17]/CP
Endpoint   : basic_isa_instance/u_if_u_btb_U_FILE_target_arr_reg[2][1][16]/D
Slack      : -316 ps
Slack      : -0.316 ns

--------------------------------------------------------------
Path       : 400
Startpoint : basic_isa_instance/u_id_ex_inst_ex_o_reg[17]/CP
Endpoint   : basic_isa_instance/u_if_u_btb_U_FILE_target_arr_reg[2][0][16]/D
Slack      : -316 ps
Slack      : -0.316 ns

--------------------------------------------------------------
Path       : 401
Startpoint : basic_isa_instance/u_id_ex_inst_ex_o_reg[17]/CP
Endpoint   : basic_isa_instance/u_if_u_btb_U_FILE_target_arr_reg[1][1][16]/D
Slack      : -316 ps
Slack      : -0.316 ns

--------------------------------------------------------------
Path       : 402
Startpoint : basic_isa_instance/u_id_ex_inst_ex_o_reg[17]/CP
Endpoint   : basic_isa_instance/u_if_u_btb_U_FILE_target_arr_reg[1][0][16]/D
Slack      : -316 ps
Slack      : -0.316 ns

--------------------------------------------------------------
Path       : 403
Startpoint : basic_isa_instance/u_id_ex_inst_ex_o_reg[17]/CP
Endpoint   : basic_isa_instance/u_if_u_btb_U_FILE_target_arr_reg[0][1][16]/D
Slack      : -316 ps
Slack      : -0.316 ns

--------------------------------------------------------------
Path       : 404
Startpoint : basic_isa_instance/u_id_ex_inst_ex_o_reg[17]/CP
Endpoint   : basic_isa_instance/u_if_u_btb_U_FILE_target_arr_reg[0][0][16]/D
Slack      : -316 ps
Slack      : -0.316 ns

--------------------------------------------------------------
Path       : 405
Startpoint : basic_isa_instance/u_ex_mem_inst_mem_o_reg[9]/CP
Endpoint   : basic_isa_instance/u_id_ex_imm_ex_reg[23]/D
Slack      : -314 ps
Slack      : -0.314 ns

--------------------------------------------------------------
Path       : 406
Startpoint : basic_isa_instance/u_ex_mem_inst_mem_o_reg[9]/CP
Endpoint   : basic_isa_instance/u_id_ex_imm_ex_reg[29]/D
Slack      : -314 ps
Slack      : -0.314 ns

--------------------------------------------------------------
Path       : 407
Startpoint : basic_isa_instance/u_ex_mem_inst_mem_o_reg[9]/CP
Endpoint   : basic_isa_instance/u_id_ex_imm_ex_reg[26]/D
Slack      : -314 ps
Slack      : -0.314 ns

--------------------------------------------------------------
Path       : 408
Startpoint : basic_isa_instance/u_ex_mem_inst_mem_o_reg[9]/CP
Endpoint   : basic_isa_instance/u_id_ex_imm_ex_reg[25]/D
Slack      : -314 ps
Slack      : -0.314 ns

--------------------------------------------------------------
Path       : 409
Startpoint : basic_isa_instance/u_ex_mem_inst_mem_o_reg[9]/CP
Endpoint   : basic_isa_instance/u_id_ex_imm_ex_reg[28]/D
Slack      : -314 ps
Slack      : -0.314 ns

--------------------------------------------------------------
Path       : 410
Startpoint : basic_isa_instance/u_ex_mem_inst_mem_o_reg[9]/CP
Endpoint   : basic_isa_instance/u_id_ex_imm_ex_reg[27]/D
Slack      : -314 ps
Slack      : -0.314 ns

--------------------------------------------------------------
Path       : 411
Startpoint : basic_isa_instance/u_ex_mem_inst_mem_o_reg[9]/CP
Endpoint   : basic_isa_instance/u_id_ex_imm_ex_reg[24]/D
Slack      : -314 ps
Slack      : -0.314 ns

--------------------------------------------------------------
Path       : 412
Startpoint : basic_isa_instance/u_ex_mem_inst_mem_o_reg[9]/CP
Endpoint   : basic_isa_instance/u_id_ex_imm_ex_reg[21]/D
Slack      : -314 ps
Slack      : -0.314 ns

--------------------------------------------------------------
Path       : 413
Startpoint : basic_isa_instance/u_ex_mem_inst_mem_o_reg[9]/CP
Endpoint   : basic_isa_instance/u_id_ex_imm_ex_reg[20]/D
Slack      : -314 ps
Slack      : -0.314 ns

--------------------------------------------------------------
Path       : 414
Startpoint : basic_isa_instance/u_ex_mem_inst_mem_o_reg[9]/CP
Endpoint   : basic_isa_instance/u_id_ex_imm_ex_reg[22]/D
Slack      : -314 ps
Slack      : -0.314 ns

--------------------------------------------------------------
Path       : 415
Startpoint : interrupt_controller_instance/soc_top_inst_interrupt_recieve_inst_interrupt_pending_o_reg[4]/CP
Endpoint   : interrupt_controller_instance/soc_top_inst_priority_resolve_inst_interrupt_id_o_reg[1]/D
Slack      : -314 ps
Slack      : -0.314 ns

--------------------------------------------------------------
Path       : 416
Startpoint : basic_isa_instance/u_ex_mem_inst_mem_o_reg[9]/CP
Endpoint   : basic_isa_instance/u_id_ex_imm_ex_reg[18]/D
Slack      : -312 ps
Slack      : -0.312 ns

--------------------------------------------------------------
Path       : 417
Startpoint : csr_top_instance_csr_register_file_inst_satp_csr_inst_satp_r_reg[30]/CP
Endpoint   : csr_top_instance_csr_register_file_inst_mtvec_csr_inst_mtvec_r_reg[26]/SE
Slack      : -308 ps
Slack      : -0.308 ns

--------------------------------------------------------------
Path       : 418
Startpoint : csr_top_instance_csr_register_file_inst_satp_csr_inst_satp_r_reg[30]/CP
Endpoint   : csr_top_instance_csr_register_file_inst_mtvec_csr_inst_mtvec_r_reg[6]/SE
Slack      : -308 ps
Slack      : -0.308 ns

--------------------------------------------------------------
Path       : 419
Startpoint : csr_top_instance_csr_register_file_inst_satp_csr_inst_satp_r_reg[30]/CP
Endpoint   : csr_top_instance_csr_register_file_inst_mtvec_csr_inst_mtvec_r_reg[5]/SE
Slack      : -308 ps
Slack      : -0.308 ns

--------------------------------------------------------------
Path       : 420
Startpoint : csr_top_instance_csr_register_file_inst_satp_csr_inst_satp_r_reg[30]/CP
Endpoint   : csr_top_instance_csr_register_file_inst_mtvec_csr_inst_mtvec_r_reg[2]/SE
Slack      : -308 ps
Slack      : -0.308 ns

--------------------------------------------------------------
Path       : 421
Startpoint : csr_top_instance_csr_register_file_inst_satp_csr_inst_satp_r_reg[30]/CP
Endpoint   : csr_top_instance_csr_register_file_inst_mstatus_csr_inst_mstatus_r_reg[7]/SI
Slack      : -304 ps
Slack      : -0.304 ns

--------------------------------------------------------------
Path       : 422
Startpoint : basic_isa_instance/u_ex_mem_inst_mem_o_reg[9]/CP
Endpoint   : basic_isa_instance/u_id_ex_imm_ex_reg[12]/D
Slack      : -300 ps
Slack      : -0.300 ns

--------------------------------------------------------------
Path       : 423
Startpoint : basic_isa_instance/u_ex_mem_inst_mem_o_reg[9]/CP
Endpoint   : basic_isa_instance/u_id_ex_imm_ex_reg[11]/D
Slack      : -299 ps
Slack      : -0.299 ns

--------------------------------------------------------------
Path       : 424
Startpoint : basic_isa_instance/u_ex_mem_alu_result_mem_reg[31]/CP
Endpoint   : csr_top_instance_csr_register_file_inst_satp_csr_inst_satp_r_reg[16]/SE
Slack      : -298 ps
Slack      : -0.298 ns

--------------------------------------------------------------
Path       : 425
Startpoint : basic_isa_instance/u_ex_mem_alu_result_mem_reg[31]/CP
Endpoint   : csr_top_instance_csr_register_file_inst_satp_csr_inst_satp_r_reg[15]/SE
Slack      : -298 ps
Slack      : -0.298 ns

--------------------------------------------------------------
Path       : 426
Startpoint : basic_isa_instance/u_ex_mem_alu_result_mem_reg[31]/CP
Endpoint   : csr_top_instance_csr_register_file_inst_satp_csr_inst_satp_r_reg[10]/SE
Slack      : -298 ps
Slack      : -0.298 ns

--------------------------------------------------------------
Path       : 427
Startpoint : basic_isa_instance/u_ex_mem_alu_result_mem_reg[31]/CP
Endpoint   : csr_top_instance_csr_register_file_inst_satp_csr_inst_satp_r_reg[9]/SE
Slack      : -298 ps
Slack      : -0.298 ns

--------------------------------------------------------------
Path       : 428
Startpoint : basic_isa_instance/u_ex_mem_alu_result_mem_reg[31]/CP
Endpoint   : csr_top_instance_csr_register_file_inst_satp_csr_inst_satp_r_reg[8]/SE
Slack      : -298 ps
Slack      : -0.298 ns

--------------------------------------------------------------
Path       : 429
Startpoint : basic_isa_instance/u_ex_mem_alu_result_mem_reg[31]/CP
Endpoint   : csr_top_instance_csr_register_file_inst_satp_csr_inst_satp_r_reg[7]/SE
Slack      : -298 ps
Slack      : -0.298 ns

--------------------------------------------------------------
Path       : 430
Startpoint : basic_isa_instance/u_ex_mem_alu_result_mem_reg[31]/CP
Endpoint   : csr_top_instance_csr_register_file_inst_satp_csr_inst_satp_r_reg[6]/SE
Slack      : -298 ps
Slack      : -0.298 ns

--------------------------------------------------------------
Path       : 431
Startpoint : basic_isa_instance/u_ex_mem_alu_result_mem_reg[31]/CP
Endpoint   : csr_top_instance_csr_register_file_inst_satp_csr_inst_satp_r_reg[5]/SE
Slack      : -298 ps
Slack      : -0.298 ns

--------------------------------------------------------------
Path       : 432
Startpoint : basic_isa_instance/u_ex_mem_alu_result_mem_reg[31]/CP
Endpoint   : csr_top_instance_csr_register_file_inst_satp_csr_inst_satp_r_reg[4]/SE
Slack      : -298 ps
Slack      : -0.298 ns

--------------------------------------------------------------
Path       : 433
Startpoint : basic_isa_instance/u_ex_mem_alu_result_mem_reg[31]/CP
Endpoint   : csr_top_instance_csr_register_file_inst_satp_csr_inst_satp_r_reg[3]/SE
Slack      : -298 ps
Slack      : -0.298 ns

--------------------------------------------------------------
Path       : 434
Startpoint : basic_isa_instance/u_ex_mem_alu_result_mem_reg[31]/CP
Endpoint   : csr_top_instance_csr_register_file_inst_satp_csr_inst_satp_r_reg[2]/SE
Slack      : -298 ps
Slack      : -0.298 ns

--------------------------------------------------------------
Path       : 435
Startpoint : basic_isa_instance/u_ex_mem_alu_result_mem_reg[31]/CP
Endpoint   : csr_top_instance_csr_register_file_inst_mie_csr_inst_mie_r_reg[29]/SE
Slack      : -297 ps
Slack      : -0.297 ns

--------------------------------------------------------------
Path       : 436
Startpoint : basic_isa_instance/u_ex_mem_alu_result_mem_reg[31]/CP
Endpoint   : csr_top_instance_csr_register_file_inst_mie_csr_inst_mie_r_reg[28]/SE
Slack      : -297 ps
Slack      : -0.297 ns

--------------------------------------------------------------
Path       : 437
Startpoint : basic_isa_instance/u_ex_mem_alu_result_mem_reg[31]/CP
Endpoint   : csr_top_instance_csr_register_file_inst_mie_csr_inst_mie_r_reg[26]/SE
Slack      : -297 ps
Slack      : -0.297 ns

--------------------------------------------------------------
Path       : 438
Startpoint : basic_isa_instance/u_id_ex_pc_ex_reg[3]/CP
Endpoint   : basic_isa_instance/u_if_u_pc_reg_core_to_int_reg[13]/D
Slack      : -297 ps
Slack      : -0.297 ns

--------------------------------------------------------------
Path       : 439
Startpoint : basic_isa_instance/u_ex_mem_inst_mem_o_reg[9]/CP
Endpoint   : basic_isa_instance/u_id_ex_imm_ex_reg[30]/D
Slack      : -295 ps
Slack      : -0.295 ns

--------------------------------------------------------------
Path       : 440
Startpoint : basic_isa_instance/u_ex_mem_inst_mem_o_reg[9]/CP
Endpoint   : basic_isa_instance/u_id_ex_imm_ex_reg[15]/D
Slack      : -293 ps
Slack      : -0.293 ns

--------------------------------------------------------------
Path       : 441
Startpoint : basic_isa_instance/u_ex_mem_inst_mem_o_reg[9]/CP
Endpoint   : basic_isa_instance/u_id_ex_imm_ex_reg[16]/D
Slack      : -293 ps
Slack      : -0.293 ns

--------------------------------------------------------------
Path       : 442
Startpoint : basic_isa_instance/u_ex_mem_inst_mem_o_reg[9]/CP
Endpoint   : basic_isa_instance/u_id_ex_imm_ex_reg[17]/D
Slack      : -293 ps
Slack      : -0.293 ns

--------------------------------------------------------------
Path       : 443
Startpoint : basic_isa_instance/u_ex_mem_inst_mem_o_reg[9]/CP
Endpoint   : basic_isa_instance/u_id_ex_imm_ex_reg[19]/D
Slack      : -293 ps
Slack      : -0.293 ns

--------------------------------------------------------------
Path       : 444
Startpoint : basic_isa_instance/u_ex_mem_inst_mem_o_reg[9]/CP
Endpoint   : basic_isa_instance/u_id_ex_imm_ex_reg[14]/D
Slack      : -293 ps
Slack      : -0.293 ns

--------------------------------------------------------------
Path       : 445
Startpoint : basic_isa_instance/u_ex_mem_inst_mem_o_reg[9]/CP
Endpoint   : basic_isa_instance/u_id_ex_imm_ex_reg[13]/D
Slack      : -293 ps
Slack      : -0.293 ns

--------------------------------------------------------------
Path       : 446
Startpoint : interrupt_controller_instance/soc_top_inst_interrupt_recieve_inst_interrupt_pending_o_reg[4]/CP
Endpoint   : interrupt_controller_instance/soc_top_inst_priority_resolve_inst_interrupt_id_o_reg[0]/D
Slack      : -288 ps
Slack      : -0.288 ns

--------------------------------------------------------------
Path       : 447
Startpoint : basic_isa_instance/u_ex_mem_alu_result_mem_reg[31]/CP
Endpoint   : csr_top_instance_csr_register_file_inst_mcause_csr_inst_mcause_r_reg[31]/SE
Slack      : -288 ps
Slack      : -0.288 ns

--------------------------------------------------------------
Path       : 448
Startpoint : basic_isa_instance/u_ex_mem_alu_result_mem_reg[31]/CP
Endpoint   : csr_top_instance_csr_register_file_inst_mcause_csr_inst_mcause_r_reg[27]/SE
Slack      : -288 ps
Slack      : -0.288 ns

--------------------------------------------------------------
Path       : 449
Startpoint : basic_isa_instance/u_ex_mem_alu_result_mem_reg[31]/CP
Endpoint   : csr_top_instance_csr_register_file_inst_mcause_csr_inst_mcause_r_reg[23]/SE
Slack      : -288 ps
Slack      : -0.288 ns

--------------------------------------------------------------
Path       : 450
Startpoint : basic_isa_instance/u_ex_mem_alu_result_mem_reg[31]/CP
Endpoint   : csr_top_instance_csr_register_file_inst_mcause_csr_inst_mcause_r_reg[22]/SE
Slack      : -288 ps
Slack      : -0.288 ns

--------------------------------------------------------------
Path       : 451
Startpoint : basic_isa_instance/u_ex_mem_alu_result_mem_reg[31]/CP
Endpoint   : csr_top_instance_csr_register_file_inst_mcause_csr_inst_mcause_r_reg[21]/SE
Slack      : -288 ps
Slack      : -0.288 ns

--------------------------------------------------------------
Path       : 452
Startpoint : basic_isa_instance/u_ex_mem_alu_result_mem_reg[31]/CP
Endpoint   : csr_top_instance_csr_register_file_inst_mcause_csr_inst_mcause_r_reg[20]/SE
Slack      : -288 ps
Slack      : -0.288 ns

--------------------------------------------------------------
Path       : 453
Startpoint : basic_isa_instance/u_ex_mem_alu_result_mem_reg[31]/CP
Endpoint   : csr_top_instance_csr_register_file_inst_mcause_csr_inst_mcause_r_reg[19]/SE
Slack      : -288 ps
Slack      : -0.288 ns

--------------------------------------------------------------
Path       : 454
Startpoint : basic_isa_instance/u_ex_mem_alu_result_mem_reg[31]/CP
Endpoint   : csr_top_instance_csr_register_file_inst_mcause_csr_inst_mcause_r_reg[18]/SE
Slack      : -288 ps
Slack      : -0.288 ns

--------------------------------------------------------------
Path       : 455
Startpoint : basic_isa_instance/u_ex_mem_alu_result_mem_reg[31]/CP
Endpoint   : csr_top_instance_csr_register_file_inst_mcause_csr_inst_mcause_r_reg[17]/SE
Slack      : -288 ps
Slack      : -0.288 ns

--------------------------------------------------------------
Path       : 456
Startpoint : basic_isa_instance/u_ex_mem_alu_result_mem_reg[31]/CP
Endpoint   : csr_top_instance_csr_register_file_inst_mcause_csr_inst_mcause_r_reg[16]/SE
Slack      : -288 ps
Slack      : -0.288 ns

--------------------------------------------------------------
Path       : 457
Startpoint : basic_isa_instance/u_ex_mem_alu_result_mem_reg[31]/CP
Endpoint   : csr_top_instance_csr_register_file_inst_mcause_csr_inst_mcause_r_reg[11]/SE
Slack      : -288 ps
Slack      : -0.288 ns

--------------------------------------------------------------
Path       : 458
Startpoint : basic_isa_instance/u_ex_mem_alu_result_mem_reg[31]/CP
Endpoint   : csr_top_instance_csr_register_file_inst_mcause_csr_inst_mcause_r_reg[10]/SE
Slack      : -288 ps
Slack      : -0.288 ns

--------------------------------------------------------------
Path       : 459
Startpoint : basic_isa_instance/u_ex_mem_alu_result_mem_reg[31]/CP
Endpoint   : csr_top_instance_csr_register_file_inst_mcause_csr_inst_mcause_r_reg[9]/SE
Slack      : -288 ps
Slack      : -0.288 ns

--------------------------------------------------------------
Path       : 460
Startpoint : basic_isa_instance/u_ex_mem_alu_result_mem_reg[31]/CP
Endpoint   : csr_top_instance_csr_register_file_inst_mcause_csr_inst_mcause_r_reg[8]/SE
Slack      : -288 ps
Slack      : -0.288 ns

--------------------------------------------------------------
Path       : 461
Startpoint : basic_isa_instance/u_ex_mem_alu_result_mem_reg[31]/CP
Endpoint   : csr_top_instance_csr_register_file_inst_mcause_csr_inst_mcause_r_reg[7]/SE
Slack      : -288 ps
Slack      : -0.288 ns

--------------------------------------------------------------
Path       : 462
Startpoint : basic_isa_instance/u_ex_mem_alu_result_mem_reg[31]/CP
Endpoint   : csr_top_instance_csr_register_file_inst_mcause_csr_inst_mcause_r_reg[6]/SE
Slack      : -288 ps
Slack      : -0.288 ns

--------------------------------------------------------------
Path       : 463
Startpoint : basic_isa_instance/u_ex_mem_alu_result_mem_reg[31]/CP
Endpoint   : csr_top_instance_csr_register_file_inst_mcause_csr_inst_mcause_r_reg[5]/SE
Slack      : -288 ps
Slack      : -0.288 ns

--------------------------------------------------------------
Path       : 464
Startpoint : basic_isa_instance/u_ex_mem_alu_result_mem_reg[31]/CP
Endpoint   : csr_top_instance_csr_register_file_inst_mcause_csr_inst_mcause_r_reg[4]/SE
Slack      : -288 ps
Slack      : -0.288 ns

--------------------------------------------------------------
Path       : 465
Startpoint : basic_isa_instance/u_ex_mem_alu_result_mem_reg[31]/CP
Endpoint   : csr_top_instance_csr_register_file_inst_mcause_csr_inst_mcause_r_reg[3]/SE
Slack      : -288 ps
Slack      : -0.288 ns

--------------------------------------------------------------
Path       : 466
Startpoint : basic_isa_instance/u_ex_mem_alu_result_mem_reg[31]/CP
Endpoint   : csr_top_instance_csr_register_file_inst_mcause_csr_inst_mcause_r_reg[2]/SE
Slack      : -288 ps
Slack      : -0.288 ns

--------------------------------------------------------------
Path       : 467
Startpoint : basic_isa_instance/u_ex_mem_alu_result_mem_reg[31]/CP
Endpoint   : csr_top_instance_csr_register_file_inst_mcause_csr_inst_mcause_r_reg[1]/SE
Slack      : -288 ps
Slack      : -0.288 ns

--------------------------------------------------------------
Path       : 468
Startpoint : basic_isa_instance/u_ex_mem_alu_result_mem_reg[31]/CP
Endpoint   : csr_top_instance_csr_register_file_inst_mcause_csr_inst_mcause_r_reg[0]/SE
Slack      : -288 ps
Slack      : -0.288 ns

--------------------------------------------------------------
Path       : 469
Startpoint : basic_isa_instance/u_ex_mem_inst_mem_o_reg[9]/CP
Endpoint   : basic_isa_instance/u_if_u_pc_reg_core_to_int_reg[12]/D
Slack      : -287 ps
Slack      : -0.287 ns

--------------------------------------------------------------
Path       : 470
Startpoint : basic_isa_instance/u_ex_mem_inst_mem_o_reg[9]/CP
Endpoint   : basic_isa_instance/u_if_u_pc_reg_pc_reg[14]/D
Slack      : -286 ps
Slack      : -0.286 ns

--------------------------------------------------------------
Path       : 471
Startpoint : csr_top_instance_csr_register_file_inst_satp_csr_inst_satp_r_reg[30]/CP
Endpoint   : csr_top_instance_csr_register_file_inst_mtval_csr_inst/mtval_o_reg[31]/SE
Slack      : -286 ps
Slack      : -0.286 ns

--------------------------------------------------------------
Path       : 472
Startpoint : csr_top_instance_csr_register_file_inst_satp_csr_inst_satp_r_reg[30]/CP
Endpoint   : csr_top_instance_csr_register_file_inst_mtval_csr_inst/mtval_o_reg[30]/SE
Slack      : -286 ps
Slack      : -0.286 ns

--------------------------------------------------------------
Path       : 473
Startpoint : csr_top_instance_csr_register_file_inst_satp_csr_inst_satp_r_reg[30]/CP
Endpoint   : csr_top_instance_csr_register_file_inst_mtval_csr_inst/mtval_o_reg[29]/SE
Slack      : -286 ps
Slack      : -0.286 ns

--------------------------------------------------------------
Path       : 474
Startpoint : csr_top_instance_csr_register_file_inst_satp_csr_inst_satp_r_reg[30]/CP
Endpoint   : csr_top_instance_csr_register_file_inst_mtval_csr_inst/mtval_o_reg[28]/SE
Slack      : -286 ps
Slack      : -0.286 ns

--------------------------------------------------------------
Path       : 475
Startpoint : csr_top_instance_csr_register_file_inst_satp_csr_inst_satp_r_reg[30]/CP
Endpoint   : csr_top_instance_csr_register_file_inst_mtval_csr_inst/mtval_o_reg[27]/SE
Slack      : -286 ps
Slack      : -0.286 ns

--------------------------------------------------------------
Path       : 476
Startpoint : csr_top_instance_csr_register_file_inst_satp_csr_inst_satp_r_reg[30]/CP
Endpoint   : csr_top_instance_csr_register_file_inst_mtval_csr_inst/mtval_o_reg[26]/SE
Slack      : -286 ps
Slack      : -0.286 ns

--------------------------------------------------------------
Path       : 477
Startpoint : csr_top_instance_csr_register_file_inst_satp_csr_inst_satp_r_reg[30]/CP
Endpoint   : csr_top_instance_csr_register_file_inst_mtval_csr_inst/mtval_o_reg[25]/SE
Slack      : -286 ps
Slack      : -0.286 ns

--------------------------------------------------------------
Path       : 478
Startpoint : csr_top_instance_csr_register_file_inst_satp_csr_inst_satp_r_reg[30]/CP
Endpoint   : csr_top_instance_csr_register_file_inst_mtval_csr_inst/mtval_o_reg[24]/SE
Slack      : -286 ps
Slack      : -0.286 ns

--------------------------------------------------------------
Path       : 479
Startpoint : csr_top_instance_csr_register_file_inst_satp_csr_inst_satp_r_reg[30]/CP
Endpoint   : csr_top_instance_csr_register_file_inst_mtval_csr_inst/mtval_o_reg[23]/SE
Slack      : -286 ps
Slack      : -0.286 ns

--------------------------------------------------------------
Path       : 480
Startpoint : csr_top_instance_csr_register_file_inst_satp_csr_inst_satp_r_reg[30]/CP
Endpoint   : csr_top_instance_csr_register_file_inst_mtval_csr_inst/mtval_o_reg[22]/SE
Slack      : -286 ps
Slack      : -0.286 ns

--------------------------------------------------------------
Path       : 481
Startpoint : csr_top_instance_csr_register_file_inst_satp_csr_inst_satp_r_reg[30]/CP
Endpoint   : csr_top_instance_csr_register_file_inst_mtval_csr_inst/mtval_o_reg[21]/SE
Slack      : -286 ps
Slack      : -0.286 ns

--------------------------------------------------------------
Path       : 482
Startpoint : csr_top_instance_csr_register_file_inst_satp_csr_inst_satp_r_reg[30]/CP
Endpoint   : csr_top_instance_csr_register_file_inst_mtval_csr_inst/mtval_o_reg[20]/SE
Slack      : -286 ps
Slack      : -0.286 ns

--------------------------------------------------------------
Path       : 483
Startpoint : csr_top_instance_csr_register_file_inst_satp_csr_inst_satp_r_reg[30]/CP
Endpoint   : csr_top_instance_csr_register_file_inst_mtval_csr_inst/mtval_o_reg[19]/SE
Slack      : -286 ps
Slack      : -0.286 ns

--------------------------------------------------------------
Path       : 484
Startpoint : csr_top_instance_csr_register_file_inst_satp_csr_inst_satp_r_reg[30]/CP
Endpoint   : csr_top_instance_csr_register_file_inst_mtval_csr_inst/mtval_o_reg[18]/SE
Slack      : -286 ps
Slack      : -0.286 ns

--------------------------------------------------------------
Path       : 485
Startpoint : csr_top_instance_csr_register_file_inst_satp_csr_inst_satp_r_reg[30]/CP
Endpoint   : csr_top_instance_csr_register_file_inst_mtval_csr_inst/mtval_o_reg[17]/SE
Slack      : -286 ps
Slack      : -0.286 ns

--------------------------------------------------------------
Path       : 486
Startpoint : csr_top_instance_csr_register_file_inst_satp_csr_inst_satp_r_reg[30]/CP
Endpoint   : csr_top_instance_csr_register_file_inst_mtval_csr_inst/mtval_o_reg[16]/SE
Slack      : -286 ps
Slack      : -0.286 ns

--------------------------------------------------------------
Path       : 487
Startpoint : csr_top_instance_csr_register_file_inst_satp_csr_inst_satp_r_reg[30]/CP
Endpoint   : csr_top_instance_csr_register_file_inst_mtval_csr_inst/mtval_o_reg[15]/SE
Slack      : -286 ps
Slack      : -0.286 ns

--------------------------------------------------------------
Path       : 488
Startpoint : csr_top_instance_csr_register_file_inst_satp_csr_inst_satp_r_reg[30]/CP
Endpoint   : csr_top_instance_csr_register_file_inst_mtval_csr_inst/mtval_o_reg[14]/SE
Slack      : -286 ps
Slack      : -0.286 ns

--------------------------------------------------------------
Path       : 489
Startpoint : csr_top_instance_csr_register_file_inst_satp_csr_inst_satp_r_reg[30]/CP
Endpoint   : csr_top_instance_csr_register_file_inst_mtval_csr_inst/mtval_o_reg[13]/SE
Slack      : -286 ps
Slack      : -0.286 ns

--------------------------------------------------------------
Path       : 490
Startpoint : csr_top_instance_csr_register_file_inst_satp_csr_inst_satp_r_reg[30]/CP
Endpoint   : csr_top_instance_csr_register_file_inst_mtval_csr_inst/mtval_o_reg[12]/SE
Slack      : -286 ps
Slack      : -0.286 ns

--------------------------------------------------------------
Path       : 491
Startpoint : csr_top_instance_csr_register_file_inst_satp_csr_inst_satp_r_reg[30]/CP
Endpoint   : csr_top_instance_csr_register_file_inst_mtval_csr_inst/mtval_o_reg[11]/SE
Slack      : -286 ps
Slack      : -0.286 ns

--------------------------------------------------------------
Path       : 492
Startpoint : csr_top_instance_csr_register_file_inst_satp_csr_inst_satp_r_reg[30]/CP
Endpoint   : csr_top_instance_csr_register_file_inst_mtval_csr_inst/mtval_o_reg[10]/SE
Slack      : -286 ps
Slack      : -0.286 ns

--------------------------------------------------------------
Path       : 493
Startpoint : csr_top_instance_csr_register_file_inst_satp_csr_inst_satp_r_reg[30]/CP
Endpoint   : csr_top_instance_csr_register_file_inst_mtval_csr_inst/mtval_o_reg[9]/SE
Slack      : -286 ps
Slack      : -0.286 ns

--------------------------------------------------------------
Path       : 494
Startpoint : csr_top_instance_csr_register_file_inst_satp_csr_inst_satp_r_reg[30]/CP
Endpoint   : csr_top_instance_csr_register_file_inst_mtval_csr_inst/mtval_o_reg[8]/SE
Slack      : -286 ps
Slack      : -0.286 ns

--------------------------------------------------------------
Path       : 495
Startpoint : csr_top_instance_csr_register_file_inst_satp_csr_inst_satp_r_reg[30]/CP
Endpoint   : csr_top_instance_csr_register_file_inst_mtval_csr_inst/mtval_o_reg[7]/SE
Slack      : -286 ps
Slack      : -0.286 ns

--------------------------------------------------------------
Path       : 496
Startpoint : csr_top_instance_csr_register_file_inst_satp_csr_inst_satp_r_reg[30]/CP
Endpoint   : csr_top_instance_csr_register_file_inst_mtval_csr_inst/mtval_o_reg[6]/SE
Slack      : -286 ps
Slack      : -0.286 ns

--------------------------------------------------------------
Path       : 497
Startpoint : csr_top_instance_csr_register_file_inst_satp_csr_inst_satp_r_reg[30]/CP
Endpoint   : csr_top_instance_csr_register_file_inst_mtval_csr_inst/mtval_o_reg[5]/SE
Slack      : -286 ps
Slack      : -0.286 ns

--------------------------------------------------------------
Path       : 498
Startpoint : csr_top_instance_csr_register_file_inst_satp_csr_inst_satp_r_reg[30]/CP
Endpoint   : csr_top_instance_csr_register_file_inst_mtval_csr_inst/mtval_o_reg[4]/SE
Slack      : -286 ps
Slack      : -0.286 ns

--------------------------------------------------------------
Path       : 499
Startpoint : csr_top_instance_csr_register_file_inst_satp_csr_inst_satp_r_reg[30]/CP
Endpoint   : csr_top_instance_csr_register_file_inst_mtval_csr_inst/mtval_o_reg[3]/SE
Slack      : -286 ps
Slack      : -0.286 ns

--------------------------------------------------------------
Path       : 500
Startpoint : csr_top_instance_csr_register_file_inst_satp_csr_inst_satp_r_reg[30]/CP
Endpoint   : csr_top_instance_csr_register_file_inst_mtval_csr_inst/mtval_o_reg[2]/SE
Slack      : -286 ps
Slack      : -0.286 ns

--------------------------------------------------------------
Path       : 501
Startpoint : csr_top_instance_csr_register_file_inst_satp_csr_inst_satp_r_reg[30]/CP
Endpoint   : csr_top_instance_csr_register_file_inst_mtval_csr_inst/mtval_o_reg[1]/SE
Slack      : -286 ps
Slack      : -0.286 ns

--------------------------------------------------------------
Path       : 502
Startpoint : csr_top_instance_csr_register_file_inst_satp_csr_inst_satp_r_reg[30]/CP
Endpoint   : csr_top_instance_csr_register_file_inst_mtval_csr_inst/mtval_o_reg[0]/SE
Slack      : -286 ps
Slack      : -0.286 ns

--------------------------------------------------------------
Path       : 503
Startpoint : basic_isa_instance/u_ex_mem_inst_mem_o_reg[9]/CP
Endpoint   : basic_isa_instance/u_id_ex_alu_ctrl_ex_reg[3]/D
Slack      : -283 ps
Slack      : -0.283 ns

--------------------------------------------------------------
Path       : 504
Startpoint : basic_isa_instance/u_id_ex_pc_ex_reg[3]/CP
Endpoint   : basic_isa_instance/u_if_u_pc_reg_pc_reg[13]/D
Slack      : -277 ps
Slack      : -0.277 ns

--------------------------------------------------------------
Path       : 505
Startpoint : basic_isa_instance/u_ex_mem_alu_result_mem_reg[31]/CP
Endpoint   : csr_top_instance_csr_register_file_inst_satp_csr_inst_satp_r_reg[31]/SE
Slack      : -277 ps
Slack      : -0.277 ns

--------------------------------------------------------------
Path       : 506
Startpoint : basic_isa_instance/u_ex_mem_alu_result_mem_reg[31]/CP
Endpoint   : csr_top_instance_csr_register_file_inst_satp_csr_inst_satp_r_reg[21]/SE
Slack      : -277 ps
Slack      : -0.277 ns

--------------------------------------------------------------
Path       : 507
Startpoint : basic_isa_instance/u_ex_mem_alu_result_mem_reg[31]/CP
Endpoint   : csr_top_instance_csr_register_file_inst_satp_csr_inst_satp_r_reg[20]/SE
Slack      : -277 ps
Slack      : -0.277 ns

--------------------------------------------------------------
Path       : 508
Startpoint : basic_isa_instance/u_ex_mem_alu_result_mem_reg[31]/CP
Endpoint   : csr_top_instance_csr_register_file_inst_satp_csr_inst_satp_r_reg[19]/SE
Slack      : -277 ps
Slack      : -0.277 ns

--------------------------------------------------------------
Path       : 509
Startpoint : basic_isa_instance/u_ex_mem_alu_result_mem_reg[31]/CP
Endpoint   : csr_top_instance_csr_register_file_inst_satp_csr_inst_satp_r_reg[18]/SE
Slack      : -277 ps
Slack      : -0.277 ns

--------------------------------------------------------------
Path       : 510
Startpoint : basic_isa_instance/u_ex_mem_alu_result_mem_reg[31]/CP
Endpoint   : csr_top_instance_csr_register_file_inst_satp_csr_inst_satp_r_reg[17]/SE
Slack      : -277 ps
Slack      : -0.277 ns

--------------------------------------------------------------
Path       : 511
Startpoint : basic_isa_instance/u_ex_mem_alu_result_mem_reg[31]/CP
Endpoint   : csr_top_instance_csr_register_file_inst_satp_csr_inst_satp_r_reg[14]/SE
Slack      : -277 ps
Slack      : -0.277 ns

--------------------------------------------------------------
Path       : 512
Startpoint : basic_isa_instance/u_ex_mem_alu_result_mem_reg[31]/CP
Endpoint   : csr_top_instance_csr_register_file_inst_satp_csr_inst_satp_r_reg[13]/SE
Slack      : -277 ps
Slack      : -0.277 ns

--------------------------------------------------------------
Path       : 513
Startpoint : basic_isa_instance/u_ex_mem_alu_result_mem_reg[31]/CP
Endpoint   : csr_top_instance_csr_register_file_inst_satp_csr_inst_satp_r_reg[12]/SE
Slack      : -277 ps
Slack      : -0.277 ns

--------------------------------------------------------------
Path       : 514
Startpoint : basic_isa_instance/u_ex_mem_alu_result_mem_reg[31]/CP
Endpoint   : csr_top_instance_csr_register_file_inst_satp_csr_inst_satp_r_reg[11]/SE
Slack      : -277 ps
Slack      : -0.277 ns

--------------------------------------------------------------
Path       : 515
Startpoint : basic_isa_instance/u_ex_mem_alu_result_mem_reg[31]/CP
Endpoint   : csr_top_instance_csr_register_file_inst_satp_csr_inst_satp_r_reg[1]/SE
Slack      : -277 ps
Slack      : -0.277 ns

--------------------------------------------------------------
Path       : 516
Startpoint : basic_isa_instance/u_ex_mem_alu_result_mem_reg[31]/CP
Endpoint   : csr_top_instance_csr_register_file_inst_satp_csr_inst_satp_r_reg[0]/SE
Slack      : -277 ps
Slack      : -0.277 ns

--------------------------------------------------------------
Path       : 517
Startpoint : basic_isa_instance/u_ex_mem_inst_mem_o_reg[9]/CP
Endpoint   : basic_isa_instance/u_id_ex_wb_reg_file_ex_reg/D
Slack      : -276 ps
Slack      : -0.276 ns

--------------------------------------------------------------
Path       : 518
Startpoint : basic_isa_instance/u_ex_mem_inst_mem_o_reg[9]/CP
Endpoint   : basic_isa_instance/u_if_u_pc_reg_pc_reg[11]/D
Slack      : -265 ps
Slack      : -0.265 ns

--------------------------------------------------------------
Path       : 519
Startpoint : csr_top_instance_csr_register_file_inst_satp_csr_inst_satp_r_reg[30]/CP
Endpoint   : csr_top_instance_csr_register_file_inst_satp_csr_inst_satp_r_reg[30]/E
Slack      : -260 ps
Slack      : -0.260 ns

--------------------------------------------------------------
Path       : 520
Startpoint : csr_top_instance_csr_register_file_inst_satp_csr_inst_satp_r_reg[30]/CP
Endpoint   : csr_top_instance_csr_register_file_inst_satp_csr_inst_satp_r_reg[29]/E
Slack      : -260 ps
Slack      : -0.260 ns

--------------------------------------------------------------
Path       : 521
Startpoint : csr_top_instance_csr_register_file_inst_satp_csr_inst_satp_r_reg[30]/CP
Endpoint   : csr_top_instance_csr_register_file_inst_satp_csr_inst_satp_r_reg[28]/E
Slack      : -260 ps
Slack      : -0.260 ns

--------------------------------------------------------------
Path       : 522
Startpoint : csr_top_instance_csr_register_file_inst_satp_csr_inst_satp_r_reg[30]/CP
Endpoint   : csr_top_instance_csr_register_file_inst_satp_csr_inst_satp_r_reg[27]/E
Slack      : -260 ps
Slack      : -0.260 ns

--------------------------------------------------------------
Path       : 523
Startpoint : csr_top_instance_csr_register_file_inst_satp_csr_inst_satp_r_reg[30]/CP
Endpoint   : csr_top_instance_csr_register_file_inst_satp_csr_inst_satp_r_reg[26]/E
Slack      : -260 ps
Slack      : -0.260 ns

--------------------------------------------------------------
Path       : 524
Startpoint : csr_top_instance_csr_register_file_inst_satp_csr_inst_satp_r_reg[30]/CP
Endpoint   : csr_top_instance_csr_register_file_inst_satp_csr_inst_satp_r_reg[25]/E
Slack      : -260 ps
Slack      : -0.260 ns

--------------------------------------------------------------
Path       : 525
Startpoint : csr_top_instance_csr_register_file_inst_satp_csr_inst_satp_r_reg[30]/CP
Endpoint   : csr_top_instance_csr_register_file_inst_satp_csr_inst_satp_r_reg[24]/E
Slack      : -260 ps
Slack      : -0.260 ns

--------------------------------------------------------------
Path       : 526
Startpoint : csr_top_instance_csr_register_file_inst_satp_csr_inst_satp_r_reg[30]/CP
Endpoint   : csr_top_instance_csr_register_file_inst_satp_csr_inst_satp_r_reg[23]/E
Slack      : -260 ps
Slack      : -0.260 ns

--------------------------------------------------------------
Path       : 527
Startpoint : csr_top_instance_csr_register_file_inst_satp_csr_inst_satp_r_reg[30]/CP
Endpoint   : csr_top_instance_csr_register_file_inst_satp_csr_inst_satp_r_reg[22]/E
Slack      : -260 ps
Slack      : -0.260 ns

--------------------------------------------------------------
Path       : 528
Startpoint : basic_isa_instance/u_halt_fsm_state_reg[2]/CP
Endpoint   : reg_physical_address_inst_mem_reg[12]/D
Slack      : -258 ps
Slack      : -0.258 ns

--------------------------------------------------------------
Path       : 529
Startpoint : basic_isa_instance/u_id_ex_pc_ex_reg[3]/CP
Endpoint   : basic_isa_instance/u_if_u_pc_reg_core_to_int_reg[14]/D
Slack      : -257 ps
Slack      : -0.257 ns

--------------------------------------------------------------
Path       : 530
Startpoint : basic_isa_instance/u_ex_mem_alu_result_mem_reg[31]/CP
Endpoint   : basic_isa_instance/dpc_new_r_reg[26]/D
Slack      : -255 ps
Slack      : -0.255 ns

--------------------------------------------------------------
Path       : 531
Startpoint : csr_top_instance_csr_register_file_inst_satp_csr_inst_satp_r_reg[30]/CP
Endpoint   : axi2apb_instance/axi_trace_data_reg[8]/D
Slack      : -254 ps
Slack      : -0.254 ns

--------------------------------------------------------------
Path       : 532
Startpoint : basic_isa_instance/u_ex_mem_inst_mem_o_reg[9]/CP
Endpoint   : basic_isa_instance/u_id_ex_imm_ex_reg[4]/D
Slack      : -251 ps
Slack      : -0.251 ns

--------------------------------------------------------------
Path       : 533
Startpoint : basic_isa_instance/u_ex_mem_inst_mem_o_reg[9]/CP
Endpoint   : basic_isa_instance/u_id_ex_imm_ex_reg[2]/D
Slack      : -251 ps
Slack      : -0.251 ns

--------------------------------------------------------------
Path       : 534
Startpoint : basic_isa_instance/u_ex_mem_inst_mem_o_reg[9]/CP
Endpoint   : basic_isa_instance/u_id_ex_csr_addr_ex_o_reg[7]/D
Slack      : -250 ps
Slack      : -0.250 ns

--------------------------------------------------------------
Path       : 535
Startpoint : basic_isa_instance/u_ex_mem_inst_mem_o_reg[9]/CP
Endpoint   : basic_isa_instance/u_id_ex_csr_addr_ex_o_reg[0]/D
Slack      : -250 ps
Slack      : -0.250 ns

--------------------------------------------------------------
Path       : 536
Startpoint : csr_top_instance_csr_register_file_inst_satp_csr_inst_satp_r_reg[24]/CP
Endpoint   : axi2apb_instance/axi_trace_data_reg[14]/D
Slack      : -250 ps
Slack      : -0.250 ns

--------------------------------------------------------------
Path       : 537
Startpoint : basic_isa_instance/u_ex_mem_inst_mem_o_reg[9]/CP
Endpoint   : basic_isa_instance/u_if_u_pc_reg_pc_reg[10]/D
Slack      : -248 ps
Slack      : -0.248 ns

--------------------------------------------------------------
Path       : 538
Startpoint : basic_isa_instance/u_ex_mem_inst_mem_o_reg[9]/CP
Endpoint   : basic_isa_instance/u_id_ex_csr_addr_ex_o_reg[10]/D
Slack      : -247 ps
Slack      : -0.247 ns

--------------------------------------------------------------
Path       : 539
Startpoint : basic_isa_instance/u_ex_mem_inst_mem_o_reg[9]/CP
Endpoint   : basic_isa_instance/u_if_u_pc_reg_core_to_int_reg[11]/D
Slack      : -245 ps
Slack      : -0.245 ns

--------------------------------------------------------------
Path       : 540
Startpoint : basic_isa_instance/u_ex_mem_inst_mem_o_reg[9]/CP
Endpoint   : basic_isa_instance/u_if_u_pc_reg_pc_reg[8]/D
Slack      : -243 ps
Slack      : -0.243 ns

--------------------------------------------------------------
Path       : 541
Startpoint : basic_isa_instance/u_ex_mem_inst_mem_o_reg[9]/CP
Endpoint   : basic_isa_instance/u_if_u_pc_reg_core_to_int_reg[10]/D
Slack      : -241 ps
Slack      : -0.241 ns

--------------------------------------------------------------
Path       : 542
Startpoint : basic_isa_instance/u_ex_mem_alu_result_mem_reg[31]/CP
Endpoint   : basic_isa_instance/dpc_new_r_reg[16]/D
Slack      : -241 ps
Slack      : -0.241 ns

--------------------------------------------------------------
Path       : 543
Startpoint : basic_isa_instance/u_ex_mem_alu_result_mem_reg[31]/CP
Endpoint   : basic_isa_instance/dpc_new_r_reg[11]/D
Slack      : -241 ps
Slack      : -0.241 ns

--------------------------------------------------------------
Path       : 544
Startpoint : basic_isa_instance/u_ex_mem_alu_result_mem_reg[31]/CP
Endpoint   : basic_isa_instance/dpc_new_r_reg[7]/D
Slack      : -241 ps
Slack      : -0.241 ns

--------------------------------------------------------------
Path       : 545
Startpoint : basic_isa_instance/u_ex_mem_inst_mem_o_reg[9]/CP
Endpoint   : basic_isa_instance/u_if_u_pc_reg_pc_reg[7]/D
Slack      : -240 ps
Slack      : -0.240 ns

--------------------------------------------------------------
Path       : 546
Startpoint : basic_isa_instance/u_ex_mem_inst_mem_o_reg[9]/CP
Endpoint   : basic_isa_instance/u_id_ex_imm_ex_reg[31]/D
Slack      : -239 ps
Slack      : -0.239 ns

--------------------------------------------------------------
Path       : 547
Startpoint : basic_isa_instance/u_ex_mem_alu_result_mem_reg[31]/CP
Endpoint   : basic_isa_instance/dpc_new_r_reg[21]/D
Slack      : -236 ps
Slack      : -0.236 ns

--------------------------------------------------------------
Path       : 548
Startpoint : basic_isa_instance/u_ex_mem_alu_result_mem_reg[31]/CP
Endpoint   : basic_isa_instance/dpc_new_r_reg[5]/D
Slack      : -236 ps
Slack      : -0.236 ns

--------------------------------------------------------------
Path       : 549
Startpoint : basic_isa_instance/u_ex_mem_alu_result_mem_reg[31]/CP
Endpoint   : basic_isa_instance/dpc_new_r_reg[14]/D
Slack      : -236 ps
Slack      : -0.236 ns

--------------------------------------------------------------
Path       : 550
Startpoint : basic_isa_instance/u_ex_mem_alu_result_mem_reg[31]/CP
Endpoint   : basic_isa_instance/dpc_new_r_reg[24]/D
Slack      : -236 ps
Slack      : -0.236 ns

--------------------------------------------------------------
Path       : 551
Startpoint : csr_top_instance_csr_register_file_inst_satp_csr_inst_satp_r_reg[30]/CP
Endpoint   : basic_isa_instance/dpc_new_r_reg[19]/D
Slack      : -232 ps
Slack      : -0.232 ns

--------------------------------------------------------------
Path       : 552
Startpoint : csr_top_instance_csr_register_file_inst_satp_csr_inst_satp_r_reg[30]/CP
Endpoint   : basic_isa_instance/dpc_new_r_reg[23]/D
Slack      : -232 ps
Slack      : -0.232 ns

--------------------------------------------------------------
Path       : 553
Startpoint : csr_top_instance_csr_register_file_inst_satp_csr_inst_satp_r_reg[30]/CP
Endpoint   : basic_isa_instance/dpc_new_r_reg[20]/D
Slack      : -232 ps
Slack      : -0.232 ns

--------------------------------------------------------------
Path       : 554
Startpoint : csr_top_instance_csr_register_file_inst_satp_csr_inst_satp_r_reg[30]/CP
Endpoint   : basic_isa_instance/dpc_new_r_reg[4]/D
Slack      : -232 ps
Slack      : -0.232 ns

--------------------------------------------------------------
Path       : 555
Startpoint : csr_top_instance_csr_register_file_inst_satp_csr_inst_satp_r_reg[30]/CP
Endpoint   : basic_isa_instance/dpc_new_r_reg[2]/D
Slack      : -232 ps
Slack      : -0.232 ns

--------------------------------------------------------------
Path       : 556
Startpoint : basic_isa_instance/u_ex_mem_inst_mem_o_reg[9]/CP
Endpoint   : basic_isa_instance/u_if_u_pc_reg_pc_reg[9]/D
Slack      : -232 ps
Slack      : -0.232 ns

--------------------------------------------------------------
Path       : 557
Startpoint : basic_isa_instance/u_ex_mem_inst_mem_o_reg[9]/CP
Endpoint   : basic_isa_instance/u_if_u_pc_reg_pc_reg[5]/D
Slack      : -232 ps
Slack      : -0.232 ns

--------------------------------------------------------------
Path       : 558
Startpoint : basic_isa_instance/u_ex_mem_alu_result_mem_reg[31]/CP
Endpoint   : basic_isa_instance/dpc_new_r_reg[29]/D
Slack      : -231 ps
Slack      : -0.231 ns

--------------------------------------------------------------
Path       : 559
Startpoint : basic_isa_instance/u_ex_mem_alu_result_mem_reg[31]/CP
Endpoint   : basic_isa_instance/dpc_new_r_reg[25]/D
Slack      : -231 ps
Slack      : -0.231 ns

--------------------------------------------------------------
Path       : 560
Startpoint : basic_isa_instance/u_ex_mem_alu_result_mem_reg[31]/CP
Endpoint   : basic_isa_instance/dpc_new_r_reg[22]/D
Slack      : -231 ps
Slack      : -0.231 ns

--------------------------------------------------------------
Path       : 561
Startpoint : interrupt_controller_instance/soc_top_inst_interrupt_recieve_inst_interrupt_pending_o_reg[4]/CP
Endpoint   : interrupt_controller_instance/soc_top_inst_priority_resolve_inst_interrupt_id_o_reg[2]/D
Slack      : -231 ps
Slack      : -0.231 ns

--------------------------------------------------------------
Path       : 562
Startpoint : basic_isa_instance/u_ex_mem_inst_mem_o_reg[9]/CP
Endpoint   : basic_isa_instance/u_id_ex_imm_ex_reg[8]/D
Slack      : -231 ps
Slack      : -0.231 ns

--------------------------------------------------------------
Path       : 563
Startpoint : basic_isa_instance/u_ex_mem_inst_mem_o_reg[9]/CP
Endpoint   : basic_isa_instance/u_id_ex_imm_ex_reg[7]/D
Slack      : -231 ps
Slack      : -0.231 ns

--------------------------------------------------------------
Path       : 564
Startpoint : basic_isa_instance/u_ex_mem_inst_mem_o_reg[9]/CP
Endpoint   : basic_isa_instance/u_id_ex_imm_ex_reg[10]/D
Slack      : -231 ps
Slack      : -0.231 ns

--------------------------------------------------------------
Path       : 565
Startpoint : basic_isa_instance/u_ex_mem_inst_mem_o_reg[9]/CP
Endpoint   : basic_isa_instance/u_id_ex_imm_ex_reg[6]/D
Slack      : -231 ps
Slack      : -0.231 ns

--------------------------------------------------------------
Path       : 566
Startpoint : basic_isa_instance/u_ex_mem_inst_mem_o_reg[9]/CP
Endpoint   : basic_isa_instance/u_id_ex_imm_ex_reg[5]/D
Slack      : -228 ps
Slack      : -0.228 ns

--------------------------------------------------------------
Path       : 567
Startpoint : basic_isa_instance/u_ex_mem_inst_mem_o_reg[9]/CP
Endpoint   : basic_isa_instance/u_id_ex_csr_addr_ex_o_reg[3]/D
Slack      : -228 ps
Slack      : -0.228 ns

--------------------------------------------------------------
Path       : 568
Startpoint : basic_isa_instance/u_ex_mem_inst_mem_o_reg[9]/CP
Endpoint   : basic_isa_instance/u_id_ex_csr_addr_ex_o_reg[4]/D
Slack      : -228 ps
Slack      : -0.228 ns

--------------------------------------------------------------
Path       : 569
Startpoint : basic_isa_instance/u_ex_mem_inst_mem_o_reg[9]/CP
Endpoint   : basic_isa_instance/u_id_ex_csr_addr_ex_o_reg[8]/D
Slack      : -228 ps
Slack      : -0.228 ns

--------------------------------------------------------------
Path       : 570
Startpoint : basic_isa_instance/u_ex_mem_inst_mem_o_reg[9]/CP
Endpoint   : basic_isa_instance/u_id_ex_csr_addr_ex_o_reg[6]/D
Slack      : -228 ps
Slack      : -0.228 ns

--------------------------------------------------------------
Path       : 571
Startpoint : basic_isa_instance/u_ex_mem_inst_mem_o_reg[9]/CP
Endpoint   : basic_isa_instance/u_if_u_pc_reg_core_to_int_reg[8]/D
Slack      : -227 ps
Slack      : -0.227 ns

--------------------------------------------------------------
Path       : 572
Startpoint : basic_isa_instance/u_ex_mem_inst_mem_o_reg[9]/CP
Endpoint   : basic_isa_instance/u_id_ex_csr_addr_ex_o_reg[1]/D
Slack      : -225 ps
Slack      : -0.225 ns

--------------------------------------------------------------
Path       : 573
Startpoint : basic_isa_instance/u_ex_mem_inst_mem_o_reg[9]/CP
Endpoint   : basic_isa_instance/u_id_ex_csr_addr_ex_o_reg[5]/D
Slack      : -225 ps
Slack      : -0.225 ns

--------------------------------------------------------------
Path       : 574
Startpoint : basic_isa_instance/u_ex_mem_inst_mem_o_reg[9]/CP
Endpoint   : basic_isa_instance/u_id_ex_csr_addr_ex_o_reg[11]/D
Slack      : -225 ps
Slack      : -0.225 ns

--------------------------------------------------------------
Path       : 575
Startpoint : basic_isa_instance/u_ex_mem_inst_mem_o_reg[9]/CP
Endpoint   : basic_isa_instance/u_id_ex_csr_addr_ex_o_reg[9]/D
Slack      : -225 ps
Slack      : -0.225 ns

--------------------------------------------------------------
Path       : 576
Startpoint : basic_isa_instance/u_ex_mem_inst_mem_o_reg[9]/CP
Endpoint   : basic_isa_instance/u_id_ex_csr_addr_ex_o_reg[2]/D
Slack      : -225 ps
Slack      : -0.225 ns

--------------------------------------------------------------
Path       : 577
Startpoint : basic_isa_instance/u_ex_mem_alu_result_mem_reg[31]/CP
Endpoint   : basic_isa_instance/dpc_new_r_reg[9]/D
Slack      : -224 ps
Slack      : -0.224 ns

--------------------------------------------------------------
Path       : 578
Startpoint : basic_isa_instance/u_ex_mem_alu_result_mem_reg[31]/CP
Endpoint   : basic_isa_instance/dpc_new_r_reg[27]/D
Slack      : -224 ps
Slack      : -0.224 ns

--------------------------------------------------------------
Path       : 579
Startpoint : basic_isa_instance/u_ex_mem_alu_result_mem_reg[31]/CP
Endpoint   : basic_isa_instance/dpc_new_r_reg[10]/D
Slack      : -223 ps
Slack      : -0.223 ns

--------------------------------------------------------------
Path       : 580
Startpoint : basic_isa_instance/u_id_ex_inst_ex_o_reg[17]/CP
Endpoint   : basic_isa_instance/u_trace_core_it_delta_addr_o_reg[16]/D
Slack      : -223 ps
Slack      : -0.223 ns

--------------------------------------------------------------
Path       : 581
Startpoint : basic_isa_instance/u_ex_mem_inst_mem_o_reg[9]/CP
Endpoint   : basic_isa_instance/u_if_u_pc_reg_pc_reg[4]/D
Slack      : -223 ps
Slack      : -0.223 ns

--------------------------------------------------------------
Path       : 582
Startpoint : basic_isa_instance/u_ex_mem_alu_result_mem_reg[31]/CP
Endpoint   : axi2apb_instance/slave_rd_addr_unaligned_reg[1]/SE
Slack      : -219 ps
Slack      : -0.219 ns

--------------------------------------------------------------
Path       : 583
Startpoint : basic_isa_instance/u_ex_mem_alu_result_mem_reg[31]/CP
Endpoint   : axi2apb_instance/slave_rd_addr_unaligned_reg[0]/SE
Slack      : -219 ps
Slack      : -0.219 ns

--------------------------------------------------------------
Path       : 584
Startpoint : basic_isa_instance/u_halt_fsm_state_reg[2]/CP
Endpoint   : ip_debug_trace_instance_u_trace_cdc_u_mmu_fifo/wr_ptr_gray_reg[0]/SE
Slack      : -218 ps
Slack      : -0.218 ns

--------------------------------------------------------------
Path       : 585
Startpoint : csr_top_instance_csr_register_file_inst_satp_csr_inst_satp_r_reg[30]/CP
Endpoint   : axi2apb_instance/axi_trace_data_reg[15]/D
Slack      : -218 ps
Slack      : -0.218 ns

--------------------------------------------------------------
Path       : 586
Startpoint : csr_top_instance_csr_register_file_inst_satp_csr_inst_satp_r_reg[30]/CP
Endpoint   : axi2apb_instance/axi_trace_data_reg[13]/D
Slack      : -218 ps
Slack      : -0.218 ns

--------------------------------------------------------------
Path       : 587
Startpoint : csr_top_instance_csr_register_file_inst_satp_csr_inst_satp_r_reg[30]/CP
Endpoint   : axi2apb_instance/axi_trace_data_reg[11]/D
Slack      : -218 ps
Slack      : -0.218 ns

--------------------------------------------------------------
Path       : 588
Startpoint : csr_top_instance_csr_register_file_inst_satp_csr_inst_satp_r_reg[30]/CP
Endpoint   : axi2apb_instance/axi_trace_data_reg[10]/D
Slack      : -218 ps
Slack      : -0.218 ns

--------------------------------------------------------------
Path       : 589
Startpoint : csr_top_instance_csr_register_file_inst_satp_csr_inst_satp_r_reg[30]/CP
Endpoint   : axi2apb_instance/axi_trace_data_reg[9]/D
Slack      : -218 ps
Slack      : -0.218 ns

--------------------------------------------------------------
Path       : 590
Startpoint : interrupt_controller_instance/soc_top_inst_interrupt_recieve_inst_interrupt_pending_o_reg[4]/CP
Endpoint   : interrupt_controller_instance/soc_top_inst_priority_resolve_inst_interrupt_id_o_reg[3]/D
Slack      : -217 ps
Slack      : -0.217 ns

--------------------------------------------------------------
Path       : 591
Startpoint : basic_isa_instance/u_ex_mem_inst_mem_o_reg[9]/CP
Endpoint   : basic_isa_instance/u_if_u_pc_reg_core_to_int_reg[7]/D
Slack      : -215 ps
Slack      : -0.215 ns

--------------------------------------------------------------
Path       : 592
Startpoint : basic_isa_instance/u_ex_mem_inst_mem_o_reg[9]/CP
Endpoint   : basic_isa_instance/u_if_u_pc_reg_core_to_int_reg[9]/D
Slack      : -214 ps
Slack      : -0.214 ns

--------------------------------------------------------------
Path       : 593
Startpoint : basic_isa_instance/u_ex_mem_inst_mem_o_reg[9]/CP
Endpoint   : basic_isa_instance/u_if_u_pc_reg_core_to_int_reg[5]/D
Slack      : -214 ps
Slack      : -0.214 ns

--------------------------------------------------------------
Path       : 594
Startpoint : basic_isa_instance/u_id_ex_inst_ex_o_reg[17]/CP
Endpoint   : basic_isa_instance/u_if_u_btb_U_FILE_target_arr_reg[7][1][15]/D
Slack      : -214 ps
Slack      : -0.214 ns

--------------------------------------------------------------
Path       : 595
Startpoint : basic_isa_instance/u_id_ex_inst_ex_o_reg[17]/CP
Endpoint   : basic_isa_instance/u_if_u_btb_U_FILE_target_arr_reg[7][0][15]/D
Slack      : -214 ps
Slack      : -0.214 ns

--------------------------------------------------------------
Path       : 596
Startpoint : basic_isa_instance/u_id_ex_inst_ex_o_reg[17]/CP
Endpoint   : basic_isa_instance/u_if_u_btb_U_FILE_target_arr_reg[6][1][15]/D
Slack      : -214 ps
Slack      : -0.214 ns

--------------------------------------------------------------
Path       : 597
Startpoint : basic_isa_instance/u_id_ex_inst_ex_o_reg[17]/CP
Endpoint   : basic_isa_instance/u_if_u_btb_U_FILE_target_arr_reg[6][0][15]/D
Slack      : -214 ps
Slack      : -0.214 ns

--------------------------------------------------------------
Path       : 598
Startpoint : basic_isa_instance/u_id_ex_inst_ex_o_reg[17]/CP
Endpoint   : basic_isa_instance/u_if_u_btb_U_FILE_target_arr_reg[5][1][15]/D
Slack      : -214 ps
Slack      : -0.214 ns

--------------------------------------------------------------
Path       : 599
Startpoint : basic_isa_instance/u_id_ex_inst_ex_o_reg[17]/CP
Endpoint   : basic_isa_instance/u_if_u_btb_U_FILE_target_arr_reg[5][0][15]/D
Slack      : -214 ps
Slack      : -0.214 ns

--------------------------------------------------------------
Path       : 600
Startpoint : basic_isa_instance/u_id_ex_inst_ex_o_reg[17]/CP
Endpoint   : basic_isa_instance/u_if_u_btb_U_FILE_target_arr_reg[4][1][15]/D
Slack      : -214 ps
Slack      : -0.214 ns

--------------------------------------------------------------
Path       : 601
Startpoint : basic_isa_instance/u_id_ex_inst_ex_o_reg[17]/CP
Endpoint   : basic_isa_instance/u_if_u_btb_U_FILE_target_arr_reg[4][0][15]/D
Slack      : -214 ps
Slack      : -0.214 ns

--------------------------------------------------------------
Path       : 602
Startpoint : basic_isa_instance/u_id_ex_inst_ex_o_reg[17]/CP
Endpoint   : basic_isa_instance/u_if_u_btb_U_FILE_target_arr_reg[3][1][15]/D
Slack      : -214 ps
Slack      : -0.214 ns

--------------------------------------------------------------
Path       : 603
Startpoint : basic_isa_instance/u_id_ex_inst_ex_o_reg[17]/CP
Endpoint   : basic_isa_instance/u_if_u_btb_U_FILE_target_arr_reg[3][0][15]/D
Slack      : -214 ps
Slack      : -0.214 ns

--------------------------------------------------------------
Path       : 604
Startpoint : basic_isa_instance/u_id_ex_inst_ex_o_reg[17]/CP
Endpoint   : basic_isa_instance/u_if_u_btb_U_FILE_target_arr_reg[2][1][15]/D
Slack      : -214 ps
Slack      : -0.214 ns

--------------------------------------------------------------
Path       : 605
Startpoint : basic_isa_instance/u_id_ex_inst_ex_o_reg[17]/CP
Endpoint   : basic_isa_instance/u_if_u_btb_U_FILE_target_arr_reg[2][0][15]/D
Slack      : -214 ps
Slack      : -0.214 ns

--------------------------------------------------------------
Path       : 606
Startpoint : basic_isa_instance/u_id_ex_inst_ex_o_reg[17]/CP
Endpoint   : basic_isa_instance/u_if_u_btb_U_FILE_target_arr_reg[1][1][15]/D
Slack      : -214 ps
Slack      : -0.214 ns

--------------------------------------------------------------
Path       : 607
Startpoint : basic_isa_instance/u_id_ex_inst_ex_o_reg[17]/CP
Endpoint   : basic_isa_instance/u_if_u_btb_U_FILE_target_arr_reg[1][0][15]/D
Slack      : -214 ps
Slack      : -0.214 ns

--------------------------------------------------------------
Path       : 608
Startpoint : basic_isa_instance/u_id_ex_inst_ex_o_reg[17]/CP
Endpoint   : basic_isa_instance/u_if_u_btb_U_FILE_target_arr_reg[0][1][15]/D
Slack      : -214 ps
Slack      : -0.214 ns

--------------------------------------------------------------
Path       : 609
Startpoint : basic_isa_instance/u_id_ex_inst_ex_o_reg[17]/CP
Endpoint   : basic_isa_instance/u_if_u_btb_U_FILE_target_arr_reg[0][0][15]/D
Slack      : -214 ps
Slack      : -0.214 ns

--------------------------------------------------------------
Path       : 610
Startpoint : basic_isa_instance/u_ex_mem_alu_result_mem_reg[31]/CP
Endpoint   : basic_isa_instance/dpc_new_r_reg[15]/D
Slack      : -212 ps
Slack      : -0.212 ns

--------------------------------------------------------------
Path       : 611
Startpoint : basic_isa_instance/u_ex_mem_alu_result_mem_reg[31]/CP
Endpoint   : basic_isa_instance/dpc_new_r_reg[17]/D
Slack      : -212 ps
Slack      : -0.212 ns

--------------------------------------------------------------
Path       : 612
Startpoint : basic_isa_instance/u_ex_mem_alu_result_mem_reg[31]/CP
Endpoint   : basic_isa_instance/dpc_new_r_reg[28]/D
Slack      : -212 ps
Slack      : -0.212 ns

--------------------------------------------------------------
Path       : 613
Startpoint : basic_isa_instance/u_ex_mem_inst_mem_o_reg[9]/CP
Endpoint   : basic_isa_instance/u_id_ex_imm_ex_reg[9]/D
Slack      : -211 ps
Slack      : -0.211 ns

--------------------------------------------------------------
Path       : 614
Startpoint : basic_isa_instance/u_ex_mem_alu_result_mem_reg[31]/CP
Endpoint   : basic_isa_instance/u_if_u_btb_U_FILE_lru_reg[2]/SE
Slack      : -207 ps
Slack      : -0.207 ns

--------------------------------------------------------------
Path       : 615
Startpoint : basic_isa_instance/u_ex_mem_alu_result_mem_reg[31]/CP
Endpoint   : basic_isa_instance/dpc_new_r_reg[8]/D
Slack      : -207 ps
Slack      : -0.207 ns

--------------------------------------------------------------
Path       : 616
Startpoint : basic_isa_instance/u_ex_mem_alu_result_mem_reg[31]/CP
Endpoint   : basic_isa_instance/dpc_new_r_reg[6]/D
Slack      : -207 ps
Slack      : -0.207 ns

--------------------------------------------------------------
Path       : 617
Startpoint : basic_isa_instance/u_ex_mem_alu_result_mem_reg[31]/CP
Endpoint   : basic_isa_instance/u_if_u_btb_U_FILE_lru_reg[0]/SE
Slack      : -206 ps
Slack      : -0.206 ns

--------------------------------------------------------------
Path       : 618
Startpoint : basic_isa_instance/u_ex_mem_inst_mem_o_reg[9]/CP
Endpoint   : basic_isa_instance/u_id_ex_mem_store_type_ex_reg[1]/D
Slack      : -206 ps
Slack      : -0.206 ns

--------------------------------------------------------------
Path       : 619
Startpoint : basic_isa_instance/u_ex_mem_inst_mem_o_reg[9]/CP
Endpoint   : basic_isa_instance/u_id_ex_alu_ctrl_ex_reg[1]/D
Slack      : -205 ps
Slack      : -0.205 ns

--------------------------------------------------------------
Path       : 620
Startpoint : basic_isa_instance/u_ex_mem_alu_result_mem_reg[31]/CP
Endpoint   : basic_isa_instance/dpc_new_r_reg[18]/D
Slack      : -200 ps
Slack      : -0.200 ns

--------------------------------------------------------------
Path       : 621
Startpoint : basic_isa_instance/u_ex_mem_alu_result_mem_reg[31]/CP
Endpoint   : basic_isa_instance/dpc_new_r_reg[13]/D
Slack      : -200 ps
Slack      : -0.200 ns

--------------------------------------------------------------
Path       : 622
Startpoint : basic_isa_instance/u_ex_mem_alu_result_mem_reg[31]/CP
Endpoint   : basic_isa_instance/dpc_new_r_reg[30]/D
Slack      : -200 ps
Slack      : -0.200 ns

--------------------------------------------------------------
Path       : 623
Startpoint : basic_isa_instance/u_ex_mem_alu_result_mem_reg[31]/CP
Endpoint   : basic_isa_instance/dpc_new_r_reg[31]/D
Slack      : -200 ps
Slack      : -0.200 ns

--------------------------------------------------------------
Path       : 624
Startpoint : basic_isa_instance/u_ex_mem_alu_result_mem_reg[31]/CP
Endpoint   : basic_isa_instance/dpc_new_r_reg[3]/D
Slack      : -200 ps
Slack      : -0.200 ns

--------------------------------------------------------------
Path       : 625
Startpoint : csr_top_instance_csr_register_file_inst_satp_csr_inst_satp_r_reg[24]/CP
Endpoint   : axi2apb_instance/axi_trace_data_reg[1]/D
Slack      : -200 ps
Slack      : -0.200 ns

--------------------------------------------------------------
Path       : 626
Startpoint : csr_top_instance_csr_register_file_inst_satp_csr_inst_satp_r_reg[24]/CP
Endpoint   : axi2apb_instance/axi_trace_data_reg[12]/D
Slack      : -198 ps
Slack      : -0.198 ns

--------------------------------------------------------------
Path       : 627
Startpoint : basic_isa_instance/u_ex_mem_inst_mem_o_reg[9]/CP
Endpoint   : basic_isa_instance/u_if_u_pc_reg_core_to_int_reg[4]/D
Slack      : -196 ps
Slack      : -0.196 ns

--------------------------------------------------------------
Path       : 628
Startpoint : basic_isa_instance/u_halt_fsm_state_reg[2]/CP
Endpoint   : ip_debug_trace_instance_u_trace_cdc_u_mmu_fifo/wr_ptr_gray_reg[3]/D
Slack      : -196 ps
Slack      : -0.196 ns

--------------------------------------------------------------
Path       : 629
Startpoint : basic_isa_instance/u_ex_mem_alu_result_mem_reg[31]/CP
Endpoint   : basic_isa_instance/dpc_new_r_reg[12]/D
Slack      : -196 ps
Slack      : -0.196 ns

--------------------------------------------------------------
Path       : 630
Startpoint : basic_isa_instance/u_ex_mem_alu_result_mem_reg[31]/CP
Endpoint   : basic_isa_instance/u_if_u_btb_U_FILE_lru_reg[6]/SE
Slack      : -195 ps
Slack      : -0.195 ns

--------------------------------------------------------------
Path       : 631
Startpoint : basic_isa_instance/u_ex_mem_inst_mem_o_reg[9]/CP
Endpoint   : basic_isa_instance/u_if_u_pc_reg_pc_reg[6]/D
Slack      : -195 ps
Slack      : -0.195 ns

--------------------------------------------------------------
Path       : 632
Startpoint : basic_isa_instance/u_ex_mem_alu_result_mem_reg[31]/CP
Endpoint   : basic_isa_instance/u_if_u_btb_U_FILE_lru_reg[4]/SE
Slack      : -194 ps
Slack      : -0.194 ns

--------------------------------------------------------------
Path       : 633
Startpoint : basic_isa_instance/u_ex_mem_inst_mem_o_reg[9]/CP
Endpoint   : basic_isa_instance/u_if_u_pc_reg_core_to_int_reg[6]/D
Slack      : -194 ps
Slack      : -0.194 ns

--------------------------------------------------------------
Path       : 634
Startpoint : basic_isa_instance/u_halt_fsm_state_reg[2]/CP
Endpoint   : ip_debug_trace_instance_u_trace_cdc_u_mmu_fifo/wr_ptr_gray_reg[0]/SI
Slack      : -189 ps
Slack      : -0.189 ns

--------------------------------------------------------------
Path       : 635
Startpoint : basic_isa_instance/u_ex_mem_inst_mem_o_reg[9]/CP
Endpoint   : basic_isa_instance/u_id_ex_inst_ex_o_reg[9]/D
Slack      : -188 ps
Slack      : -0.188 ns

--------------------------------------------------------------
Path       : 636
Startpoint : basic_isa_instance/u_ex_mem_inst_mem_o_reg[9]/CP
Endpoint   : basic_isa_instance/u_if_u_pc_reg_pc_reg[1]/D
Slack      : -188 ps
Slack      : -0.188 ns

--------------------------------------------------------------
Path       : 637
Startpoint : basic_isa_instance/u_ex_mem_inst_mem_o_reg[9]/CP
Endpoint   : basic_isa_instance/u_if_u_pc_reg_pc_reg[0]/D
Slack      : -188 ps
Slack      : -0.188 ns

--------------------------------------------------------------
Path       : 638
Startpoint : basic_isa_instance/u_ex_mem_inst_mem_o_reg[9]/CP
Endpoint   : basic_isa_instance/u_id_ex_rs2_data_ex_reg[13]/D
Slack      : -187 ps
Slack      : -0.187 ns

--------------------------------------------------------------
Path       : 639
Startpoint : basic_isa_instance/u_ex_mem_inst_mem_o_reg[9]/CP
Endpoint   : basic_isa_instance/u_id_ex_rs2_data_ex_reg[9]/D
Slack      : -187 ps
Slack      : -0.187 ns

--------------------------------------------------------------
Path       : 640
Startpoint : basic_isa_instance/u_ex_mem_inst_mem_o_reg[9]/CP
Endpoint   : basic_isa_instance/u_id_ex_rs2_data_ex_reg[5]/D
Slack      : -187 ps
Slack      : -0.187 ns

--------------------------------------------------------------
Path       : 641
Startpoint : basic_isa_instance/u_ex_mem_inst_mem_o_reg[9]/CP
Endpoint   : basic_isa_instance/u_id_ex_rs2_data_ex_reg[4]/D
Slack      : -187 ps
Slack      : -0.187 ns

--------------------------------------------------------------
Path       : 642
Startpoint : basic_isa_instance/u_ex_mem_inst_mem_o_reg[9]/CP
Endpoint   : basic_isa_instance/u_id_ex_rs2_data_ex_reg[1]/D
Slack      : -187 ps
Slack      : -0.187 ns

--------------------------------------------------------------
Path       : 643
Startpoint : basic_isa_instance/u_ex_mem_inst_mem_o_reg[9]/CP
Endpoint   : basic_isa_instance/u_id_ex_rs2_data_ex_reg[0]/D
Slack      : -187 ps
Slack      : -0.187 ns

--------------------------------------------------------------
Path       : 644
Startpoint : basic_isa_instance/u_ex_mem_inst_mem_o_reg[9]/CP
Endpoint   : basic_isa_instance/u_id_ex_rs1_data_ex_reg[31]/D
Slack      : -187 ps
Slack      : -0.187 ns

--------------------------------------------------------------
Path       : 645
Startpoint : basic_isa_instance/u_ex_mem_inst_mem_o_reg[9]/CP
Endpoint   : basic_isa_instance/u_id_ex_rs1_data_ex_reg[23]/D
Slack      : -187 ps
Slack      : -0.187 ns

--------------------------------------------------------------
Path       : 646
Startpoint : basic_isa_instance/u_ex_mem_inst_mem_o_reg[9]/CP
Endpoint   : basic_isa_instance/u_id_ex_rs1_data_ex_reg[4]/D
Slack      : -187 ps
Slack      : -0.187 ns

--------------------------------------------------------------
Path       : 647
Startpoint : basic_isa_instance/u_ex_mem_inst_mem_o_reg[9]/CP
Endpoint   : basic_isa_instance/u_id_ex_rs1_data_ex_reg[1]/D
Slack      : -187 ps
Slack      : -0.187 ns

--------------------------------------------------------------
Path       : 648
Startpoint : basic_isa_instance/u_ex_mem_inst_mem_o_reg[9]/CP
Endpoint   : basic_isa_instance/u_if_u_pc_reg_core_to_int_reg[3]/D
Slack      : -185 ps
Slack      : -0.185 ns

--------------------------------------------------------------
Path       : 649
Startpoint : basic_isa_instance/u_ex_mem_alu_result_mem_reg[31]/CP
Endpoint   : basic_isa_instance/u_if_u_btb_U_FILE_lru_reg[7]/SE
Slack      : -184 ps
Slack      : -0.184 ns

--------------------------------------------------------------
Path       : 650
Startpoint : basic_isa_instance/u_ex_mem_inst_mem_o_reg[9]/CP
Endpoint   : basic_isa_instance/u_if_u_pc_reg_pc_reg[3]/D
Slack      : -181 ps
Slack      : -0.181 ns

--------------------------------------------------------------
Path       : 651
Startpoint : csr_top_instance_csr_register_file_inst_satp_csr_inst_satp_r_reg[24]/CP
Endpoint   : axi_master_wrapper_data_mem_instance_u_axi_rw_engine_w_done_reg/SE
Slack      : -180 ps
Slack      : -0.180 ns

--------------------------------------------------------------
Path       : 652
Startpoint : basic_isa_instance/u_ex_mem_inst_mem_o_reg[9]/CP
Endpoint   : basic_isa_instance/u_id_ex_ack_read_valid_ex_o_reg/D
Slack      : -178 ps
Slack      : -0.178 ns

--------------------------------------------------------------
Path       : 653
Startpoint : basic_isa_instance/u_ex_mem_inst_mem_o_reg[9]/CP
Endpoint   : basic_isa_instance/u_id_ex_mret_valid_ex_o_reg/D
Slack      : -177 ps
Slack      : -0.177 ns

--------------------------------------------------------------
Path       : 654
Startpoint : basic_isa_instance/u_ex_mem_inst_mem_o_reg[9]/CP
Endpoint   : basic_isa_instance/u_id_ex_pc_ex_reg[31]/D
Slack      : -177 ps
Slack      : -0.177 ns

--------------------------------------------------------------
Path       : 655
Startpoint : basic_isa_instance/u_ex_mem_inst_mem_o_reg[9]/CP
Endpoint   : basic_isa_instance/u_id_ex_pc_ex_reg[30]/D
Slack      : -177 ps
Slack      : -0.177 ns

--------------------------------------------------------------
Path       : 656
Startpoint : basic_isa_instance/u_ex_mem_inst_mem_o_reg[9]/CP
Endpoint   : basic_isa_instance/u_id_ex_pc_ex_reg[29]/D
Slack      : -177 ps
Slack      : -0.177 ns

--------------------------------------------------------------
Path       : 657
Startpoint : basic_isa_instance/u_ex_mem_inst_mem_o_reg[9]/CP
Endpoint   : basic_isa_instance/u_id_ex_pc_ex_reg[27]/D
Slack      : -177 ps
Slack      : -0.177 ns

--------------------------------------------------------------
Path       : 658
Startpoint : basic_isa_instance/u_ex_mem_inst_mem_o_reg[9]/CP
Endpoint   : basic_isa_instance/u_id_ex_pc_ex_reg[24]/D
Slack      : -177 ps
Slack      : -0.177 ns

--------------------------------------------------------------
Path       : 659
Startpoint : basic_isa_instance/u_ex_mem_inst_mem_o_reg[9]/CP
Endpoint   : basic_isa_instance/u_id_ex_pc_ex_reg[23]/D
Slack      : -177 ps
Slack      : -0.177 ns

--------------------------------------------------------------
Path       : 660
Startpoint : basic_isa_instance/u_ex_mem_inst_mem_o_reg[9]/CP
Endpoint   : basic_isa_instance/u_id_ex_pc_ex_reg[21]/D
Slack      : -177 ps
Slack      : -0.177 ns

--------------------------------------------------------------
Path       : 661
Startpoint : basic_isa_instance/u_ex_mem_inst_mem_o_reg[9]/CP
Endpoint   : basic_isa_instance/u_id_ex_pc_ex_reg[20]/D
Slack      : -177 ps
Slack      : -0.177 ns

--------------------------------------------------------------
Path       : 662
Startpoint : basic_isa_instance/u_ex_mem_inst_mem_o_reg[9]/CP
Endpoint   : basic_isa_instance/u_id_ex_pc_ex_reg[19]/D
Slack      : -177 ps
Slack      : -0.177 ns

--------------------------------------------------------------
Path       : 663
Startpoint : basic_isa_instance/u_ex_mem_inst_mem_o_reg[9]/CP
Endpoint   : basic_isa_instance/u_id_ex_pc_ex_reg[15]/D
Slack      : -177 ps
Slack      : -0.177 ns

--------------------------------------------------------------
Path       : 664
Startpoint : basic_isa_instance/u_ex_mem_inst_mem_o_reg[9]/CP
Endpoint   : basic_isa_instance/u_id_ex_pc_ex_reg[14]/D
Slack      : -177 ps
Slack      : -0.177 ns

--------------------------------------------------------------
Path       : 665
Startpoint : basic_isa_instance/u_ex_mem_inst_mem_o_reg[9]/CP
Endpoint   : basic_isa_instance/u_id_ex_pc_ex_reg[13]/D
Slack      : -177 ps
Slack      : -0.177 ns

--------------------------------------------------------------
Path       : 666
Startpoint : basic_isa_instance/u_ex_mem_inst_mem_o_reg[9]/CP
Endpoint   : basic_isa_instance/u_id_ex_pc_ex_reg[12]/D
Slack      : -177 ps
Slack      : -0.177 ns

--------------------------------------------------------------
Path       : 667
Startpoint : basic_isa_instance/u_ex_mem_inst_mem_o_reg[9]/CP
Endpoint   : basic_isa_instance/u_id_ex_inst_ex_o_reg[22]/D
Slack      : -177 ps
Slack      : -0.177 ns

--------------------------------------------------------------
Path       : 668
Startpoint : basic_isa_instance/u_ex_mem_inst_mem_o_reg[9]/CP
Endpoint   : basic_isa_instance/u_id_ex_inst_ex_o_reg[21]/D
Slack      : -177 ps
Slack      : -0.177 ns

--------------------------------------------------------------
Path       : 669
Startpoint : basic_isa_instance/u_ex_mem_inst_mem_o_reg[9]/CP
Endpoint   : basic_isa_instance/u_id_ex_inst_ex_o_reg[19]/D
Slack      : -177 ps
Slack      : -0.177 ns

--------------------------------------------------------------
Path       : 670
Startpoint : basic_isa_instance/u_ex_mem_inst_mem_o_reg[9]/CP
Endpoint   : basic_isa_instance/u_id_ex_inst_ex_o_reg[16]/D
Slack      : -177 ps
Slack      : -0.177 ns

--------------------------------------------------------------
Path       : 671
Startpoint : basic_isa_instance/u_ex_mem_inst_mem_o_reg[9]/CP
Endpoint   : basic_isa_instance/u_id_ex_e_break_valid_ex_o_reg/D
Slack      : -176 ps
Slack      : -0.176 ns

--------------------------------------------------------------
Path       : 672
Startpoint : basic_isa_instance/u_ex_mem_inst_mem_o_reg[9]/CP
Endpoint   : basic_isa_instance/u_id_ex_pc_ex_reg[18]/D
Slack      : -176 ps
Slack      : -0.176 ns

--------------------------------------------------------------
Path       : 673
Startpoint : basic_isa_instance/u_ex_mem_inst_mem_o_reg[9]/CP
Endpoint   : basic_isa_instance/u_id_ex_pc_ex_reg[11]/D
Slack      : -176 ps
Slack      : -0.176 ns

--------------------------------------------------------------
Path       : 674
Startpoint : basic_isa_instance/u_ex_mem_inst_mem_o_reg[9]/CP
Endpoint   : basic_isa_instance/u_id_ex_pc_ex_reg[9]/D
Slack      : -176 ps
Slack      : -0.176 ns

--------------------------------------------------------------
Path       : 675
Startpoint : basic_isa_instance/u_ex_mem_inst_mem_o_reg[9]/CP
Endpoint   : basic_isa_instance/u_id_ex_pc_ex_reg[8]/D
Slack      : -176 ps
Slack      : -0.176 ns

--------------------------------------------------------------
Path       : 676
Startpoint : basic_isa_instance/u_ex_mem_inst_mem_o_reg[9]/CP
Endpoint   : basic_isa_instance/u_id_ex_pc_ex_reg[6]/D
Slack      : -176 ps
Slack      : -0.176 ns

--------------------------------------------------------------
Path       : 677
Startpoint : basic_isa_instance/u_ex_mem_inst_mem_o_reg[9]/CP
Endpoint   : basic_isa_instance/u_id_ex_pc_ex_reg[5]/D
Slack      : -176 ps
Slack      : -0.176 ns

--------------------------------------------------------------
Path       : 678
Startpoint : basic_isa_instance/u_ex_mem_inst_mem_o_reg[9]/CP
Endpoint   : basic_isa_instance/u_id_ex_pc_ex_reg[4]/D
Slack      : -176 ps
Slack      : -0.176 ns

--------------------------------------------------------------
Path       : 679
Startpoint : basic_isa_instance/u_ex_mem_inst_mem_o_reg[9]/CP
Endpoint   : basic_isa_instance/u_id_ex_eoi_id_ex_o_reg[7]/D
Slack      : -175 ps
Slack      : -0.175 ns

--------------------------------------------------------------
Path       : 680
Startpoint : basic_isa_instance/u_ex_mem_inst_mem_o_reg[9]/CP
Endpoint   : basic_isa_instance/u_id_ex_eoi_id_ex_o_reg[6]/D
Slack      : -175 ps
Slack      : -0.175 ns

--------------------------------------------------------------
Path       : 681
Startpoint : basic_isa_instance/u_ex_mem_inst_mem_o_reg[9]/CP
Endpoint   : basic_isa_instance/u_id_ex_eoi_id_ex_o_reg[5]/D
Slack      : -175 ps
Slack      : -0.175 ns

--------------------------------------------------------------
Path       : 682
Startpoint : basic_isa_instance/u_ex_mem_inst_mem_o_reg[9]/CP
Endpoint   : basic_isa_instance/u_id_ex_eoi_id_ex_o_reg[4]/D
Slack      : -175 ps
Slack      : -0.175 ns

--------------------------------------------------------------
Path       : 683
Startpoint : basic_isa_instance/u_ex_mem_inst_mem_o_reg[9]/CP
Endpoint   : basic_isa_instance/u_id_ex_eoi_id_ex_o_reg[3]/D
Slack      : -175 ps
Slack      : -0.175 ns

--------------------------------------------------------------
Path       : 684
Startpoint : basic_isa_instance/u_ex_mem_inst_mem_o_reg[9]/CP
Endpoint   : basic_isa_instance/u_id_ex_eoi_id_ex_o_reg[2]/D
Slack      : -175 ps
Slack      : -0.175 ns

--------------------------------------------------------------
Path       : 685
Startpoint : basic_isa_instance/u_ex_mem_inst_mem_o_reg[9]/CP
Endpoint   : basic_isa_instance/u_id_ex_eoi_id_ex_o_reg[1]/D
Slack      : -175 ps
Slack      : -0.175 ns

--------------------------------------------------------------
Path       : 686
Startpoint : basic_isa_instance/u_ex_mem_inst_mem_o_reg[9]/CP
Endpoint   : basic_isa_instance/u_id_ex_alu_ctrl_ex_reg[2]/D
Slack      : -175 ps
Slack      : -0.175 ns

--------------------------------------------------------------
Path       : 687
Startpoint : csr_top_instance_csr_register_file_inst_satp_csr_inst_satp_r_reg[30]/CP
Endpoint   : axi2apb_instance/write_fifo_fifo_reg[3][14]/D
Slack      : -174 ps
Slack      : -0.174 ns

--------------------------------------------------------------
Path       : 688
Startpoint : csr_top_instance_csr_register_file_inst_satp_csr_inst_satp_r_reg[30]/CP
Endpoint   : axi2apb_instance/write_fifo_fifo_reg[2][14]/D
Slack      : -174 ps
Slack      : -0.174 ns

--------------------------------------------------------------
Path       : 689
Startpoint : csr_top_instance_csr_register_file_inst_satp_csr_inst_satp_r_reg[30]/CP
Endpoint   : axi2apb_instance/write_fifo_fifo_reg[1][14]/D
Slack      : -174 ps
Slack      : -0.174 ns

--------------------------------------------------------------
Path       : 690
Startpoint : csr_top_instance_csr_register_file_inst_satp_csr_inst_satp_r_reg[30]/CP
Endpoint   : axi2apb_instance/write_fifo_fifo_reg[0][14]/D
Slack      : -174 ps
Slack      : -0.174 ns

--------------------------------------------------------------
Path       : 691
Startpoint : csr_top_instance_csr_register_file_inst_satp_csr_inst_satp_r_reg[24]/CP
Endpoint   : axi2apb_instance/axi_trace_data_reg[6]/D
Slack      : -172 ps
Slack      : -0.172 ns

--------------------------------------------------------------
Path       : 692
Startpoint : basic_isa_instance/u_ex_mem_inst_mem_o_reg[9]/CP
Endpoint   : basic_isa_instance/u_if_id_instr_id_reg[31]/D
Slack      : -170 ps
Slack      : -0.170 ns

--------------------------------------------------------------
Path       : 693
Startpoint : basic_isa_instance/u_ex_mem_inst_mem_o_reg[9]/CP
Endpoint   : basic_isa_instance/u_if_id_instr_id_reg[15]/D
Slack      : -170 ps
Slack      : -0.170 ns

--------------------------------------------------------------
Path       : 694
Startpoint : basic_isa_instance/u_ex_mem_inst_mem_o_reg[9]/CP
Endpoint   : basic_isa_instance/u_if_id_instr_id_reg[24]/D
Slack      : -170 ps
Slack      : -0.170 ns

--------------------------------------------------------------
Path       : 695
Startpoint : basic_isa_instance/u_ex_mem_inst_mem_o_reg[9]/CP
Endpoint   : basic_isa_instance/u_if_id_instr_id_reg[22]/D
Slack      : -170 ps
Slack      : -0.170 ns

--------------------------------------------------------------
Path       : 696
Startpoint : basic_isa_instance/u_ex_mem_inst_mem_o_reg[9]/CP
Endpoint   : basic_isa_instance/u_if_id_instr_id_reg[23]/D
Slack      : -170 ps
Slack      : -0.170 ns

--------------------------------------------------------------
Path       : 697
Startpoint : basic_isa_instance/u_ex_mem_inst_mem_o_reg[9]/CP
Endpoint   : basic_isa_instance/u_if_id_instr_id_reg[20]/D
Slack      : -170 ps
Slack      : -0.170 ns

--------------------------------------------------------------
Path       : 698
Startpoint : basic_isa_instance/u_ex_mem_inst_mem_o_reg[9]/CP
Endpoint   : basic_isa_instance/u_if_id_instr_id_reg[5]/D
Slack      : -170 ps
Slack      : -0.170 ns

--------------------------------------------------------------
Path       : 699
Startpoint : basic_isa_instance/u_ex_mem_inst_mem_o_reg[9]/CP
Endpoint   : basic_isa_instance/u_if_id_instr_id_reg[28]/D
Slack      : -170 ps
Slack      : -0.170 ns

--------------------------------------------------------------
Path       : 700
Startpoint : basic_isa_instance/u_ex_mem_inst_mem_o_reg[9]/CP
Endpoint   : basic_isa_instance/u_if_id_instr_id_reg[26]/D
Slack      : -170 ps
Slack      : -0.170 ns

--------------------------------------------------------------
Path       : 701
Startpoint : basic_isa_instance/u_ex_mem_inst_mem_o_reg[9]/CP
Endpoint   : basic_isa_instance/u_if_id_instr_id_reg[25]/D
Slack      : -170 ps
Slack      : -0.170 ns

--------------------------------------------------------------
Path       : 702
Startpoint : basic_isa_instance/u_ex_mem_inst_mem_o_reg[9]/CP
Endpoint   : basic_isa_instance/u_if_id_instr_id_reg[18]/D
Slack      : -170 ps
Slack      : -0.170 ns

--------------------------------------------------------------
Path       : 703
Startpoint : basic_isa_instance/u_ex_mem_inst_mem_o_reg[9]/CP
Endpoint   : basic_isa_instance/u_if_id_instr_id_reg[6]/D
Slack      : -170 ps
Slack      : -0.170 ns

--------------------------------------------------------------
Path       : 704
Startpoint : basic_isa_instance/u_ex_mem_inst_mem_o_reg[9]/CP
Endpoint   : basic_isa_instance/u_if_id_instr_id_reg[2]/D
Slack      : -170 ps
Slack      : -0.170 ns

--------------------------------------------------------------
Path       : 705
Startpoint : basic_isa_instance/u_ex_mem_inst_mem_o_reg[9]/CP
Endpoint   : basic_isa_instance/u_id_ex_rs2_data_ex_reg[29]/D
Slack      : -170 ps
Slack      : -0.170 ns

--------------------------------------------------------------
Path       : 706
Startpoint : basic_isa_instance/u_ex_mem_inst_mem_o_reg[9]/CP
Endpoint   : basic_isa_instance/u_id_ex_rs2_data_ex_reg[28]/D
Slack      : -170 ps
Slack      : -0.170 ns

--------------------------------------------------------------
Path       : 707
Startpoint : basic_isa_instance/u_ex_mem_inst_mem_o_reg[9]/CP
Endpoint   : basic_isa_instance/u_id_ex_rs2_data_ex_reg[23]/D
Slack      : -170 ps
Slack      : -0.170 ns

--------------------------------------------------------------
Path       : 708
Startpoint : basic_isa_instance/u_ex_mem_inst_mem_o_reg[9]/CP
Endpoint   : basic_isa_instance/u_id_ex_rs2_data_ex_reg[11]/D
Slack      : -170 ps
Slack      : -0.170 ns

--------------------------------------------------------------
Path       : 709
Startpoint : basic_isa_instance/u_ex_mem_inst_mem_o_reg[9]/CP
Endpoint   : basic_isa_instance/u_id_ex_rs2_data_ex_reg[10]/D
Slack      : -170 ps
Slack      : -0.170 ns

--------------------------------------------------------------
Path       : 710
Startpoint : basic_isa_instance/u_ex_mem_inst_mem_o_reg[9]/CP
Endpoint   : basic_isa_instance/u_id_ex_rs2_data_ex_reg[8]/D
Slack      : -170 ps
Slack      : -0.170 ns

--------------------------------------------------------------
Path       : 711
Startpoint : basic_isa_instance/u_ex_mem_inst_mem_o_reg[9]/CP
Endpoint   : basic_isa_instance/u_id_ex_rs2_data_ex_reg[7]/D
Slack      : -170 ps
Slack      : -0.170 ns

--------------------------------------------------------------
Path       : 712
Startpoint : basic_isa_instance/u_ex_mem_inst_mem_o_reg[9]/CP
Endpoint   : basic_isa_instance/u_id_ex_rs2_data_ex_reg[6]/D
Slack      : -170 ps
Slack      : -0.170 ns

--------------------------------------------------------------
Path       : 713
Startpoint : basic_isa_instance/u_ex_mem_inst_mem_o_reg[9]/CP
Endpoint   : basic_isa_instance/u_id_ex_rs2_data_ex_reg[3]/D
Slack      : -170 ps
Slack      : -0.170 ns

--------------------------------------------------------------
Path       : 714
Startpoint : basic_isa_instance/u_ex_mem_inst_mem_o_reg[9]/CP
Endpoint   : basic_isa_instance/u_id_ex_rs2_data_ex_reg[2]/D
Slack      : -170 ps
Slack      : -0.170 ns

--------------------------------------------------------------
Path       : 715
Startpoint : basic_isa_instance/u_ex_mem_inst_mem_o_reg[9]/CP
Endpoint   : basic_isa_instance/u_id_ex_rs1_data_ex_reg[21]/D
Slack      : -170 ps
Slack      : -0.170 ns

--------------------------------------------------------------
Path       : 716
Startpoint : basic_isa_instance/u_ex_mem_inst_mem_o_reg[9]/CP
Endpoint   : basic_isa_instance/u_id_ex_rs1_data_ex_reg[17]/D
Slack      : -170 ps
Slack      : -0.170 ns

--------------------------------------------------------------
Path       : 717
Startpoint : basic_isa_instance/u_ex_mem_inst_mem_o_reg[9]/CP
Endpoint   : basic_isa_instance/u_id_ex_rs1_data_ex_reg[15]/D
Slack      : -170 ps
Slack      : -0.170 ns

--------------------------------------------------------------
Path       : 718
Startpoint : basic_isa_instance/u_ex_mem_inst_mem_o_reg[9]/CP
Endpoint   : basic_isa_instance/u_id_ex_rs1_data_ex_reg[14]/D
Slack      : -170 ps
Slack      : -0.170 ns

--------------------------------------------------------------
Path       : 719
Startpoint : basic_isa_instance/u_ex_mem_inst_mem_o_reg[9]/CP
Endpoint   : basic_isa_instance/u_id_ex_rs1_data_ex_reg[12]/D
Slack      : -170 ps
Slack      : -0.170 ns

--------------------------------------------------------------
Path       : 720
Startpoint : basic_isa_instance/u_ex_mem_inst_mem_o_reg[9]/CP
Endpoint   : basic_isa_instance/u_id_ex_inst_ex_o_reg[2]/D
Slack      : -170 ps
Slack      : -0.170 ns

--------------------------------------------------------------
Path       : 721
Startpoint : basic_isa_instance/u_ex_mem_inst_mem_o_reg[9]/CP
Endpoint   : basic_isa_instance/u_id_ex_rs2_data_ex_reg[16]/D
Slack      : -169 ps
Slack      : -0.169 ns

--------------------------------------------------------------
Path       : 722
Startpoint : basic_isa_instance/u_ex_mem_inst_mem_o_reg[9]/CP
Endpoint   : basic_isa_instance/u_id_ex_inst_ex_o_reg[0]/D
Slack      : -166 ps
Slack      : -0.166 ns

--------------------------------------------------------------
Path       : 723
Startpoint : basic_isa_instance/u_ex_mem_inst_mem_o_reg[9]/CP
Endpoint   : basic_isa_instance/u_id_ex_predictedTaken_ex_reg/D
Slack      : -166 ps
Slack      : -0.166 ns

--------------------------------------------------------------
Path       : 724
Startpoint : basic_isa_instance/u_ex_mem_inst_mem_o_reg[9]/CP
Endpoint   : basic_isa_instance/u_id_ex_inst_ex_o_reg[11]/D
Slack      : -166 ps
Slack      : -0.166 ns

--------------------------------------------------------------
Path       : 725
Startpoint : basic_isa_instance/u_ex_mem_inst_mem_o_reg[9]/CP
Endpoint   : basic_isa_instance/u_id_ex_rs2_data_ex_reg[31]/D
Slack      : -165 ps
Slack      : -0.165 ns

--------------------------------------------------------------
Path       : 726
Startpoint : basic_isa_instance/u_ex_mem_inst_mem_o_reg[9]/CP
Endpoint   : basic_isa_instance/u_id_ex_rs2_data_ex_reg[22]/D
Slack      : -165 ps
Slack      : -0.165 ns

--------------------------------------------------------------
Path       : 727
Startpoint : basic_isa_instance/u_ex_mem_inst_mem_o_reg[9]/CP
Endpoint   : basic_isa_instance/u_id_ex_rs2_data_ex_reg[20]/D
Slack      : -165 ps
Slack      : -0.165 ns

--------------------------------------------------------------
Path       : 728
Startpoint : basic_isa_instance/u_ex_mem_inst_mem_o_reg[9]/CP
Endpoint   : basic_isa_instance/u_id_ex_rs2_data_ex_reg[19]/D
Slack      : -165 ps
Slack      : -0.165 ns

--------------------------------------------------------------
Path       : 729
Startpoint : basic_isa_instance/u_ex_mem_inst_mem_o_reg[9]/CP
Endpoint   : basic_isa_instance/u_id_ex_rs2_data_ex_reg[17]/D
Slack      : -165 ps
Slack      : -0.165 ns

--------------------------------------------------------------
Path       : 730
Startpoint : basic_isa_instance/u_ex_mem_inst_mem_o_reg[9]/CP
Endpoint   : basic_isa_instance/u_id_ex_rs1_data_ex_reg[30]/D
Slack      : -165 ps
Slack      : -0.165 ns

--------------------------------------------------------------
Path       : 731
Startpoint : basic_isa_instance/u_ex_mem_inst_mem_o_reg[9]/CP
Endpoint   : basic_isa_instance/u_id_ex_rs1_data_ex_reg[28]/D
Slack      : -165 ps
Slack      : -0.165 ns

--------------------------------------------------------------
Path       : 732
Startpoint : basic_isa_instance/u_ex_mem_inst_mem_o_reg[9]/CP
Endpoint   : basic_isa_instance/u_id_ex_rs1_data_ex_reg[27]/D
Slack      : -165 ps
Slack      : -0.165 ns

--------------------------------------------------------------
Path       : 733
Startpoint : basic_isa_instance/u_ex_mem_inst_mem_o_reg[9]/CP
Endpoint   : basic_isa_instance/u_id_ex_rs1_data_ex_reg[25]/D
Slack      : -165 ps
Slack      : -0.165 ns

--------------------------------------------------------------
Path       : 734
Startpoint : basic_isa_instance/u_ex_mem_inst_mem_o_reg[9]/CP
Endpoint   : basic_isa_instance/u_id_ex_rs1_data_ex_reg[24]/D
Slack      : -165 ps
Slack      : -0.165 ns

--------------------------------------------------------------
Path       : 735
Startpoint : basic_isa_instance/u_ex_mem_inst_mem_o_reg[9]/CP
Endpoint   : basic_isa_instance/u_id_ex_rs1_data_ex_reg[19]/D
Slack      : -165 ps
Slack      : -0.165 ns

--------------------------------------------------------------
Path       : 736
Startpoint : basic_isa_instance/u_ex_mem_inst_mem_o_reg[9]/CP
Endpoint   : basic_isa_instance/u_id_ex_rs1_data_ex_reg[7]/D
Slack      : -165 ps
Slack      : -0.165 ns

--------------------------------------------------------------
Path       : 737
Startpoint : basic_isa_instance/u_ex_mem_inst_mem_o_reg[9]/CP
Endpoint   : basic_isa_instance/u_id_ex_rs1_data_ex_reg[5]/D
Slack      : -165 ps
Slack      : -0.165 ns

--------------------------------------------------------------
Path       : 738
Startpoint : basic_isa_instance/u_ex_mem_inst_mem_o_reg[9]/CP
Endpoint   : basic_isa_instance/u_id_ex_rs1_data_ex_reg[3]/D
Slack      : -165 ps
Slack      : -0.165 ns

--------------------------------------------------------------
Path       : 739
Startpoint : basic_isa_instance/u_ex_mem_inst_mem_o_reg[9]/CP
Endpoint   : basic_isa_instance/u_id_ex_jal_ex_reg/D
Slack      : -165 ps
Slack      : -0.165 ns

--------------------------------------------------------------
Path       : 740
Startpoint : basic_isa_instance/u_ex_mem_inst_mem_o_reg[9]/CP
Endpoint   : basic_isa_instance/u_id_ex_jalr_ex_reg/D
Slack      : -165 ps
Slack      : -0.165 ns

--------------------------------------------------------------
Path       : 741
Startpoint : csr_top_instance_csr_register_file_inst_satp_csr_inst_satp_r_reg[30]/CP
Endpoint   : axi2apb_instance/axi_trace_data_reg[23]/D
Slack      : -163 ps
Slack      : -0.163 ns

--------------------------------------------------------------
Path       : 742
Startpoint : csr_top_instance_csr_register_file_inst_satp_csr_inst_satp_r_reg[30]/CP
Endpoint   : axi2apb_instance/axi_trace_data_reg[18]/D
Slack      : -163 ps
Slack      : -0.163 ns

--------------------------------------------------------------
Path       : 743
Startpoint : csr_top_instance_csr_register_file_inst_satp_csr_inst_satp_r_reg[30]/CP
Endpoint   : axi2apb_instance/axi_trace_data_reg[16]/D
Slack      : -163 ps
Slack      : -0.163 ns

--------------------------------------------------------------
Path       : 744
Startpoint : csr_top_instance_csr_register_file_inst_satp_csr_inst_satp_r_reg[30]/CP
Endpoint   : axi2apb_instance/axi_trace_data_reg[17]/D
Slack      : -163 ps
Slack      : -0.163 ns

--------------------------------------------------------------
Path       : 745
Startpoint : csr_top_instance_csr_register_file_inst_satp_csr_inst_satp_r_reg[30]/CP
Endpoint   : axi2apb_instance/axi_trace_data_reg[21]/D
Slack      : -163 ps
Slack      : -0.163 ns

--------------------------------------------------------------
Path       : 746
Startpoint : csr_top_instance_csr_register_file_inst_satp_csr_inst_satp_r_reg[30]/CP
Endpoint   : axi2apb_instance/axi_trace_data_reg[22]/D
Slack      : -163 ps
Slack      : -0.163 ns

--------------------------------------------------------------
Path       : 747
Startpoint : csr_top_instance_csr_register_file_inst_satp_csr_inst_satp_r_reg[30]/CP
Endpoint   : axi2apb_instance/axi_trace_data_reg[20]/D
Slack      : -163 ps
Slack      : -0.163 ns

--------------------------------------------------------------
Path       : 748
Startpoint : csr_top_instance_csr_register_file_inst_satp_csr_inst_satp_r_reg[30]/CP
Endpoint   : axi2apb_instance/axi_trace_data_reg[19]/D
Slack      : -163 ps
Slack      : -0.163 ns

--------------------------------------------------------------
Path       : 749
Startpoint : basic_isa_instance/u_ex_mem_inst_mem_o_reg[9]/CP
Endpoint   : basic_isa_instance/u_id_ex_rs1_data_ex_reg[11]/D
Slack      : -158 ps
Slack      : -0.158 ns

--------------------------------------------------------------
Path       : 750
Startpoint : basic_isa_instance/u_ex_mem_inst_mem_o_reg[9]/CP
Endpoint   : basic_isa_instance/u_id_ex_rs1_data_ex_reg[8]/D
Slack      : -158 ps
Slack      : -0.158 ns

--------------------------------------------------------------
Path       : 751
Startpoint : csr_top_instance_csr_register_file_inst_satp_csr_inst_satp_r_reg[30]/CP
Endpoint   : basic_isa_instance/u_mem_wb_load_data_out_reg[30]/D
Slack      : -158 ps
Slack      : -0.158 ns

--------------------------------------------------------------
Path       : 752
Startpoint : csr_top_instance_csr_register_file_inst_satp_csr_inst_satp_r_reg[30]/CP
Endpoint   : basic_isa_instance/u_mem_wb_load_data_out_reg[29]/D
Slack      : -158 ps
Slack      : -0.158 ns

--------------------------------------------------------------
Path       : 753
Startpoint : csr_top_instance_csr_register_file_inst_satp_csr_inst_satp_r_reg[30]/CP
Endpoint   : basic_isa_instance/u_mem_wb_load_data_out_reg[28]/D
Slack      : -158 ps
Slack      : -0.158 ns

--------------------------------------------------------------
Path       : 754
Startpoint : csr_top_instance_csr_register_file_inst_satp_csr_inst_satp_r_reg[30]/CP
Endpoint   : basic_isa_instance/u_mem_wb_load_data_out_reg[27]/D
Slack      : -158 ps
Slack      : -0.158 ns

--------------------------------------------------------------
Path       : 755
Startpoint : csr_top_instance_csr_register_file_inst_satp_csr_inst_satp_r_reg[30]/CP
Endpoint   : basic_isa_instance/u_mem_wb_load_data_out_reg[23]/D
Slack      : -158 ps
Slack      : -0.158 ns

--------------------------------------------------------------
Path       : 756
Startpoint : csr_top_instance_csr_register_file_inst_satp_csr_inst_satp_r_reg[30]/CP
Endpoint   : basic_isa_instance/u_mem_wb_load_data_out_reg[20]/D
Slack      : -158 ps
Slack      : -0.158 ns

--------------------------------------------------------------
Path       : 757
Startpoint : csr_top_instance_csr_register_file_inst_satp_csr_inst_satp_r_reg[30]/CP
Endpoint   : basic_isa_instance/u_mem_wb_load_data_out_reg[17]/D
Slack      : -158 ps
Slack      : -0.158 ns

--------------------------------------------------------------
Path       : 758
Startpoint : csr_top_instance_csr_register_file_inst_satp_csr_inst_satp_r_reg[30]/CP
Endpoint   : basic_isa_instance/u_mem_wb_load_data_out_reg[16]/D
Slack      : -158 ps
Slack      : -0.158 ns

--------------------------------------------------------------
Path       : 759
Startpoint : csr_top_instance_csr_register_file_inst_satp_csr_inst_satp_r_reg[30]/CP
Endpoint   : basic_isa_instance/u_mem_wb_load_data_out_reg[26]/D
Slack      : -157 ps
Slack      : -0.157 ns

--------------------------------------------------------------
Path       : 760
Startpoint : csr_top_instance_csr_register_file_inst_satp_csr_inst_satp_r_reg[30]/CP
Endpoint   : basic_isa_instance/u_mem_wb_load_data_out_reg[25]/D
Slack      : -157 ps
Slack      : -0.157 ns

--------------------------------------------------------------
Path       : 761
Startpoint : csr_top_instance_csr_register_file_inst_satp_csr_inst_satp_r_reg[30]/CP
Endpoint   : basic_isa_instance/u_mem_wb_load_data_out_reg[24]/D
Slack      : -157 ps
Slack      : -0.157 ns

--------------------------------------------------------------
Path       : 762
Startpoint : basic_isa_instance/u_ex_mem_inst_mem_o_reg[9]/CP
Endpoint   : basic_isa_instance/u_id_ex_eoi_id_ex_o_reg[0]/D
Slack      : -156 ps
Slack      : -0.156 ns

--------------------------------------------------------------
Path       : 763
Startpoint : basic_isa_instance/u_ex_mem_inst_mem_o_reg[9]/CP
Endpoint   : basic_isa_instance/u_id_ex_csr_read_en_ex_o_reg/D
Slack      : -156 ps
Slack      : -0.156 ns

--------------------------------------------------------------
Path       : 764
Startpoint : basic_isa_instance/u_ex_mem_inst_mem_o_reg[9]/CP
Endpoint   : basic_isa_instance/u_id_ex_rs2_data_ex_reg[21]/D
Slack      : -156 ps
Slack      : -0.156 ns

--------------------------------------------------------------
Path       : 765
Startpoint : basic_isa_instance/u_ex_mem_inst_mem_o_reg[9]/CP
Endpoint   : basic_isa_instance/u_id_ex_rs2_data_ex_reg[14]/D
Slack      : -156 ps
Slack      : -0.156 ns

--------------------------------------------------------------
Path       : 766
Startpoint : basic_isa_instance/u_ex_mem_inst_mem_o_reg[9]/CP
Endpoint   : basic_isa_instance/u_id_ex_rs1_data_ex_reg[29]/D
Slack      : -156 ps
Slack      : -0.156 ns

--------------------------------------------------------------
Path       : 767
Startpoint : basic_isa_instance/u_ex_mem_inst_mem_o_reg[9]/CP
Endpoint   : basic_isa_instance/u_id_ex_rs1_data_ex_reg[22]/D
Slack      : -156 ps
Slack      : -0.156 ns

--------------------------------------------------------------
Path       : 768
Startpoint : basic_isa_instance/u_ex_mem_inst_mem_o_reg[9]/CP
Endpoint   : basic_isa_instance/u_id_ex_rs1_data_ex_reg[2]/D
Slack      : -156 ps
Slack      : -0.156 ns

--------------------------------------------------------------
Path       : 769
Startpoint : basic_isa_instance/u_ex_mem_inst_mem_o_reg[9]/CP
Endpoint   : basic_isa_instance/u_id_ex_func3_ex_reg[0]/D
Slack      : -156 ps
Slack      : -0.156 ns

--------------------------------------------------------------
Path       : 770
Startpoint : csr_top_instance_csr_register_file_inst_satp_csr_inst_satp_r_reg[30]/CP
Endpoint   : basic_isa_instance/u_mem_wb_load_data_out_reg[22]/D
Slack      : -156 ps
Slack      : -0.156 ns

--------------------------------------------------------------
Path       : 771
Startpoint : csr_top_instance_csr_register_file_inst_satp_csr_inst_satp_r_reg[30]/CP
Endpoint   : basic_isa_instance/u_mem_wb_load_data_out_reg[21]/D
Slack      : -156 ps
Slack      : -0.156 ns

--------------------------------------------------------------
Path       : 772
Startpoint : basic_isa_instance/u_ex_mem_inst_mem_o_reg[9]/CP
Endpoint   : basic_isa_instance/u_id_ex_inst_ex_o_reg[24]/D
Slack      : -156 ps
Slack      : -0.156 ns

--------------------------------------------------------------
Path       : 773
Startpoint : basic_isa_instance/u_ex_mem_inst_mem_o_reg[9]/CP
Endpoint   : basic_isa_instance/u_id_ex_inst_ex_o_reg[23]/D
Slack      : -156 ps
Slack      : -0.156 ns

--------------------------------------------------------------
Path       : 774
Startpoint : basic_isa_instance/u_ex_mem_inst_mem_o_reg[9]/CP
Endpoint   : basic_isa_instance/u_id_ex_inst_ex_o_reg[18]/D
Slack      : -156 ps
Slack      : -0.156 ns

--------------------------------------------------------------
Path       : 775
Startpoint : basic_isa_instance/u_ex_mem_inst_mem_o_reg[9]/CP
Endpoint   : basic_isa_instance/u_id_ex_inst_ex_o_reg[15]/D
Slack      : -156 ps
Slack      : -0.156 ns

--------------------------------------------------------------
Path       : 776
Startpoint : basic_isa_instance/u_ex_mem_inst_mem_o_reg[9]/CP
Endpoint   : basic_isa_instance/u_id_ex_pc_ex_reg[17]/D
Slack      : -155 ps
Slack      : -0.155 ns

--------------------------------------------------------------
Path       : 777
Startpoint : basic_isa_instance/u_ex_mem_inst_mem_o_reg[9]/CP
Endpoint   : basic_isa_instance/u_id_ex_pc_ex_reg[3]/D
Slack      : -155 ps
Slack      : -0.155 ns

--------------------------------------------------------------
Path       : 778
Startpoint : basic_isa_instance/u_ex_mem_inst_mem_o_reg[9]/CP
Endpoint   : basic_isa_instance/u_id_ex_pc_ex_reg[2]/D
Slack      : -155 ps
Slack      : -0.155 ns

--------------------------------------------------------------
Path       : 779
Startpoint : csr_top_instance_csr_register_file_inst_satp_csr_inst_satp_r_reg[30]/CP
Endpoint   : basic_isa_instance/u_mem_wb_load_data_out_reg[18]/D
Slack      : -155 ps
Slack      : -0.155 ns

--------------------------------------------------------------
Path       : 780
Startpoint : basic_isa_instance/u_ex_mem_inst_mem_o_reg[9]/CP
Endpoint   : basic_isa_instance/u_id_ex_inst_ex_o_reg[17]/D
Slack      : -155 ps
Slack      : -0.155 ns

--------------------------------------------------------------
Path       : 781
Startpoint : basic_isa_instance/u_ex_mem_inst_mem_o_reg[9]/CP
Endpoint   : basic_isa_instance/u_id_ex_pc_ex_reg[28]/D
Slack      : -155 ps
Slack      : -0.155 ns

--------------------------------------------------------------
Path       : 782
Startpoint : basic_isa_instance/u_ex_mem_inst_mem_o_reg[9]/CP
Endpoint   : basic_isa_instance/u_id_ex_pc_ex_reg[10]/D
Slack      : -155 ps
Slack      : -0.155 ns

--------------------------------------------------------------
Path       : 783
Startpoint : csr_top_instance_csr_register_file_inst_satp_csr_inst_satp_r_reg[24]/CP
Endpoint   : axi2apb_instance/axi_trace_data_reg[29]/D
Slack      : -155 ps
Slack      : -0.155 ns

--------------------------------------------------------------
Path       : 784
Startpoint : basic_isa_instance/u_ex_mem_inst_mem_o_reg[9]/CP
Endpoint   : basic_isa_instance/u_id_ex_pc_ex_reg[25]/D
Slack      : -155 ps
Slack      : -0.155 ns

--------------------------------------------------------------
Path       : 785
Startpoint : basic_isa_instance/u_ex_mem_inst_mem_o_reg[9]/CP
Endpoint   : basic_isa_instance/u_id_ex_func3_ex_reg[1]/D
Slack      : -155 ps
Slack      : -0.155 ns

--------------------------------------------------------------
Path       : 786
Startpoint : basic_isa_instance/u_ex_mem_inst_mem_o_reg[9]/CP
Endpoint   : basic_isa_instance/u_id_ex_pc_ex_reg[7]/D
Slack      : -154 ps
Slack      : -0.154 ns

--------------------------------------------------------------
Path       : 787
Startpoint : basic_isa_instance/u_ex_mem_inst_mem_o_reg[9]/CP
Endpoint   : basic_isa_instance/u_id_ex_pc_ex_reg[26]/D
Slack      : -154 ps
Slack      : -0.154 ns

--------------------------------------------------------------
Path       : 788
Startpoint : basic_isa_instance/u_ex_mem_inst_mem_o_reg[9]/CP
Endpoint   : basic_isa_instance/u_id_ex_pc_ex_reg[22]/D
Slack      : -154 ps
Slack      : -0.154 ns

--------------------------------------------------------------
Path       : 789
Startpoint : basic_isa_instance/u_ex_mem_inst_mem_o_reg[9]/CP
Endpoint   : basic_isa_instance/u_id_ex_pc_ex_reg[16]/D
Slack      : -154 ps
Slack      : -0.154 ns

--------------------------------------------------------------
Path       : 790
Startpoint : basic_isa_instance/u_ex_mem_inst_mem_o_reg[9]/CP
Endpoint   : basic_isa_instance/u_id_ex_rs2_data_ex_reg[27]/D
Slack      : -153 ps
Slack      : -0.153 ns

--------------------------------------------------------------
Path       : 791
Startpoint : basic_isa_instance/u_ex_mem_inst_mem_o_reg[9]/CP
Endpoint   : basic_isa_instance/u_id_ex_rs2_data_ex_reg[25]/D
Slack      : -153 ps
Slack      : -0.153 ns

--------------------------------------------------------------
Path       : 792
Startpoint : basic_isa_instance/u_ex_mem_inst_mem_o_reg[9]/CP
Endpoint   : basic_isa_instance/u_id_ex_rs2_data_ex_reg[15]/D
Slack      : -153 ps
Slack      : -0.153 ns

--------------------------------------------------------------
Path       : 793
Startpoint : basic_isa_instance/u_ex_mem_inst_mem_o_reg[9]/CP
Endpoint   : basic_isa_instance/u_id_ex_rs2_data_ex_reg[12]/D
Slack      : -153 ps
Slack      : -0.153 ns

--------------------------------------------------------------
Path       : 794
Startpoint : csr_top_instance_csr_register_file_inst_satp_csr_inst_satp_r_reg[30]/CP
Endpoint   : basic_isa_instance/u_mem_wb_load_data_out_reg[19]/D
Slack      : -152 ps
Slack      : -0.152 ns

--------------------------------------------------------------
Path       : 795
Startpoint : basic_isa_instance/u_ex_mem_inst_mem_o_reg[9]/CP
Endpoint   : basic_isa_instance/u_id_ex_rs1_data_ex_reg[18]/D
Slack      : -151 ps
Slack      : -0.151 ns

--------------------------------------------------------------
Path       : 796
Startpoint : basic_isa_instance/u_ex_mem_inst_mem_o_reg[9]/CP
Endpoint   : basic_isa_instance/u_id_ex_rs2_data_ex_reg[26]/D
Slack      : -151 ps
Slack      : -0.151 ns

--------------------------------------------------------------
Path       : 797
Startpoint : csr_top_instance_csr_register_file_inst_satp_csr_inst_satp_r_reg[30]/CP
Endpoint   : axi2apb_instance/write_fifo_fifo_reg[3][13]/D
Slack      : -150 ps
Slack      : -0.150 ns

--------------------------------------------------------------
Path       : 798
Startpoint : csr_top_instance_csr_register_file_inst_satp_csr_inst_satp_r_reg[30]/CP
Endpoint   : axi2apb_instance/write_fifo_fifo_reg[0][13]/D
Slack      : -150 ps
Slack      : -0.150 ns

--------------------------------------------------------------
Path       : 799
Startpoint : csr_top_instance_csr_register_file_inst_satp_csr_inst_satp_r_reg[24]/CP
Endpoint   : basic_isa_instance/u_mem_wb_load_data_out_reg[31]/D
Slack      : -147 ps
Slack      : -0.147 ns

--------------------------------------------------------------
Path       : 800
Startpoint : basic_isa_instance/u_ex_mem_inst_mem_o_reg[9]/CP
Endpoint   : basic_isa_instance/u_id_ex_branch_ex_reg/D
Slack      : -147 ps
Slack      : -0.147 ns

--------------------------------------------------------------
Path       : 801
Startpoint : basic_isa_instance/u_ex_mem_inst_mem_o_reg[9]/CP
Endpoint   : basic_isa_instance/u_id_ex_csr_imm_valid_ex_o_reg/D
Slack      : -146 ps
Slack      : -0.146 ns

--------------------------------------------------------------
Path       : 802
Startpoint : basic_isa_instance/u_ex_mem_inst_mem_o_reg[9]/CP
Endpoint   : basic_isa_instance/u_id_ex_inst_ex_o_reg[20]/D
Slack      : -145 ps
Slack      : -0.145 ns

--------------------------------------------------------------
Path       : 803
Startpoint : basic_isa_instance/u_ex_mem_alu_result_mem_reg[31]/CP
Endpoint   : basic_isa_instance/u_if_u_btb_U_FILE_lru_reg[3]/SE
Slack      : -144 ps
Slack      : -0.144 ns

--------------------------------------------------------------
Path       : 804
Startpoint : basic_isa_instance/u_ex_mem_alu_result_mem_reg[31]/CP
Endpoint   : basic_isa_instance/u_if_u_btb_U_FILE_lru_reg[1]/SE
Slack      : -144 ps
Slack      : -0.144 ns

--------------------------------------------------------------
Path       : 805
Startpoint : csr_top_instance_csr_register_file_inst_satp_csr_inst_satp_r_reg[30]/CP
Endpoint   : axi2apb_instance/write_fifo_fifo_reg[3][8]/D
Slack      : -140 ps
Slack      : -0.140 ns

--------------------------------------------------------------
Path       : 806
Startpoint : csr_top_instance_csr_register_file_inst_satp_csr_inst_satp_r_reg[30]/CP
Endpoint   : axi2apb_instance/write_fifo_fifo_reg[2][8]/D
Slack      : -140 ps
Slack      : -0.140 ns

--------------------------------------------------------------
Path       : 807
Startpoint : csr_top_instance_csr_register_file_inst_satp_csr_inst_satp_r_reg[30]/CP
Endpoint   : axi2apb_instance/write_fifo_fifo_reg[1][8]/D
Slack      : -140 ps
Slack      : -0.140 ns

--------------------------------------------------------------
Path       : 808
Startpoint : csr_top_instance_csr_register_file_inst_satp_csr_inst_satp_r_reg[30]/CP
Endpoint   : axi2apb_instance/write_fifo_fifo_reg[0][8]/D
Slack      : -140 ps
Slack      : -0.140 ns

--------------------------------------------------------------
Path       : 809
Startpoint : basic_isa_instance/u_id_ex_inst_ex_o_reg[17]/CP
Endpoint   : basic_isa_instance/u_if_u_btb_U_FILE_target_arr_reg[7][1][14]/D
Slack      : -140 ps
Slack      : -0.140 ns

--------------------------------------------------------------
Path       : 810
Startpoint : basic_isa_instance/u_id_ex_inst_ex_o_reg[17]/CP
Endpoint   : basic_isa_instance/u_if_u_btb_U_FILE_target_arr_reg[7][0][14]/D
Slack      : -140 ps
Slack      : -0.140 ns

--------------------------------------------------------------
Path       : 811
Startpoint : basic_isa_instance/u_id_ex_inst_ex_o_reg[17]/CP
Endpoint   : basic_isa_instance/u_if_u_btb_U_FILE_target_arr_reg[6][1][14]/D
Slack      : -140 ps
Slack      : -0.140 ns

--------------------------------------------------------------
Path       : 812
Startpoint : basic_isa_instance/u_id_ex_inst_ex_o_reg[17]/CP
Endpoint   : basic_isa_instance/u_if_u_btb_U_FILE_target_arr_reg[6][0][14]/D
Slack      : -140 ps
Slack      : -0.140 ns

--------------------------------------------------------------
Path       : 813
Startpoint : basic_isa_instance/u_id_ex_inst_ex_o_reg[17]/CP
Endpoint   : basic_isa_instance/u_if_u_btb_U_FILE_target_arr_reg[5][1][14]/D
Slack      : -140 ps
Slack      : -0.140 ns

--------------------------------------------------------------
Path       : 814
Startpoint : basic_isa_instance/u_id_ex_inst_ex_o_reg[17]/CP
Endpoint   : basic_isa_instance/u_if_u_btb_U_FILE_target_arr_reg[5][0][14]/D
Slack      : -140 ps
Slack      : -0.140 ns

--------------------------------------------------------------
Path       : 815
Startpoint : basic_isa_instance/u_id_ex_inst_ex_o_reg[17]/CP
Endpoint   : basic_isa_instance/u_if_u_btb_U_FILE_target_arr_reg[4][1][14]/D
Slack      : -140 ps
Slack      : -0.140 ns

--------------------------------------------------------------
Path       : 816
Startpoint : basic_isa_instance/u_id_ex_inst_ex_o_reg[17]/CP
Endpoint   : basic_isa_instance/u_if_u_btb_U_FILE_target_arr_reg[4][0][14]/D
Slack      : -140 ps
Slack      : -0.140 ns

--------------------------------------------------------------
Path       : 817
Startpoint : basic_isa_instance/u_id_ex_inst_ex_o_reg[17]/CP
Endpoint   : basic_isa_instance/u_if_u_btb_U_FILE_target_arr_reg[3][1][14]/D
Slack      : -140 ps
Slack      : -0.140 ns

--------------------------------------------------------------
Path       : 818
Startpoint : basic_isa_instance/u_id_ex_inst_ex_o_reg[17]/CP
Endpoint   : basic_isa_instance/u_if_u_btb_U_FILE_target_arr_reg[3][0][14]/D
Slack      : -140 ps
Slack      : -0.140 ns

--------------------------------------------------------------
Path       : 819
Startpoint : basic_isa_instance/u_id_ex_inst_ex_o_reg[17]/CP
Endpoint   : basic_isa_instance/u_if_u_btb_U_FILE_target_arr_reg[2][1][14]/D
Slack      : -140 ps
Slack      : -0.140 ns

--------------------------------------------------------------
Path       : 820
Startpoint : basic_isa_instance/u_id_ex_inst_ex_o_reg[17]/CP
Endpoint   : basic_isa_instance/u_if_u_btb_U_FILE_target_arr_reg[2][0][14]/D
Slack      : -140 ps
Slack      : -0.140 ns

--------------------------------------------------------------
Path       : 821
Startpoint : basic_isa_instance/u_id_ex_inst_ex_o_reg[17]/CP
Endpoint   : basic_isa_instance/u_if_u_btb_U_FILE_target_arr_reg[1][1][14]/D
Slack      : -140 ps
Slack      : -0.140 ns

--------------------------------------------------------------
Path       : 822
Startpoint : basic_isa_instance/u_id_ex_inst_ex_o_reg[17]/CP
Endpoint   : basic_isa_instance/u_if_u_btb_U_FILE_target_arr_reg[1][0][14]/D
Slack      : -140 ps
Slack      : -0.140 ns

--------------------------------------------------------------
Path       : 823
Startpoint : basic_isa_instance/u_id_ex_inst_ex_o_reg[17]/CP
Endpoint   : basic_isa_instance/u_if_u_btb_U_FILE_target_arr_reg[0][1][14]/D
Slack      : -140 ps
Slack      : -0.140 ns

--------------------------------------------------------------
Path       : 824
Startpoint : basic_isa_instance/u_id_ex_inst_ex_o_reg[17]/CP
Endpoint   : basic_isa_instance/u_if_u_btb_U_FILE_target_arr_reg[0][0][14]/D
Slack      : -140 ps
Slack      : -0.140 ns

--------------------------------------------------------------
Path       : 825
Startpoint : basic_isa_instance/u_ex_mem_inst_mem_o_reg[9]/CP
Endpoint   : basic_isa_instance/u_id_ex_csr_mstatus_mie_set_ex_o_reg/D
Slack      : -138 ps
Slack      : -0.138 ns

--------------------------------------------------------------
Path       : 826
Startpoint : csr_top_instance_csr_register_file_inst_satp_csr_inst_satp_r_reg[24]/CP
Endpoint   : axi2apb_instance/axi_trace_data_reg[25]/D
Slack      : -137 ps
Slack      : -0.137 ns

--------------------------------------------------------------
Path       : 827
Startpoint : basic_isa_instance/u_ex_mem_alu_result_mem_reg[21]/CP
Endpoint   : axi2apb_instance/slave_ar_burst_ctrl_reg/SE
Slack      : -135 ps
Slack      : -0.135 ns

--------------------------------------------------------------
Path       : 828
Startpoint : basic_isa_instance/u_ex_mem_inst_mem_o_reg[9]/CP
Endpoint   : basic_isa_instance/u_id_ex_rs1_data_ex_reg[26]/D
Slack      : -134 ps
Slack      : -0.134 ns

--------------------------------------------------------------
Path       : 829
Startpoint : basic_isa_instance/u_ex_mem_inst_mem_o_reg[9]/CP
Endpoint   : basic_isa_instance/u_id_ex_rs1_data_ex_reg[20]/D
Slack      : -134 ps
Slack      : -0.134 ns

--------------------------------------------------------------
Path       : 830
Startpoint : csr_top_instance_csr_register_file_inst_satp_csr_inst_satp_r_reg[30]/CP
Endpoint   : axi2apb_instance/axi_trace_data_reg[26]/D
Slack      : -134 ps
Slack      : -0.134 ns

--------------------------------------------------------------
Path       : 831
Startpoint : csr_top_instance_csr_register_file_inst_satp_csr_inst_satp_r_reg[30]/CP
Endpoint   : axi2apb_instance/axi_trace_data_reg[27]/D
Slack      : -134 ps
Slack      : -0.134 ns

--------------------------------------------------------------
Path       : 832
Startpoint : csr_top_instance_csr_register_file_inst_satp_csr_inst_satp_r_reg[30]/CP
Endpoint   : axi2apb_instance/axi_trace_data_reg[30]/D
Slack      : -134 ps
Slack      : -0.134 ns

--------------------------------------------------------------
Path       : 833
Startpoint : csr_top_instance_csr_register_file_inst_satp_csr_inst_satp_r_reg[24]/CP
Endpoint   : axi2apb_instance/axi_trace_data_reg[7]/D
Slack      : -132 ps
Slack      : -0.132 ns

--------------------------------------------------------------
Path       : 834
Startpoint : basic_isa_instance/u_ex_mem_inst_mem_o_reg[9]/CP
Endpoint   : basic_isa_instance/u_id_ex_rs1_data_ex_reg[13]/D
Slack      : -131 ps
Slack      : -0.131 ns

--------------------------------------------------------------
Path       : 835
Startpoint : basic_isa_instance/u_ex_mem_inst_mem_o_reg[9]/CP
Endpoint   : basic_isa_instance/u_id_ex_rs1_data_ex_reg[9]/D
Slack      : -131 ps
Slack      : -0.131 ns

--------------------------------------------------------------
Path       : 836
Startpoint : csr_top_instance_csr_register_file_inst_satp_csr_inst_satp_r_reg[30]/CP
Endpoint   : axi2apb_instance/write_fifo_fifo_reg[2][13]/D
Slack      : -131 ps
Slack      : -0.131 ns

--------------------------------------------------------------
Path       : 837
Startpoint : csr_top_instance_csr_register_file_inst_satp_csr_inst_satp_r_reg[30]/CP
Endpoint   : axi2apb_instance/write_fifo_fifo_reg[1][13]/D
Slack      : -131 ps
Slack      : -0.131 ns

--------------------------------------------------------------
Path       : 838
Startpoint : basic_isa_instance/u_ex_mem_alu_result_mem_reg[31]/CP
Endpoint   : basic_isa_instance/u_if_u_btb_U_FILE_lru_reg[5]/SE
Slack      : -130 ps
Slack      : -0.130 ns

--------------------------------------------------------------
Path       : 839
Startpoint : basic_isa_instance/u_ex_mem_inst_mem_o_reg[9]/CP
Endpoint   : basic_isa_instance/u_id_ex_pc_ex_reg[0]/D
Slack      : -129 ps
Slack      : -0.129 ns

--------------------------------------------------------------
Path       : 840
Startpoint : csr_top_instance_csr_register_file_inst_satp_csr_inst_satp_r_reg[30]/CP
Endpoint   : axi2apb_instance/axi_trace_data_reg[2]/D
Slack      : -127 ps
Slack      : -0.127 ns

--------------------------------------------------------------
Path       : 841
Startpoint : csr_top_instance_csr_register_file_inst_satp_csr_inst_satp_r_reg[30]/CP
Endpoint   : axi2apb_instance/axi_trace_data_reg[4]/D
Slack      : -126 ps
Slack      : -0.126 ns

--------------------------------------------------------------
Path       : 842
Startpoint : csr_top_instance_csr_register_file_inst_satp_csr_inst_satp_r_reg[24]/CP
Endpoint   : axi2apb_instance/axi_trace_data_reg[24]/D
Slack      : -125 ps
Slack      : -0.125 ns

--------------------------------------------------------------
Path       : 843
Startpoint : basic_isa_instance/u_ex_mem_inst_mem_o_reg[9]/CP
Endpoint   : basic_isa_instance/u_id_ex_mem_load_type_ex_reg[0]/D
Slack      : -125 ps
Slack      : -0.125 ns

--------------------------------------------------------------
Path       : 844
Startpoint : basic_isa_instance/u_ex_mem_inst_mem_o_reg[9]/CP
Endpoint   : basic_isa_instance/u_id_ex_mem_store_type_ex_reg[0]/D
Slack      : -123 ps
Slack      : -0.123 ns

--------------------------------------------------------------
Path       : 845
Startpoint : basic_isa_instance/u_ex_mem_inst_mem_o_reg[9]/CP
Endpoint   : basic_isa_instance/u_id_ex_mem_load_type_ex_reg[2]/D
Slack      : -123 ps
Slack      : -0.123 ns

--------------------------------------------------------------
Path       : 846
Startpoint : csr_top_instance_csr_register_file_inst_satp_csr_inst_satp_r_reg[24]/CP
Endpoint   : axi2apb_instance/axi_trace_data_reg[3]/D
Slack      : -120 ps
Slack      : -0.120 ns

--------------------------------------------------------------
Path       : 847
Startpoint : basic_isa_instance/u_id_ex_inst_ex_o_reg[17]/CP
Endpoint   : basic_isa_instance/u_trace_core_it_delta_addr_o_reg[15]/D
Slack      : -120 ps
Slack      : -0.120 ns

--------------------------------------------------------------
Path       : 848
Startpoint : csr_top_instance_csr_register_file_inst_satp_csr_inst_satp_r_reg[30]/CP
Endpoint   : axi2apb_instance/axi_trace_data_reg[31]/D
Slack      : -120 ps
Slack      : -0.120 ns

--------------------------------------------------------------
Path       : 849
Startpoint : basic_isa_instance/u_ex_mem_inst_mem_o_reg[9]/CP
Endpoint   : basic_isa_instance/u_id_ex_rs2_data_ex_reg[30]/D
Slack      : -119 ps
Slack      : -0.119 ns

--------------------------------------------------------------
Path       : 850
Startpoint : basic_isa_instance/u_ex_mem_inst_mem_o_reg[9]/CP
Endpoint   : basic_isa_instance/u_id_ex_inst_ex_o_reg[6]/D
Slack      : -117 ps
Slack      : -0.117 ns

--------------------------------------------------------------
Path       : 851
Startpoint : basic_isa_instance/u_ex_mem_inst_mem_o_reg[9]/CP
Endpoint   : basic_isa_instance/u_id_ex_inst_ex_o_reg[5]/D
Slack      : -117 ps
Slack      : -0.117 ns

--------------------------------------------------------------
Path       : 852
Startpoint : csr_top_instance_csr_register_file_inst_satp_csr_inst_satp_r_reg[30]/CP
Endpoint   : axi2apb_instance/axi_trace_data_reg[0]/D
Slack      : -117 ps
Slack      : -0.117 ns

--------------------------------------------------------------
Path       : 853
Startpoint : csr_top_instance_csr_register_file_inst_satp_csr_inst_satp_r_reg[30]/CP
Endpoint   : axi2apb_instance/write_fifo_fifo_reg[0][11]/D
Slack      : -115 ps
Slack      : -0.115 ns

--------------------------------------------------------------
Path       : 854
Startpoint : csr_top_instance_csr_register_file_inst_satp_csr_inst_satp_r_reg[30]/CP
Endpoint   : axi2apb_instance/write_fifo_fifo_reg[1][11]/D
Slack      : -115 ps
Slack      : -0.115 ns

--------------------------------------------------------------
Path       : 855
Startpoint : csr_top_instance_csr_register_file_inst_satp_csr_inst_satp_r_reg[30]/CP
Endpoint   : axi2apb_instance/write_fifo_fifo_reg[3][11]/D
Slack      : -115 ps
Slack      : -0.115 ns

--------------------------------------------------------------
Path       : 856
Startpoint : csr_top_instance_csr_register_file_inst_satp_csr_inst_satp_r_reg[30]/CP
Endpoint   : axi2apb_instance/write_fifo_fifo_reg[2][11]/D
Slack      : -115 ps
Slack      : -0.115 ns

--------------------------------------------------------------
Path       : 857
Startpoint : basic_isa_instance/u_ex_mem_inst_mem_o_reg[9]/CP
Endpoint   : basic_isa_instance/u_id_ex_rs1_data_ex_reg[6]/D
Slack      : -115 ps
Slack      : -0.115 ns

--------------------------------------------------------------
Path       : 858
Startpoint : basic_isa_instance/u_ex_mem_inst_mem_o_reg[9]/CP
Endpoint   : basic_isa_instance/u_id_ex_mem_write_ex_reg/D
Slack      : -114 ps
Slack      : -0.114 ns

--------------------------------------------------------------
Path       : 859
Startpoint : basic_isa_instance/u_ex_mem_inst_mem_o_reg[9]/CP
Endpoint   : basic_isa_instance/u_id_ex_pc_ex_reg[1]/D
Slack      : -114 ps
Slack      : -0.114 ns

--------------------------------------------------------------
Path       : 860
Startpoint : csr_top_instance_csr_register_file_inst_satp_csr_inst_satp_r_reg[30]/CP
Endpoint   : axi2apb_instance/write_fifo_fifo_reg[3][6]/D
Slack      : -112 ps
Slack      : -0.112 ns

--------------------------------------------------------------
Path       : 861
Startpoint : csr_top_instance_csr_register_file_inst_satp_csr_inst_satp_r_reg[30]/CP
Endpoint   : axi2apb_instance/write_fifo_fifo_reg[0][6]/D
Slack      : -112 ps
Slack      : -0.112 ns

--------------------------------------------------------------
Path       : 862
Startpoint : basic_isa_instance/u_ex_mem_inst_mem_o_reg[9]/CP
Endpoint   : basic_isa_instance/u_id_ex_inst_ex_o_reg[8]/D
Slack      : -112 ps
Slack      : -0.112 ns

--------------------------------------------------------------
Path       : 863
Startpoint : basic_isa_instance/u_ex_mem_inst_mem_o_reg[9]/CP
Endpoint   : basic_isa_instance/u_id_ex_func3_ex_reg[2]/D
Slack      : -112 ps
Slack      : -0.112 ns

--------------------------------------------------------------
Path       : 864
Startpoint : basic_isa_instance/u_ex_mem_inst_mem_o_reg[9]/CP
Endpoint   : basic_isa_instance/u_id_ex_rs2_data_ex_reg[24]/D
Slack      : -112 ps
Slack      : -0.112 ns

--------------------------------------------------------------
Path       : 865
Startpoint : basic_isa_instance/u_ex_mem_inst_mem_o_reg[9]/CP
Endpoint   : basic_isa_instance/u_id_ex_mem_load_type_ex_reg[1]/D
Slack      : -111 ps
Slack      : -0.111 ns

--------------------------------------------------------------
Path       : 866
Startpoint : csr_top_instance_csr_register_file_inst_satp_csr_inst_satp_r_reg[30]/CP
Endpoint   : axi2apb_instance/write_fifo_fifo_reg[0][15]/D
Slack      : -111 ps
Slack      : -0.111 ns

--------------------------------------------------------------
Path       : 867
Startpoint : csr_top_instance_csr_register_file_inst_satp_csr_inst_satp_r_reg[30]/CP
Endpoint   : axi2apb_instance/write_fifo_fifo_reg[2][15]/D
Slack      : -111 ps
Slack      : -0.111 ns

--------------------------------------------------------------
Path       : 868
Startpoint : csr_top_instance_csr_register_file_inst_satp_csr_inst_satp_r_reg[30]/CP
Endpoint   : axi2apb_instance/write_fifo_fifo_reg[3][15]/D
Slack      : -111 ps
Slack      : -0.111 ns

--------------------------------------------------------------
Path       : 869
Startpoint : csr_top_instance_csr_register_file_inst_satp_csr_inst_satp_r_reg[30]/CP
Endpoint   : axi2apb_instance/write_fifo_fifo_reg[1][15]/D
Slack      : -111 ps
Slack      : -0.111 ns

--------------------------------------------------------------
Path       : 870
Startpoint : basic_isa_instance/u_ex_mem_inst_mem_o_reg[9]/CP
Endpoint   : basic_isa_instance/u_id_ex_inst_ex_o_reg[30]/D
Slack      : -109 ps
Slack      : -0.109 ns

--------------------------------------------------------------
Path       : 871
Startpoint : basic_isa_instance/u_ex_mem_alu_result_mem_reg[21]/CP
Endpoint   : axi2apb_instance/slave_rvalid_reg/SI
Slack      : -108 ps
Slack      : -0.108 ns

--------------------------------------------------------------
Path       : 872
Startpoint : basic_isa_instance/u_ex_mem_inst_mem_o_reg[9]/CP
Endpoint   : basic_isa_instance/u_id_ex_inst_ex_o_reg[27]/D
Slack      : -108 ps
Slack      : -0.108 ns

--------------------------------------------------------------
Path       : 873
Startpoint : basic_isa_instance/u_ex_mem_inst_mem_o_reg[9]/CP
Endpoint   : basic_isa_instance/u_id_ex_inst_ex_o_reg[28]/D
Slack      : -108 ps
Slack      : -0.108 ns

--------------------------------------------------------------
Path       : 874
Startpoint : csr_top_instance_csr_register_file_inst_satp_csr_inst_satp_r_reg[24]/CP
Endpoint   : axi2apb_instance/axi_trace_data_reg[5]/D
Slack      : -108 ps
Slack      : -0.108 ns

--------------------------------------------------------------
Path       : 875
Startpoint : basic_isa_instance/u_ex_mem_inst_mem_o_reg[9]/CP
Endpoint   : basic_isa_instance/u_id_ex_inst_ex_o_reg[1]/D
Slack      : -108 ps
Slack      : -0.108 ns

--------------------------------------------------------------
Path       : 876
Startpoint : basic_isa_instance/u_ex_mem_inst_mem_o_reg[9]/CP
Endpoint   : basic_isa_instance/u_id_ex_rs1_data_ex_reg[16]/D
Slack      : -108 ps
Slack      : -0.108 ns

--------------------------------------------------------------
Path       : 877
Startpoint : basic_isa_instance/u_ex_mem_inst_mem_o_reg[9]/CP
Endpoint   : basic_isa_instance/u_id_ex_inst_ex_o_reg[26]/D
Slack      : -108 ps
Slack      : -0.108 ns

--------------------------------------------------------------
Path       : 878
Startpoint : basic_isa_instance/u_halt_fsm_state_reg[0]/CP
Endpoint   : ip_debug_trace_instance_u_trace_cdc_u_mmu_fifo/wr_ptr_gray_reg[1]/D
Slack      : -106 ps
Slack      : -0.106 ns

--------------------------------------------------------------
Path       : 879
Startpoint : csr_top_instance_csr_register_file_inst_satp_csr_inst_satp_r_reg[30]/CP
Endpoint   : axi2apb_instance/write_fifo_fifo_reg[3][10]/D
Slack      : -104 ps
Slack      : -0.104 ns

--------------------------------------------------------------
Path       : 880
Startpoint : csr_top_instance_csr_register_file_inst_satp_csr_inst_satp_r_reg[30]/CP
Endpoint   : axi2apb_instance/write_fifo_fifo_reg[2][10]/D
Slack      : -104 ps
Slack      : -0.104 ns

--------------------------------------------------------------
Path       : 881
Startpoint : csr_top_instance_csr_register_file_inst_satp_csr_inst_satp_r_reg[30]/CP
Endpoint   : axi2apb_instance/write_fifo_fifo_reg[1][10]/D
Slack      : -104 ps
Slack      : -0.104 ns

--------------------------------------------------------------
Path       : 882
Startpoint : basic_isa_instance/u_ex_mem_inst_mem_o_reg[9]/CP
Endpoint   : basic_isa_instance/u_id_ex_inst_ex_o_reg[29]/D
Slack      : -104 ps
Slack      : -0.104 ns

--------------------------------------------------------------
Path       : 883
Startpoint : basic_isa_instance/u_halt_fsm_state_reg[2]/CP
Endpoint   : reg_physical_address_inst_mem_reg[14]/D
Slack      : -103 ps
Slack      : -0.103 ns

--------------------------------------------------------------
Path       : 884
Startpoint : csr_top_instance_csr_register_file_inst_satp_csr_inst_satp_r_reg[24]/CP
Endpoint   : axi2apb_instance/axi_trace_data_reg[28]/D
Slack      : -103 ps
Slack      : -0.103 ns

--------------------------------------------------------------
Path       : 885
Startpoint : basic_isa_instance/u_ex_mem_inst_mem_o_reg[9]/CP
Endpoint   : basic_isa_instance/u_if_id_instr_id_reg[4]/D
Slack      : -101 ps
Slack      : -0.101 ns

--------------------------------------------------------------
Path       : 886
Startpoint : csr_top_instance_csr_register_file_inst_satp_csr_inst_satp_r_reg[30]/CP
Endpoint   : basic_isa_instance/u_mem_wb_load_data_out_reg[14]/D
Slack      : -99 ps
Slack      : -0.099 ns

--------------------------------------------------------------
Path       : 887
Startpoint : csr_top_instance_csr_register_file_inst_satp_csr_inst_satp_r_reg[30]/CP
Endpoint   : basic_isa_instance/u_mem_wb_load_data_out_reg[11]/D
Slack      : -99 ps
Slack      : -0.099 ns

--------------------------------------------------------------
Path       : 888
Startpoint : csr_top_instance_csr_register_file_inst_satp_csr_inst_satp_r_reg[30]/CP
Endpoint   : basic_isa_instance/u_mem_wb_load_data_out_reg[15]/D
Slack      : -99 ps
Slack      : -0.099 ns

--------------------------------------------------------------
Path       : 889
Startpoint : csr_top_instance_csr_register_file_inst_satp_csr_inst_satp_r_reg[30]/CP
Endpoint   : basic_isa_instance/u_mem_wb_load_data_out_reg[13]/D
Slack      : -99 ps
Slack      : -0.099 ns

--------------------------------------------------------------
Path       : 890
Startpoint : csr_top_instance_csr_register_file_inst_satp_csr_inst_satp_r_reg[30]/CP
Endpoint   : basic_isa_instance/u_mem_wb_load_data_out_reg[12]/D
Slack      : -99 ps
Slack      : -0.099 ns

--------------------------------------------------------------
Path       : 891
Startpoint : csr_top_instance_csr_register_file_inst_satp_csr_inst_satp_r_reg[30]/CP
Endpoint   : basic_isa_instance/u_mem_wb_load_data_out_reg[10]/D
Slack      : -99 ps
Slack      : -0.099 ns

--------------------------------------------------------------
Path       : 892
Startpoint : csr_top_instance_csr_register_file_inst_satp_csr_inst_satp_r_reg[30]/CP
Endpoint   : basic_isa_instance/u_mem_wb_load_data_out_reg[9]/D
Slack      : -99 ps
Slack      : -0.099 ns

--------------------------------------------------------------
Path       : 893
Startpoint : csr_top_instance_csr_register_file_inst_satp_csr_inst_satp_r_reg[30]/CP
Endpoint   : basic_isa_instance/u_mem_wb_load_data_out_reg[8]/D
Slack      : -99 ps
Slack      : -0.099 ns

--------------------------------------------------------------
Path       : 894
Startpoint : basic_isa_instance/u_ex_mem_inst_mem_o_reg[9]/CP
Endpoint   : basic_isa_instance/u_id_ex_inst_ex_o_reg[25]/D
Slack      : -99 ps
Slack      : -0.099 ns

--------------------------------------------------------------
Path       : 895
Startpoint : basic_isa_instance/u_ex_mem_inst_mem_o_reg[9]/CP
Endpoint   : basic_isa_instance/u_id_ex_rs1_data_ex_reg[10]/D
Slack      : -98 ps
Slack      : -0.098 ns

--------------------------------------------------------------
Path       : 896
Startpoint : basic_isa_instance/u_ex_mem_inst_mem_o_reg[9]/CP
Endpoint   : basic_isa_instance/u_id_ex_inst_ex_o_reg[7]/D
Slack      : -98 ps
Slack      : -0.098 ns

--------------------------------------------------------------
Path       : 897
Startpoint : csr_top_instance_csr_register_file_inst_satp_csr_inst_satp_r_reg[30]/CP
Endpoint   : axi2apb_instance/write_fifo_fifo_reg[0][10]/D
Slack      : -96 ps
Slack      : -0.096 ns

--------------------------------------------------------------
Path       : 898
Startpoint : basic_isa_instance/u_ex_mem_inst_mem_o_reg[9]/CP
Endpoint   : basic_isa_instance/u_id_ex_memtoreg_ex_reg/D
Slack      : -96 ps
Slack      : -0.096 ns

--------------------------------------------------------------
Path       : 899
Startpoint : basic_isa_instance/u_ex_mem_inst_mem_o_reg[9]/CP
Endpoint   : basic_isa_instance/u_id_ex_inst_ex_o_reg[10]/D
Slack      : -96 ps
Slack      : -0.096 ns

--------------------------------------------------------------
Path       : 900
Startpoint : basic_isa_instance/u_ex_mem_inst_mem_o_reg[9]/CP
Endpoint   : basic_isa_instance/u_id_ex_inst_valid_ex_o_reg/D
Slack      : -96 ps
Slack      : -0.096 ns

--------------------------------------------------------------
Path       : 901
Startpoint : basic_isa_instance/u_halt_fsm_state_reg[0]/CP
Endpoint   : reg_physical_address_inst_mem_reg[13]/D
Slack      : -93 ps
Slack      : -0.093 ns

--------------------------------------------------------------
Path       : 902
Startpoint : csr_top_instance_csr_register_file_inst_satp_csr_inst_satp_r_reg[30]/CP
Endpoint   : axi2apb_instance/write_fifo_fifo_reg[1][6]/D
Slack      : -93 ps
Slack      : -0.093 ns

--------------------------------------------------------------
Path       : 903
Startpoint : csr_top_instance_csr_register_file_inst_satp_csr_inst_satp_r_reg[30]/CP
Endpoint   : axi2apb_instance/write_fifo_fifo_reg[2][6]/D
Slack      : -93 ps
Slack      : -0.093 ns

--------------------------------------------------------------
Path       : 904
Startpoint : basic_isa_instance/u_halt_fsm_state_reg[2]/CP
Endpoint   : ip_debug_trace_instance_u_trace_cdc_u_mmu_fifo/wr_ptr_bin_reg[4]/D
Slack      : -93 ps
Slack      : -0.093 ns

--------------------------------------------------------------
Path       : 905
Startpoint : csr_top_instance_csr_register_file_inst_satp_csr_inst_satp_r_reg[30]/CP
Endpoint   : axi2apb_instance/write_fifo_fifo_reg[3][2]/D
Slack      : -93 ps
Slack      : -0.093 ns

--------------------------------------------------------------
Path       : 906
Startpoint : csr_top_instance_csr_register_file_inst_satp_csr_inst_satp_r_reg[30]/CP
Endpoint   : axi2apb_instance/write_fifo_fifo_reg[2][2]/D
Slack      : -93 ps
Slack      : -0.093 ns

--------------------------------------------------------------
Path       : 907
Startpoint : csr_top_instance_csr_register_file_inst_satp_csr_inst_satp_r_reg[30]/CP
Endpoint   : axi2apb_instance/write_fifo_fifo_reg[1][2]/D
Slack      : -93 ps
Slack      : -0.093 ns

--------------------------------------------------------------
Path       : 908
Startpoint : csr_top_instance_csr_register_file_inst_satp_csr_inst_satp_r_reg[30]/CP
Endpoint   : axi2apb_instance/write_fifo_fifo_reg[0][2]/D
Slack      : -93 ps
Slack      : -0.093 ns

--------------------------------------------------------------
Path       : 909
Startpoint : basic_isa_instance/u_ex_mem_inst_mem_o_reg[9]/CP
Endpoint   : basic_isa_instance/u_id_ex_ex_alu_src_ex_reg/D
Slack      : -89 ps
Slack      : -0.089 ns

--------------------------------------------------------------
Path       : 910
Startpoint : basic_isa_instance/u_ex_mem_inst_mem_o_reg[9]/CP
Endpoint   : basic_isa_instance/u_if_id_instr_id_reg[12]/D
Slack      : -87 ps
Slack      : -0.087 ns

--------------------------------------------------------------
Path       : 911
Startpoint : basic_isa_instance/u_ex_mem_inst_mem_o_reg[9]/CP
Endpoint   : basic_isa_instance/u_if_id_instr_id_reg[13]/D
Slack      : -87 ps
Slack      : -0.087 ns

--------------------------------------------------------------
Path       : 912
Startpoint : basic_isa_instance/u_ex_mem_inst_mem_o_reg[9]/CP
Endpoint   : basic_isa_instance/u_if_id_instr_id_reg[27]/D
Slack      : -87 ps
Slack      : -0.087 ns

--------------------------------------------------------------
Path       : 913
Startpoint : basic_isa_instance/u_ex_mem_inst_mem_o_reg[9]/CP
Endpoint   : basic_isa_instance/u_if_id_instr_id_reg[21]/D
Slack      : -87 ps
Slack      : -0.087 ns

--------------------------------------------------------------
Path       : 914
Startpoint : basic_isa_instance/u_ex_mem_inst_mem_o_reg[9]/CP
Endpoint   : basic_isa_instance/u_if_id_instr_id_reg[17]/D
Slack      : -87 ps
Slack      : -0.087 ns

--------------------------------------------------------------
Path       : 915
Startpoint : basic_isa_instance/u_ex_mem_inst_mem_o_reg[9]/CP
Endpoint   : basic_isa_instance/u_if_id_instr_id_reg[14]/D
Slack      : -87 ps
Slack      : -0.087 ns

--------------------------------------------------------------
Path       : 916
Startpoint : basic_isa_instance/u_ex_mem_inst_mem_o_reg[9]/CP
Endpoint   : basic_isa_instance/u_if_id_instr_id_reg[30]/D
Slack      : -87 ps
Slack      : -0.087 ns

--------------------------------------------------------------
Path       : 917
Startpoint : basic_isa_instance/u_ex_mem_inst_mem_o_reg[9]/CP
Endpoint   : basic_isa_instance/u_if_id_instr_id_reg[19]/D
Slack      : -87 ps
Slack      : -0.087 ns

--------------------------------------------------------------
Path       : 918
Startpoint : basic_isa_instance/u_ex_mem_inst_mem_o_reg[9]/CP
Endpoint   : basic_isa_instance/u_if_id_instr_id_reg[16]/D
Slack      : -87 ps
Slack      : -0.087 ns

--------------------------------------------------------------
Path       : 919
Startpoint : basic_isa_instance/u_ex_mem_inst_mem_o_reg[9]/CP
Endpoint   : basic_isa_instance/u_if_id_instr_id_reg[1]/D
Slack      : -87 ps
Slack      : -0.087 ns

--------------------------------------------------------------
Path       : 920
Startpoint : basic_isa_instance/u_ex_mem_inst_mem_o_reg[9]/CP
Endpoint   : basic_isa_instance/u_if_id_instr_id_reg[29]/D
Slack      : -87 ps
Slack      : -0.087 ns

--------------------------------------------------------------
Path       : 921
Startpoint : basic_isa_instance/u_ex_mem_alu_result_mem_reg[31]/CP
Endpoint   : axi2apb_instance/slave_ar_burst_ctrl_reg/SI
Slack      : -86 ps
Slack      : -0.086 ns

--------------------------------------------------------------
Path       : 922
Startpoint : basic_isa_instance/u_ex_mem_inst_mem_o_reg[9]/CP
Endpoint   : basic_isa_instance/u_if_id_instr_id_reg[11]/D
Slack      : -84 ps
Slack      : -0.084 ns

--------------------------------------------------------------
Path       : 923
Startpoint : basic_isa_instance/u_ex_mem_inst_mem_o_reg[9]/CP
Endpoint   : basic_isa_instance/u_if_id_instr_id_reg[10]/D
Slack      : -84 ps
Slack      : -0.084 ns

--------------------------------------------------------------
Path       : 924
Startpoint : basic_isa_instance/u_ex_mem_inst_mem_o_reg[9]/CP
Endpoint   : basic_isa_instance/u_if_id_instr_id_reg[8]/D
Slack      : -84 ps
Slack      : -0.084 ns

--------------------------------------------------------------
Path       : 925
Startpoint : basic_isa_instance/u_ex_mem_inst_mem_o_reg[9]/CP
Endpoint   : basic_isa_instance/u_if_id_instr_id_reg[7]/D
Slack      : -84 ps
Slack      : -0.084 ns

--------------------------------------------------------------
Path       : 926
Startpoint : basic_isa_instance/u_ex_mem_inst_mem_o_reg[9]/CP
Endpoint   : basic_isa_instance/u_if_id_instr_id_reg[9]/D
Slack      : -84 ps
Slack      : -0.084 ns

--------------------------------------------------------------
Path       : 927
Startpoint : csr_top_instance_csr_register_file_inst_satp_csr_inst_satp_r_reg[30]/CP
Endpoint   : axi2apb_instance/write_fifo_fifo_reg[2][0]/D
Slack      : -82 ps
Slack      : -0.082 ns

--------------------------------------------------------------
Path       : 928
Startpoint : csr_top_instance_csr_register_file_inst_satp_csr_inst_satp_r_reg[30]/CP
Endpoint   : axi2apb_instance/write_fifo_fifo_reg[1][0]/D
Slack      : -82 ps
Slack      : -0.082 ns

--------------------------------------------------------------
Path       : 929
Startpoint : basic_isa_instance/u_ex_mem_inst_mem_o_reg[9]/CP
Endpoint   : basic_isa_instance/u_if_id_instr_id_reg[3]/D
Slack      : -80 ps
Slack      : -0.080 ns

--------------------------------------------------------------
Path       : 930
Startpoint : basic_isa_instance/u_ex_mem_inst_mem_o_reg[9]/CP
Endpoint   : basic_isa_instance/u_if_id_instr_id_reg[0]/D
Slack      : -80 ps
Slack      : -0.080 ns

--------------------------------------------------------------
Path       : 931
Startpoint : csr_top_instance_csr_register_file_inst_satp_csr_inst_satp_r_reg[30]/CP
Endpoint   : axi2apb_instance/write_fifo_fifo_reg[3][12]/D
Slack      : -80 ps
Slack      : -0.080 ns

--------------------------------------------------------------
Path       : 932
Startpoint : csr_top_instance_csr_register_file_inst_satp_csr_inst_satp_r_reg[30]/CP
Endpoint   : axi2apb_instance/write_fifo_fifo_reg[2][12]/D
Slack      : -80 ps
Slack      : -0.080 ns

--------------------------------------------------------------
Path       : 933
Startpoint : csr_top_instance_csr_register_file_inst_satp_csr_inst_satp_r_reg[30]/CP
Endpoint   : axi2apb_instance/write_fifo_fifo_reg[1][12]/D
Slack      : -80 ps
Slack      : -0.080 ns

--------------------------------------------------------------
Path       : 934
Startpoint : csr_top_instance_csr_register_file_inst_satp_csr_inst_satp_r_reg[30]/CP
Endpoint   : axi2apb_instance/write_fifo_fifo_reg[0][12]/D
Slack      : -80 ps
Slack      : -0.080 ns

--------------------------------------------------------------
Path       : 935
Startpoint : basic_isa_instance/u_halt_fsm_state_reg[2]/CP
Endpoint   : interrupt_controller_instance/soc_top_inst_interrupt_recieve_inst_interrupt_pending_o_reg[9]/D
Slack      : -78 ps
Slack      : -0.078 ns

--------------------------------------------------------------
Path       : 936
Startpoint : basic_isa_instance/u_ex_mem_inst_mem_o_reg[9]/CP
Endpoint   : basic_isa_instance/u_if_id_pc_id_reg[6]/D
Slack      : -77 ps
Slack      : -0.077 ns

--------------------------------------------------------------
Path       : 937
Startpoint : basic_isa_instance/u_ex_mem_inst_mem_o_reg[9]/CP
Endpoint   : basic_isa_instance/u_if_id_pc_id_reg[5]/D
Slack      : -77 ps
Slack      : -0.077 ns

--------------------------------------------------------------
Path       : 938
Startpoint : basic_isa_instance/u_ex_mem_inst_mem_o_reg[9]/CP
Endpoint   : basic_isa_instance/u_if_id_pc_id_reg[28]/D
Slack      : -77 ps
Slack      : -0.077 ns

--------------------------------------------------------------
Path       : 939
Startpoint : basic_isa_instance/u_ex_mem_inst_mem_o_reg[9]/CP
Endpoint   : basic_isa_instance/u_if_id_pc_id_reg[26]/D
Slack      : -77 ps
Slack      : -0.077 ns

--------------------------------------------------------------
Path       : 940
Startpoint : basic_isa_instance/u_ex_mem_inst_mem_o_reg[9]/CP
Endpoint   : basic_isa_instance/u_if_id_pc_id_reg[22]/D
Slack      : -77 ps
Slack      : -0.077 ns

--------------------------------------------------------------
Path       : 941
Startpoint : basic_isa_instance/u_ex_mem_inst_mem_o_reg[9]/CP
Endpoint   : basic_isa_instance/u_if_id_pc_id_reg[18]/D
Slack      : -77 ps
Slack      : -0.077 ns

--------------------------------------------------------------
Path       : 942
Startpoint : basic_isa_instance/u_ex_mem_inst_mem_o_reg[9]/CP
Endpoint   : basic_isa_instance/u_if_id_pc_id_reg[17]/D
Slack      : -77 ps
Slack      : -0.077 ns

--------------------------------------------------------------
Path       : 943
Startpoint : basic_isa_instance/u_ex_mem_inst_mem_o_reg[9]/CP
Endpoint   : basic_isa_instance/u_if_id_pc_id_reg[16]/D
Slack      : -77 ps
Slack      : -0.077 ns

--------------------------------------------------------------
Path       : 944
Startpoint : basic_isa_instance/u_ex_mem_inst_mem_o_reg[9]/CP
Endpoint   : basic_isa_instance/u_if_id_pc_id_reg[11]/D
Slack      : -77 ps
Slack      : -0.077 ns

--------------------------------------------------------------
Path       : 945
Startpoint : basic_isa_instance/u_ex_mem_inst_mem_o_reg[9]/CP
Endpoint   : basic_isa_instance/u_if_id_pc_id_reg[10]/D
Slack      : -77 ps
Slack      : -0.077 ns

--------------------------------------------------------------
Path       : 946
Startpoint : basic_isa_instance/u_ex_mem_inst_mem_o_reg[9]/CP
Endpoint   : basic_isa_instance/u_if_id_pc_id_reg[9]/D
Slack      : -77 ps
Slack      : -0.077 ns

--------------------------------------------------------------
Path       : 947
Startpoint : basic_isa_instance/u_ex_mem_inst_mem_o_reg[9]/CP
Endpoint   : basic_isa_instance/u_if_id_pc_id_reg[8]/D
Slack      : -77 ps
Slack      : -0.077 ns

--------------------------------------------------------------
Path       : 948
Startpoint : basic_isa_instance/u_ex_mem_inst_mem_o_reg[9]/CP
Endpoint   : basic_isa_instance/u_if_id_pc_id_reg[7]/D
Slack      : -77 ps
Slack      : -0.077 ns

--------------------------------------------------------------
Path       : 949
Startpoint : basic_isa_instance/u_ex_mem_inst_mem_o_reg[9]/CP
Endpoint   : basic_isa_instance/u_if_id_pc_id_reg[4]/D
Slack      : -77 ps
Slack      : -0.077 ns

--------------------------------------------------------------
Path       : 950
Startpoint : basic_isa_instance/u_ex_mem_inst_mem_o_reg[9]/CP
Endpoint   : basic_isa_instance/u_if_id_pc_id_reg[31]/D
Slack      : -77 ps
Slack      : -0.077 ns

--------------------------------------------------------------
Path       : 951
Startpoint : basic_isa_instance/u_ex_mem_inst_mem_o_reg[9]/CP
Endpoint   : basic_isa_instance/u_if_id_pc_id_reg[30]/D
Slack      : -77 ps
Slack      : -0.077 ns

--------------------------------------------------------------
Path       : 952
Startpoint : basic_isa_instance/u_ex_mem_inst_mem_o_reg[9]/CP
Endpoint   : basic_isa_instance/u_if_id_pc_id_reg[29]/D
Slack      : -77 ps
Slack      : -0.077 ns

--------------------------------------------------------------
Path       : 953
Startpoint : basic_isa_instance/u_ex_mem_inst_mem_o_reg[9]/CP
Endpoint   : basic_isa_instance/u_if_id_pc_id_reg[27]/D
Slack      : -77 ps
Slack      : -0.077 ns

--------------------------------------------------------------
Path       : 954
Startpoint : basic_isa_instance/u_ex_mem_inst_mem_o_reg[9]/CP
Endpoint   : basic_isa_instance/u_if_id_pc_id_reg[25]/D
Slack      : -77 ps
Slack      : -0.077 ns

--------------------------------------------------------------
Path       : 955
Startpoint : basic_isa_instance/u_ex_mem_inst_mem_o_reg[9]/CP
Endpoint   : basic_isa_instance/u_if_id_pc_id_reg[24]/D
Slack      : -77 ps
Slack      : -0.077 ns

--------------------------------------------------------------
Path       : 956
Startpoint : basic_isa_instance/u_ex_mem_inst_mem_o_reg[9]/CP
Endpoint   : basic_isa_instance/u_if_id_pc_id_reg[23]/D
Slack      : -77 ps
Slack      : -0.077 ns

--------------------------------------------------------------
Path       : 957
Startpoint : basic_isa_instance/u_ex_mem_inst_mem_o_reg[9]/CP
Endpoint   : basic_isa_instance/u_if_id_pc_id_reg[21]/D
Slack      : -77 ps
Slack      : -0.077 ns

--------------------------------------------------------------
Path       : 958
Startpoint : basic_isa_instance/u_ex_mem_inst_mem_o_reg[9]/CP
Endpoint   : basic_isa_instance/u_if_id_pc_id_reg[20]/D
Slack      : -77 ps
Slack      : -0.077 ns

--------------------------------------------------------------
Path       : 959
Startpoint : basic_isa_instance/u_ex_mem_inst_mem_o_reg[9]/CP
Endpoint   : basic_isa_instance/u_if_id_pc_id_reg[19]/D
Slack      : -77 ps
Slack      : -0.077 ns

--------------------------------------------------------------
Path       : 960
Startpoint : basic_isa_instance/u_ex_mem_inst_mem_o_reg[9]/CP
Endpoint   : basic_isa_instance/u_if_id_pc_id_reg[15]/D
Slack      : -77 ps
Slack      : -0.077 ns

--------------------------------------------------------------
Path       : 961
Startpoint : basic_isa_instance/u_ex_mem_inst_mem_o_reg[9]/CP
Endpoint   : basic_isa_instance/u_if_id_pc_id_reg[14]/D
Slack      : -77 ps
Slack      : -0.077 ns

--------------------------------------------------------------
Path       : 962
Startpoint : basic_isa_instance/u_ex_mem_inst_mem_o_reg[9]/CP
Endpoint   : basic_isa_instance/u_if_id_pc_id_reg[13]/D
Slack      : -77 ps
Slack      : -0.077 ns

--------------------------------------------------------------
Path       : 963
Startpoint : basic_isa_instance/u_ex_mem_inst_mem_o_reg[9]/CP
Endpoint   : basic_isa_instance/u_if_id_pc_id_reg[12]/D
Slack      : -77 ps
Slack      : -0.077 ns

--------------------------------------------------------------
Path       : 964
Startpoint : csr_top_instance_csr_register_file_inst_satp_csr_inst_satp_r_reg[30]/CP
Endpoint   : axi2apb_instance/write_fifo_fifo_reg[3][23]/D
Slack      : -75 ps
Slack      : -0.075 ns

--------------------------------------------------------------
Path       : 965
Startpoint : csr_top_instance_csr_register_file_inst_satp_csr_inst_satp_r_reg[30]/CP
Endpoint   : axi2apb_instance/write_fifo_fifo_reg[3][22]/D
Slack      : -75 ps
Slack      : -0.075 ns

--------------------------------------------------------------
Path       : 966
Startpoint : csr_top_instance_csr_register_file_inst_satp_csr_inst_satp_r_reg[30]/CP
Endpoint   : axi2apb_instance/write_fifo_fifo_reg[3][21]/D
Slack      : -75 ps
Slack      : -0.075 ns

--------------------------------------------------------------
Path       : 967
Startpoint : csr_top_instance_csr_register_file_inst_satp_csr_inst_satp_r_reg[30]/CP
Endpoint   : axi2apb_instance/write_fifo_fifo_reg[3][20]/D
Slack      : -75 ps
Slack      : -0.075 ns

--------------------------------------------------------------
Path       : 968
Startpoint : csr_top_instance_csr_register_file_inst_satp_csr_inst_satp_r_reg[30]/CP
Endpoint   : axi2apb_instance/write_fifo_fifo_reg[3][19]/D
Slack      : -75 ps
Slack      : -0.075 ns

--------------------------------------------------------------
Path       : 969
Startpoint : csr_top_instance_csr_register_file_inst_satp_csr_inst_satp_r_reg[30]/CP
Endpoint   : axi2apb_instance/write_fifo_fifo_reg[3][18]/D
Slack      : -75 ps
Slack      : -0.075 ns

--------------------------------------------------------------
Path       : 970
Startpoint : csr_top_instance_csr_register_file_inst_satp_csr_inst_satp_r_reg[30]/CP
Endpoint   : axi2apb_instance/write_fifo_fifo_reg[3][17]/D
Slack      : -75 ps
Slack      : -0.075 ns

--------------------------------------------------------------
Path       : 971
Startpoint : csr_top_instance_csr_register_file_inst_satp_csr_inst_satp_r_reg[30]/CP
Endpoint   : axi2apb_instance/write_fifo_fifo_reg[3][16]/D
Slack      : -75 ps
Slack      : -0.075 ns

--------------------------------------------------------------
Path       : 972
Startpoint : csr_top_instance_csr_register_file_inst_satp_csr_inst_satp_r_reg[30]/CP
Endpoint   : axi2apb_instance/write_fifo_fifo_reg[2][23]/D
Slack      : -75 ps
Slack      : -0.075 ns

--------------------------------------------------------------
Path       : 973
Startpoint : csr_top_instance_csr_register_file_inst_satp_csr_inst_satp_r_reg[30]/CP
Endpoint   : axi2apb_instance/write_fifo_fifo_reg[2][22]/D
Slack      : -75 ps
Slack      : -0.075 ns

--------------------------------------------------------------
Path       : 974
Startpoint : csr_top_instance_csr_register_file_inst_satp_csr_inst_satp_r_reg[30]/CP
Endpoint   : axi2apb_instance/write_fifo_fifo_reg[2][21]/D
Slack      : -75 ps
Slack      : -0.075 ns

--------------------------------------------------------------
Path       : 975
Startpoint : csr_top_instance_csr_register_file_inst_satp_csr_inst_satp_r_reg[30]/CP
Endpoint   : axi2apb_instance/write_fifo_fifo_reg[2][20]/D
Slack      : -75 ps
Slack      : -0.075 ns

--------------------------------------------------------------
Path       : 976
Startpoint : csr_top_instance_csr_register_file_inst_satp_csr_inst_satp_r_reg[30]/CP
Endpoint   : axi2apb_instance/write_fifo_fifo_reg[2][19]/D
Slack      : -75 ps
Slack      : -0.075 ns

--------------------------------------------------------------
Path       : 977
Startpoint : csr_top_instance_csr_register_file_inst_satp_csr_inst_satp_r_reg[30]/CP
Endpoint   : axi2apb_instance/write_fifo_fifo_reg[2][18]/D
Slack      : -75 ps
Slack      : -0.075 ns

--------------------------------------------------------------
Path       : 978
Startpoint : csr_top_instance_csr_register_file_inst_satp_csr_inst_satp_r_reg[30]/CP
Endpoint   : axi2apb_instance/write_fifo_fifo_reg[2][17]/D
Slack      : -75 ps
Slack      : -0.075 ns

--------------------------------------------------------------
Path       : 979
Startpoint : csr_top_instance_csr_register_file_inst_satp_csr_inst_satp_r_reg[30]/CP
Endpoint   : axi2apb_instance/write_fifo_fifo_reg[2][16]/D
Slack      : -75 ps
Slack      : -0.075 ns

--------------------------------------------------------------
Path       : 980
Startpoint : csr_top_instance_csr_register_file_inst_satp_csr_inst_satp_r_reg[30]/CP
Endpoint   : axi2apb_instance/write_fifo_fifo_reg[1][23]/D
Slack      : -75 ps
Slack      : -0.075 ns

--------------------------------------------------------------
Path       : 981
Startpoint : csr_top_instance_csr_register_file_inst_satp_csr_inst_satp_r_reg[30]/CP
Endpoint   : axi2apb_instance/write_fifo_fifo_reg[1][22]/D
Slack      : -75 ps
Slack      : -0.075 ns

--------------------------------------------------------------
Path       : 982
Startpoint : csr_top_instance_csr_register_file_inst_satp_csr_inst_satp_r_reg[30]/CP
Endpoint   : axi2apb_instance/write_fifo_fifo_reg[1][21]/D
Slack      : -75 ps
Slack      : -0.075 ns

--------------------------------------------------------------
Path       : 983
Startpoint : csr_top_instance_csr_register_file_inst_satp_csr_inst_satp_r_reg[30]/CP
Endpoint   : axi2apb_instance/write_fifo_fifo_reg[1][20]/D
Slack      : -75 ps
Slack      : -0.075 ns

--------------------------------------------------------------
Path       : 984
Startpoint : csr_top_instance_csr_register_file_inst_satp_csr_inst_satp_r_reg[30]/CP
Endpoint   : axi2apb_instance/write_fifo_fifo_reg[1][19]/D
Slack      : -75 ps
Slack      : -0.075 ns

--------------------------------------------------------------
Path       : 985
Startpoint : csr_top_instance_csr_register_file_inst_satp_csr_inst_satp_r_reg[30]/CP
Endpoint   : axi2apb_instance/write_fifo_fifo_reg[1][18]/D
Slack      : -75 ps
Slack      : -0.075 ns

--------------------------------------------------------------
Path       : 986
Startpoint : csr_top_instance_csr_register_file_inst_satp_csr_inst_satp_r_reg[30]/CP
Endpoint   : axi2apb_instance/write_fifo_fifo_reg[1][17]/D
Slack      : -75 ps
Slack      : -0.075 ns

--------------------------------------------------------------
Path       : 987
Startpoint : csr_top_instance_csr_register_file_inst_satp_csr_inst_satp_r_reg[30]/CP
Endpoint   : axi2apb_instance/write_fifo_fifo_reg[1][16]/D
Slack      : -75 ps
Slack      : -0.075 ns

--------------------------------------------------------------
Path       : 988
Startpoint : csr_top_instance_csr_register_file_inst_satp_csr_inst_satp_r_reg[30]/CP
Endpoint   : axi2apb_instance/write_fifo_fifo_reg[0][23]/D
Slack      : -75 ps
Slack      : -0.075 ns

--------------------------------------------------------------
Path       : 989
Startpoint : csr_top_instance_csr_register_file_inst_satp_csr_inst_satp_r_reg[30]/CP
Endpoint   : axi2apb_instance/write_fifo_fifo_reg[0][22]/D
Slack      : -75 ps
Slack      : -0.075 ns

--------------------------------------------------------------
Path       : 990
Startpoint : csr_top_instance_csr_register_file_inst_satp_csr_inst_satp_r_reg[30]/CP
Endpoint   : axi2apb_instance/write_fifo_fifo_reg[0][21]/D
Slack      : -75 ps
Slack      : -0.075 ns

--------------------------------------------------------------
Path       : 991
Startpoint : csr_top_instance_csr_register_file_inst_satp_csr_inst_satp_r_reg[30]/CP
Endpoint   : axi2apb_instance/write_fifo_fifo_reg[0][20]/D
Slack      : -75 ps
Slack      : -0.075 ns

--------------------------------------------------------------
Path       : 992
Startpoint : csr_top_instance_csr_register_file_inst_satp_csr_inst_satp_r_reg[30]/CP
Endpoint   : axi2apb_instance/write_fifo_fifo_reg[0][19]/D
Slack      : -75 ps
Slack      : -0.075 ns

--------------------------------------------------------------
Path       : 993
Startpoint : csr_top_instance_csr_register_file_inst_satp_csr_inst_satp_r_reg[30]/CP
Endpoint   : axi2apb_instance/write_fifo_fifo_reg[0][18]/D
Slack      : -75 ps
Slack      : -0.075 ns

--------------------------------------------------------------
Path       : 994
Startpoint : csr_top_instance_csr_register_file_inst_satp_csr_inst_satp_r_reg[30]/CP
Endpoint   : axi2apb_instance/write_fifo_fifo_reg[0][17]/D
Slack      : -75 ps
Slack      : -0.075 ns

--------------------------------------------------------------
Path       : 995
Startpoint : csr_top_instance_csr_register_file_inst_satp_csr_inst_satp_r_reg[30]/CP
Endpoint   : axi2apb_instance/write_fifo_fifo_reg[0][16]/D
Slack      : -75 ps
Slack      : -0.075 ns

--------------------------------------------------------------
Path       : 996
Startpoint : csr_top_instance_csr_register_file_inst_satp_csr_inst_satp_r_reg[30]/CP
Endpoint   : axi2apb_instance/write_fifo_fifo_reg[3][0]/D
Slack      : -74 ps
Slack      : -0.074 ns

--------------------------------------------------------------
Path       : 997
Startpoint : csr_top_instance_csr_register_file_inst_satp_csr_inst_satp_r_reg[30]/CP
Endpoint   : axi2apb_instance/write_fifo_fifo_reg[0][0]/D
Slack      : -74 ps
Slack      : -0.074 ns

--------------------------------------------------------------
Path       : 998
Startpoint : csr_top_instance_csr_register_file_inst_satp_csr_inst_satp_r_reg[30]/CP
Endpoint   : axi2apb_instance/write_fifo_fifo_reg[3][27]/D
Slack      : -73 ps
Slack      : -0.073 ns

--------------------------------------------------------------
Path       : 999
Startpoint : csr_top_instance_csr_register_file_inst_satp_csr_inst_satp_r_reg[30]/CP
Endpoint   : axi2apb_instance/write_fifo_fifo_reg[3][26]/D
Slack      : -73 ps
Slack      : -0.073 ns

--------------------------------------------------------------
Path       : 1000
Startpoint : csr_top_instance_csr_register_file_inst_satp_csr_inst_satp_r_reg[30]/CP
Endpoint   : axi2apb_instance/write_fifo_fifo_reg[3][25]/D
Slack      : -73 ps
Slack      : -0.073 ns

--------------------------------------------------------------
Path       : 1001
Startpoint : csr_top_instance_csr_register_file_inst_satp_csr_inst_satp_r_reg[30]/CP
Endpoint   : axi2apb_instance/write_fifo_fifo_reg[2][27]/D
Slack      : -73 ps
Slack      : -0.073 ns

--------------------------------------------------------------
Path       : 1002
Startpoint : csr_top_instance_csr_register_file_inst_satp_csr_inst_satp_r_reg[30]/CP
Endpoint   : axi2apb_instance/write_fifo_fifo_reg[2][26]/D
Slack      : -73 ps
Slack      : -0.073 ns

--------------------------------------------------------------
Path       : 1003
Startpoint : csr_top_instance_csr_register_file_inst_satp_csr_inst_satp_r_reg[30]/CP
Endpoint   : axi2apb_instance/write_fifo_fifo_reg[2][25]/D
Slack      : -73 ps
Slack      : -0.073 ns

--------------------------------------------------------------
Path       : 1004
Startpoint : csr_top_instance_csr_register_file_inst_satp_csr_inst_satp_r_reg[30]/CP
Endpoint   : axi2apb_instance/write_fifo_fifo_reg[1][27]/D
Slack      : -73 ps
Slack      : -0.073 ns

--------------------------------------------------------------
Path       : 1005
Startpoint : csr_top_instance_csr_register_file_inst_satp_csr_inst_satp_r_reg[30]/CP
Endpoint   : axi2apb_instance/write_fifo_fifo_reg[1][26]/D
Slack      : -73 ps
Slack      : -0.073 ns

--------------------------------------------------------------
Path       : 1006
Startpoint : csr_top_instance_csr_register_file_inst_satp_csr_inst_satp_r_reg[30]/CP
Endpoint   : axi2apb_instance/write_fifo_fifo_reg[1][25]/D
Slack      : -73 ps
Slack      : -0.073 ns

--------------------------------------------------------------
Path       : 1007
Startpoint : csr_top_instance_csr_register_file_inst_satp_csr_inst_satp_r_reg[30]/CP
Endpoint   : axi2apb_instance/write_fifo_fifo_reg[0][27]/D
Slack      : -73 ps
Slack      : -0.073 ns

--------------------------------------------------------------
Path       : 1008
Startpoint : csr_top_instance_csr_register_file_inst_satp_csr_inst_satp_r_reg[30]/CP
Endpoint   : axi2apb_instance/write_fifo_fifo_reg[0][26]/D
Slack      : -73 ps
Slack      : -0.073 ns

--------------------------------------------------------------
Path       : 1009
Startpoint : csr_top_instance_csr_register_file_inst_satp_csr_inst_satp_r_reg[30]/CP
Endpoint   : axi2apb_instance/write_fifo_fifo_reg[0][25]/D
Slack      : -73 ps
Slack      : -0.073 ns

--------------------------------------------------------------
Path       : 1010
Startpoint : csr_top_instance_csr_register_file_inst_satp_csr_inst_satp_r_reg[30]/CP
Endpoint   : axi2apb_instance/write_fifo_fifo_reg[3][31]/D
Slack      : -73 ps
Slack      : -0.073 ns

--------------------------------------------------------------
Path       : 1011
Startpoint : csr_top_instance_csr_register_file_inst_satp_csr_inst_satp_r_reg[30]/CP
Endpoint   : axi2apb_instance/write_fifo_fifo_reg[3][30]/D
Slack      : -73 ps
Slack      : -0.073 ns

--------------------------------------------------------------
Path       : 1012
Startpoint : csr_top_instance_csr_register_file_inst_satp_csr_inst_satp_r_reg[30]/CP
Endpoint   : axi2apb_instance/write_fifo_fifo_reg[2][31]/D
Slack      : -73 ps
Slack      : -0.073 ns

--------------------------------------------------------------
Path       : 1013
Startpoint : csr_top_instance_csr_register_file_inst_satp_csr_inst_satp_r_reg[30]/CP
Endpoint   : axi2apb_instance/write_fifo_fifo_reg[2][30]/D
Slack      : -73 ps
Slack      : -0.073 ns

--------------------------------------------------------------
Path       : 1014
Startpoint : csr_top_instance_csr_register_file_inst_satp_csr_inst_satp_r_reg[30]/CP
Endpoint   : axi2apb_instance/write_fifo_fifo_reg[1][31]/D
Slack      : -73 ps
Slack      : -0.073 ns

--------------------------------------------------------------
Path       : 1015
Startpoint : csr_top_instance_csr_register_file_inst_satp_csr_inst_satp_r_reg[30]/CP
Endpoint   : axi2apb_instance/write_fifo_fifo_reg[1][30]/D
Slack      : -73 ps
Slack      : -0.073 ns

--------------------------------------------------------------
Path       : 1016
Startpoint : csr_top_instance_csr_register_file_inst_satp_csr_inst_satp_r_reg[30]/CP
Endpoint   : axi2apb_instance/write_fifo_fifo_reg[0][31]/D
Slack      : -73 ps
Slack      : -0.073 ns

--------------------------------------------------------------
Path       : 1017
Startpoint : csr_top_instance_csr_register_file_inst_satp_csr_inst_satp_r_reg[30]/CP
Endpoint   : axi2apb_instance/write_fifo_fifo_reg[0][30]/D
Slack      : -73 ps
Slack      : -0.073 ns

--------------------------------------------------------------
Path       : 1018
Startpoint : basic_isa_instance/u_ex_mem_alu_result_mem_reg[31]/CP
Endpoint   : basic_isa_instance/halt_marker_insert_r_reg/SE
Slack      : -70 ps
Slack      : -0.070 ns

--------------------------------------------------------------
Path       : 1019
Startpoint : basic_isa_instance/u_ex_mem_inst_mem_o_reg[9]/CP
Endpoint   : basic_isa_instance/u_id_ex_inst_ex_o_reg[3]/D
Slack      : -67 ps
Slack      : -0.067 ns

--------------------------------------------------------------
Path       : 1020
Startpoint : basic_isa_instance/u_ex_mem_inst_mem_o_reg[9]/CP
Endpoint   : basic_isa_instance/u_if_id_pc_id_reg[1]/D
Slack      : -66 ps
Slack      : -0.066 ns

--------------------------------------------------------------
Path       : 1021
Startpoint : basic_isa_instance/u_ex_mem_inst_mem_o_reg[9]/CP
Endpoint   : basic_isa_instance/u_id_ex_rs2_data_ex_reg[18]/D
Slack      : -65 ps
Slack      : -0.065 ns

--------------------------------------------------------------
Path       : 1022
Startpoint : mmu_instance_u_ptw_lat_base_ppn_reg[4]/CP
Endpoint   : pte_wrapper_instance_u_pte_memory/data_out_reg[9]/D
Slack      : -64 ps
Slack      : -0.064 ns

--------------------------------------------------------------
Path       : 1023
Startpoint : basic_isa_instance/u_ex_mem_inst_mem_o_reg[9]/CP
Endpoint   : basic_isa_instance/u_id_ex_inst_ex_o_reg[31]/D
Slack      : -64 ps
Slack      : -0.064 ns

--------------------------------------------------------------
Path       : 1024
Startpoint : csr_top_instance_csr_register_file_inst_satp_csr_inst_satp_r_reg[30]/CP
Endpoint   : axi2apb_instance/write_fifo_fifo_reg[2][9]/D
Slack      : -62 ps
Slack      : -0.062 ns

--------------------------------------------------------------
Path       : 1025
Startpoint : csr_top_instance_csr_register_file_inst_satp_csr_inst_satp_r_reg[30]/CP
Endpoint   : axi2apb_instance/write_fifo_fifo_reg[3][9]/D
Slack      : -62 ps
Slack      : -0.062 ns

--------------------------------------------------------------
Path       : 1026
Startpoint : csr_top_instance_csr_register_file_inst_satp_csr_inst_satp_r_reg[30]/CP
Endpoint   : axi2apb_instance/write_fifo_fifo_reg[0][9]/D
Slack      : -62 ps
Slack      : -0.062 ns

--------------------------------------------------------------
Path       : 1027
Startpoint : csr_top_instance_csr_register_file_inst_satp_csr_inst_satp_r_reg[30]/CP
Endpoint   : axi2apb_instance/write_fifo_fifo_reg[1][9]/D
Slack      : -62 ps
Slack      : -0.062 ns

--------------------------------------------------------------
Path       : 1028
Startpoint : csr_top_instance_csr_register_file_inst_satp_csr_inst_satp_r_reg[30]/CP
Endpoint   : axi2apb_instance/write_fifo_fifo_reg[3][4]/D
Slack      : -60 ps
Slack      : -0.060 ns

--------------------------------------------------------------
Path       : 1029
Startpoint : csr_top_instance_csr_register_file_inst_satp_csr_inst_satp_r_reg[30]/CP
Endpoint   : axi2apb_instance/write_fifo_fifo_reg[2][4]/D
Slack      : -60 ps
Slack      : -0.060 ns

--------------------------------------------------------------
Path       : 1030
Startpoint : csr_top_instance_csr_register_file_inst_satp_csr_inst_satp_r_reg[30]/CP
Endpoint   : axi2apb_instance/write_fifo_fifo_reg[0][4]/D
Slack      : -60 ps
Slack      : -0.060 ns

--------------------------------------------------------------
Path       : 1031
Startpoint : basic_isa_instance/u_ex_mem_inst_mem_o_reg[9]/CP
Endpoint   : basic_isa_instance/u_id_ex_csr_set_valid_ex_o_reg/D
Slack      : -59 ps
Slack      : -0.059 ns

--------------------------------------------------------------
Path       : 1032
Startpoint : basic_isa_instance/u_ex_mem_inst_mem_o_reg[9]/CP
Endpoint   : basic_isa_instance/u_if_id_pc_id_reg[3]/D
Slack      : -58 ps
Slack      : -0.058 ns

--------------------------------------------------------------
Path       : 1033
Startpoint : basic_isa_instance/u_ex_mem_inst_mem_o_reg[9]/CP
Endpoint   : basic_isa_instance/u_if_id_pc_id_reg[2]/D
Slack      : -58 ps
Slack      : -0.058 ns

--------------------------------------------------------------
Path       : 1034
Startpoint : basic_isa_instance/u_ex_mem_inst_mem_o_reg[9]/CP
Endpoint   : basic_isa_instance/u_if_id_pc_id_reg[0]/D
Slack      : -58 ps
Slack      : -0.058 ns

--------------------------------------------------------------
Path       : 1035
Startpoint : basic_isa_instance/u_ex_mem_inst_mem_o_reg[9]/CP
Endpoint   : basic_isa_instance/u_id_ex_rs1_data_ex_reg[0]/D
Slack      : -56 ps
Slack      : -0.056 ns

--------------------------------------------------------------
Path       : 1036
Startpoint : csr_top_instance_csr_register_file_inst_satp_csr_inst_satp_r_reg[30]/CP
Endpoint   : axi2apb_instance/write_fifo_fifo_reg[1][4]/D
Slack      : -52 ps
Slack      : -0.052 ns

--------------------------------------------------------------
Path       : 1037
Startpoint : basic_isa_instance/u_ex_mem_inst_mem_o_reg[9]/CP
Endpoint   : basic_isa_instance/u_id_ex_inst_ex_o_reg[4]/D
Slack      : -47 ps
Slack      : -0.047 ns

--------------------------------------------------------------
Path       : 1038
Startpoint : basic_isa_instance/u_id_ex_inst_ex_o_reg[17]/CP
Endpoint   : basic_isa_instance/u_trace_core_it_delta_addr_o_reg[14]/D
Slack      : -47 ps
Slack      : -0.047 ns

--------------------------------------------------------------
Path       : 1039
Startpoint : basic_isa_instance/u_ex_mem_inst_mem_o_reg[9]/CP
Endpoint   : basic_isa_instance/u_id_ex_interrupt_valid_ex_o_reg/D
Slack      : -46 ps
Slack      : -0.046 ns

--------------------------------------------------------------
Path       : 1040
Startpoint : csr_top_instance_csr_register_file_inst_satp_csr_inst_satp_r_reg[30]/CP
Endpoint   : axi2apb_instance/write_fifo_fifo_reg[3][24]/D
Slack      : -43 ps
Slack      : -0.043 ns

--------------------------------------------------------------
Path       : 1041
Startpoint : csr_top_instance_csr_register_file_inst_satp_csr_inst_satp_r_reg[30]/CP
Endpoint   : axi2apb_instance/write_fifo_fifo_reg[2][24]/D
Slack      : -43 ps
Slack      : -0.043 ns

--------------------------------------------------------------
Path       : 1042
Startpoint : csr_top_instance_csr_register_file_inst_satp_csr_inst_satp_r_reg[30]/CP
Endpoint   : axi2apb_instance/write_fifo_fifo_reg[1][24]/D
Slack      : -43 ps
Slack      : -0.043 ns

--------------------------------------------------------------
Path       : 1043
Startpoint : csr_top_instance_csr_register_file_inst_satp_csr_inst_satp_r_reg[30]/CP
Endpoint   : axi2apb_instance/write_fifo_fifo_reg[0][24]/D
Slack      : -43 ps
Slack      : -0.043 ns

--------------------------------------------------------------
Path       : 1044
Startpoint : csr_top_instance_csr_register_file_inst_satp_csr_inst_satp_r_reg[24]/CP
Endpoint   : basic_isa_instance/u_mem_wb_load_data_out_reg[4]/D
Slack      : -42 ps
Slack      : -0.042 ns

--------------------------------------------------------------
Path       : 1045
Startpoint : csr_top_instance_csr_register_file_inst_satp_csr_inst_satp_r_reg[24]/CP
Endpoint   : basic_isa_instance/u_mem_wb_load_data_out_reg[3]/D
Slack      : -42 ps
Slack      : -0.042 ns

--------------------------------------------------------------
Path       : 1046
Startpoint : csr_top_instance_csr_register_file_inst_satp_csr_inst_satp_r_reg[24]/CP
Endpoint   : basic_isa_instance/u_mem_wb_load_data_out_reg[2]/D
Slack      : -42 ps
Slack      : -0.042 ns

--------------------------------------------------------------
Path       : 1047
Startpoint : csr_top_instance_csr_register_file_inst_satp_csr_inst_satp_r_reg[30]/CP
Endpoint   : axi2apb_instance/write_fifo_fifo_reg[3][29]/D
Slack      : -41 ps
Slack      : -0.041 ns

--------------------------------------------------------------
Path       : 1048
Startpoint : csr_top_instance_csr_register_file_inst_satp_csr_inst_satp_r_reg[30]/CP
Endpoint   : axi2apb_instance/write_fifo_fifo_reg[2][29]/D
Slack      : -41 ps
Slack      : -0.041 ns

--------------------------------------------------------------
Path       : 1049
Startpoint : csr_top_instance_csr_register_file_inst_satp_csr_inst_satp_r_reg[30]/CP
Endpoint   : axi2apb_instance/write_fifo_fifo_reg[1][29]/D
Slack      : -41 ps
Slack      : -0.041 ns

--------------------------------------------------------------
Path       : 1050
Startpoint : csr_top_instance_csr_register_file_inst_satp_csr_inst_satp_r_reg[30]/CP
Endpoint   : axi2apb_instance/write_fifo_fifo_reg[0][29]/D
Slack      : -41 ps
Slack      : -0.041 ns

--------------------------------------------------------------
Path       : 1051
Startpoint : csr_top_instance_csr_register_file_inst_satp_csr_inst_satp_r_reg[30]/CP
Endpoint   : axi2apb_instance/write_fifo_fifo_reg[3][7]/D
Slack      : -41 ps
Slack      : -0.041 ns

--------------------------------------------------------------
Path       : 1052
Startpoint : csr_top_instance_csr_register_file_inst_satp_csr_inst_satp_r_reg[30]/CP
Endpoint   : axi2apb_instance/write_fifo_fifo_reg[2][7]/D
Slack      : -41 ps
Slack      : -0.041 ns

--------------------------------------------------------------
Path       : 1053
Startpoint : csr_top_instance_csr_register_file_inst_satp_csr_inst_satp_r_reg[30]/CP
Endpoint   : axi2apb_instance/write_fifo_fifo_reg[0][7]/D
Slack      : -41 ps
Slack      : -0.041 ns

--------------------------------------------------------------
Path       : 1054
Startpoint : basic_isa_instance/u_ex_mem_alu_result_mem_reg[31]/CP
Endpoint   : axi2apb_instance/slave_rresp_reg[1]/D
Slack      : -36 ps
Slack      : -0.036 ns

--------------------------------------------------------------
Path       : 1055
Startpoint : basic_isa_instance/u_id_ex_inst_ex_o_reg[17]/CP
Endpoint   : basic_isa_instance/u_if_u_btb_U_FILE_target_arr_reg[7][1][13]/D
Slack      : -35 ps
Slack      : -0.035 ns

--------------------------------------------------------------
Path       : 1056
Startpoint : basic_isa_instance/u_id_ex_inst_ex_o_reg[17]/CP
Endpoint   : basic_isa_instance/u_if_u_btb_U_FILE_target_arr_reg[7][0][13]/D
Slack      : -35 ps
Slack      : -0.035 ns

--------------------------------------------------------------
Path       : 1057
Startpoint : basic_isa_instance/u_id_ex_inst_ex_o_reg[17]/CP
Endpoint   : basic_isa_instance/u_if_u_btb_U_FILE_target_arr_reg[6][1][13]/D
Slack      : -35 ps
Slack      : -0.035 ns

--------------------------------------------------------------
Path       : 1058
Startpoint : basic_isa_instance/u_id_ex_inst_ex_o_reg[17]/CP
Endpoint   : basic_isa_instance/u_if_u_btb_U_FILE_target_arr_reg[6][0][13]/D
Slack      : -35 ps
Slack      : -0.035 ns

--------------------------------------------------------------
Path       : 1059
Startpoint : basic_isa_instance/u_id_ex_inst_ex_o_reg[17]/CP
Endpoint   : basic_isa_instance/u_if_u_btb_U_FILE_target_arr_reg[5][1][13]/D
Slack      : -35 ps
Slack      : -0.035 ns

--------------------------------------------------------------
Path       : 1060
Startpoint : basic_isa_instance/u_id_ex_inst_ex_o_reg[17]/CP
Endpoint   : basic_isa_instance/u_if_u_btb_U_FILE_target_arr_reg[5][0][13]/D
Slack      : -35 ps
Slack      : -0.035 ns

--------------------------------------------------------------
Path       : 1061
Startpoint : basic_isa_instance/u_id_ex_inst_ex_o_reg[17]/CP
Endpoint   : basic_isa_instance/u_if_u_btb_U_FILE_target_arr_reg[4][1][13]/D
Slack      : -35 ps
Slack      : -0.035 ns

--------------------------------------------------------------
Path       : 1062
Startpoint : basic_isa_instance/u_id_ex_inst_ex_o_reg[17]/CP
Endpoint   : basic_isa_instance/u_if_u_btb_U_FILE_target_arr_reg[4][0][13]/D
Slack      : -35 ps
Slack      : -0.035 ns

--------------------------------------------------------------
Path       : 1063
Startpoint : basic_isa_instance/u_id_ex_inst_ex_o_reg[17]/CP
Endpoint   : basic_isa_instance/u_if_u_btb_U_FILE_target_arr_reg[3][1][13]/D
Slack      : -35 ps
Slack      : -0.035 ns

--------------------------------------------------------------
Path       : 1064
Startpoint : basic_isa_instance/u_id_ex_inst_ex_o_reg[17]/CP
Endpoint   : basic_isa_instance/u_if_u_btb_U_FILE_target_arr_reg[3][0][13]/D
Slack      : -35 ps
Slack      : -0.035 ns

--------------------------------------------------------------
Path       : 1065
Startpoint : basic_isa_instance/u_id_ex_inst_ex_o_reg[17]/CP
Endpoint   : basic_isa_instance/u_if_u_btb_U_FILE_target_arr_reg[2][1][13]/D
Slack      : -35 ps
Slack      : -0.035 ns

--------------------------------------------------------------
Path       : 1066
Startpoint : basic_isa_instance/u_id_ex_inst_ex_o_reg[17]/CP
Endpoint   : basic_isa_instance/u_if_u_btb_U_FILE_target_arr_reg[2][0][13]/D
Slack      : -35 ps
Slack      : -0.035 ns

--------------------------------------------------------------
Path       : 1067
Startpoint : basic_isa_instance/u_id_ex_inst_ex_o_reg[17]/CP
Endpoint   : basic_isa_instance/u_if_u_btb_U_FILE_target_arr_reg[1][1][13]/D
Slack      : -35 ps
Slack      : -0.035 ns

--------------------------------------------------------------
Path       : 1068
Startpoint : basic_isa_instance/u_id_ex_inst_ex_o_reg[17]/CP
Endpoint   : basic_isa_instance/u_if_u_btb_U_FILE_target_arr_reg[1][0][13]/D
Slack      : -35 ps
Slack      : -0.035 ns

--------------------------------------------------------------
Path       : 1069
Startpoint : basic_isa_instance/u_id_ex_inst_ex_o_reg[17]/CP
Endpoint   : basic_isa_instance/u_if_u_btb_U_FILE_target_arr_reg[0][1][13]/D
Slack      : -35 ps
Slack      : -0.035 ns

--------------------------------------------------------------
Path       : 1070
Startpoint : basic_isa_instance/u_id_ex_inst_ex_o_reg[17]/CP
Endpoint   : basic_isa_instance/u_if_u_btb_U_FILE_target_arr_reg[0][0][13]/D
Slack      : -35 ps
Slack      : -0.035 ns

--------------------------------------------------------------
Path       : 1071
Startpoint : csr_top_instance_csr_register_file_inst_satp_csr_inst_satp_r_reg[24]/CP
Endpoint   : basic_isa_instance/u_mem_wb_load_data_out_reg[5]/D
Slack      : -34 ps
Slack      : -0.034 ns

--------------------------------------------------------------
Path       : 1072
Startpoint : csr_top_instance_csr_register_file_inst_satp_csr_inst_satp_r_reg[30]/CP
Endpoint   : axi2apb_instance/write_fifo_fifo_reg[1][7]/D
Slack      : -33 ps
Slack      : -0.033 ns

--------------------------------------------------------------
Path       : 1073
Startpoint : basic_isa_instance/u_halt_fsm_state_reg[2]/CP
Endpoint   : reg_inst_addr_decode_error_reg/D
Slack      : -33 ps
Slack      : -0.033 ns

--------------------------------------------------------------
Path       : 1074
Startpoint : csr_top_instance_csr_register_file_inst_satp_csr_inst_satp_r_reg[30]/CP
Endpoint   : axi2apb_instance/write_fifo_fifo_reg[3][3]/D
Slack      : -32 ps
Slack      : -0.032 ns

--------------------------------------------------------------
Path       : 1075
Startpoint : csr_top_instance_csr_register_file_inst_satp_csr_inst_satp_r_reg[30]/CP
Endpoint   : axi2apb_instance/write_fifo_fifo_reg[2][5]/D
Slack      : -32 ps
Slack      : -0.032 ns

--------------------------------------------------------------
Path       : 1076
Startpoint : csr_top_instance_csr_register_file_inst_satp_csr_inst_satp_r_reg[30]/CP
Endpoint   : axi2apb_instance/write_fifo_fifo_reg[2][3]/D
Slack      : -32 ps
Slack      : -0.032 ns

--------------------------------------------------------------
Path       : 1077
Startpoint : csr_top_instance_csr_register_file_inst_satp_csr_inst_satp_r_reg[30]/CP
Endpoint   : axi2apb_instance/write_fifo_fifo_reg[0][5]/D
Slack      : -32 ps
Slack      : -0.032 ns

--------------------------------------------------------------
Path       : 1078
Startpoint : basic_isa_instance/u_ex_mem_inst_mem_o_reg[9]/CP
Endpoint   : basic_isa_instance/u_if_u_btb_U_WRITE_dp1_next_state_reg[1]/D
Slack      : -31 ps
Slack      : -0.031 ns

--------------------------------------------------------------
Path       : 1079
Startpoint : csr_top_instance_csr_register_file_inst_satp_csr_inst_satp_r_reg[30]/CP
Endpoint   : axi2apb_instance/write_fifo_fifo_reg[3][1]/D
Slack      : -31 ps
Slack      : -0.031 ns

--------------------------------------------------------------
Path       : 1080
Startpoint : basic_isa_instance/u_ex_mem_inst_mem_o_reg[9]/CP
Endpoint   : basic_isa_instance/u_if_u_btb_U_WRITE_dp0_next_state_reg[1]/D
Slack      : -30 ps
Slack      : -0.030 ns

--------------------------------------------------------------
Path       : 1081
Startpoint : basic_isa_instance/u_halt_fsm_state_reg[0]/CP
Endpoint   : ip_debug_trace_instance_u_trace_cdc_u_mmu_fifo/mem_reg[15][10]/D
Slack      : -29 ps
Slack      : -0.029 ns

--------------------------------------------------------------
Path       : 1082
Startpoint : basic_isa_instance/u_halt_fsm_state_reg[0]/CP
Endpoint   : ip_debug_trace_instance_u_trace_cdc_u_mmu_fifo/mem_reg[14][10]/D
Slack      : -29 ps
Slack      : -0.029 ns

--------------------------------------------------------------
Path       : 1083
Startpoint : basic_isa_instance/u_halt_fsm_state_reg[0]/CP
Endpoint   : ip_debug_trace_instance_u_trace_cdc_u_mmu_fifo/mem_reg[13][10]/D
Slack      : -29 ps
Slack      : -0.029 ns

--------------------------------------------------------------
Path       : 1084
Startpoint : basic_isa_instance/u_halt_fsm_state_reg[0]/CP
Endpoint   : ip_debug_trace_instance_u_trace_cdc_u_mmu_fifo/mem_reg[12][10]/D
Slack      : -29 ps
Slack      : -0.029 ns

--------------------------------------------------------------
Path       : 1085
Startpoint : basic_isa_instance/u_halt_fsm_state_reg[0]/CP
Endpoint   : ip_debug_trace_instance_u_trace_cdc_u_mmu_fifo/mem_reg[11][10]/D
Slack      : -29 ps
Slack      : -0.029 ns

--------------------------------------------------------------
Path       : 1086
Startpoint : basic_isa_instance/u_halt_fsm_state_reg[0]/CP
Endpoint   : ip_debug_trace_instance_u_trace_cdc_u_mmu_fifo/mem_reg[10][10]/D
Slack      : -29 ps
Slack      : -0.029 ns

--------------------------------------------------------------
Path       : 1087
Startpoint : basic_isa_instance/u_halt_fsm_state_reg[0]/CP
Endpoint   : ip_debug_trace_instance_u_trace_cdc_u_mmu_fifo/mem_reg[9][10]/D
Slack      : -29 ps
Slack      : -0.029 ns

--------------------------------------------------------------
Path       : 1088
Startpoint : basic_isa_instance/u_halt_fsm_state_reg[0]/CP
Endpoint   : ip_debug_trace_instance_u_trace_cdc_u_mmu_fifo/mem_reg[8][10]/D
Slack      : -29 ps
Slack      : -0.029 ns

--------------------------------------------------------------
Path       : 1089
Startpoint : basic_isa_instance/u_halt_fsm_state_reg[0]/CP
Endpoint   : ip_debug_trace_instance_u_trace_cdc_u_mmu_fifo/mem_reg[7][10]/D
Slack      : -29 ps
Slack      : -0.029 ns

--------------------------------------------------------------
Path       : 1090
Startpoint : basic_isa_instance/u_halt_fsm_state_reg[0]/CP
Endpoint   : ip_debug_trace_instance_u_trace_cdc_u_mmu_fifo/mem_reg[6][10]/D
Slack      : -29 ps
Slack      : -0.029 ns

--------------------------------------------------------------
Path       : 1091
Startpoint : basic_isa_instance/u_halt_fsm_state_reg[0]/CP
Endpoint   : ip_debug_trace_instance_u_trace_cdc_u_mmu_fifo/mem_reg[5][10]/D
Slack      : -29 ps
Slack      : -0.029 ns

--------------------------------------------------------------
Path       : 1092
Startpoint : basic_isa_instance/u_halt_fsm_state_reg[0]/CP
Endpoint   : ip_debug_trace_instance_u_trace_cdc_u_mmu_fifo/mem_reg[4][10]/D
Slack      : -29 ps
Slack      : -0.029 ns

--------------------------------------------------------------
Path       : 1093
Startpoint : basic_isa_instance/u_halt_fsm_state_reg[0]/CP
Endpoint   : ip_debug_trace_instance_u_trace_cdc_u_mmu_fifo/mem_reg[3][10]/D
Slack      : -29 ps
Slack      : -0.029 ns

--------------------------------------------------------------
Path       : 1094
Startpoint : basic_isa_instance/u_halt_fsm_state_reg[0]/CP
Endpoint   : ip_debug_trace_instance_u_trace_cdc_u_mmu_fifo/mem_reg[2][10]/D
Slack      : -29 ps
Slack      : -0.029 ns

--------------------------------------------------------------
Path       : 1095
Startpoint : basic_isa_instance/u_halt_fsm_state_reg[0]/CP
Endpoint   : ip_debug_trace_instance_u_trace_cdc_u_mmu_fifo/mem_reg[1][10]/D
Slack      : -29 ps
Slack      : -0.029 ns

--------------------------------------------------------------
Path       : 1096
Startpoint : basic_isa_instance/u_halt_fsm_state_reg[0]/CP
Endpoint   : ip_debug_trace_instance_u_trace_cdc_u_mmu_fifo/mem_reg[0][10]/D
Slack      : -29 ps
Slack      : -0.029 ns

--------------------------------------------------------------
Path       : 1097
Startpoint : basic_isa_instance/u_halt_fsm_state_reg[0]/CP
Endpoint   : ip_debug_trace_instance_u_trace_cdc_u_mmu_fifo/mem_reg[15][11]/D
Slack      : -28 ps
Slack      : -0.028 ns

--------------------------------------------------------------
Path       : 1098
Startpoint : basic_isa_instance/u_halt_fsm_state_reg[0]/CP
Endpoint   : ip_debug_trace_instance_u_trace_cdc_u_mmu_fifo/mem_reg[14][11]/D
Slack      : -28 ps
Slack      : -0.028 ns

--------------------------------------------------------------
Path       : 1099
Startpoint : basic_isa_instance/u_halt_fsm_state_reg[0]/CP
Endpoint   : ip_debug_trace_instance_u_trace_cdc_u_mmu_fifo/mem_reg[13][11]/D
Slack      : -28 ps
Slack      : -0.028 ns

--------------------------------------------------------------
Path       : 1100
Startpoint : basic_isa_instance/u_halt_fsm_state_reg[0]/CP
Endpoint   : ip_debug_trace_instance_u_trace_cdc_u_mmu_fifo/mem_reg[12][11]/D
Slack      : -28 ps
Slack      : -0.028 ns

--------------------------------------------------------------
Path       : 1101
Startpoint : basic_isa_instance/u_halt_fsm_state_reg[0]/CP
Endpoint   : ip_debug_trace_instance_u_trace_cdc_u_mmu_fifo/mem_reg[11][11]/D
Slack      : -28 ps
Slack      : -0.028 ns

--------------------------------------------------------------
Path       : 1102
Startpoint : basic_isa_instance/u_halt_fsm_state_reg[0]/CP
Endpoint   : ip_debug_trace_instance_u_trace_cdc_u_mmu_fifo/mem_reg[10][11]/D
Slack      : -28 ps
Slack      : -0.028 ns

--------------------------------------------------------------
Path       : 1103
Startpoint : basic_isa_instance/u_halt_fsm_state_reg[0]/CP
Endpoint   : ip_debug_trace_instance_u_trace_cdc_u_mmu_fifo/mem_reg[9][11]/D
Slack      : -28 ps
Slack      : -0.028 ns

--------------------------------------------------------------
Path       : 1104
Startpoint : basic_isa_instance/u_halt_fsm_state_reg[0]/CP
Endpoint   : ip_debug_trace_instance_u_trace_cdc_u_mmu_fifo/mem_reg[8][11]/D
Slack      : -28 ps
Slack      : -0.028 ns

--------------------------------------------------------------
Path       : 1105
Startpoint : basic_isa_instance/u_halt_fsm_state_reg[0]/CP
Endpoint   : ip_debug_trace_instance_u_trace_cdc_u_mmu_fifo/mem_reg[7][11]/D
Slack      : -28 ps
Slack      : -0.028 ns

--------------------------------------------------------------
Path       : 1106
Startpoint : basic_isa_instance/u_halt_fsm_state_reg[0]/CP
Endpoint   : ip_debug_trace_instance_u_trace_cdc_u_mmu_fifo/mem_reg[6][11]/D
Slack      : -28 ps
Slack      : -0.028 ns

--------------------------------------------------------------
Path       : 1107
Startpoint : basic_isa_instance/u_halt_fsm_state_reg[0]/CP
Endpoint   : ip_debug_trace_instance_u_trace_cdc_u_mmu_fifo/mem_reg[5][11]/D
Slack      : -28 ps
Slack      : -0.028 ns

--------------------------------------------------------------
Path       : 1108
Startpoint : basic_isa_instance/u_halt_fsm_state_reg[0]/CP
Endpoint   : ip_debug_trace_instance_u_trace_cdc_u_mmu_fifo/mem_reg[4][11]/D
Slack      : -28 ps
Slack      : -0.028 ns

--------------------------------------------------------------
Path       : 1109
Startpoint : basic_isa_instance/u_halt_fsm_state_reg[0]/CP
Endpoint   : ip_debug_trace_instance_u_trace_cdc_u_mmu_fifo/mem_reg[3][11]/D
Slack      : -28 ps
Slack      : -0.028 ns

--------------------------------------------------------------
Path       : 1110
Startpoint : basic_isa_instance/u_halt_fsm_state_reg[0]/CP
Endpoint   : ip_debug_trace_instance_u_trace_cdc_u_mmu_fifo/mem_reg[2][11]/D
Slack      : -28 ps
Slack      : -0.028 ns

--------------------------------------------------------------
Path       : 1111
Startpoint : basic_isa_instance/u_halt_fsm_state_reg[0]/CP
Endpoint   : ip_debug_trace_instance_u_trace_cdc_u_mmu_fifo/mem_reg[1][11]/D
Slack      : -28 ps
Slack      : -0.028 ns

--------------------------------------------------------------
Path       : 1112
Startpoint : basic_isa_instance/u_halt_fsm_state_reg[0]/CP
Endpoint   : ip_debug_trace_instance_u_trace_cdc_u_mmu_fifo/mem_reg[0][11]/D
Slack      : -28 ps
Slack      : -0.028 ns

--------------------------------------------------------------
Path       : 1113
Startpoint : basic_isa_instance/u_halt_fsm_state_reg[2]/CP
Endpoint   : ip_debug_trace_instance_u_trace_cdc_u_mmu_fifo/mem_reg[15][9]/D
Slack      : -25 ps
Slack      : -0.025 ns

--------------------------------------------------------------
Path       : 1114
Startpoint : basic_isa_instance/u_halt_fsm_state_reg[2]/CP
Endpoint   : ip_debug_trace_instance_u_trace_cdc_u_mmu_fifo/mem_reg[15][7]/D
Slack      : -25 ps
Slack      : -0.025 ns

--------------------------------------------------------------
Path       : 1115
Startpoint : basic_isa_instance/u_halt_fsm_state_reg[2]/CP
Endpoint   : ip_debug_trace_instance_u_trace_cdc_u_mmu_fifo/mem_reg[14][9]/D
Slack      : -25 ps
Slack      : -0.025 ns

--------------------------------------------------------------
Path       : 1116
Startpoint : basic_isa_instance/u_halt_fsm_state_reg[2]/CP
Endpoint   : ip_debug_trace_instance_u_trace_cdc_u_mmu_fifo/mem_reg[14][7]/D
Slack      : -25 ps
Slack      : -0.025 ns

--------------------------------------------------------------
Path       : 1117
Startpoint : basic_isa_instance/u_halt_fsm_state_reg[2]/CP
Endpoint   : ip_debug_trace_instance_u_trace_cdc_u_mmu_fifo/mem_reg[13][9]/D
Slack      : -25 ps
Slack      : -0.025 ns

--------------------------------------------------------------
Path       : 1118
Startpoint : basic_isa_instance/u_halt_fsm_state_reg[2]/CP
Endpoint   : ip_debug_trace_instance_u_trace_cdc_u_mmu_fifo/mem_reg[13][7]/D
Slack      : -25 ps
Slack      : -0.025 ns

--------------------------------------------------------------
Path       : 1119
Startpoint : basic_isa_instance/u_halt_fsm_state_reg[2]/CP
Endpoint   : ip_debug_trace_instance_u_trace_cdc_u_mmu_fifo/mem_reg[12][9]/D
Slack      : -25 ps
Slack      : -0.025 ns

--------------------------------------------------------------
Path       : 1120
Startpoint : basic_isa_instance/u_halt_fsm_state_reg[2]/CP
Endpoint   : ip_debug_trace_instance_u_trace_cdc_u_mmu_fifo/mem_reg[12][7]/D
Slack      : -25 ps
Slack      : -0.025 ns

--------------------------------------------------------------
Path       : 1121
Startpoint : basic_isa_instance/u_halt_fsm_state_reg[2]/CP
Endpoint   : ip_debug_trace_instance_u_trace_cdc_u_mmu_fifo/mem_reg[11][9]/D
Slack      : -25 ps
Slack      : -0.025 ns

--------------------------------------------------------------
Path       : 1122
Startpoint : basic_isa_instance/u_halt_fsm_state_reg[2]/CP
Endpoint   : ip_debug_trace_instance_u_trace_cdc_u_mmu_fifo/mem_reg[11][7]/D
Slack      : -25 ps
Slack      : -0.025 ns

--------------------------------------------------------------
Path       : 1123
Startpoint : basic_isa_instance/u_halt_fsm_state_reg[2]/CP
Endpoint   : ip_debug_trace_instance_u_trace_cdc_u_mmu_fifo/mem_reg[10][9]/D
Slack      : -25 ps
Slack      : -0.025 ns

--------------------------------------------------------------
Path       : 1124
Startpoint : basic_isa_instance/u_halt_fsm_state_reg[2]/CP
Endpoint   : ip_debug_trace_instance_u_trace_cdc_u_mmu_fifo/mem_reg[10][7]/D
Slack      : -25 ps
Slack      : -0.025 ns

--------------------------------------------------------------
Path       : 1125
Startpoint : basic_isa_instance/u_halt_fsm_state_reg[2]/CP
Endpoint   : ip_debug_trace_instance_u_trace_cdc_u_mmu_fifo/mem_reg[9][9]/D
Slack      : -25 ps
Slack      : -0.025 ns

--------------------------------------------------------------
Path       : 1126
Startpoint : basic_isa_instance/u_halt_fsm_state_reg[2]/CP
Endpoint   : ip_debug_trace_instance_u_trace_cdc_u_mmu_fifo/mem_reg[9][7]/D
Slack      : -25 ps
Slack      : -0.025 ns

--------------------------------------------------------------
Path       : 1127
Startpoint : basic_isa_instance/u_halt_fsm_state_reg[2]/CP
Endpoint   : ip_debug_trace_instance_u_trace_cdc_u_mmu_fifo/mem_reg[8][9]/D
Slack      : -25 ps
Slack      : -0.025 ns

--------------------------------------------------------------
Path       : 1128
Startpoint : basic_isa_instance/u_halt_fsm_state_reg[2]/CP
Endpoint   : ip_debug_trace_instance_u_trace_cdc_u_mmu_fifo/mem_reg[8][7]/D
Slack      : -25 ps
Slack      : -0.025 ns

--------------------------------------------------------------
Path       : 1129
Startpoint : basic_isa_instance/u_halt_fsm_state_reg[2]/CP
Endpoint   : ip_debug_trace_instance_u_trace_cdc_u_mmu_fifo/mem_reg[7][9]/D
Slack      : -25 ps
Slack      : -0.025 ns

--------------------------------------------------------------
Path       : 1130
Startpoint : basic_isa_instance/u_halt_fsm_state_reg[2]/CP
Endpoint   : ip_debug_trace_instance_u_trace_cdc_u_mmu_fifo/mem_reg[7][7]/D
Slack      : -25 ps
Slack      : -0.025 ns

--------------------------------------------------------------
Path       : 1131
Startpoint : basic_isa_instance/u_halt_fsm_state_reg[2]/CP
Endpoint   : ip_debug_trace_instance_u_trace_cdc_u_mmu_fifo/mem_reg[6][9]/D
Slack      : -25 ps
Slack      : -0.025 ns

--------------------------------------------------------------
Path       : 1132
Startpoint : basic_isa_instance/u_halt_fsm_state_reg[2]/CP
Endpoint   : ip_debug_trace_instance_u_trace_cdc_u_mmu_fifo/mem_reg[6][7]/D
Slack      : -25 ps
Slack      : -0.025 ns

--------------------------------------------------------------
Path       : 1133
Startpoint : basic_isa_instance/u_halt_fsm_state_reg[2]/CP
Endpoint   : ip_debug_trace_instance_u_trace_cdc_u_mmu_fifo/mem_reg[5][9]/D
Slack      : -25 ps
Slack      : -0.025 ns

--------------------------------------------------------------
Path       : 1134
Startpoint : basic_isa_instance/u_halt_fsm_state_reg[2]/CP
Endpoint   : ip_debug_trace_instance_u_trace_cdc_u_mmu_fifo/mem_reg[5][7]/D
Slack      : -25 ps
Slack      : -0.025 ns

--------------------------------------------------------------
Path       : 1135
Startpoint : basic_isa_instance/u_halt_fsm_state_reg[2]/CP
Endpoint   : ip_debug_trace_instance_u_trace_cdc_u_mmu_fifo/mem_reg[4][9]/D
Slack      : -25 ps
Slack      : -0.025 ns

--------------------------------------------------------------
Path       : 1136
Startpoint : basic_isa_instance/u_halt_fsm_state_reg[2]/CP
Endpoint   : ip_debug_trace_instance_u_trace_cdc_u_mmu_fifo/mem_reg[4][7]/D
Slack      : -25 ps
Slack      : -0.025 ns

--------------------------------------------------------------
Path       : 1137
Startpoint : basic_isa_instance/u_halt_fsm_state_reg[2]/CP
Endpoint   : ip_debug_trace_instance_u_trace_cdc_u_mmu_fifo/mem_reg[3][9]/D
Slack      : -25 ps
Slack      : -0.025 ns

--------------------------------------------------------------
Path       : 1138
Startpoint : basic_isa_instance/u_halt_fsm_state_reg[2]/CP
Endpoint   : ip_debug_trace_instance_u_trace_cdc_u_mmu_fifo/mem_reg[3][7]/D
Slack      : -25 ps
Slack      : -0.025 ns

--------------------------------------------------------------
Path       : 1139
Startpoint : basic_isa_instance/u_halt_fsm_state_reg[2]/CP
Endpoint   : ip_debug_trace_instance_u_trace_cdc_u_mmu_fifo/mem_reg[2][9]/D
Slack      : -25 ps
Slack      : -0.025 ns

--------------------------------------------------------------
Path       : 1140
Startpoint : basic_isa_instance/u_halt_fsm_state_reg[2]/CP
Endpoint   : ip_debug_trace_instance_u_trace_cdc_u_mmu_fifo/mem_reg[2][7]/D
Slack      : -25 ps
Slack      : -0.025 ns

--------------------------------------------------------------
Path       : 1141
Startpoint : basic_isa_instance/u_halt_fsm_state_reg[2]/CP
Endpoint   : ip_debug_trace_instance_u_trace_cdc_u_mmu_fifo/mem_reg[1][9]/D
Slack      : -25 ps
Slack      : -0.025 ns

--------------------------------------------------------------
Path       : 1142
Startpoint : basic_isa_instance/u_halt_fsm_state_reg[2]/CP
Endpoint   : ip_debug_trace_instance_u_trace_cdc_u_mmu_fifo/mem_reg[1][7]/D
Slack      : -25 ps
Slack      : -0.025 ns

--------------------------------------------------------------
Path       : 1143
Startpoint : basic_isa_instance/u_halt_fsm_state_reg[2]/CP
Endpoint   : ip_debug_trace_instance_u_trace_cdc_u_mmu_fifo/mem_reg[0][9]/D
Slack      : -25 ps
Slack      : -0.025 ns

--------------------------------------------------------------
Path       : 1144
Startpoint : basic_isa_instance/u_halt_fsm_state_reg[2]/CP
Endpoint   : ip_debug_trace_instance_u_trace_cdc_u_mmu_fifo/mem_reg[0][7]/D
Slack      : -25 ps
Slack      : -0.025 ns

--------------------------------------------------------------
Path       : 1145
Startpoint : csr_top_instance_csr_register_file_inst_satp_csr_inst_satp_r_reg[30]/CP
Endpoint   : axi2apb_instance/write_fifo_fifo_reg[1][5]/D
Slack      : -24 ps
Slack      : -0.024 ns

--------------------------------------------------------------
Path       : 1146
Startpoint : csr_top_instance_csr_register_file_inst_satp_csr_inst_satp_r_reg[30]/CP
Endpoint   : axi2apb_instance/write_fifo_fifo_reg[3][5]/D
Slack      : -24 ps
Slack      : -0.024 ns

--------------------------------------------------------------
Path       : 1147
Startpoint : csr_top_instance_csr_register_file_inst_satp_csr_inst_satp_r_reg[30]/CP
Endpoint   : axi2apb_instance/write_fifo_fifo_reg[0][3]/D
Slack      : -24 ps
Slack      : -0.024 ns

--------------------------------------------------------------
Path       : 1148
Startpoint : csr_top_instance_csr_register_file_inst_satp_csr_inst_satp_r_reg[30]/CP
Endpoint   : axi2apb_instance/write_fifo_fifo_reg[1][3]/D
Slack      : -24 ps
Slack      : -0.024 ns

--------------------------------------------------------------
Path       : 1149
Startpoint : csr_top_instance_csr_register_file_inst_satp_csr_inst_satp_r_reg[30]/CP
Endpoint   : axi2apb_instance/slave_total_required_apb_awaddrs_reg[0]/SE
Slack      : -24 ps
Slack      : -0.024 ns

--------------------------------------------------------------
Path       : 1150
Startpoint : csr_top_instance_csr_register_file_inst_satp_csr_inst_satp_r_reg[30]/CP
Endpoint   : axi2apb_instance/write_fifo_fifo_reg[2][1]/D
Slack      : -23 ps
Slack      : -0.023 ns

--------------------------------------------------------------
Path       : 1151
Startpoint : csr_top_instance_csr_register_file_inst_satp_csr_inst_satp_r_reg[30]/CP
Endpoint   : axi2apb_instance/write_fifo_fifo_reg[0][1]/D
Slack      : -23 ps
Slack      : -0.023 ns

--------------------------------------------------------------
Path       : 1152
Startpoint : csr_top_instance_csr_register_file_inst_satp_csr_inst_satp_r_reg[30]/CP
Endpoint   : axi2apb_instance/write_fifo_fifo_reg[1][1]/D
Slack      : -23 ps
Slack      : -0.023 ns

--------------------------------------------------------------
Path       : 1153
Startpoint : mmu_instance_u_ptw_lat_base_ppn_reg[4]/CP
Endpoint   : pte_wrapper_instance_u_pte_memory/data_out_reg[21]/D
Slack      : -23 ps
Slack      : -0.023 ns

--------------------------------------------------------------
Path       : 1154
Startpoint : basic_isa_instance/u_halt_fsm_state_reg[0]/CP
Endpoint   : ip_debug_trace_instance_u_trace_cdc_u_mmu_fifo/mem_reg[15][5]/D
Slack      : -22 ps
Slack      : -0.022 ns

--------------------------------------------------------------
Path       : 1155
Startpoint : basic_isa_instance/u_halt_fsm_state_reg[0]/CP
Endpoint   : ip_debug_trace_instance_u_trace_cdc_u_mmu_fifo/mem_reg[14][5]/D
Slack      : -22 ps
Slack      : -0.022 ns

--------------------------------------------------------------
Path       : 1156
Startpoint : basic_isa_instance/u_halt_fsm_state_reg[0]/CP
Endpoint   : ip_debug_trace_instance_u_trace_cdc_u_mmu_fifo/mem_reg[13][5]/D
Slack      : -22 ps
Slack      : -0.022 ns

--------------------------------------------------------------
Path       : 1157
Startpoint : basic_isa_instance/u_halt_fsm_state_reg[0]/CP
Endpoint   : ip_debug_trace_instance_u_trace_cdc_u_mmu_fifo/mem_reg[12][5]/D
Slack      : -22 ps
Slack      : -0.022 ns

--------------------------------------------------------------
Path       : 1158
Startpoint : basic_isa_instance/u_halt_fsm_state_reg[0]/CP
Endpoint   : ip_debug_trace_instance_u_trace_cdc_u_mmu_fifo/mem_reg[11][5]/D
Slack      : -22 ps
Slack      : -0.022 ns

--------------------------------------------------------------
Path       : 1159
Startpoint : basic_isa_instance/u_halt_fsm_state_reg[0]/CP
Endpoint   : ip_debug_trace_instance_u_trace_cdc_u_mmu_fifo/mem_reg[10][5]/D
Slack      : -22 ps
Slack      : -0.022 ns

--------------------------------------------------------------
Path       : 1160
Startpoint : basic_isa_instance/u_halt_fsm_state_reg[0]/CP
Endpoint   : ip_debug_trace_instance_u_trace_cdc_u_mmu_fifo/mem_reg[9][5]/D
Slack      : -22 ps
Slack      : -0.022 ns

--------------------------------------------------------------
Path       : 1161
Startpoint : basic_isa_instance/u_halt_fsm_state_reg[0]/CP
Endpoint   : ip_debug_trace_instance_u_trace_cdc_u_mmu_fifo/mem_reg[8][5]/D
Slack      : -22 ps
Slack      : -0.022 ns

--------------------------------------------------------------
Path       : 1162
Startpoint : basic_isa_instance/u_halt_fsm_state_reg[0]/CP
Endpoint   : ip_debug_trace_instance_u_trace_cdc_u_mmu_fifo/mem_reg[7][5]/D
Slack      : -22 ps
Slack      : -0.022 ns

--------------------------------------------------------------
Path       : 1163
Startpoint : basic_isa_instance/u_halt_fsm_state_reg[0]/CP
Endpoint   : ip_debug_trace_instance_u_trace_cdc_u_mmu_fifo/mem_reg[6][5]/D
Slack      : -22 ps
Slack      : -0.022 ns

--------------------------------------------------------------
Path       : 1164
Startpoint : basic_isa_instance/u_halt_fsm_state_reg[0]/CP
Endpoint   : ip_debug_trace_instance_u_trace_cdc_u_mmu_fifo/mem_reg[5][5]/D
Slack      : -22 ps
Slack      : -0.022 ns

--------------------------------------------------------------
Path       : 1165
Startpoint : basic_isa_instance/u_halt_fsm_state_reg[0]/CP
Endpoint   : ip_debug_trace_instance_u_trace_cdc_u_mmu_fifo/mem_reg[4][5]/D
Slack      : -22 ps
Slack      : -0.022 ns

--------------------------------------------------------------
Path       : 1166
Startpoint : basic_isa_instance/u_halt_fsm_state_reg[0]/CP
Endpoint   : ip_debug_trace_instance_u_trace_cdc_u_mmu_fifo/mem_reg[3][5]/D
Slack      : -22 ps
Slack      : -0.022 ns

--------------------------------------------------------------
Path       : 1167
Startpoint : basic_isa_instance/u_halt_fsm_state_reg[0]/CP
Endpoint   : ip_debug_trace_instance_u_trace_cdc_u_mmu_fifo/mem_reg[2][5]/D
Slack      : -22 ps
Slack      : -0.022 ns

--------------------------------------------------------------
Path       : 1168
Startpoint : basic_isa_instance/u_halt_fsm_state_reg[0]/CP
Endpoint   : ip_debug_trace_instance_u_trace_cdc_u_mmu_fifo/mem_reg[1][5]/D
Slack      : -22 ps
Slack      : -0.022 ns

--------------------------------------------------------------
Path       : 1169
Startpoint : basic_isa_instance/u_halt_fsm_state_reg[0]/CP
Endpoint   : ip_debug_trace_instance_u_trace_cdc_u_mmu_fifo/mem_reg[0][5]/D
Slack      : -22 ps
Slack      : -0.022 ns

--------------------------------------------------------------
Path       : 1170
Startpoint : basic_isa_instance/u_halt_fsm_state_reg[2]/CP
Endpoint   : ip_debug_trace_instance_u_trace_cdc_u_mmu_fifo/wr_ptr_bin_reg[3]/D
Slack      : -22 ps
Slack      : -0.022 ns

--------------------------------------------------------------
Path       : 1171
Startpoint : basic_isa_instance/u_halt_fsm_state_reg[2]/CP
Endpoint   : ip_debug_trace_instance_u_trace_cdc_u_mmu_fifo/wr_ptr_gray_reg[0]/D
Slack      : -22 ps
Slack      : -0.022 ns

--------------------------------------------------------------
Path       : 1172
Startpoint : basic_isa_instance/u_halt_fsm_state_reg[0]/CP
Endpoint   : ip_debug_trace_instance_u_trace_cdc_u_mmu_fifo/mem_reg[15][6]/D
Slack      : -21 ps
Slack      : -0.021 ns

--------------------------------------------------------------
Path       : 1173
Startpoint : basic_isa_instance/u_halt_fsm_state_reg[0]/CP
Endpoint   : ip_debug_trace_instance_u_trace_cdc_u_mmu_fifo/mem_reg[14][6]/D
Slack      : -21 ps
Slack      : -0.021 ns

--------------------------------------------------------------
Path       : 1174
Startpoint : basic_isa_instance/u_halt_fsm_state_reg[0]/CP
Endpoint   : ip_debug_trace_instance_u_trace_cdc_u_mmu_fifo/mem_reg[13][6]/D
Slack      : -21 ps
Slack      : -0.021 ns

--------------------------------------------------------------
Path       : 1175
Startpoint : basic_isa_instance/u_halt_fsm_state_reg[0]/CP
Endpoint   : ip_debug_trace_instance_u_trace_cdc_u_mmu_fifo/mem_reg[12][6]/D
Slack      : -21 ps
Slack      : -0.021 ns

--------------------------------------------------------------
Path       : 1176
Startpoint : basic_isa_instance/u_halt_fsm_state_reg[0]/CP
Endpoint   : ip_debug_trace_instance_u_trace_cdc_u_mmu_fifo/mem_reg[11][6]/D
Slack      : -21 ps
Slack      : -0.021 ns

--------------------------------------------------------------
Path       : 1177
Startpoint : basic_isa_instance/u_halt_fsm_state_reg[0]/CP
Endpoint   : ip_debug_trace_instance_u_trace_cdc_u_mmu_fifo/mem_reg[10][6]/D
Slack      : -21 ps
Slack      : -0.021 ns

--------------------------------------------------------------
Path       : 1178
Startpoint : basic_isa_instance/u_halt_fsm_state_reg[0]/CP
Endpoint   : ip_debug_trace_instance_u_trace_cdc_u_mmu_fifo/mem_reg[9][6]/D
Slack      : -21 ps
Slack      : -0.021 ns

--------------------------------------------------------------
Path       : 1179
Startpoint : basic_isa_instance/u_halt_fsm_state_reg[0]/CP
Endpoint   : ip_debug_trace_instance_u_trace_cdc_u_mmu_fifo/mem_reg[8][6]/D
Slack      : -21 ps
Slack      : -0.021 ns

--------------------------------------------------------------
Path       : 1180
Startpoint : basic_isa_instance/u_halt_fsm_state_reg[0]/CP
Endpoint   : ip_debug_trace_instance_u_trace_cdc_u_mmu_fifo/mem_reg[7][6]/D
Slack      : -21 ps
Slack      : -0.021 ns

--------------------------------------------------------------
Path       : 1181
Startpoint : basic_isa_instance/u_halt_fsm_state_reg[0]/CP
Endpoint   : ip_debug_trace_instance_u_trace_cdc_u_mmu_fifo/mem_reg[6][6]/D
Slack      : -21 ps
Slack      : -0.021 ns

--------------------------------------------------------------
Path       : 1182
Startpoint : basic_isa_instance/u_halt_fsm_state_reg[0]/CP
Endpoint   : ip_debug_trace_instance_u_trace_cdc_u_mmu_fifo/mem_reg[5][6]/D
Slack      : -21 ps
Slack      : -0.021 ns

--------------------------------------------------------------
Path       : 1183
Startpoint : basic_isa_instance/u_halt_fsm_state_reg[0]/CP
Endpoint   : ip_debug_trace_instance_u_trace_cdc_u_mmu_fifo/mem_reg[4][6]/D
Slack      : -21 ps
Slack      : -0.021 ns

--------------------------------------------------------------
Path       : 1184
Startpoint : basic_isa_instance/u_halt_fsm_state_reg[0]/CP
Endpoint   : ip_debug_trace_instance_u_trace_cdc_u_mmu_fifo/mem_reg[3][6]/D
Slack      : -21 ps
Slack      : -0.021 ns

--------------------------------------------------------------
Path       : 1185
Startpoint : basic_isa_instance/u_halt_fsm_state_reg[0]/CP
Endpoint   : ip_debug_trace_instance_u_trace_cdc_u_mmu_fifo/mem_reg[2][6]/D
Slack      : -21 ps
Slack      : -0.021 ns

--------------------------------------------------------------
Path       : 1186
Startpoint : basic_isa_instance/u_halt_fsm_state_reg[0]/CP
Endpoint   : ip_debug_trace_instance_u_trace_cdc_u_mmu_fifo/mem_reg[1][6]/D
Slack      : -21 ps
Slack      : -0.021 ns

--------------------------------------------------------------
Path       : 1187
Startpoint : basic_isa_instance/u_halt_fsm_state_reg[0]/CP
Endpoint   : ip_debug_trace_instance_u_trace_cdc_u_mmu_fifo/mem_reg[0][6]/D
Slack      : -21 ps
Slack      : -0.021 ns

--------------------------------------------------------------
Path       : 1188
Startpoint : csr_top_instance_csr_register_file_inst_satp_csr_inst_satp_r_reg[24]/CP
Endpoint   : axi2apb_instance/axi_trace_id_reg[4]/D
Slack      : -20 ps
Slack      : -0.020 ns

--------------------------------------------------------------
Path       : 1189
Startpoint : basic_isa_instance/u_halt_fsm_state_reg[0]/CP
Endpoint   : ip_debug_trace_instance_u_trace_cdc_u_mmu_fifo/mem_reg[15][1]/D
Slack      : -19 ps
Slack      : -0.019 ns

--------------------------------------------------------------
Path       : 1190
Startpoint : basic_isa_instance/u_halt_fsm_state_reg[0]/CP
Endpoint   : ip_debug_trace_instance_u_trace_cdc_u_mmu_fifo/mem_reg[14][1]/D
Slack      : -19 ps
Slack      : -0.019 ns

--------------------------------------------------------------
Path       : 1191
Startpoint : basic_isa_instance/u_halt_fsm_state_reg[0]/CP
Endpoint   : ip_debug_trace_instance_u_trace_cdc_u_mmu_fifo/mem_reg[13][1]/D
Slack      : -19 ps
Slack      : -0.019 ns

--------------------------------------------------------------
Path       : 1192
Startpoint : basic_isa_instance/u_halt_fsm_state_reg[0]/CP
Endpoint   : ip_debug_trace_instance_u_trace_cdc_u_mmu_fifo/mem_reg[12][1]/D
Slack      : -19 ps
Slack      : -0.019 ns

--------------------------------------------------------------
Path       : 1193
Startpoint : basic_isa_instance/u_halt_fsm_state_reg[0]/CP
Endpoint   : ip_debug_trace_instance_u_trace_cdc_u_mmu_fifo/mem_reg[11][1]/D
Slack      : -19 ps
Slack      : -0.019 ns

--------------------------------------------------------------
Path       : 1194
Startpoint : basic_isa_instance/u_halt_fsm_state_reg[0]/CP
Endpoint   : ip_debug_trace_instance_u_trace_cdc_u_mmu_fifo/mem_reg[10][1]/D
Slack      : -19 ps
Slack      : -0.019 ns

--------------------------------------------------------------
Path       : 1195
Startpoint : basic_isa_instance/u_halt_fsm_state_reg[0]/CP
Endpoint   : ip_debug_trace_instance_u_trace_cdc_u_mmu_fifo/mem_reg[9][1]/D
Slack      : -19 ps
Slack      : -0.019 ns

--------------------------------------------------------------
Path       : 1196
Startpoint : basic_isa_instance/u_halt_fsm_state_reg[0]/CP
Endpoint   : ip_debug_trace_instance_u_trace_cdc_u_mmu_fifo/mem_reg[8][1]/D
Slack      : -19 ps
Slack      : -0.019 ns

--------------------------------------------------------------
Path       : 1197
Startpoint : basic_isa_instance/u_halt_fsm_state_reg[0]/CP
Endpoint   : ip_debug_trace_instance_u_trace_cdc_u_mmu_fifo/mem_reg[7][1]/D
Slack      : -19 ps
Slack      : -0.019 ns

--------------------------------------------------------------
Path       : 1198
Startpoint : basic_isa_instance/u_halt_fsm_state_reg[0]/CP
Endpoint   : ip_debug_trace_instance_u_trace_cdc_u_mmu_fifo/mem_reg[6][1]/D
Slack      : -19 ps
Slack      : -0.019 ns

--------------------------------------------------------------
Path       : 1199
Startpoint : basic_isa_instance/u_halt_fsm_state_reg[0]/CP
Endpoint   : ip_debug_trace_instance_u_trace_cdc_u_mmu_fifo/mem_reg[5][1]/D
Slack      : -19 ps
Slack      : -0.019 ns

--------------------------------------------------------------
Path       : 1200
Startpoint : basic_isa_instance/u_halt_fsm_state_reg[0]/CP
Endpoint   : ip_debug_trace_instance_u_trace_cdc_u_mmu_fifo/mem_reg[4][1]/D
Slack      : -19 ps
Slack      : -0.019 ns

--------------------------------------------------------------
Path       : 1201
Startpoint : basic_isa_instance/u_halt_fsm_state_reg[0]/CP
Endpoint   : ip_debug_trace_instance_u_trace_cdc_u_mmu_fifo/mem_reg[3][1]/D
Slack      : -19 ps
Slack      : -0.019 ns

--------------------------------------------------------------
Path       : 1202
Startpoint : basic_isa_instance/u_halt_fsm_state_reg[0]/CP
Endpoint   : ip_debug_trace_instance_u_trace_cdc_u_mmu_fifo/mem_reg[2][1]/D
Slack      : -19 ps
Slack      : -0.019 ns

--------------------------------------------------------------
Path       : 1203
Startpoint : basic_isa_instance/u_halt_fsm_state_reg[0]/CP
Endpoint   : ip_debug_trace_instance_u_trace_cdc_u_mmu_fifo/mem_reg[1][1]/D
Slack      : -19 ps
Slack      : -0.019 ns

--------------------------------------------------------------
Path       : 1204
Startpoint : basic_isa_instance/u_halt_fsm_state_reg[0]/CP
Endpoint   : ip_debug_trace_instance_u_trace_cdc_u_mmu_fifo/mem_reg[0][1]/D
Slack      : -19 ps
Slack      : -0.019 ns

--------------------------------------------------------------
Path       : 1205
Startpoint : csr_top_instance_csr_register_file_inst_satp_csr_inst_satp_r_reg[30]/CP
Endpoint   : axi2apb_instance/slave_aw_burst_ctrl_reg/SE
Slack      : -19 ps
Slack      : -0.019 ns

--------------------------------------------------------------
Path       : 1206
Startpoint : mmu_instance_u_ptw_lat_base_ppn_reg[4]/CP
Endpoint   : pte_wrapper_instance_u_pte_memory/data_out_reg[13]/D
Slack      : -17 ps
Slack      : -0.017 ns

--------------------------------------------------------------
Path       : 1207
Startpoint : csr_top_instance_csr_register_file_inst_satp_csr_inst_satp_r_reg[24]/CP
Endpoint   : axi2apb_instance/write_fifo_write_ptr_reg[1]/SE
Slack      : -17 ps
Slack      : -0.017 ns

--------------------------------------------------------------
Path       : 1208
Startpoint : csr_top_instance_csr_register_file_inst_satp_csr_inst_satp_r_reg[24]/CP
Endpoint   : axi2apb_instance/write_fifo_write_ptr_reg[0]/SE
Slack      : -17 ps
Slack      : -0.017 ns

--------------------------------------------------------------
Path       : 1209
Startpoint : basic_isa_instance/u_halt_fsm_state_reg[0]/CP
Endpoint   : ip_debug_trace_instance_u_trace_cdc_u_mmu_fifo/mem_reg[15][8]/D
Slack      : -14 ps
Slack      : -0.014 ns

--------------------------------------------------------------
Path       : 1210
Startpoint : basic_isa_instance/u_halt_fsm_state_reg[0]/CP
Endpoint   : ip_debug_trace_instance_u_trace_cdc_u_mmu_fifo/mem_reg[14][8]/D
Slack      : -14 ps
Slack      : -0.014 ns

--------------------------------------------------------------
Path       : 1211
Startpoint : basic_isa_instance/u_halt_fsm_state_reg[0]/CP
Endpoint   : ip_debug_trace_instance_u_trace_cdc_u_mmu_fifo/mem_reg[13][8]/D
Slack      : -14 ps
Slack      : -0.014 ns

--------------------------------------------------------------
Path       : 1212
Startpoint : basic_isa_instance/u_halt_fsm_state_reg[0]/CP
Endpoint   : ip_debug_trace_instance_u_trace_cdc_u_mmu_fifo/mem_reg[12][8]/D
Slack      : -14 ps
Slack      : -0.014 ns

--------------------------------------------------------------
Path       : 1213
Startpoint : basic_isa_instance/u_halt_fsm_state_reg[0]/CP
Endpoint   : ip_debug_trace_instance_u_trace_cdc_u_mmu_fifo/mem_reg[11][8]/D
Slack      : -14 ps
Slack      : -0.014 ns

--------------------------------------------------------------
Path       : 1214
Startpoint : basic_isa_instance/u_halt_fsm_state_reg[0]/CP
Endpoint   : ip_debug_trace_instance_u_trace_cdc_u_mmu_fifo/mem_reg[10][8]/D
Slack      : -14 ps
Slack      : -0.014 ns

--------------------------------------------------------------
Path       : 1215
Startpoint : basic_isa_instance/u_halt_fsm_state_reg[0]/CP
Endpoint   : ip_debug_trace_instance_u_trace_cdc_u_mmu_fifo/mem_reg[9][8]/D
Slack      : -14 ps
Slack      : -0.014 ns

--------------------------------------------------------------
Path       : 1216
Startpoint : basic_isa_instance/u_halt_fsm_state_reg[0]/CP
Endpoint   : ip_debug_trace_instance_u_trace_cdc_u_mmu_fifo/mem_reg[8][8]/D
Slack      : -14 ps
Slack      : -0.014 ns

--------------------------------------------------------------
Path       : 1217
Startpoint : basic_isa_instance/u_halt_fsm_state_reg[0]/CP
Endpoint   : ip_debug_trace_instance_u_trace_cdc_u_mmu_fifo/mem_reg[7][8]/D
Slack      : -14 ps
Slack      : -0.014 ns

--------------------------------------------------------------
Path       : 1218
Startpoint : basic_isa_instance/u_halt_fsm_state_reg[0]/CP
Endpoint   : ip_debug_trace_instance_u_trace_cdc_u_mmu_fifo/mem_reg[6][8]/D
Slack      : -14 ps
Slack      : -0.014 ns

--------------------------------------------------------------
Path       : 1219
Startpoint : basic_isa_instance/u_halt_fsm_state_reg[0]/CP
Endpoint   : ip_debug_trace_instance_u_trace_cdc_u_mmu_fifo/mem_reg[5][8]/D
Slack      : -14 ps
Slack      : -0.014 ns

--------------------------------------------------------------
Path       : 1220
Startpoint : basic_isa_instance/u_halt_fsm_state_reg[0]/CP
Endpoint   : ip_debug_trace_instance_u_trace_cdc_u_mmu_fifo/mem_reg[4][8]/D
Slack      : -14 ps
Slack      : -0.014 ns

--------------------------------------------------------------
Path       : 1221
Startpoint : basic_isa_instance/u_halt_fsm_state_reg[0]/CP
Endpoint   : ip_debug_trace_instance_u_trace_cdc_u_mmu_fifo/mem_reg[3][8]/D
Slack      : -14 ps
Slack      : -0.014 ns

--------------------------------------------------------------
Path       : 1222
Startpoint : basic_isa_instance/u_halt_fsm_state_reg[0]/CP
Endpoint   : ip_debug_trace_instance_u_trace_cdc_u_mmu_fifo/mem_reg[2][8]/D
Slack      : -14 ps
Slack      : -0.014 ns

--------------------------------------------------------------
Path       : 1223
Startpoint : basic_isa_instance/u_halt_fsm_state_reg[0]/CP
Endpoint   : ip_debug_trace_instance_u_trace_cdc_u_mmu_fifo/mem_reg[1][8]/D
Slack      : -14 ps
Slack      : -0.014 ns

--------------------------------------------------------------
Path       : 1224
Startpoint : basic_isa_instance/u_halt_fsm_state_reg[0]/CP
Endpoint   : ip_debug_trace_instance_u_trace_cdc_u_mmu_fifo/mem_reg[0][8]/D
Slack      : -14 ps
Slack      : -0.014 ns

--------------------------------------------------------------
Path       : 1225
Startpoint : basic_isa_instance/u_halt_fsm_state_reg[0]/CP
Endpoint   : ip_debug_trace_instance_u_trace_cdc_u_mmu_fifo/mem_reg[15][3]/D
Slack      : -13 ps
Slack      : -0.013 ns

--------------------------------------------------------------
Path       : 1226
Startpoint : basic_isa_instance/u_halt_fsm_state_reg[0]/CP
Endpoint   : ip_debug_trace_instance_u_trace_cdc_u_mmu_fifo/mem_reg[14][3]/D
Slack      : -13 ps
Slack      : -0.013 ns

--------------------------------------------------------------
Path       : 1227
Startpoint : basic_isa_instance/u_halt_fsm_state_reg[0]/CP
Endpoint   : ip_debug_trace_instance_u_trace_cdc_u_mmu_fifo/mem_reg[13][3]/D
Slack      : -13 ps
Slack      : -0.013 ns

--------------------------------------------------------------
Path       : 1228
Startpoint : basic_isa_instance/u_halt_fsm_state_reg[0]/CP
Endpoint   : ip_debug_trace_instance_u_trace_cdc_u_mmu_fifo/mem_reg[12][3]/D
Slack      : -13 ps
Slack      : -0.013 ns

--------------------------------------------------------------
Path       : 1229
Startpoint : basic_isa_instance/u_halt_fsm_state_reg[0]/CP
Endpoint   : ip_debug_trace_instance_u_trace_cdc_u_mmu_fifo/mem_reg[11][3]/D
Slack      : -13 ps
Slack      : -0.013 ns

--------------------------------------------------------------
Path       : 1230
Startpoint : basic_isa_instance/u_halt_fsm_state_reg[0]/CP
Endpoint   : ip_debug_trace_instance_u_trace_cdc_u_mmu_fifo/mem_reg[10][3]/D
Slack      : -13 ps
Slack      : -0.013 ns

--------------------------------------------------------------
Path       : 1231
Startpoint : basic_isa_instance/u_halt_fsm_state_reg[0]/CP
Endpoint   : ip_debug_trace_instance_u_trace_cdc_u_mmu_fifo/mem_reg[9][3]/D
Slack      : -13 ps
Slack      : -0.013 ns

--------------------------------------------------------------
Path       : 1232
Startpoint : basic_isa_instance/u_halt_fsm_state_reg[0]/CP
Endpoint   : ip_debug_trace_instance_u_trace_cdc_u_mmu_fifo/mem_reg[8][3]/D
Slack      : -13 ps
Slack      : -0.013 ns

--------------------------------------------------------------
Path       : 1233
Startpoint : basic_isa_instance/u_halt_fsm_state_reg[0]/CP
Endpoint   : ip_debug_trace_instance_u_trace_cdc_u_mmu_fifo/mem_reg[7][3]/D
Slack      : -13 ps
Slack      : -0.013 ns

--------------------------------------------------------------
Path       : 1234
Startpoint : basic_isa_instance/u_halt_fsm_state_reg[0]/CP
Endpoint   : ip_debug_trace_instance_u_trace_cdc_u_mmu_fifo/mem_reg[6][3]/D
Slack      : -13 ps
Slack      : -0.013 ns

--------------------------------------------------------------
Path       : 1235
Startpoint : basic_isa_instance/u_halt_fsm_state_reg[0]/CP
Endpoint   : ip_debug_trace_instance_u_trace_cdc_u_mmu_fifo/mem_reg[5][3]/D
Slack      : -13 ps
Slack      : -0.013 ns

--------------------------------------------------------------
Path       : 1236
Startpoint : basic_isa_instance/u_halt_fsm_state_reg[0]/CP
Endpoint   : ip_debug_trace_instance_u_trace_cdc_u_mmu_fifo/mem_reg[4][3]/D
Slack      : -13 ps
Slack      : -0.013 ns

--------------------------------------------------------------
Path       : 1237
Startpoint : basic_isa_instance/u_halt_fsm_state_reg[0]/CP
Endpoint   : ip_debug_trace_instance_u_trace_cdc_u_mmu_fifo/mem_reg[3][3]/D
Slack      : -13 ps
Slack      : -0.013 ns

--------------------------------------------------------------
Path       : 1238
Startpoint : basic_isa_instance/u_halt_fsm_state_reg[0]/CP
Endpoint   : ip_debug_trace_instance_u_trace_cdc_u_mmu_fifo/mem_reg[2][3]/D
Slack      : -13 ps
Slack      : -0.013 ns

--------------------------------------------------------------
Path       : 1239
Startpoint : basic_isa_instance/u_halt_fsm_state_reg[0]/CP
Endpoint   : ip_debug_trace_instance_u_trace_cdc_u_mmu_fifo/mem_reg[1][3]/D
Slack      : -13 ps
Slack      : -0.013 ns

--------------------------------------------------------------
Path       : 1240
Startpoint : basic_isa_instance/u_halt_fsm_state_reg[0]/CP
Endpoint   : ip_debug_trace_instance_u_trace_cdc_u_mmu_fifo/mem_reg[0][3]/D
Slack      : -13 ps
Slack      : -0.013 ns

--------------------------------------------------------------
Path       : 1241
Startpoint : csr_top_instance_csr_register_file_inst_satp_csr_inst_satp_r_reg[24]/CP
Endpoint   : axi2apb_instance/write_fifo_fifo_reg[3][63]/D
Slack      : -13 ps
Slack      : -0.013 ns

--------------------------------------------------------------
Path       : 1242
Startpoint : csr_top_instance_csr_register_file_inst_satp_csr_inst_satp_r_reg[24]/CP
Endpoint   : axi2apb_instance/write_fifo_fifo_reg[3][62]/D
Slack      : -13 ps
Slack      : -0.013 ns

--------------------------------------------------------------
Path       : 1243
Startpoint : csr_top_instance_csr_register_file_inst_satp_csr_inst_satp_r_reg[24]/CP
Endpoint   : axi2apb_instance/write_fifo_fifo_reg[3][61]/D
Slack      : -13 ps
Slack      : -0.013 ns

--------------------------------------------------------------
Path       : 1244
Startpoint : csr_top_instance_csr_register_file_inst_satp_csr_inst_satp_r_reg[24]/CP
Endpoint   : axi2apb_instance/write_fifo_fifo_reg[3][60]/D
Slack      : -13 ps
Slack      : -0.013 ns

--------------------------------------------------------------
Path       : 1245
Startpoint : csr_top_instance_csr_register_file_inst_satp_csr_inst_satp_r_reg[24]/CP
Endpoint   : axi2apb_instance/write_fifo_fifo_reg[3][59]/D
Slack      : -13 ps
Slack      : -0.013 ns

--------------------------------------------------------------
Path       : 1246
Startpoint : csr_top_instance_csr_register_file_inst_satp_csr_inst_satp_r_reg[24]/CP
Endpoint   : axi2apb_instance/write_fifo_fifo_reg[3][58]/D
Slack      : -13 ps
Slack      : -0.013 ns

--------------------------------------------------------------
Path       : 1247
Startpoint : csr_top_instance_csr_register_file_inst_satp_csr_inst_satp_r_reg[24]/CP
Endpoint   : axi2apb_instance/write_fifo_fifo_reg[3][57]/D
Slack      : -13 ps
Slack      : -0.013 ns

--------------------------------------------------------------
Path       : 1248
Startpoint : csr_top_instance_csr_register_file_inst_satp_csr_inst_satp_r_reg[24]/CP
Endpoint   : axi2apb_instance/write_fifo_fifo_reg[3][56]/D
Slack      : -13 ps
Slack      : -0.013 ns

--------------------------------------------------------------
Path       : 1249
Startpoint : csr_top_instance_csr_register_file_inst_satp_csr_inst_satp_r_reg[24]/CP
Endpoint   : axi2apb_instance/write_fifo_fifo_reg[3][55]/D
Slack      : -13 ps
Slack      : -0.013 ns

--------------------------------------------------------------
Path       : 1250
Startpoint : csr_top_instance_csr_register_file_inst_satp_csr_inst_satp_r_reg[24]/CP
Endpoint   : axi2apb_instance/write_fifo_fifo_reg[3][54]/D
Slack      : -13 ps
Slack      : -0.013 ns

--------------------------------------------------------------
Path       : 1251
Startpoint : csr_top_instance_csr_register_file_inst_satp_csr_inst_satp_r_reg[24]/CP
Endpoint   : axi2apb_instance/write_fifo_fifo_reg[3][53]/D
Slack      : -13 ps
Slack      : -0.013 ns

--------------------------------------------------------------
Path       : 1252
Startpoint : csr_top_instance_csr_register_file_inst_satp_csr_inst_satp_r_reg[24]/CP
Endpoint   : axi2apb_instance/write_fifo_fifo_reg[3][52]/D
Slack      : -13 ps
Slack      : -0.013 ns

--------------------------------------------------------------
Path       : 1253
Startpoint : csr_top_instance_csr_register_file_inst_satp_csr_inst_satp_r_reg[24]/CP
Endpoint   : axi2apb_instance/write_fifo_fifo_reg[3][51]/D
Slack      : -13 ps
Slack      : -0.013 ns

--------------------------------------------------------------
Path       : 1254
Startpoint : csr_top_instance_csr_register_file_inst_satp_csr_inst_satp_r_reg[24]/CP
Endpoint   : axi2apb_instance/write_fifo_fifo_reg[3][50]/D
Slack      : -13 ps
Slack      : -0.013 ns

--------------------------------------------------------------
Path       : 1255
Startpoint : csr_top_instance_csr_register_file_inst_satp_csr_inst_satp_r_reg[24]/CP
Endpoint   : axi2apb_instance/write_fifo_fifo_reg[3][49]/D
Slack      : -13 ps
Slack      : -0.013 ns

--------------------------------------------------------------
Path       : 1256
Startpoint : csr_top_instance_csr_register_file_inst_satp_csr_inst_satp_r_reg[24]/CP
Endpoint   : axi2apb_instance/write_fifo_fifo_reg[3][48]/D
Slack      : -13 ps
Slack      : -0.013 ns

--------------------------------------------------------------
Path       : 1257
Startpoint : csr_top_instance_csr_register_file_inst_satp_csr_inst_satp_r_reg[24]/CP
Endpoint   : axi2apb_instance/write_fifo_fifo_reg[3][47]/D
Slack      : -13 ps
Slack      : -0.013 ns

--------------------------------------------------------------
Path       : 1258
Startpoint : csr_top_instance_csr_register_file_inst_satp_csr_inst_satp_r_reg[24]/CP
Endpoint   : axi2apb_instance/write_fifo_fifo_reg[3][46]/D
Slack      : -13 ps
Slack      : -0.013 ns

--------------------------------------------------------------
Path       : 1259
Startpoint : csr_top_instance_csr_register_file_inst_satp_csr_inst_satp_r_reg[24]/CP
Endpoint   : axi2apb_instance/write_fifo_fifo_reg[3][45]/D
Slack      : -13 ps
Slack      : -0.013 ns

--------------------------------------------------------------
Path       : 1260
Startpoint : csr_top_instance_csr_register_file_inst_satp_csr_inst_satp_r_reg[24]/CP
Endpoint   : axi2apb_instance/write_fifo_fifo_reg[3][44]/D
Slack      : -13 ps
Slack      : -0.013 ns

--------------------------------------------------------------
Path       : 1261
Startpoint : csr_top_instance_csr_register_file_inst_satp_csr_inst_satp_r_reg[24]/CP
Endpoint   : axi2apb_instance/write_fifo_fifo_reg[3][43]/D
Slack      : -13 ps
Slack      : -0.013 ns

--------------------------------------------------------------
Path       : 1262
Startpoint : csr_top_instance_csr_register_file_inst_satp_csr_inst_satp_r_reg[24]/CP
Endpoint   : axi2apb_instance/write_fifo_fifo_reg[3][42]/D
Slack      : -13 ps
Slack      : -0.013 ns

--------------------------------------------------------------
Path       : 1263
Startpoint : csr_top_instance_csr_register_file_inst_satp_csr_inst_satp_r_reg[24]/CP
Endpoint   : axi2apb_instance/write_fifo_fifo_reg[3][41]/D
Slack      : -13 ps
Slack      : -0.013 ns

--------------------------------------------------------------
Path       : 1264
Startpoint : csr_top_instance_csr_register_file_inst_satp_csr_inst_satp_r_reg[24]/CP
Endpoint   : axi2apb_instance/write_fifo_fifo_reg[3][40]/D
Slack      : -13 ps
Slack      : -0.013 ns

--------------------------------------------------------------
Path       : 1265
Startpoint : csr_top_instance_csr_register_file_inst_satp_csr_inst_satp_r_reg[24]/CP
Endpoint   : axi2apb_instance/write_fifo_fifo_reg[3][39]/D
Slack      : -13 ps
Slack      : -0.013 ns

--------------------------------------------------------------
Path       : 1266
Startpoint : csr_top_instance_csr_register_file_inst_satp_csr_inst_satp_r_reg[24]/CP
Endpoint   : axi2apb_instance/write_fifo_fifo_reg[3][38]/D
Slack      : -13 ps
Slack      : -0.013 ns

--------------------------------------------------------------
Path       : 1267
Startpoint : csr_top_instance_csr_register_file_inst_satp_csr_inst_satp_r_reg[24]/CP
Endpoint   : axi2apb_instance/write_fifo_fifo_reg[3][37]/D
Slack      : -13 ps
Slack      : -0.013 ns

--------------------------------------------------------------
Path       : 1268
Startpoint : csr_top_instance_csr_register_file_inst_satp_csr_inst_satp_r_reg[24]/CP
Endpoint   : axi2apb_instance/write_fifo_fifo_reg[3][36]/D
Slack      : -13 ps
Slack      : -0.013 ns

--------------------------------------------------------------
Path       : 1269
Startpoint : csr_top_instance_csr_register_file_inst_satp_csr_inst_satp_r_reg[24]/CP
Endpoint   : axi2apb_instance/write_fifo_fifo_reg[3][35]/D
Slack      : -13 ps
Slack      : -0.013 ns

--------------------------------------------------------------
Path       : 1270
Startpoint : csr_top_instance_csr_register_file_inst_satp_csr_inst_satp_r_reg[24]/CP
Endpoint   : axi2apb_instance/write_fifo_fifo_reg[3][34]/D
Slack      : -13 ps
Slack      : -0.013 ns

--------------------------------------------------------------
Path       : 1271
Startpoint : csr_top_instance_csr_register_file_inst_satp_csr_inst_satp_r_reg[24]/CP
Endpoint   : axi2apb_instance/write_fifo_fifo_reg[3][33]/D
Slack      : -13 ps
Slack      : -0.013 ns

--------------------------------------------------------------
Path       : 1272
Startpoint : csr_top_instance_csr_register_file_inst_satp_csr_inst_satp_r_reg[24]/CP
Endpoint   : axi2apb_instance/write_fifo_fifo_reg[3][32]/D
Slack      : -13 ps
Slack      : -0.013 ns

--------------------------------------------------------------
Path       : 1273
Startpoint : csr_top_instance_csr_register_file_inst_satp_csr_inst_satp_r_reg[24]/CP
Endpoint   : axi2apb_instance/write_fifo_fifo_reg[2][63]/D
Slack      : -13 ps
Slack      : -0.013 ns

--------------------------------------------------------------
Path       : 1274
Startpoint : csr_top_instance_csr_register_file_inst_satp_csr_inst_satp_r_reg[24]/CP
Endpoint   : axi2apb_instance/write_fifo_fifo_reg[2][62]/D
Slack      : -13 ps
Slack      : -0.013 ns

--------------------------------------------------------------
Path       : 1275
Startpoint : csr_top_instance_csr_register_file_inst_satp_csr_inst_satp_r_reg[24]/CP
Endpoint   : axi2apb_instance/write_fifo_fifo_reg[2][61]/D
Slack      : -13 ps
Slack      : -0.013 ns

--------------------------------------------------------------
Path       : 1276
Startpoint : csr_top_instance_csr_register_file_inst_satp_csr_inst_satp_r_reg[24]/CP
Endpoint   : axi2apb_instance/write_fifo_fifo_reg[2][60]/D
Slack      : -13 ps
Slack      : -0.013 ns

--------------------------------------------------------------
Path       : 1277
Startpoint : csr_top_instance_csr_register_file_inst_satp_csr_inst_satp_r_reg[24]/CP
Endpoint   : axi2apb_instance/write_fifo_fifo_reg[2][59]/D
Slack      : -13 ps
Slack      : -0.013 ns

--------------------------------------------------------------
Path       : 1278
Startpoint : csr_top_instance_csr_register_file_inst_satp_csr_inst_satp_r_reg[24]/CP
Endpoint   : axi2apb_instance/write_fifo_fifo_reg[2][58]/D
Slack      : -13 ps
Slack      : -0.013 ns

--------------------------------------------------------------
Path       : 1279
Startpoint : csr_top_instance_csr_register_file_inst_satp_csr_inst_satp_r_reg[24]/CP
Endpoint   : axi2apb_instance/write_fifo_fifo_reg[2][57]/D
Slack      : -13 ps
Slack      : -0.013 ns

--------------------------------------------------------------
Path       : 1280
Startpoint : csr_top_instance_csr_register_file_inst_satp_csr_inst_satp_r_reg[24]/CP
Endpoint   : axi2apb_instance/write_fifo_fifo_reg[2][56]/D
Slack      : -13 ps
Slack      : -0.013 ns

--------------------------------------------------------------
Path       : 1281
Startpoint : csr_top_instance_csr_register_file_inst_satp_csr_inst_satp_r_reg[24]/CP
Endpoint   : axi2apb_instance/write_fifo_fifo_reg[2][55]/D
Slack      : -13 ps
Slack      : -0.013 ns

--------------------------------------------------------------
Path       : 1282
Startpoint : csr_top_instance_csr_register_file_inst_satp_csr_inst_satp_r_reg[24]/CP
Endpoint   : axi2apb_instance/write_fifo_fifo_reg[2][54]/D
Slack      : -13 ps
Slack      : -0.013 ns

--------------------------------------------------------------
Path       : 1283
Startpoint : csr_top_instance_csr_register_file_inst_satp_csr_inst_satp_r_reg[24]/CP
Endpoint   : axi2apb_instance/write_fifo_fifo_reg[2][53]/D
Slack      : -13 ps
Slack      : -0.013 ns

--------------------------------------------------------------
Path       : 1284
Startpoint : csr_top_instance_csr_register_file_inst_satp_csr_inst_satp_r_reg[24]/CP
Endpoint   : axi2apb_instance/write_fifo_fifo_reg[2][52]/D
Slack      : -13 ps
Slack      : -0.013 ns

--------------------------------------------------------------
Path       : 1285
Startpoint : csr_top_instance_csr_register_file_inst_satp_csr_inst_satp_r_reg[24]/CP
Endpoint   : axi2apb_instance/write_fifo_fifo_reg[2][51]/D
Slack      : -13 ps
Slack      : -0.013 ns

--------------------------------------------------------------
Path       : 1286
Startpoint : csr_top_instance_csr_register_file_inst_satp_csr_inst_satp_r_reg[24]/CP
Endpoint   : axi2apb_instance/write_fifo_fifo_reg[2][50]/D
Slack      : -13 ps
Slack      : -0.013 ns

--------------------------------------------------------------
Path       : 1287
Startpoint : csr_top_instance_csr_register_file_inst_satp_csr_inst_satp_r_reg[24]/CP
Endpoint   : axi2apb_instance/write_fifo_fifo_reg[2][49]/D
Slack      : -13 ps
Slack      : -0.013 ns

--------------------------------------------------------------
Path       : 1288
Startpoint : csr_top_instance_csr_register_file_inst_satp_csr_inst_satp_r_reg[24]/CP
Endpoint   : axi2apb_instance/write_fifo_fifo_reg[2][48]/D
Slack      : -13 ps
Slack      : -0.013 ns

--------------------------------------------------------------
Path       : 1289
Startpoint : csr_top_instance_csr_register_file_inst_satp_csr_inst_satp_r_reg[24]/CP
Endpoint   : axi2apb_instance/write_fifo_fifo_reg[2][47]/D
Slack      : -13 ps
Slack      : -0.013 ns

--------------------------------------------------------------
Path       : 1290
Startpoint : csr_top_instance_csr_register_file_inst_satp_csr_inst_satp_r_reg[24]/CP
Endpoint   : axi2apb_instance/write_fifo_fifo_reg[2][46]/D
Slack      : -13 ps
Slack      : -0.013 ns

--------------------------------------------------------------
Path       : 1291
Startpoint : csr_top_instance_csr_register_file_inst_satp_csr_inst_satp_r_reg[24]/CP
Endpoint   : axi2apb_instance/write_fifo_fifo_reg[2][45]/D
Slack      : -13 ps
Slack      : -0.013 ns

--------------------------------------------------------------
Path       : 1292
Startpoint : csr_top_instance_csr_register_file_inst_satp_csr_inst_satp_r_reg[24]/CP
Endpoint   : axi2apb_instance/write_fifo_fifo_reg[2][44]/D
Slack      : -13 ps
Slack      : -0.013 ns

--------------------------------------------------------------
Path       : 1293
Startpoint : csr_top_instance_csr_register_file_inst_satp_csr_inst_satp_r_reg[24]/CP
Endpoint   : axi2apb_instance/write_fifo_fifo_reg[2][43]/D
Slack      : -13 ps
Slack      : -0.013 ns

--------------------------------------------------------------
Path       : 1294
Startpoint : csr_top_instance_csr_register_file_inst_satp_csr_inst_satp_r_reg[24]/CP
Endpoint   : axi2apb_instance/write_fifo_fifo_reg[2][42]/D
Slack      : -13 ps
Slack      : -0.013 ns

--------------------------------------------------------------
Path       : 1295
Startpoint : csr_top_instance_csr_register_file_inst_satp_csr_inst_satp_r_reg[24]/CP
Endpoint   : axi2apb_instance/write_fifo_fifo_reg[2][41]/D
Slack      : -13 ps
Slack      : -0.013 ns

--------------------------------------------------------------
Path       : 1296
Startpoint : csr_top_instance_csr_register_file_inst_satp_csr_inst_satp_r_reg[24]/CP
Endpoint   : axi2apb_instance/write_fifo_fifo_reg[2][40]/D
Slack      : -13 ps
Slack      : -0.013 ns

--------------------------------------------------------------
Path       : 1297
Startpoint : csr_top_instance_csr_register_file_inst_satp_csr_inst_satp_r_reg[24]/CP
Endpoint   : axi2apb_instance/write_fifo_fifo_reg[2][39]/D
Slack      : -13 ps
Slack      : -0.013 ns

--------------------------------------------------------------
Path       : 1298
Startpoint : csr_top_instance_csr_register_file_inst_satp_csr_inst_satp_r_reg[24]/CP
Endpoint   : axi2apb_instance/write_fifo_fifo_reg[2][38]/D
Slack      : -13 ps
Slack      : -0.013 ns

--------------------------------------------------------------
Path       : 1299
Startpoint : csr_top_instance_csr_register_file_inst_satp_csr_inst_satp_r_reg[24]/CP
Endpoint   : axi2apb_instance/write_fifo_fifo_reg[2][37]/D
Slack      : -13 ps
Slack      : -0.013 ns

--------------------------------------------------------------
Path       : 1300
Startpoint : csr_top_instance_csr_register_file_inst_satp_csr_inst_satp_r_reg[24]/CP
Endpoint   : axi2apb_instance/write_fifo_fifo_reg[2][36]/D
Slack      : -13 ps
Slack      : -0.013 ns

--------------------------------------------------------------
Path       : 1301
Startpoint : csr_top_instance_csr_register_file_inst_satp_csr_inst_satp_r_reg[24]/CP
Endpoint   : axi2apb_instance/write_fifo_fifo_reg[2][35]/D
Slack      : -13 ps
Slack      : -0.013 ns

--------------------------------------------------------------
Path       : 1302
Startpoint : csr_top_instance_csr_register_file_inst_satp_csr_inst_satp_r_reg[24]/CP
Endpoint   : axi2apb_instance/write_fifo_fifo_reg[2][34]/D
Slack      : -13 ps
Slack      : -0.013 ns

--------------------------------------------------------------
Path       : 1303
Startpoint : csr_top_instance_csr_register_file_inst_satp_csr_inst_satp_r_reg[24]/CP
Endpoint   : axi2apb_instance/write_fifo_fifo_reg[2][33]/D
Slack      : -13 ps
Slack      : -0.013 ns

--------------------------------------------------------------
Path       : 1304
Startpoint : csr_top_instance_csr_register_file_inst_satp_csr_inst_satp_r_reg[24]/CP
Endpoint   : axi2apb_instance/write_fifo_fifo_reg[2][32]/D
Slack      : -13 ps
Slack      : -0.013 ns

--------------------------------------------------------------
Path       : 1305
Startpoint : csr_top_instance_csr_register_file_inst_satp_csr_inst_satp_r_reg[24]/CP
Endpoint   : axi2apb_instance/write_fifo_fifo_reg[1][63]/D
Slack      : -13 ps
Slack      : -0.013 ns

--------------------------------------------------------------
Path       : 1306
Startpoint : csr_top_instance_csr_register_file_inst_satp_csr_inst_satp_r_reg[24]/CP
Endpoint   : axi2apb_instance/write_fifo_fifo_reg[1][62]/D
Slack      : -13 ps
Slack      : -0.013 ns

--------------------------------------------------------------
Path       : 1307
Startpoint : csr_top_instance_csr_register_file_inst_satp_csr_inst_satp_r_reg[24]/CP
Endpoint   : axi2apb_instance/write_fifo_fifo_reg[1][61]/D
Slack      : -13 ps
Slack      : -0.013 ns

--------------------------------------------------------------
Path       : 1308
Startpoint : csr_top_instance_csr_register_file_inst_satp_csr_inst_satp_r_reg[24]/CP
Endpoint   : axi2apb_instance/write_fifo_fifo_reg[1][60]/D
Slack      : -13 ps
Slack      : -0.013 ns

--------------------------------------------------------------
Path       : 1309
Startpoint : csr_top_instance_csr_register_file_inst_satp_csr_inst_satp_r_reg[24]/CP
Endpoint   : axi2apb_instance/write_fifo_fifo_reg[1][59]/D
Slack      : -13 ps
Slack      : -0.013 ns

--------------------------------------------------------------
Path       : 1310
Startpoint : csr_top_instance_csr_register_file_inst_satp_csr_inst_satp_r_reg[24]/CP
Endpoint   : axi2apb_instance/write_fifo_fifo_reg[1][58]/D
Slack      : -13 ps
Slack      : -0.013 ns

--------------------------------------------------------------
Path       : 1311
Startpoint : csr_top_instance_csr_register_file_inst_satp_csr_inst_satp_r_reg[24]/CP
Endpoint   : axi2apb_instance/write_fifo_fifo_reg[1][57]/D
Slack      : -13 ps
Slack      : -0.013 ns

--------------------------------------------------------------
Path       : 1312
Startpoint : csr_top_instance_csr_register_file_inst_satp_csr_inst_satp_r_reg[24]/CP
Endpoint   : axi2apb_instance/write_fifo_fifo_reg[1][56]/D
Slack      : -13 ps
Slack      : -0.013 ns

--------------------------------------------------------------
Path       : 1313
Startpoint : csr_top_instance_csr_register_file_inst_satp_csr_inst_satp_r_reg[24]/CP
Endpoint   : axi2apb_instance/write_fifo_fifo_reg[1][55]/D
Slack      : -13 ps
Slack      : -0.013 ns

--------------------------------------------------------------
Path       : 1314
Startpoint : csr_top_instance_csr_register_file_inst_satp_csr_inst_satp_r_reg[24]/CP
Endpoint   : axi2apb_instance/write_fifo_fifo_reg[1][54]/D
Slack      : -13 ps
Slack      : -0.013 ns

--------------------------------------------------------------
Path       : 1315
Startpoint : csr_top_instance_csr_register_file_inst_satp_csr_inst_satp_r_reg[24]/CP
Endpoint   : axi2apb_instance/write_fifo_fifo_reg[1][53]/D
Slack      : -13 ps
Slack      : -0.013 ns

--------------------------------------------------------------
Path       : 1316
Startpoint : csr_top_instance_csr_register_file_inst_satp_csr_inst_satp_r_reg[24]/CP
Endpoint   : axi2apb_instance/write_fifo_fifo_reg[1][52]/D
Slack      : -13 ps
Slack      : -0.013 ns

--------------------------------------------------------------
Path       : 1317
Startpoint : csr_top_instance_csr_register_file_inst_satp_csr_inst_satp_r_reg[24]/CP
Endpoint   : axi2apb_instance/write_fifo_fifo_reg[1][51]/D
Slack      : -13 ps
Slack      : -0.013 ns

--------------------------------------------------------------
Path       : 1318
Startpoint : csr_top_instance_csr_register_file_inst_satp_csr_inst_satp_r_reg[24]/CP
Endpoint   : axi2apb_instance/write_fifo_fifo_reg[1][50]/D
Slack      : -13 ps
Slack      : -0.013 ns

--------------------------------------------------------------
Path       : 1319
Startpoint : csr_top_instance_csr_register_file_inst_satp_csr_inst_satp_r_reg[24]/CP
Endpoint   : axi2apb_instance/write_fifo_fifo_reg[1][49]/D
Slack      : -13 ps
Slack      : -0.013 ns

--------------------------------------------------------------
Path       : 1320
Startpoint : csr_top_instance_csr_register_file_inst_satp_csr_inst_satp_r_reg[24]/CP
Endpoint   : axi2apb_instance/write_fifo_fifo_reg[1][48]/D
Slack      : -13 ps
Slack      : -0.013 ns

--------------------------------------------------------------
Path       : 1321
Startpoint : csr_top_instance_csr_register_file_inst_satp_csr_inst_satp_r_reg[24]/CP
Endpoint   : axi2apb_instance/write_fifo_fifo_reg[1][47]/D
Slack      : -13 ps
Slack      : -0.013 ns

--------------------------------------------------------------
Path       : 1322
Startpoint : csr_top_instance_csr_register_file_inst_satp_csr_inst_satp_r_reg[24]/CP
Endpoint   : axi2apb_instance/write_fifo_fifo_reg[1][46]/D
Slack      : -13 ps
Slack      : -0.013 ns

--------------------------------------------------------------
Path       : 1323
Startpoint : csr_top_instance_csr_register_file_inst_satp_csr_inst_satp_r_reg[24]/CP
Endpoint   : axi2apb_instance/write_fifo_fifo_reg[1][45]/D
Slack      : -13 ps
Slack      : -0.013 ns

--------------------------------------------------------------
Path       : 1324
Startpoint : csr_top_instance_csr_register_file_inst_satp_csr_inst_satp_r_reg[24]/CP
Endpoint   : axi2apb_instance/write_fifo_fifo_reg[1][44]/D
Slack      : -13 ps
Slack      : -0.013 ns

--------------------------------------------------------------
Path       : 1325
Startpoint : csr_top_instance_csr_register_file_inst_satp_csr_inst_satp_r_reg[24]/CP
Endpoint   : axi2apb_instance/write_fifo_fifo_reg[1][43]/D
Slack      : -13 ps
Slack      : -0.013 ns

--------------------------------------------------------------
Path       : 1326
Startpoint : csr_top_instance_csr_register_file_inst_satp_csr_inst_satp_r_reg[24]/CP
Endpoint   : axi2apb_instance/write_fifo_fifo_reg[1][42]/D
Slack      : -13 ps
Slack      : -0.013 ns

--------------------------------------------------------------
Path       : 1327
Startpoint : csr_top_instance_csr_register_file_inst_satp_csr_inst_satp_r_reg[24]/CP
Endpoint   : axi2apb_instance/write_fifo_fifo_reg[1][41]/D
Slack      : -13 ps
Slack      : -0.013 ns

--------------------------------------------------------------
Path       : 1328
Startpoint : csr_top_instance_csr_register_file_inst_satp_csr_inst_satp_r_reg[24]/CP
Endpoint   : axi2apb_instance/write_fifo_fifo_reg[1][40]/D
Slack      : -13 ps
Slack      : -0.013 ns

--------------------------------------------------------------
Path       : 1329
Startpoint : csr_top_instance_csr_register_file_inst_satp_csr_inst_satp_r_reg[24]/CP
Endpoint   : axi2apb_instance/write_fifo_fifo_reg[1][39]/D
Slack      : -13 ps
Slack      : -0.013 ns

--------------------------------------------------------------
Path       : 1330
Startpoint : csr_top_instance_csr_register_file_inst_satp_csr_inst_satp_r_reg[24]/CP
Endpoint   : axi2apb_instance/write_fifo_fifo_reg[1][38]/D
Slack      : -13 ps
Slack      : -0.013 ns

--------------------------------------------------------------
Path       : 1331
Startpoint : csr_top_instance_csr_register_file_inst_satp_csr_inst_satp_r_reg[24]/CP
Endpoint   : axi2apb_instance/write_fifo_fifo_reg[1][37]/D
Slack      : -13 ps
Slack      : -0.013 ns

--------------------------------------------------------------
Path       : 1332
Startpoint : csr_top_instance_csr_register_file_inst_satp_csr_inst_satp_r_reg[24]/CP
Endpoint   : axi2apb_instance/write_fifo_fifo_reg[1][36]/D
Slack      : -13 ps
Slack      : -0.013 ns

--------------------------------------------------------------
Path       : 1333
Startpoint : csr_top_instance_csr_register_file_inst_satp_csr_inst_satp_r_reg[24]/CP
Endpoint   : axi2apb_instance/write_fifo_fifo_reg[1][35]/D
Slack      : -13 ps
Slack      : -0.013 ns

--------------------------------------------------------------
Path       : 1334
Startpoint : csr_top_instance_csr_register_file_inst_satp_csr_inst_satp_r_reg[24]/CP
Endpoint   : axi2apb_instance/write_fifo_fifo_reg[1][34]/D
Slack      : -13 ps
Slack      : -0.013 ns

--------------------------------------------------------------
Path       : 1335
Startpoint : csr_top_instance_csr_register_file_inst_satp_csr_inst_satp_r_reg[24]/CP
Endpoint   : axi2apb_instance/write_fifo_fifo_reg[1][33]/D
Slack      : -13 ps
Slack      : -0.013 ns

--------------------------------------------------------------
Path       : 1336
Startpoint : csr_top_instance_csr_register_file_inst_satp_csr_inst_satp_r_reg[24]/CP
Endpoint   : axi2apb_instance/write_fifo_fifo_reg[1][32]/D
Slack      : -13 ps
Slack      : -0.013 ns

--------------------------------------------------------------
Path       : 1337
Startpoint : csr_top_instance_csr_register_file_inst_satp_csr_inst_satp_r_reg[24]/CP
Endpoint   : axi2apb_instance/write_fifo_fifo_reg[0][63]/D
Slack      : -13 ps
Slack      : -0.013 ns

--------------------------------------------------------------
Path       : 1338
Startpoint : csr_top_instance_csr_register_file_inst_satp_csr_inst_satp_r_reg[24]/CP
Endpoint   : axi2apb_instance/write_fifo_fifo_reg[0][62]/D
Slack      : -13 ps
Slack      : -0.013 ns

--------------------------------------------------------------
Path       : 1339
Startpoint : csr_top_instance_csr_register_file_inst_satp_csr_inst_satp_r_reg[24]/CP
Endpoint   : axi2apb_instance/write_fifo_fifo_reg[0][61]/D
Slack      : -13 ps
Slack      : -0.013 ns

--------------------------------------------------------------
Path       : 1340
Startpoint : csr_top_instance_csr_register_file_inst_satp_csr_inst_satp_r_reg[24]/CP
Endpoint   : axi2apb_instance/write_fifo_fifo_reg[0][60]/D
Slack      : -13 ps
Slack      : -0.013 ns

--------------------------------------------------------------
Path       : 1341
Startpoint : csr_top_instance_csr_register_file_inst_satp_csr_inst_satp_r_reg[24]/CP
Endpoint   : axi2apb_instance/write_fifo_fifo_reg[0][59]/D
Slack      : -13 ps
Slack      : -0.013 ns

--------------------------------------------------------------
Path       : 1342
Startpoint : csr_top_instance_csr_register_file_inst_satp_csr_inst_satp_r_reg[24]/CP
Endpoint   : axi2apb_instance/write_fifo_fifo_reg[0][58]/D
Slack      : -13 ps
Slack      : -0.013 ns

--------------------------------------------------------------
Path       : 1343
Startpoint : csr_top_instance_csr_register_file_inst_satp_csr_inst_satp_r_reg[24]/CP
Endpoint   : axi2apb_instance/write_fifo_fifo_reg[0][57]/D
Slack      : -13 ps
Slack      : -0.013 ns

--------------------------------------------------------------
Path       : 1344
Startpoint : csr_top_instance_csr_register_file_inst_satp_csr_inst_satp_r_reg[24]/CP
Endpoint   : axi2apb_instance/write_fifo_fifo_reg[0][56]/D
Slack      : -13 ps
Slack      : -0.013 ns

--------------------------------------------------------------
Path       : 1345
Startpoint : csr_top_instance_csr_register_file_inst_satp_csr_inst_satp_r_reg[24]/CP
Endpoint   : axi2apb_instance/write_fifo_fifo_reg[0][55]/D
Slack      : -13 ps
Slack      : -0.013 ns

--------------------------------------------------------------
Path       : 1346
Startpoint : csr_top_instance_csr_register_file_inst_satp_csr_inst_satp_r_reg[24]/CP
Endpoint   : axi2apb_instance/write_fifo_fifo_reg[0][54]/D
Slack      : -13 ps
Slack      : -0.013 ns

--------------------------------------------------------------
Path       : 1347
Startpoint : csr_top_instance_csr_register_file_inst_satp_csr_inst_satp_r_reg[24]/CP
Endpoint   : axi2apb_instance/write_fifo_fifo_reg[0][53]/D
Slack      : -13 ps
Slack      : -0.013 ns

--------------------------------------------------------------
Path       : 1348
Startpoint : csr_top_instance_csr_register_file_inst_satp_csr_inst_satp_r_reg[24]/CP
Endpoint   : axi2apb_instance/write_fifo_fifo_reg[0][52]/D
Slack      : -13 ps
Slack      : -0.013 ns

--------------------------------------------------------------
Path       : 1349
Startpoint : csr_top_instance_csr_register_file_inst_satp_csr_inst_satp_r_reg[24]/CP
Endpoint   : axi2apb_instance/write_fifo_fifo_reg[0][51]/D
Slack      : -13 ps
Slack      : -0.013 ns

--------------------------------------------------------------
Path       : 1350
Startpoint : csr_top_instance_csr_register_file_inst_satp_csr_inst_satp_r_reg[24]/CP
Endpoint   : axi2apb_instance/write_fifo_fifo_reg[0][50]/D
Slack      : -13 ps
Slack      : -0.013 ns

--------------------------------------------------------------
Path       : 1351
Startpoint : csr_top_instance_csr_register_file_inst_satp_csr_inst_satp_r_reg[24]/CP
Endpoint   : axi2apb_instance/write_fifo_fifo_reg[0][49]/D
Slack      : -13 ps
Slack      : -0.013 ns

--------------------------------------------------------------
Path       : 1352
Startpoint : csr_top_instance_csr_register_file_inst_satp_csr_inst_satp_r_reg[24]/CP
Endpoint   : axi2apb_instance/write_fifo_fifo_reg[0][48]/D
Slack      : -13 ps
Slack      : -0.013 ns

--------------------------------------------------------------
Path       : 1353
Startpoint : csr_top_instance_csr_register_file_inst_satp_csr_inst_satp_r_reg[24]/CP
Endpoint   : axi2apb_instance/write_fifo_fifo_reg[0][47]/D
Slack      : -13 ps
Slack      : -0.013 ns

--------------------------------------------------------------
Path       : 1354
Startpoint : csr_top_instance_csr_register_file_inst_satp_csr_inst_satp_r_reg[24]/CP
Endpoint   : axi2apb_instance/write_fifo_fifo_reg[0][46]/D
Slack      : -13 ps
Slack      : -0.013 ns

--------------------------------------------------------------
Path       : 1355
Startpoint : csr_top_instance_csr_register_file_inst_satp_csr_inst_satp_r_reg[24]/CP
Endpoint   : axi2apb_instance/write_fifo_fifo_reg[0][45]/D
Slack      : -13 ps
Slack      : -0.013 ns

--------------------------------------------------------------
Path       : 1356
Startpoint : csr_top_instance_csr_register_file_inst_satp_csr_inst_satp_r_reg[24]/CP
Endpoint   : axi2apb_instance/write_fifo_fifo_reg[0][44]/D
Slack      : -13 ps
Slack      : -0.013 ns

--------------------------------------------------------------
Path       : 1357
Startpoint : csr_top_instance_csr_register_file_inst_satp_csr_inst_satp_r_reg[24]/CP
Endpoint   : axi2apb_instance/write_fifo_fifo_reg[0][43]/D
Slack      : -13 ps
Slack      : -0.013 ns

--------------------------------------------------------------
Path       : 1358
Startpoint : csr_top_instance_csr_register_file_inst_satp_csr_inst_satp_r_reg[24]/CP
Endpoint   : axi2apb_instance/write_fifo_fifo_reg[0][42]/D
Slack      : -13 ps
Slack      : -0.013 ns

--------------------------------------------------------------
Path       : 1359
Startpoint : csr_top_instance_csr_register_file_inst_satp_csr_inst_satp_r_reg[24]/CP
Endpoint   : axi2apb_instance/write_fifo_fifo_reg[0][41]/D
Slack      : -13 ps
Slack      : -0.013 ns

--------------------------------------------------------------
Path       : 1360
Startpoint : csr_top_instance_csr_register_file_inst_satp_csr_inst_satp_r_reg[24]/CP
Endpoint   : axi2apb_instance/write_fifo_fifo_reg[0][40]/D
Slack      : -13 ps
Slack      : -0.013 ns

--------------------------------------------------------------
Path       : 1361
Startpoint : csr_top_instance_csr_register_file_inst_satp_csr_inst_satp_r_reg[24]/CP
Endpoint   : axi2apb_instance/write_fifo_fifo_reg[0][39]/D
Slack      : -13 ps
Slack      : -0.013 ns

--------------------------------------------------------------
Path       : 1362
Startpoint : csr_top_instance_csr_register_file_inst_satp_csr_inst_satp_r_reg[24]/CP
Endpoint   : axi2apb_instance/write_fifo_fifo_reg[0][38]/D
Slack      : -13 ps
Slack      : -0.013 ns

--------------------------------------------------------------
Path       : 1363
Startpoint : csr_top_instance_csr_register_file_inst_satp_csr_inst_satp_r_reg[24]/CP
Endpoint   : axi2apb_instance/write_fifo_fifo_reg[0][37]/D
Slack      : -13 ps
Slack      : -0.013 ns

--------------------------------------------------------------
Path       : 1364
Startpoint : csr_top_instance_csr_register_file_inst_satp_csr_inst_satp_r_reg[24]/CP
Endpoint   : axi2apb_instance/write_fifo_fifo_reg[0][36]/D
Slack      : -13 ps
Slack      : -0.013 ns

--------------------------------------------------------------
Path       : 1365
Startpoint : csr_top_instance_csr_register_file_inst_satp_csr_inst_satp_r_reg[24]/CP
Endpoint   : axi2apb_instance/write_fifo_fifo_reg[0][35]/D
Slack      : -13 ps
Slack      : -0.013 ns

--------------------------------------------------------------
Path       : 1366
Startpoint : csr_top_instance_csr_register_file_inst_satp_csr_inst_satp_r_reg[24]/CP
Endpoint   : axi2apb_instance/write_fifo_fifo_reg[0][34]/D
Slack      : -13 ps
Slack      : -0.013 ns

--------------------------------------------------------------
Path       : 1367
Startpoint : csr_top_instance_csr_register_file_inst_satp_csr_inst_satp_r_reg[24]/CP
Endpoint   : axi2apb_instance/write_fifo_fifo_reg[0][33]/D
Slack      : -13 ps
Slack      : -0.013 ns

--------------------------------------------------------------
Path       : 1368
Startpoint : csr_top_instance_csr_register_file_inst_satp_csr_inst_satp_r_reg[24]/CP
Endpoint   : axi2apb_instance/write_fifo_fifo_reg[0][32]/D
Slack      : -13 ps
Slack      : -0.013 ns

--------------------------------------------------------------
Path       : 1369
Startpoint : basic_isa_instance/u_ex_mem_alu_result_mem_reg[31]/CP
Endpoint   : axi2apb_instance/axi_trace_id_reg[3]/D
Slack      : -13 ps
Slack      : -0.013 ns

--------------------------------------------------------------
Path       : 1370
Startpoint : interrupt_controller_instance/soc_top_inst_interrupt_recieve_inst_interrupt_pending_o_reg[4]/CP
Endpoint   : interrupt_controller_instance/soc_top_inst_priority_resolve_inst_highest_pending_lvl_pr_o_reg[6]/SI
Slack      : -13 ps
Slack      : -0.013 ns

--------------------------------------------------------------
Path       : 1371
Startpoint : basic_isa_instance/u_halt_fsm_state_reg[2]/CP
Endpoint   : ip_debug_trace_instance_u_trace_cdc_u_mmu_fifo/mem_reg[15][16]/D
Slack      : -12 ps
Slack      : -0.012 ns

--------------------------------------------------------------
Path       : 1372
Startpoint : basic_isa_instance/u_halt_fsm_state_reg[2]/CP
Endpoint   : ip_debug_trace_instance_u_trace_cdc_u_mmu_fifo/mem_reg[14][16]/D
Slack      : -12 ps
Slack      : -0.012 ns

--------------------------------------------------------------
Path       : 1373
Startpoint : basic_isa_instance/u_halt_fsm_state_reg[2]/CP
Endpoint   : ip_debug_trace_instance_u_trace_cdc_u_mmu_fifo/mem_reg[13][16]/D
Slack      : -12 ps
Slack      : -0.012 ns

--------------------------------------------------------------
Path       : 1374
Startpoint : basic_isa_instance/u_halt_fsm_state_reg[2]/CP
Endpoint   : ip_debug_trace_instance_u_trace_cdc_u_mmu_fifo/mem_reg[12][16]/D
Slack      : -12 ps
Slack      : -0.012 ns

--------------------------------------------------------------
Path       : 1375
Startpoint : basic_isa_instance/u_halt_fsm_state_reg[2]/CP
Endpoint   : ip_debug_trace_instance_u_trace_cdc_u_mmu_fifo/mem_reg[11][16]/D
Slack      : -12 ps
Slack      : -0.012 ns

--------------------------------------------------------------
Path       : 1376
Startpoint : basic_isa_instance/u_halt_fsm_state_reg[2]/CP
Endpoint   : ip_debug_trace_instance_u_trace_cdc_u_mmu_fifo/mem_reg[10][16]/D
Slack      : -12 ps
Slack      : -0.012 ns

--------------------------------------------------------------
Path       : 1377
Startpoint : basic_isa_instance/u_halt_fsm_state_reg[2]/CP
Endpoint   : ip_debug_trace_instance_u_trace_cdc_u_mmu_fifo/mem_reg[9][16]/D
Slack      : -12 ps
Slack      : -0.012 ns

--------------------------------------------------------------
Path       : 1378
Startpoint : basic_isa_instance/u_halt_fsm_state_reg[2]/CP
Endpoint   : ip_debug_trace_instance_u_trace_cdc_u_mmu_fifo/mem_reg[8][16]/D
Slack      : -12 ps
Slack      : -0.012 ns

--------------------------------------------------------------
Path       : 1379
Startpoint : basic_isa_instance/u_halt_fsm_state_reg[2]/CP
Endpoint   : ip_debug_trace_instance_u_trace_cdc_u_mmu_fifo/mem_reg[7][16]/D
Slack      : -12 ps
Slack      : -0.012 ns

--------------------------------------------------------------
Path       : 1380
Startpoint : basic_isa_instance/u_halt_fsm_state_reg[2]/CP
Endpoint   : ip_debug_trace_instance_u_trace_cdc_u_mmu_fifo/mem_reg[6][16]/D
Slack      : -12 ps
Slack      : -0.012 ns

--------------------------------------------------------------
Path       : 1381
Startpoint : basic_isa_instance/u_halt_fsm_state_reg[2]/CP
Endpoint   : ip_debug_trace_instance_u_trace_cdc_u_mmu_fifo/mem_reg[5][16]/D
Slack      : -12 ps
Slack      : -0.012 ns

--------------------------------------------------------------
Path       : 1382
Startpoint : basic_isa_instance/u_halt_fsm_state_reg[2]/CP
Endpoint   : ip_debug_trace_instance_u_trace_cdc_u_mmu_fifo/mem_reg[4][16]/D
Slack      : -12 ps
Slack      : -0.012 ns

--------------------------------------------------------------
Path       : 1383
Startpoint : basic_isa_instance/u_halt_fsm_state_reg[2]/CP
Endpoint   : ip_debug_trace_instance_u_trace_cdc_u_mmu_fifo/mem_reg[3][16]/D
Slack      : -12 ps
Slack      : -0.012 ns

--------------------------------------------------------------
Path       : 1384
Startpoint : basic_isa_instance/u_halt_fsm_state_reg[2]/CP
Endpoint   : ip_debug_trace_instance_u_trace_cdc_u_mmu_fifo/mem_reg[2][16]/D
Slack      : -12 ps
Slack      : -0.012 ns

--------------------------------------------------------------
Path       : 1385
Startpoint : basic_isa_instance/u_halt_fsm_state_reg[2]/CP
Endpoint   : ip_debug_trace_instance_u_trace_cdc_u_mmu_fifo/mem_reg[1][16]/D
Slack      : -12 ps
Slack      : -0.012 ns

--------------------------------------------------------------
Path       : 1386
Startpoint : basic_isa_instance/u_halt_fsm_state_reg[2]/CP
Endpoint   : ip_debug_trace_instance_u_trace_cdc_u_mmu_fifo/mem_reg[0][16]/D
Slack      : -12 ps
Slack      : -0.012 ns

--------------------------------------------------------------
Path       : 1387
Startpoint : mmu_instance_u_ptw_lat_base_ppn_reg[4]/CP
Endpoint   : pte_wrapper_instance_u_pte_memory/data_out_reg[16]/D
Slack      : -12 ps
Slack      : -0.012 ns

--------------------------------------------------------------
Path       : 1388
Startpoint : basic_isa_instance/u_ex_mem_inst_mem_o_reg[9]/CP
Endpoint   : basic_isa_instance/u_if_u_btb_U_FILE_state_arr_reg[7][1][0]/D
Slack      : -12 ps
Slack      : -0.012 ns

--------------------------------------------------------------
Path       : 1389
Startpoint : basic_isa_instance/u_ex_mem_inst_mem_o_reg[9]/CP
Endpoint   : basic_isa_instance/u_if_u_btb_U_FILE_state_arr_reg[7][0][0]/D
Slack      : -12 ps
Slack      : -0.012 ns

--------------------------------------------------------------
Path       : 1390
Startpoint : basic_isa_instance/u_ex_mem_inst_mem_o_reg[9]/CP
Endpoint   : basic_isa_instance/u_if_u_btb_U_FILE_state_arr_reg[6][1][0]/D
Slack      : -12 ps
Slack      : -0.012 ns

--------------------------------------------------------------
Path       : 1391
Startpoint : basic_isa_instance/u_ex_mem_inst_mem_o_reg[9]/CP
Endpoint   : basic_isa_instance/u_if_u_btb_U_FILE_state_arr_reg[6][0][0]/D
Slack      : -12 ps
Slack      : -0.012 ns

--------------------------------------------------------------
Path       : 1392
Startpoint : basic_isa_instance/u_ex_mem_inst_mem_o_reg[9]/CP
Endpoint   : basic_isa_instance/u_if_u_btb_U_FILE_state_arr_reg[5][1][0]/D
Slack      : -12 ps
Slack      : -0.012 ns

--------------------------------------------------------------
Path       : 1393
Startpoint : basic_isa_instance/u_ex_mem_inst_mem_o_reg[9]/CP
Endpoint   : basic_isa_instance/u_if_u_btb_U_FILE_state_arr_reg[5][0][0]/D
Slack      : -12 ps
Slack      : -0.012 ns

--------------------------------------------------------------
Path       : 1394
Startpoint : basic_isa_instance/u_ex_mem_inst_mem_o_reg[9]/CP
Endpoint   : basic_isa_instance/u_if_u_btb_U_FILE_state_arr_reg[4][1][0]/D
Slack      : -12 ps
Slack      : -0.012 ns

--------------------------------------------------------------
Path       : 1395
Startpoint : basic_isa_instance/u_ex_mem_inst_mem_o_reg[9]/CP
Endpoint   : basic_isa_instance/u_if_u_btb_U_FILE_state_arr_reg[4][0][0]/D
Slack      : -12 ps
Slack      : -0.012 ns

--------------------------------------------------------------
Path       : 1396
Startpoint : basic_isa_instance/u_ex_mem_inst_mem_o_reg[9]/CP
Endpoint   : basic_isa_instance/u_if_u_btb_U_FILE_state_arr_reg[3][1][0]/D
Slack      : -12 ps
Slack      : -0.012 ns

--------------------------------------------------------------
Path       : 1397
Startpoint : basic_isa_instance/u_ex_mem_inst_mem_o_reg[9]/CP
Endpoint   : basic_isa_instance/u_if_u_btb_U_FILE_state_arr_reg[3][0][0]/D
Slack      : -12 ps
Slack      : -0.012 ns

--------------------------------------------------------------
Path       : 1398
Startpoint : basic_isa_instance/u_ex_mem_inst_mem_o_reg[9]/CP
Endpoint   : basic_isa_instance/u_if_u_btb_U_FILE_state_arr_reg[2][1][0]/D
Slack      : -12 ps
Slack      : -0.012 ns

--------------------------------------------------------------
Path       : 1399
Startpoint : basic_isa_instance/u_ex_mem_inst_mem_o_reg[9]/CP
Endpoint   : basic_isa_instance/u_if_u_btb_U_FILE_state_arr_reg[2][0][0]/D
Slack      : -12 ps
Slack      : -0.012 ns

--------------------------------------------------------------
Path       : 1400
Startpoint : basic_isa_instance/u_ex_mem_inst_mem_o_reg[9]/CP
Endpoint   : basic_isa_instance/u_if_u_btb_U_FILE_state_arr_reg[1][0][0]/D
Slack      : -12 ps
Slack      : -0.012 ns

--------------------------------------------------------------
Path       : 1401
Startpoint : basic_isa_instance/u_ex_mem_inst_mem_o_reg[9]/CP
Endpoint   : basic_isa_instance/u_if_u_btb_U_FILE_state_arr_reg[0][1][0]/D
Slack      : -12 ps
Slack      : -0.012 ns

--------------------------------------------------------------
Path       : 1402
Startpoint : basic_isa_instance/u_ex_mem_inst_mem_o_reg[9]/CP
Endpoint   : basic_isa_instance/u_if_u_btb_U_FILE_state_arr_reg[1][1][0]/D
Slack      : -12 ps
Slack      : -0.012 ns

--------------------------------------------------------------
Path       : 1403
Startpoint : basic_isa_instance/u_ex_mem_inst_mem_o_reg[9]/CP
Endpoint   : basic_isa_instance/u_if_u_btb_U_FILE_state_arr_reg[0][0][0]/D
Slack      : -12 ps
Slack      : -0.012 ns

--------------------------------------------------------------
Path       : 1404
Startpoint : basic_isa_instance/u_halt_fsm_state_reg[0]/CP
Endpoint   : ip_debug_trace_instance_u_trace_cdc_u_mmu_fifo/mem_reg[15][14]/D
Slack      : -12 ps
Slack      : -0.012 ns

--------------------------------------------------------------
Path       : 1405
Startpoint : basic_isa_instance/u_halt_fsm_state_reg[0]/CP
Endpoint   : ip_debug_trace_instance_u_trace_cdc_u_mmu_fifo/mem_reg[14][14]/D
Slack      : -12 ps
Slack      : -0.012 ns

--------------------------------------------------------------
Path       : 1406
Startpoint : basic_isa_instance/u_halt_fsm_state_reg[0]/CP
Endpoint   : ip_debug_trace_instance_u_trace_cdc_u_mmu_fifo/mem_reg[13][14]/D
Slack      : -12 ps
Slack      : -0.012 ns

--------------------------------------------------------------
Path       : 1407
Startpoint : basic_isa_instance/u_halt_fsm_state_reg[0]/CP
Endpoint   : ip_debug_trace_instance_u_trace_cdc_u_mmu_fifo/mem_reg[12][14]/D
Slack      : -12 ps
Slack      : -0.012 ns

--------------------------------------------------------------
Path       : 1408
Startpoint : basic_isa_instance/u_halt_fsm_state_reg[0]/CP
Endpoint   : ip_debug_trace_instance_u_trace_cdc_u_mmu_fifo/mem_reg[11][14]/D
Slack      : -12 ps
Slack      : -0.012 ns

--------------------------------------------------------------
Path       : 1409
Startpoint : basic_isa_instance/u_halt_fsm_state_reg[0]/CP
Endpoint   : ip_debug_trace_instance_u_trace_cdc_u_mmu_fifo/mem_reg[10][14]/D
Slack      : -12 ps
Slack      : -0.012 ns

--------------------------------------------------------------
Path       : 1410
Startpoint : basic_isa_instance/u_halt_fsm_state_reg[0]/CP
Endpoint   : ip_debug_trace_instance_u_trace_cdc_u_mmu_fifo/mem_reg[9][14]/D
Slack      : -12 ps
Slack      : -0.012 ns

--------------------------------------------------------------
Path       : 1411
Startpoint : basic_isa_instance/u_halt_fsm_state_reg[0]/CP
Endpoint   : ip_debug_trace_instance_u_trace_cdc_u_mmu_fifo/mem_reg[8][14]/D
Slack      : -12 ps
Slack      : -0.012 ns

--------------------------------------------------------------
Path       : 1412
Startpoint : basic_isa_instance/u_halt_fsm_state_reg[0]/CP
Endpoint   : ip_debug_trace_instance_u_trace_cdc_u_mmu_fifo/mem_reg[7][14]/D
Slack      : -12 ps
Slack      : -0.012 ns

--------------------------------------------------------------
Path       : 1413
Startpoint : basic_isa_instance/u_halt_fsm_state_reg[0]/CP
Endpoint   : ip_debug_trace_instance_u_trace_cdc_u_mmu_fifo/mem_reg[6][14]/D
Slack      : -12 ps
Slack      : -0.012 ns

--------------------------------------------------------------
Path       : 1414
Startpoint : basic_isa_instance/u_halt_fsm_state_reg[0]/CP
Endpoint   : ip_debug_trace_instance_u_trace_cdc_u_mmu_fifo/mem_reg[5][14]/D
Slack      : -12 ps
Slack      : -0.012 ns

--------------------------------------------------------------
Path       : 1415
Startpoint : basic_isa_instance/u_halt_fsm_state_reg[0]/CP
Endpoint   : ip_debug_trace_instance_u_trace_cdc_u_mmu_fifo/mem_reg[4][14]/D
Slack      : -12 ps
Slack      : -0.012 ns

--------------------------------------------------------------
Path       : 1416
Startpoint : basic_isa_instance/u_halt_fsm_state_reg[0]/CP
Endpoint   : ip_debug_trace_instance_u_trace_cdc_u_mmu_fifo/mem_reg[3][14]/D
Slack      : -12 ps
Slack      : -0.012 ns

--------------------------------------------------------------
Path       : 1417
Startpoint : basic_isa_instance/u_halt_fsm_state_reg[0]/CP
Endpoint   : ip_debug_trace_instance_u_trace_cdc_u_mmu_fifo/mem_reg[2][14]/D
Slack      : -12 ps
Slack      : -0.012 ns

--------------------------------------------------------------
Path       : 1418
Startpoint : basic_isa_instance/u_halt_fsm_state_reg[0]/CP
Endpoint   : ip_debug_trace_instance_u_trace_cdc_u_mmu_fifo/mem_reg[1][14]/D
Slack      : -12 ps
Slack      : -0.012 ns

--------------------------------------------------------------
Path       : 1419
Startpoint : basic_isa_instance/u_halt_fsm_state_reg[0]/CP
Endpoint   : ip_debug_trace_instance_u_trace_cdc_u_mmu_fifo/mem_reg[0][14]/D
Slack      : -12 ps
Slack      : -0.012 ns

--------------------------------------------------------------
Path       : 1420
Startpoint : basic_isa_instance/u_halt_fsm_state_reg[0]/CP
Endpoint   : ip_debug_trace_instance_u_trace_cdc_u_mmu_fifo/mem_reg[15][17]/D
Slack      : -12 ps
Slack      : -0.012 ns

--------------------------------------------------------------
Path       : 1421
Startpoint : basic_isa_instance/u_halt_fsm_state_reg[0]/CP
Endpoint   : ip_debug_trace_instance_u_trace_cdc_u_mmu_fifo/mem_reg[14][17]/D
Slack      : -12 ps
Slack      : -0.012 ns

--------------------------------------------------------------
Path       : 1422
Startpoint : basic_isa_instance/u_halt_fsm_state_reg[0]/CP
Endpoint   : ip_debug_trace_instance_u_trace_cdc_u_mmu_fifo/mem_reg[13][17]/D
Slack      : -12 ps
Slack      : -0.012 ns

--------------------------------------------------------------
Path       : 1423
Startpoint : basic_isa_instance/u_halt_fsm_state_reg[0]/CP
Endpoint   : ip_debug_trace_instance_u_trace_cdc_u_mmu_fifo/mem_reg[12][17]/D
Slack      : -12 ps
Slack      : -0.012 ns

--------------------------------------------------------------
Path       : 1424
Startpoint : basic_isa_instance/u_halt_fsm_state_reg[0]/CP
Endpoint   : ip_debug_trace_instance_u_trace_cdc_u_mmu_fifo/mem_reg[11][17]/D
Slack      : -12 ps
Slack      : -0.012 ns

--------------------------------------------------------------
Path       : 1425
Startpoint : basic_isa_instance/u_halt_fsm_state_reg[0]/CP
Endpoint   : ip_debug_trace_instance_u_trace_cdc_u_mmu_fifo/mem_reg[10][17]/D
Slack      : -12 ps
Slack      : -0.012 ns

--------------------------------------------------------------
Path       : 1426
Startpoint : basic_isa_instance/u_halt_fsm_state_reg[0]/CP
Endpoint   : ip_debug_trace_instance_u_trace_cdc_u_mmu_fifo/mem_reg[9][17]/D
Slack      : -12 ps
Slack      : -0.012 ns

--------------------------------------------------------------
Path       : 1427
Startpoint : basic_isa_instance/u_halt_fsm_state_reg[0]/CP
Endpoint   : ip_debug_trace_instance_u_trace_cdc_u_mmu_fifo/mem_reg[8][17]/D
Slack      : -12 ps
Slack      : -0.012 ns

--------------------------------------------------------------
Path       : 1428
Startpoint : basic_isa_instance/u_halt_fsm_state_reg[0]/CP
Endpoint   : ip_debug_trace_instance_u_trace_cdc_u_mmu_fifo/mem_reg[7][17]/D
Slack      : -12 ps
Slack      : -0.012 ns

--------------------------------------------------------------
Path       : 1429
Startpoint : basic_isa_instance/u_halt_fsm_state_reg[0]/CP
Endpoint   : ip_debug_trace_instance_u_trace_cdc_u_mmu_fifo/mem_reg[6][17]/D
Slack      : -12 ps
Slack      : -0.012 ns

--------------------------------------------------------------
Path       : 1430
Startpoint : basic_isa_instance/u_halt_fsm_state_reg[0]/CP
Endpoint   : ip_debug_trace_instance_u_trace_cdc_u_mmu_fifo/mem_reg[5][17]/D
Slack      : -12 ps
Slack      : -0.012 ns

--------------------------------------------------------------
Path       : 1431
Startpoint : basic_isa_instance/u_halt_fsm_state_reg[0]/CP
Endpoint   : ip_debug_trace_instance_u_trace_cdc_u_mmu_fifo/mem_reg[4][17]/D
Slack      : -12 ps
Slack      : -0.012 ns

--------------------------------------------------------------
Path       : 1432
Startpoint : basic_isa_instance/u_halt_fsm_state_reg[0]/CP
Endpoint   : ip_debug_trace_instance_u_trace_cdc_u_mmu_fifo/mem_reg[3][17]/D
Slack      : -12 ps
Slack      : -0.012 ns

--------------------------------------------------------------
Path       : 1433
Startpoint : basic_isa_instance/u_halt_fsm_state_reg[0]/CP
Endpoint   : ip_debug_trace_instance_u_trace_cdc_u_mmu_fifo/mem_reg[2][17]/D
Slack      : -12 ps
Slack      : -0.012 ns

--------------------------------------------------------------
Path       : 1434
Startpoint : basic_isa_instance/u_halt_fsm_state_reg[0]/CP
Endpoint   : ip_debug_trace_instance_u_trace_cdc_u_mmu_fifo/mem_reg[1][17]/D
Slack      : -12 ps
Slack      : -0.012 ns

--------------------------------------------------------------
Path       : 1435
Startpoint : basic_isa_instance/u_halt_fsm_state_reg[0]/CP
Endpoint   : ip_debug_trace_instance_u_trace_cdc_u_mmu_fifo/mem_reg[0][17]/D
Slack      : -12 ps
Slack      : -0.012 ns

--------------------------------------------------------------
Path       : 1436
Startpoint : basic_isa_instance/u_ex_mem_inst_mem_o_reg[9]/CP
Endpoint   : basic_isa_instance/u_id_ex_csr_clear_valid_ex_o_reg/D
Slack      : -10 ps
Slack      : -0.010 ns

--------------------------------------------------------------
Path       : 1437
Startpoint : basic_isa_instance/u_ex_mem_inst_mem_o_reg[9]/CP
Endpoint   : basic_isa_instance/u_if_u_btb_U_WRITE_dp1_next_state_reg[0]/D
Slack      : -6 ps
Slack      : -0.006 ns

--------------------------------------------------------------
Path       : 1438
Startpoint : basic_isa_instance/u_ex_mem_alu_result_mem_reg[21]/CP
Endpoint   : axi2apb_instance/axi_trace_id_reg[2]/D
Slack      : -6 ps
Slack      : -0.006 ns

--------------------------------------------------------------
Path       : 1439
Startpoint : basic_isa_instance/u_halt_fsm_state_reg[0]/CP
Endpoint   : ip_debug_trace_instance_u_trace_cdc_u_mmu_fifo/mem_reg[15][18]/D
Slack      : -6 ps
Slack      : -0.006 ns

--------------------------------------------------------------
Path       : 1440
Startpoint : basic_isa_instance/u_halt_fsm_state_reg[0]/CP
Endpoint   : ip_debug_trace_instance_u_trace_cdc_u_mmu_fifo/mem_reg[14][18]/D
Slack      : -6 ps
Slack      : -0.006 ns

--------------------------------------------------------------
Path       : 1441
Startpoint : basic_isa_instance/u_halt_fsm_state_reg[0]/CP
Endpoint   : ip_debug_trace_instance_u_trace_cdc_u_mmu_fifo/mem_reg[13][18]/D
Slack      : -6 ps
Slack      : -0.006 ns

--------------------------------------------------------------
Path       : 1442
Startpoint : basic_isa_instance/u_halt_fsm_state_reg[0]/CP
Endpoint   : ip_debug_trace_instance_u_trace_cdc_u_mmu_fifo/mem_reg[12][18]/D
Slack      : -6 ps
Slack      : -0.006 ns

--------------------------------------------------------------
Path       : 1443
Startpoint : basic_isa_instance/u_halt_fsm_state_reg[0]/CP
Endpoint   : ip_debug_trace_instance_u_trace_cdc_u_mmu_fifo/mem_reg[11][18]/D
Slack      : -6 ps
Slack      : -0.006 ns

--------------------------------------------------------------
Path       : 1444
Startpoint : basic_isa_instance/u_halt_fsm_state_reg[0]/CP
Endpoint   : ip_debug_trace_instance_u_trace_cdc_u_mmu_fifo/mem_reg[10][18]/D
Slack      : -6 ps
Slack      : -0.006 ns

--------------------------------------------------------------
Path       : 1445
Startpoint : basic_isa_instance/u_halt_fsm_state_reg[0]/CP
Endpoint   : ip_debug_trace_instance_u_trace_cdc_u_mmu_fifo/mem_reg[9][18]/D
Slack      : -6 ps
Slack      : -0.006 ns

--------------------------------------------------------------
Path       : 1446
Startpoint : basic_isa_instance/u_halt_fsm_state_reg[0]/CP
Endpoint   : ip_debug_trace_instance_u_trace_cdc_u_mmu_fifo/mem_reg[8][18]/D
Slack      : -6 ps
Slack      : -0.006 ns

--------------------------------------------------------------
Path       : 1447
Startpoint : basic_isa_instance/u_halt_fsm_state_reg[0]/CP
Endpoint   : ip_debug_trace_instance_u_trace_cdc_u_mmu_fifo/mem_reg[7][18]/D
Slack      : -6 ps
Slack      : -0.006 ns

--------------------------------------------------------------
Path       : 1448
Startpoint : basic_isa_instance/u_halt_fsm_state_reg[0]/CP
Endpoint   : ip_debug_trace_instance_u_trace_cdc_u_mmu_fifo/mem_reg[6][18]/D
Slack      : -6 ps
Slack      : -0.006 ns

--------------------------------------------------------------
Path       : 1449
Startpoint : basic_isa_instance/u_halt_fsm_state_reg[0]/CP
Endpoint   : ip_debug_trace_instance_u_trace_cdc_u_mmu_fifo/mem_reg[5][18]/D
Slack      : -6 ps
Slack      : -0.006 ns

--------------------------------------------------------------
Path       : 1450
Startpoint : basic_isa_instance/u_halt_fsm_state_reg[0]/CP
Endpoint   : ip_debug_trace_instance_u_trace_cdc_u_mmu_fifo/mem_reg[4][18]/D
Slack      : -6 ps
Slack      : -0.006 ns

--------------------------------------------------------------
Path       : 1451
Startpoint : basic_isa_instance/u_halt_fsm_state_reg[0]/CP
Endpoint   : ip_debug_trace_instance_u_trace_cdc_u_mmu_fifo/mem_reg[3][18]/D
Slack      : -6 ps
Slack      : -0.006 ns

--------------------------------------------------------------
Path       : 1452
Startpoint : basic_isa_instance/u_halt_fsm_state_reg[0]/CP
Endpoint   : ip_debug_trace_instance_u_trace_cdc_u_mmu_fifo/mem_reg[2][18]/D
Slack      : -6 ps
Slack      : -0.006 ns

--------------------------------------------------------------
Path       : 1453
Startpoint : basic_isa_instance/u_halt_fsm_state_reg[0]/CP
Endpoint   : ip_debug_trace_instance_u_trace_cdc_u_mmu_fifo/mem_reg[1][18]/D
Slack      : -6 ps
Slack      : -0.006 ns

--------------------------------------------------------------
Path       : 1454
Startpoint : basic_isa_instance/u_halt_fsm_state_reg[0]/CP
Endpoint   : ip_debug_trace_instance_u_trace_cdc_u_mmu_fifo/mem_reg[0][18]/D
Slack      : -6 ps
Slack      : -0.006 ns

--------------------------------------------------------------
Path       : 1455
Startpoint : basic_isa_instance/u_halt_fsm_state_reg[0]/CP
Endpoint   : ip_debug_trace_instance_u_trace_cdc_u_mmu_fifo/mem_reg[15][19]/D
Slack      : -6 ps
Slack      : -0.006 ns

--------------------------------------------------------------
Path       : 1456
Startpoint : basic_isa_instance/u_halt_fsm_state_reg[0]/CP
Endpoint   : ip_debug_trace_instance_u_trace_cdc_u_mmu_fifo/mem_reg[14][19]/D
Slack      : -6 ps
Slack      : -0.006 ns

--------------------------------------------------------------
Path       : 1457
Startpoint : basic_isa_instance/u_halt_fsm_state_reg[0]/CP
Endpoint   : ip_debug_trace_instance_u_trace_cdc_u_mmu_fifo/mem_reg[13][19]/D
Slack      : -6 ps
Slack      : -0.006 ns

--------------------------------------------------------------
Path       : 1458
Startpoint : basic_isa_instance/u_halt_fsm_state_reg[0]/CP
Endpoint   : ip_debug_trace_instance_u_trace_cdc_u_mmu_fifo/mem_reg[12][19]/D
Slack      : -6 ps
Slack      : -0.006 ns

--------------------------------------------------------------
Path       : 1459
Startpoint : basic_isa_instance/u_halt_fsm_state_reg[0]/CP
Endpoint   : ip_debug_trace_instance_u_trace_cdc_u_mmu_fifo/mem_reg[11][19]/D
Slack      : -6 ps
Slack      : -0.006 ns

--------------------------------------------------------------
Path       : 1460
Startpoint : basic_isa_instance/u_halt_fsm_state_reg[0]/CP
Endpoint   : ip_debug_trace_instance_u_trace_cdc_u_mmu_fifo/mem_reg[10][19]/D
Slack      : -6 ps
Slack      : -0.006 ns

--------------------------------------------------------------
Path       : 1461
Startpoint : basic_isa_instance/u_halt_fsm_state_reg[0]/CP
Endpoint   : ip_debug_trace_instance_u_trace_cdc_u_mmu_fifo/mem_reg[9][19]/D
Slack      : -6 ps
Slack      : -0.006 ns

--------------------------------------------------------------
Path       : 1462
Startpoint : basic_isa_instance/u_halt_fsm_state_reg[0]/CP
Endpoint   : ip_debug_trace_instance_u_trace_cdc_u_mmu_fifo/mem_reg[8][19]/D
Slack      : -6 ps
Slack      : -0.006 ns

--------------------------------------------------------------
Path       : 1463
Startpoint : basic_isa_instance/u_halt_fsm_state_reg[0]/CP
Endpoint   : ip_debug_trace_instance_u_trace_cdc_u_mmu_fifo/mem_reg[7][19]/D
Slack      : -6 ps
Slack      : -0.006 ns

--------------------------------------------------------------
Path       : 1464
Startpoint : basic_isa_instance/u_halt_fsm_state_reg[0]/CP
Endpoint   : ip_debug_trace_instance_u_trace_cdc_u_mmu_fifo/mem_reg[6][19]/D
Slack      : -6 ps
Slack      : -0.006 ns

--------------------------------------------------------------
Path       : 1465
Startpoint : basic_isa_instance/u_halt_fsm_state_reg[0]/CP
Endpoint   : ip_debug_trace_instance_u_trace_cdc_u_mmu_fifo/mem_reg[5][19]/D
Slack      : -6 ps
Slack      : -0.006 ns

--------------------------------------------------------------
Path       : 1466
Startpoint : basic_isa_instance/u_halt_fsm_state_reg[0]/CP
Endpoint   : ip_debug_trace_instance_u_trace_cdc_u_mmu_fifo/mem_reg[4][19]/D
Slack      : -6 ps
Slack      : -0.006 ns

--------------------------------------------------------------
Path       : 1467
Startpoint : basic_isa_instance/u_halt_fsm_state_reg[0]/CP
Endpoint   : ip_debug_trace_instance_u_trace_cdc_u_mmu_fifo/mem_reg[3][19]/D
Slack      : -6 ps
Slack      : -0.006 ns

--------------------------------------------------------------
Path       : 1468
Startpoint : basic_isa_instance/u_halt_fsm_state_reg[0]/CP
Endpoint   : ip_debug_trace_instance_u_trace_cdc_u_mmu_fifo/mem_reg[2][19]/D
Slack      : -6 ps
Slack      : -0.006 ns

--------------------------------------------------------------
Path       : 1469
Startpoint : basic_isa_instance/u_halt_fsm_state_reg[0]/CP
Endpoint   : ip_debug_trace_instance_u_trace_cdc_u_mmu_fifo/mem_reg[1][19]/D
Slack      : -6 ps
Slack      : -0.006 ns

--------------------------------------------------------------
Path       : 1470
Startpoint : basic_isa_instance/u_halt_fsm_state_reg[0]/CP
Endpoint   : ip_debug_trace_instance_u_trace_cdc_u_mmu_fifo/mem_reg[0][19]/D
Slack      : -6 ps
Slack      : -0.006 ns

--------------------------------------------------------------
Path       : 1471
Startpoint : basic_isa_instance/u_ex_mem_inst_mem_o_reg[9]/CP
Endpoint   : basic_isa_instance/u_if_u_btb_U_WRITE_dp0_next_state_reg[0]/D
Slack      : -6 ps
Slack      : -0.006 ns

--------------------------------------------------------------
Path       : 1472
Startpoint : basic_isa_instance/u_halt_fsm_state_reg[0]/CP
Endpoint   : ip_debug_trace_instance_u_trace_cdc_u_mmu_fifo/mem_reg[15][15]/D
Slack      : -5 ps
Slack      : -0.005 ns

--------------------------------------------------------------
Path       : 1473
Startpoint : basic_isa_instance/u_halt_fsm_state_reg[0]/CP
Endpoint   : ip_debug_trace_instance_u_trace_cdc_u_mmu_fifo/mem_reg[14][15]/D
Slack      : -5 ps
Slack      : -0.005 ns

--------------------------------------------------------------
Path       : 1474
Startpoint : basic_isa_instance/u_halt_fsm_state_reg[0]/CP
Endpoint   : ip_debug_trace_instance_u_trace_cdc_u_mmu_fifo/mem_reg[13][15]/D
Slack      : -5 ps
Slack      : -0.005 ns

--------------------------------------------------------------
Path       : 1475
Startpoint : basic_isa_instance/u_halt_fsm_state_reg[0]/CP
Endpoint   : ip_debug_trace_instance_u_trace_cdc_u_mmu_fifo/mem_reg[12][15]/D
Slack      : -5 ps
Slack      : -0.005 ns

--------------------------------------------------------------
Path       : 1476
Startpoint : basic_isa_instance/u_halt_fsm_state_reg[0]/CP
Endpoint   : ip_debug_trace_instance_u_trace_cdc_u_mmu_fifo/mem_reg[11][15]/D
Slack      : -5 ps
Slack      : -0.005 ns

--------------------------------------------------------------
Path       : 1477
Startpoint : basic_isa_instance/u_halt_fsm_state_reg[0]/CP
Endpoint   : ip_debug_trace_instance_u_trace_cdc_u_mmu_fifo/mem_reg[10][15]/D
Slack      : -5 ps
Slack      : -0.005 ns

--------------------------------------------------------------
Path       : 1478
Startpoint : basic_isa_instance/u_halt_fsm_state_reg[0]/CP
Endpoint   : ip_debug_trace_instance_u_trace_cdc_u_mmu_fifo/mem_reg[9][15]/D
Slack      : -5 ps
Slack      : -0.005 ns

--------------------------------------------------------------
Path       : 1479
Startpoint : basic_isa_instance/u_halt_fsm_state_reg[0]/CP
Endpoint   : ip_debug_trace_instance_u_trace_cdc_u_mmu_fifo/mem_reg[8][15]/D
Slack      : -5 ps
Slack      : -0.005 ns

--------------------------------------------------------------
Path       : 1480
Startpoint : basic_isa_instance/u_halt_fsm_state_reg[0]/CP
Endpoint   : ip_debug_trace_instance_u_trace_cdc_u_mmu_fifo/mem_reg[7][15]/D
Slack      : -5 ps
Slack      : -0.005 ns

--------------------------------------------------------------
Path       : 1481
Startpoint : basic_isa_instance/u_halt_fsm_state_reg[0]/CP
Endpoint   : ip_debug_trace_instance_u_trace_cdc_u_mmu_fifo/mem_reg[6][15]/D
Slack      : -5 ps
Slack      : -0.005 ns

--------------------------------------------------------------
Path       : 1482
Startpoint : basic_isa_instance/u_halt_fsm_state_reg[0]/CP
Endpoint   : ip_debug_trace_instance_u_trace_cdc_u_mmu_fifo/mem_reg[5][15]/D
Slack      : -5 ps
Slack      : -0.005 ns

--------------------------------------------------------------
Path       : 1483
Startpoint : basic_isa_instance/u_halt_fsm_state_reg[0]/CP
Endpoint   : ip_debug_trace_instance_u_trace_cdc_u_mmu_fifo/mem_reg[4][15]/D
Slack      : -5 ps
Slack      : -0.005 ns

--------------------------------------------------------------
Path       : 1484
Startpoint : basic_isa_instance/u_halt_fsm_state_reg[0]/CP
Endpoint   : ip_debug_trace_instance_u_trace_cdc_u_mmu_fifo/mem_reg[3][15]/D
Slack      : -5 ps
Slack      : -0.005 ns

--------------------------------------------------------------
Path       : 1485
Startpoint : basic_isa_instance/u_halt_fsm_state_reg[0]/CP
Endpoint   : ip_debug_trace_instance_u_trace_cdc_u_mmu_fifo/mem_reg[2][15]/D
Slack      : -5 ps
Slack      : -0.005 ns

--------------------------------------------------------------
Path       : 1486
Startpoint : basic_isa_instance/u_halt_fsm_state_reg[0]/CP
Endpoint   : ip_debug_trace_instance_u_trace_cdc_u_mmu_fifo/mem_reg[1][15]/D
Slack      : -5 ps
Slack      : -0.005 ns

--------------------------------------------------------------
Path       : 1487
Startpoint : basic_isa_instance/u_halt_fsm_state_reg[0]/CP
Endpoint   : ip_debug_trace_instance_u_trace_cdc_u_mmu_fifo/mem_reg[0][15]/D
Slack      : -5 ps
Slack      : -0.005 ns

--------------------------------------------------------------
Path       : 1488
Startpoint : basic_isa_instance/u_halt_fsm_state_reg[0]/CP
Endpoint   : ip_debug_trace_instance_u_trace_cdc_u_mmu_fifo/mem_reg[15][13]/D
Slack      : -5 ps
Slack      : -0.005 ns

--------------------------------------------------------------
Path       : 1489
Startpoint : basic_isa_instance/u_halt_fsm_state_reg[0]/CP
Endpoint   : ip_debug_trace_instance_u_trace_cdc_u_mmu_fifo/mem_reg[15][12]/D
Slack      : -5 ps
Slack      : -0.005 ns

--------------------------------------------------------------
Path       : 1490
Startpoint : basic_isa_instance/u_halt_fsm_state_reg[0]/CP
Endpoint   : ip_debug_trace_instance_u_trace_cdc_u_mmu_fifo/mem_reg[14][13]/D
Slack      : -5 ps
Slack      : -0.005 ns

--------------------------------------------------------------
Path       : 1491
Startpoint : basic_isa_instance/u_halt_fsm_state_reg[0]/CP
Endpoint   : ip_debug_trace_instance_u_trace_cdc_u_mmu_fifo/mem_reg[14][12]/D
Slack      : -5 ps
Slack      : -0.005 ns

--------------------------------------------------------------
Path       : 1492
Startpoint : basic_isa_instance/u_halt_fsm_state_reg[0]/CP
Endpoint   : ip_debug_trace_instance_u_trace_cdc_u_mmu_fifo/mem_reg[13][13]/D
Slack      : -5 ps
Slack      : -0.005 ns

--------------------------------------------------------------
Path       : 1493
Startpoint : basic_isa_instance/u_halt_fsm_state_reg[0]/CP
Endpoint   : ip_debug_trace_instance_u_trace_cdc_u_mmu_fifo/mem_reg[13][12]/D
Slack      : -5 ps
Slack      : -0.005 ns

--------------------------------------------------------------
Path       : 1494
Startpoint : basic_isa_instance/u_halt_fsm_state_reg[0]/CP
Endpoint   : ip_debug_trace_instance_u_trace_cdc_u_mmu_fifo/mem_reg[12][13]/D
Slack      : -5 ps
Slack      : -0.005 ns

--------------------------------------------------------------
Path       : 1495
Startpoint : basic_isa_instance/u_halt_fsm_state_reg[0]/CP
Endpoint   : ip_debug_trace_instance_u_trace_cdc_u_mmu_fifo/mem_reg[12][12]/D
Slack      : -5 ps
Slack      : -0.005 ns

--------------------------------------------------------------
Path       : 1496
Startpoint : basic_isa_instance/u_halt_fsm_state_reg[0]/CP
Endpoint   : ip_debug_trace_instance_u_trace_cdc_u_mmu_fifo/mem_reg[11][13]/D
Slack      : -5 ps
Slack      : -0.005 ns

--------------------------------------------------------------
Path       : 1497
Startpoint : basic_isa_instance/u_halt_fsm_state_reg[0]/CP
Endpoint   : ip_debug_trace_instance_u_trace_cdc_u_mmu_fifo/mem_reg[11][12]/D
Slack      : -5 ps
Slack      : -0.005 ns

--------------------------------------------------------------
Path       : 1498
Startpoint : basic_isa_instance/u_halt_fsm_state_reg[0]/CP
Endpoint   : ip_debug_trace_instance_u_trace_cdc_u_mmu_fifo/mem_reg[10][13]/D
Slack      : -5 ps
Slack      : -0.005 ns

--------------------------------------------------------------
Path       : 1499
Startpoint : basic_isa_instance/u_halt_fsm_state_reg[0]/CP
Endpoint   : ip_debug_trace_instance_u_trace_cdc_u_mmu_fifo/mem_reg[10][12]/D
Slack      : -5 ps
Slack      : -0.005 ns

--------------------------------------------------------------
Path       : 1500
Startpoint : basic_isa_instance/u_halt_fsm_state_reg[0]/CP
Endpoint   : ip_debug_trace_instance_u_trace_cdc_u_mmu_fifo/mem_reg[9][13]/D
Slack      : -5 ps
Slack      : -0.005 ns

--------------------------------------------------------------
Path       : 1501
Startpoint : basic_isa_instance/u_halt_fsm_state_reg[0]/CP
Endpoint   : ip_debug_trace_instance_u_trace_cdc_u_mmu_fifo/mem_reg[9][12]/D
Slack      : -5 ps
Slack      : -0.005 ns

--------------------------------------------------------------
Path       : 1502
Startpoint : basic_isa_instance/u_halt_fsm_state_reg[0]/CP
Endpoint   : ip_debug_trace_instance_u_trace_cdc_u_mmu_fifo/mem_reg[8][13]/D
Slack      : -5 ps
Slack      : -0.005 ns

--------------------------------------------------------------
Path       : 1503
Startpoint : basic_isa_instance/u_halt_fsm_state_reg[0]/CP
Endpoint   : ip_debug_trace_instance_u_trace_cdc_u_mmu_fifo/mem_reg[8][12]/D
Slack      : -5 ps
Slack      : -0.005 ns

--------------------------------------------------------------
Path       : 1504
Startpoint : basic_isa_instance/u_halt_fsm_state_reg[0]/CP
Endpoint   : ip_debug_trace_instance_u_trace_cdc_u_mmu_fifo/mem_reg[7][13]/D
Slack      : -5 ps
Slack      : -0.005 ns

--------------------------------------------------------------
Path       : 1505
Startpoint : basic_isa_instance/u_halt_fsm_state_reg[0]/CP
Endpoint   : ip_debug_trace_instance_u_trace_cdc_u_mmu_fifo/mem_reg[7][12]/D
Slack      : -5 ps
Slack      : -0.005 ns

--------------------------------------------------------------
Path       : 1506
Startpoint : basic_isa_instance/u_halt_fsm_state_reg[0]/CP
Endpoint   : ip_debug_trace_instance_u_trace_cdc_u_mmu_fifo/mem_reg[6][13]/D
Slack      : -5 ps
Slack      : -0.005 ns

--------------------------------------------------------------
Path       : 1507
Startpoint : basic_isa_instance/u_halt_fsm_state_reg[0]/CP
Endpoint   : ip_debug_trace_instance_u_trace_cdc_u_mmu_fifo/mem_reg[6][12]/D
Slack      : -5 ps
Slack      : -0.005 ns

--------------------------------------------------------------
Path       : 1508
Startpoint : basic_isa_instance/u_halt_fsm_state_reg[0]/CP
Endpoint   : ip_debug_trace_instance_u_trace_cdc_u_mmu_fifo/mem_reg[5][13]/D
Slack      : -5 ps
Slack      : -0.005 ns

--------------------------------------------------------------
Path       : 1509
Startpoint : basic_isa_instance/u_halt_fsm_state_reg[0]/CP
Endpoint   : ip_debug_trace_instance_u_trace_cdc_u_mmu_fifo/mem_reg[5][12]/D
Slack      : -5 ps
Slack      : -0.005 ns

--------------------------------------------------------------
Path       : 1510
Startpoint : basic_isa_instance/u_halt_fsm_state_reg[0]/CP
Endpoint   : ip_debug_trace_instance_u_trace_cdc_u_mmu_fifo/mem_reg[4][13]/D
Slack      : -5 ps
Slack      : -0.005 ns

--------------------------------------------------------------
Path       : 1511
Startpoint : basic_isa_instance/u_halt_fsm_state_reg[0]/CP
Endpoint   : ip_debug_trace_instance_u_trace_cdc_u_mmu_fifo/mem_reg[4][12]/D
Slack      : -5 ps
Slack      : -0.005 ns

--------------------------------------------------------------
Path       : 1512
Startpoint : basic_isa_instance/u_halt_fsm_state_reg[0]/CP
Endpoint   : ip_debug_trace_instance_u_trace_cdc_u_mmu_fifo/mem_reg[3][13]/D
Slack      : -5 ps
Slack      : -0.005 ns

--------------------------------------------------------------
Path       : 1513
Startpoint : basic_isa_instance/u_halt_fsm_state_reg[0]/CP
Endpoint   : ip_debug_trace_instance_u_trace_cdc_u_mmu_fifo/mem_reg[3][12]/D
Slack      : -5 ps
Slack      : -0.005 ns

--------------------------------------------------------------
Path       : 1514
Startpoint : basic_isa_instance/u_halt_fsm_state_reg[0]/CP
Endpoint   : ip_debug_trace_instance_u_trace_cdc_u_mmu_fifo/mem_reg[2][13]/D
Slack      : -5 ps
Slack      : -0.005 ns

--------------------------------------------------------------
Path       : 1515
Startpoint : basic_isa_instance/u_halt_fsm_state_reg[0]/CP
Endpoint   : ip_debug_trace_instance_u_trace_cdc_u_mmu_fifo/mem_reg[2][12]/D
Slack      : -5 ps
Slack      : -0.005 ns

--------------------------------------------------------------
Path       : 1516
Startpoint : basic_isa_instance/u_halt_fsm_state_reg[0]/CP
Endpoint   : ip_debug_trace_instance_u_trace_cdc_u_mmu_fifo/mem_reg[1][13]/D
Slack      : -5 ps
Slack      : -0.005 ns

--------------------------------------------------------------
Path       : 1517
Startpoint : basic_isa_instance/u_halt_fsm_state_reg[0]/CP
Endpoint   : ip_debug_trace_instance_u_trace_cdc_u_mmu_fifo/mem_reg[1][12]/D
Slack      : -5 ps
Slack      : -0.005 ns

--------------------------------------------------------------
Path       : 1518
Startpoint : basic_isa_instance/u_halt_fsm_state_reg[0]/CP
Endpoint   : ip_debug_trace_instance_u_trace_cdc_u_mmu_fifo/mem_reg[0][13]/D
Slack      : -5 ps
Slack      : -0.005 ns

--------------------------------------------------------------
Path       : 1519
Startpoint : basic_isa_instance/u_halt_fsm_state_reg[0]/CP
Endpoint   : ip_debug_trace_instance_u_trace_cdc_u_mmu_fifo/mem_reg[0][12]/D
Slack      : -5 ps
Slack      : -0.005 ns

--------------------------------------------------------------
Path       : 1520
Startpoint : mmu_instance_u_ptw_lat_base_ppn_reg[4]/CP
Endpoint   : pte_wrapper_instance_u_pte_memory/data_out_reg[17]/D
Slack      : -4 ps
Slack      : -0.004 ns

--------------------------------------------------------------
Path       : 1521
Startpoint : basic_isa_instance/u_halt_fsm_state_reg[2]/CP
Endpoint   : ip_debug_trace_instance_u_trace_cdc_u_mmu_fifo/mem_reg[15][4]/D
Slack      : -4 ps
Slack      : -0.004 ns

--------------------------------------------------------------
Path       : 1522
Startpoint : basic_isa_instance/u_halt_fsm_state_reg[2]/CP
Endpoint   : ip_debug_trace_instance_u_trace_cdc_u_mmu_fifo/mem_reg[14][4]/D
Slack      : -4 ps
Slack      : -0.004 ns

--------------------------------------------------------------
Path       : 1523
Startpoint : basic_isa_instance/u_halt_fsm_state_reg[2]/CP
Endpoint   : ip_debug_trace_instance_u_trace_cdc_u_mmu_fifo/mem_reg[13][4]/D
Slack      : -4 ps
Slack      : -0.004 ns

--------------------------------------------------------------
Path       : 1524
Startpoint : basic_isa_instance/u_halt_fsm_state_reg[2]/CP
Endpoint   : ip_debug_trace_instance_u_trace_cdc_u_mmu_fifo/mem_reg[12][4]/D
Slack      : -4 ps
Slack      : -0.004 ns

--------------------------------------------------------------
Path       : 1525
Startpoint : basic_isa_instance/u_halt_fsm_state_reg[2]/CP
Endpoint   : ip_debug_trace_instance_u_trace_cdc_u_mmu_fifo/mem_reg[11][4]/D
Slack      : -4 ps
Slack      : -0.004 ns

--------------------------------------------------------------
Path       : 1526
Startpoint : basic_isa_instance/u_halt_fsm_state_reg[2]/CP
Endpoint   : ip_debug_trace_instance_u_trace_cdc_u_mmu_fifo/mem_reg[10][4]/D
Slack      : -4 ps
Slack      : -0.004 ns

--------------------------------------------------------------
Path       : 1527
Startpoint : basic_isa_instance/u_halt_fsm_state_reg[2]/CP
Endpoint   : ip_debug_trace_instance_u_trace_cdc_u_mmu_fifo/mem_reg[9][4]/D
Slack      : -4 ps
Slack      : -0.004 ns

--------------------------------------------------------------
Path       : 1528
Startpoint : basic_isa_instance/u_halt_fsm_state_reg[2]/CP
Endpoint   : ip_debug_trace_instance_u_trace_cdc_u_mmu_fifo/mem_reg[8][4]/D
Slack      : -4 ps
Slack      : -0.004 ns

--------------------------------------------------------------
Path       : 1529
Startpoint : basic_isa_instance/u_halt_fsm_state_reg[2]/CP
Endpoint   : ip_debug_trace_instance_u_trace_cdc_u_mmu_fifo/mem_reg[7][4]/D
Slack      : -4 ps
Slack      : -0.004 ns

--------------------------------------------------------------
Path       : 1530
Startpoint : basic_isa_instance/u_halt_fsm_state_reg[2]/CP
Endpoint   : ip_debug_trace_instance_u_trace_cdc_u_mmu_fifo/mem_reg[6][4]/D
Slack      : -4 ps
Slack      : -0.004 ns

--------------------------------------------------------------
Path       : 1531
Startpoint : basic_isa_instance/u_halt_fsm_state_reg[2]/CP
Endpoint   : ip_debug_trace_instance_u_trace_cdc_u_mmu_fifo/mem_reg[5][4]/D
Slack      : -4 ps
Slack      : -0.004 ns

--------------------------------------------------------------
Path       : 1532
Startpoint : basic_isa_instance/u_halt_fsm_state_reg[2]/CP
Endpoint   : ip_debug_trace_instance_u_trace_cdc_u_mmu_fifo/mem_reg[4][4]/D
Slack      : -4 ps
Slack      : -0.004 ns

--------------------------------------------------------------
Path       : 1533
Startpoint : basic_isa_instance/u_halt_fsm_state_reg[2]/CP
Endpoint   : ip_debug_trace_instance_u_trace_cdc_u_mmu_fifo/mem_reg[3][4]/D
Slack      : -4 ps
Slack      : -0.004 ns

--------------------------------------------------------------
Path       : 1534
Startpoint : basic_isa_instance/u_halt_fsm_state_reg[2]/CP
Endpoint   : ip_debug_trace_instance_u_trace_cdc_u_mmu_fifo/mem_reg[2][4]/D
Slack      : -4 ps
Slack      : -0.004 ns

--------------------------------------------------------------
Path       : 1535
Startpoint : basic_isa_instance/u_halt_fsm_state_reg[2]/CP
Endpoint   : ip_debug_trace_instance_u_trace_cdc_u_mmu_fifo/mem_reg[1][4]/D
Slack      : -4 ps
Slack      : -0.004 ns

--------------------------------------------------------------
Path       : 1536
Startpoint : basic_isa_instance/u_halt_fsm_state_reg[2]/CP
Endpoint   : ip_debug_trace_instance_u_trace_cdc_u_mmu_fifo/mem_reg[0][4]/D
Slack      : -4 ps
Slack      : -0.004 ns

--------------------------------------------------------------
Path       : 1537
Startpoint : csr_top_instance_csr_register_file_inst_satp_csr_inst_satp_r_reg[24]/CP
Endpoint   : basic_isa_instance/u_mem_wb_load_data_out_reg[7]/D
Slack      : -3 ps
Slack      : -0.003 ns

--------------------------------------------------------------
Path       : 1538
Startpoint : basic_isa_instance/u_id_ex_jalr_ex_reg/CP
Endpoint   : basic_isa_instance/u_ex_mem_alu_result_mem_reg[28]/D
Slack      : -3 ps
Slack      : -0.003 ns

--------------------------------------------------------------
Path       : 1539
Startpoint : mmu_instance_u_ptw_lat_base_ppn_reg[4]/CP
Endpoint   : pte_wrapper_instance_u_pte_memory/data_out_reg[25]/D
Slack      : -2 ps
Slack      : -0.002 ns

--------------------------------------------------------------
Path       : 1540
Startpoint : mmu_instance_u_ptw_lat_base_ppn_reg[4]/CP
Endpoint   : pte_wrapper_instance_u_pte_memory/data_out_reg[29]/D
Slack      : -2 ps
Slack      : -0.002 ns

--------------------------------------------------------------
Path       : 1541
Startpoint : basic_isa_instance/u_halt_fsm_state_reg[0]/CP
Endpoint   : ip_debug_trace_instance_u_trace_cdc_u_mmu_fifo/mem_reg[15][0]/D
Slack      : -2 ps
Slack      : -0.002 ns

--------------------------------------------------------------
Path       : 1542
Startpoint : basic_isa_instance/u_halt_fsm_state_reg[0]/CP
Endpoint   : ip_debug_trace_instance_u_trace_cdc_u_mmu_fifo/mem_reg[14][0]/D
Slack      : -2 ps
Slack      : -0.002 ns

--------------------------------------------------------------
Path       : 1543
Startpoint : basic_isa_instance/u_halt_fsm_state_reg[0]/CP
Endpoint   : ip_debug_trace_instance_u_trace_cdc_u_mmu_fifo/mem_reg[13][0]/D
Slack      : -2 ps
Slack      : -0.002 ns

--------------------------------------------------------------
Path       : 1544
Startpoint : basic_isa_instance/u_halt_fsm_state_reg[0]/CP
Endpoint   : ip_debug_trace_instance_u_trace_cdc_u_mmu_fifo/mem_reg[12][0]/D
Slack      : -2 ps
Slack      : -0.002 ns

--------------------------------------------------------------
Path       : 1545
Startpoint : basic_isa_instance/u_halt_fsm_state_reg[0]/CP
Endpoint   : ip_debug_trace_instance_u_trace_cdc_u_mmu_fifo/mem_reg[11][0]/D
Slack      : -2 ps
Slack      : -0.002 ns

--------------------------------------------------------------
Path       : 1546
Startpoint : basic_isa_instance/u_halt_fsm_state_reg[0]/CP
Endpoint   : ip_debug_trace_instance_u_trace_cdc_u_mmu_fifo/mem_reg[10][0]/D
Slack      : -2 ps
Slack      : -0.002 ns

--------------------------------------------------------------
Path       : 1547
Startpoint : basic_isa_instance/u_halt_fsm_state_reg[0]/CP
Endpoint   : ip_debug_trace_instance_u_trace_cdc_u_mmu_fifo/mem_reg[9][0]/D
Slack      : -2 ps
Slack      : -0.002 ns

--------------------------------------------------------------
Path       : 1548
Startpoint : basic_isa_instance/u_halt_fsm_state_reg[0]/CP
Endpoint   : ip_debug_trace_instance_u_trace_cdc_u_mmu_fifo/mem_reg[8][0]/D
Slack      : -2 ps
Slack      : -0.002 ns

--------------------------------------------------------------
Path       : 1549
Startpoint : basic_isa_instance/u_halt_fsm_state_reg[0]/CP
Endpoint   : ip_debug_trace_instance_u_trace_cdc_u_mmu_fifo/mem_reg[7][0]/D
Slack      : -2 ps
Slack      : -0.002 ns

--------------------------------------------------------------
Path       : 1550
Startpoint : basic_isa_instance/u_halt_fsm_state_reg[0]/CP
Endpoint   : ip_debug_trace_instance_u_trace_cdc_u_mmu_fifo/mem_reg[6][0]/D
Slack      : -2 ps
Slack      : -0.002 ns

--------------------------------------------------------------
Path       : 1551
Startpoint : basic_isa_instance/u_halt_fsm_state_reg[0]/CP
Endpoint   : ip_debug_trace_instance_u_trace_cdc_u_mmu_fifo/mem_reg[5][0]/D
Slack      : -2 ps
Slack      : -0.002 ns

--------------------------------------------------------------
Path       : 1552
Startpoint : basic_isa_instance/u_halt_fsm_state_reg[0]/CP
Endpoint   : ip_debug_trace_instance_u_trace_cdc_u_mmu_fifo/mem_reg[4][0]/D
Slack      : -2 ps
Slack      : -0.002 ns

--------------------------------------------------------------
Path       : 1553
Startpoint : basic_isa_instance/u_halt_fsm_state_reg[0]/CP
Endpoint   : ip_debug_trace_instance_u_trace_cdc_u_mmu_fifo/mem_reg[3][0]/D
Slack      : -2 ps
Slack      : -0.002 ns

--------------------------------------------------------------
Path       : 1554
Startpoint : basic_isa_instance/u_halt_fsm_state_reg[0]/CP
Endpoint   : ip_debug_trace_instance_u_trace_cdc_u_mmu_fifo/mem_reg[2][0]/D
Slack      : -2 ps
Slack      : -0.002 ns

--------------------------------------------------------------
Path       : 1555
Startpoint : basic_isa_instance/u_halt_fsm_state_reg[0]/CP
Endpoint   : ip_debug_trace_instance_u_trace_cdc_u_mmu_fifo/mem_reg[1][0]/D
Slack      : -2 ps
Slack      : -0.002 ns

--------------------------------------------------------------
Path       : 1556
Startpoint : basic_isa_instance/u_halt_fsm_state_reg[0]/CP
Endpoint   : ip_debug_trace_instance_u_trace_cdc_u_mmu_fifo/mem_reg[0][0]/D
Slack      : -2 ps
Slack      : -0.002 ns

==============================================================
SUMMARY
==============================================================
Total violating paths : 1556
Maximum paths checked : 1600

A path is considered violating when:
Slack < 0 ps

==============================================================
