============================================================
  Generated by:           Genus(TM) Synthesis Solution 17.22-s017_1
  Generated on:           Mar 01 2023  09:25:41 pm
  Module:                 pinaka
  Operating conditions:   WCCOM (balanced_tree)
  Wireload mode:          segmented
  Area mode:              timing library
============================================================


Path 1: VIOLATED (-9995546 ps) Clock Gating Setup Check at pin clk_rst_bypass_top_instance/g1710/A2
          Group: core_clk
     Startpoint: (F) clk_rst_bypass_top_instance/mem_rc_clk_mux_i_scan_mode_test_clk_0_clksel_latch_reg/EN
          Clock: (F) rc_clk
       Endpoint: (R) clk_rst_bypass_top_instance/g1710/A2
          Clock: (R) core_clk

                      Capture         Launch     
        Clock Edge:+  10002500      10000000     
       Src Latency:+         0             0     
       Net Latency:+         0 (I)         0 (I) 
           Arrival:=  10002500      10000000     
                                                 
      Output Delay:-         0                   
     Required Time:=  10002500                   
      Launch Clock:-  10000000                   
         Data Path:-   9998046                   
             Slack:=  -9995546                   

Exceptions/Constraints:
  output_delay              0              clk_gating_check_203 

#-------------------------------------------------------------------------------------------------------------------------------------------------------------------
#                                     Timing Point                                      Flags    Arc   Edge   Cell     Fanout Load Trans  Delay   Arrival  Instance 
#                                                                                                                             (fF)  (ps)   (ps)     (ps)   Location 
#-------------------------------------------------------------------------------------------------------------------------------------------------------------------
  clk_rst_bypass_top_instance/mem_rc_clk_mux_i_scan_mode_test_clk_0_clksel_latch_reg/EN -       -      F     (arrival)      -    -     -       -   9999500    (-,-) 
  clk_rst_bypass_top_instance/mem_rc_clk_mux_i_scan_mode_test_clk_0_clksel_latch_reg/Q  -       -      R     LNQD2          1  2.0    55 9998483  19997983    (-,-) 
  clk_rst_bypass_top_instance/g1785/ZN                                                  -       I->ZN  F     INVD2          1  2.6    27      34  19998016    (-,-) 
  clk_rst_bypass_top_instance/g1767/ZN                                                  -       A1->ZN R     NR2XD2         1  0.9    27      29  19998046    (-,-) 
  clk_rst_bypass_top_instance/g1710/A2                                                  (b)     -      R     CKAN2D2        -    -     -       0  19998046    (-,-) 
#-------------------------------------------------------------------------------------------------------------------------------------------------------------------

(b) : Timing paths are broken.



Path 2: VIOLATED (-9990556 ps) Clock Gating Setup Check at pin clk_rst_bypass_top_instance/g1828/A2
          Group: ctrl_bypass_debug_clk
     Startpoint: (F) clk_rst_bypass_top_instance/debug_rc_clk_mux_i_scan_mode_test_clk_0_clksel_latch_reg/EN
          Clock: (F) rc_clk
       Endpoint: (R) clk_rst_bypass_top_instance/g1828/A2
          Clock: (R) ctrl_bypass_debug_clk

                      Capture         Launch     
        Clock Edge:+  10005000      10000000     
       Src Latency:+         0             0     
       Net Latency:+         0 (I)         0 (I) 
           Arrival:=  10005000      10000000     
                                                 
      Output Delay:-         0                   
     Required Time:=  10005000                   
      Launch Clock:-  10000000                   
         Data Path:-   9995556                   
             Slack:=  -9990556                   

Exceptions/Constraints:
  output_delay              0              clk_gating_check_200 

#---------------------------------------------------------------------------------------------------------------------------------------------------------------------
#                                      Timing Point                                       Flags    Arc   Edge   Cell     Fanout Load Trans  Delay   Arrival  Instance 
#                                                                                                                               (fF)  (ps)   (ps)     (ps)   Location 
#---------------------------------------------------------------------------------------------------------------------------------------------------------------------
  clk_rst_bypass_top_instance/debug_rc_clk_mux_i_scan_mode_test_clk_0_clksel_latch_reg/EN -       -      F     (arrival)      -    -     -       -   9999500    (-,-) 
  clk_rst_bypass_top_instance/debug_rc_clk_mux_i_scan_mode_test_clk_0_clksel_latch_reg/Q  -       -      R     LNQD2          1  2.0    55 9995988  19995488    (-,-) 
  clk_rst_bypass_top_instance/g1784/ZN                                                    -       I->ZN  F     INVD2          1  1.8    24      30  19995518    (-,-) 
  clk_rst_bypass_top_instance/g1768/ZN                                                    -       A1->ZN R     NR2D2          1  0.9    40      37  19995556    (-,-) 
  clk_rst_bypass_top_instance/g1828/A2                                                    (b)     -      R     CKAN2D2        -    -     -       0  19995556    (-,-) 
#---------------------------------------------------------------------------------------------------------------------------------------------------------------------

(b) : Timing paths are broken.



Path 3: VIOLATED (-2894 ps) Setup Check with Pin basic_isa_instance/u_if_u_pc_reg_pc_reg[31]/CP->D
          Group: core_clk
     Startpoint: (R) basic_isa_instance/u_mem_wb_rd_wb_reg[4]/CP
          Clock: (R) core_clk
       Endpoint: (F) basic_isa_instance/u_if_u_pc_reg_pc_reg[31]/D
          Clock: (R) core_clk

                     Capture       Launch     
        Clock Edge:+    2500            0     
       Src Latency:+       0            0     
       Net Latency:+       0 (I)        0 (I) 
           Arrival:=    2500            0     
                                              
             Setup:-      38                  
     Required Time:=    2462                  
      Launch Clock:-       0                  
         Data Path:-    5357                  
             Slack:=   -2894                  

#-------------------------------------------------------------------------------------------------------------------------------------------------
#                              Timing Point                               Flags    Arc   Edge   Cell     Fanout Load Trans Delay Arrival Instance 
#                                                                                                               (fF)  (ps)  (ps)   (ps)  Location 
#-------------------------------------------------------------------------------------------------------------------------------------------------
  basic_isa_instance/u_mem_wb_rd_wb_reg[4]/CP                             -       -      R     (arrival)    106    -     0     -       0    (-,-) 
  basic_isa_instance/u_mem_wb_rd_wb_reg[4]/Q                              -       CP->Q  R     DFCND2         3  5.4    64   287     287    (-,-) 
  basic_isa_instance/fopt26924/ZN                                         -       I->ZN  F     INVD2          1  2.1    27    34     321    (-,-) 
  basic_isa_instance/g26622/ZN                                            -       B2->ZN R     OAI22D2        1  2.2    94    84     405    (-,-) 
  basic_isa_instance/g26578/ZN                                            -       A2->ZN F     NR2D2          1  2.6    38    50     455    (-,-) 
  basic_isa_instance/g26574/ZN                                            -       A1->ZN R     ND2D3          1  5.2    43    41     497    (-,-) 
  basic_isa_instance/g26566/ZN                                            -       A1->ZN F     NR2XD4         4 11.2    49    43     540    (-,-) 
  basic_isa_instance/g26565/ZN                                            -       I->ZN  R     CKND2          1  1.7    26    33     573    (-,-) 
  basic_isa_instance/g26560/ZN                                            -       B1->ZN F     INR2D2         1  3.6    36    27     600    (-,-) 
  basic_isa_instance/g26536/ZN                                            -       B->ZN  R     AOI21D4        1  3.3    68    76     676    (-,-) 
  basic_isa_instance/g26392/ZN                                            -       A1->ZN F     OAI21D4        1  3.4    50    49     725    (-,-) 
  basic_isa_instance/g3/ZN                                                -       A1->ZN R     ND2D4          1  3.8    40    38     763    (-,-) 
  basic_isa_instance/g2/ZN                                                -       B1->ZN F     IND2D4        14 17.3    92    72     836    (-,-) 
  basic_isa_instance/g20782/Z                                             -       I1->Z  F     MUX2D2         1  2.7    57   146     982    (-,-) 
  basic_isa_instance/u_branch_add_95_52_Y_u_branch_add_94_43_cdnadd_1/CO  -       B->CO  F     FA1D4          1  1.8    53   231    1213    (-,-) 
  basic_isa_instance/u_branch_add_95_52_Y_u_branch_add_94_43_cdnadd_2/CO  -       CI->CO F     FA1D2          1  1.8    63   120    1333    (-,-) 
  basic_isa_instance/u_branch_add_95_52_Y_u_branch_add_94_43_cdnadd_3/CO  -       CI->CO F     FA1D2          1  1.8    63   123    1457    (-,-) 
  basic_isa_instance/u_branch_add_95_52_Y_u_branch_add_94_43_cdnadd_4/CO  -       CI->CO F     FA1D2          1  1.8    63   123    1580    (-,-) 
  basic_isa_instance/u_branch_add_95_52_Y_u_branch_add_94_43_cdnadd_5/CO  -       CI->CO F     FA1D2          1  1.8    63   123    1703    (-,-) 
  basic_isa_instance/u_branch_add_95_52_Y_u_branch_add_94_43_cdnadd_6/CO  -       CI->CO F     FA1D2          1  1.8    63   123    1827    (-,-) 
  basic_isa_instance/u_branch_add_95_52_Y_u_branch_add_94_43_cdnadd_7/CO  -       CI->CO F     FA1D2          1  1.8    63   123    1950    (-,-) 
  basic_isa_instance/u_branch_add_95_52_Y_u_branch_add_94_43_cdnadd_8/CO  -       CI->CO F     FA1D2          1  1.8    63   123    2074    (-,-) 
  basic_isa_instance/u_branch_add_95_52_Y_u_branch_add_94_43_cdnadd_9/CO  -       CI->CO F     FA1D2          1  1.8    63   123    2197    (-,-) 
  basic_isa_instance/u_branch_add_95_52_Y_u_branch_add_94_43_cdnadd_10/CO -       CI->CO F     FA1D2          1  1.8    63   123    2320    (-,-) 
  basic_isa_instance/u_branch_add_95_52_Y_u_branch_add_94_43_cdnadd_11/CO -       CI->CO F     FA1D2          1  1.8    63   123    2444    (-,-) 
  basic_isa_instance/u_branch_add_95_52_Y_u_branch_add_94_43_cdnadd_12/CO -       CI->CO F     FA1D2          1  1.8    63   123    2567    (-,-) 
  basic_isa_instance/u_branch_add_95_52_Y_u_branch_add_94_43_cdnadd_13/CO -       CI->CO F     FA1D2          1  1.8    63   123    2691    (-,-) 
  basic_isa_instance/u_branch_add_95_52_Y_u_branch_add_94_43_cdnadd_14/CO -       CI->CO F     FA1D2          1  1.8    63   123    2814    (-,-) 
  basic_isa_instance/u_branch_add_95_52_Y_u_branch_add_94_43_cdnadd_15/CO -       CI->CO F     FA1D2          1  1.8    63   123    2937    (-,-) 
  basic_isa_instance/u_branch_add_95_52_Y_u_branch_add_94_43_cdnadd_16/CO -       CI->CO F     FA1D2          1  1.8    63   123    3061    (-,-) 
  basic_isa_instance/u_branch_add_95_52_Y_u_branch_add_94_43_cdnadd_17/CO -       CI->CO F     FA1D2          1  1.8    63   123    3184    (-,-) 
  basic_isa_instance/u_branch_add_95_52_Y_u_branch_add_94_43_cdnadd_18/CO -       CI->CO F     FA1D2          1  1.8    63   123    3308    (-,-) 
  basic_isa_instance/u_branch_add_95_52_Y_u_branch_add_94_43_cdnadd_19/CO -       CI->CO F     FA1D2          1  1.8    63   123    3431    (-,-) 
  basic_isa_instance/u_branch_add_95_52_Y_u_branch_add_94_43_cdnadd_20/CO -       CI->CO F     FA1D2          1  1.8    63   123    3554    (-,-) 
  basic_isa_instance/u_branch_add_95_52_Y_u_branch_add_94_43_cdnadd_21/CO -       CI->CO F     FA1D2          1  1.8    63   123    3678    (-,-) 
  basic_isa_instance/u_branch_add_95_52_Y_u_branch_add_94_43_cdnadd_22/CO -       CI->CO F     FA1D2          1  1.8    63   123    3801    (-,-) 
  basic_isa_instance/u_branch_add_95_52_Y_u_branch_add_94_43_cdnadd_23/CO -       CI->CO F     FA1D2          1  1.8    63   123    3925    (-,-) 
  basic_isa_instance/u_branch_add_95_52_Y_u_branch_add_94_43_cdnadd_24/CO -       CI->CO F     FA1D2          1  1.8    63   123    4048    (-,-) 
  basic_isa_instance/u_branch_add_95_52_Y_u_branch_add_94_43_cdnadd_25/CO -       CI->CO F     FA1D2          1  1.8    63   123    4171    (-,-) 
  basic_isa_instance/u_branch_add_95_52_Y_u_branch_add_94_43_cdnadd_26/CO -       CI->CO F     FA1D2          1  1.8    63   123    4295    (-,-) 
  basic_isa_instance/u_branch_add_95_52_Y_u_branch_add_94_43_cdnadd_27/CO -       CI->CO F     FA1D2          1  1.8    63   123    4418    (-,-) 
  basic_isa_instance/u_branch_add_95_52_Y_u_branch_add_94_43_cdnadd_28/CO -       CI->CO F     FA1D2          1  1.8    63   123    4542    (-,-) 
  basic_isa_instance/u_branch_add_95_52_Y_u_branch_add_94_43_cdnadd_29/CO -       CI->CO F     FA1D2          1  1.8    63   123    4665    (-,-) 
  basic_isa_instance/u_branch_add_95_52_Y_u_branch_add_94_43_cdnadd_30/CO -       CI->CO F     FA1D2          1  1.1    59   120    4784    (-,-) 
  basic_isa_instance/u_branch_add_95_52_Y_u_branch_add_94_43_cdnadd_47/Z  -       A3->Z  F     XOR3D2         2  1.8    61   137    4922    (-,-) 
  basic_isa_instance/g34677/Z                                             -       C1->Z  F     AO222D2        1  2.6    70   262    5184    (-,-) 
  basic_isa_instance/g36208/ZN                                            -       A1->ZN R     NR2XD2         1  1.9    40    45    5229    (-,-) 
  basic_isa_instance/g36211/ZN                                            -       B->ZN  F     IOA21D2        2  3.0    47    44    5273    (-,-) 
  basic_isa_instance/g36218/ZN                                            -       A1->ZN R     ND2D2          1  2.3    61    38    5312    (-,-) 
  basic_isa_instance/g36217/ZN                                            -       B1->ZN F     IND2D2         1  0.9    34    45    5357    (-,-) 
  basic_isa_instance/u_if_u_pc_reg_pc_reg[31]/D                           -       -      F     DFCSNQD2       1    -     -     0    5357    (-,-) 
#-------------------------------------------------------------------------------------------------------------------------------------------------



Path 4: VIOLATED (-2880 ps) Setup Check with Pin basic_isa_instance/u_if_u_pc_reg_core_to_int_reg[31]/CP->D
          Group: core_clk
     Startpoint: (R) basic_isa_instance/u_mem_wb_rd_wb_reg[4]/CP
          Clock: (R) core_clk
       Endpoint: (R) basic_isa_instance/u_if_u_pc_reg_core_to_int_reg[31]/D
          Clock: (R) core_clk

                     Capture       Launch     
        Clock Edge:+    2500            0     
       Src Latency:+       0            0     
       Net Latency:+       0 (I)        0 (I) 
           Arrival:=    2500            0     
                                              
             Setup:-      78                  
     Required Time:=    2422                  
      Launch Clock:-       0                  
         Data Path:-    5302                  
             Slack:=   -2880                  

#-------------------------------------------------------------------------------------------------------------------------------------------------
#                              Timing Point                               Flags    Arc   Edge   Cell     Fanout Load Trans Delay Arrival Instance 
#                                                                                                               (fF)  (ps)  (ps)   (ps)  Location 
#-------------------------------------------------------------------------------------------------------------------------------------------------
  basic_isa_instance/u_mem_wb_rd_wb_reg[4]/CP                             -       -      R     (arrival)    106    -     0     -       0    (-,-) 
  basic_isa_instance/u_mem_wb_rd_wb_reg[4]/Q                              -       CP->Q  R     DFCND2         3  5.4    64   287     287    (-,-) 
  basic_isa_instance/fopt26924/ZN                                         -       I->ZN  F     INVD2          1  2.1    27    34     321    (-,-) 
  basic_isa_instance/g26622/ZN                                            -       B2->ZN R     OAI22D2        1  2.2    94    84     405    (-,-) 
  basic_isa_instance/g26578/ZN                                            -       A2->ZN F     NR2D2          1  2.6    38    50     455    (-,-) 
  basic_isa_instance/g26574/ZN                                            -       A1->ZN R     ND2D3          1  5.2    43    41     497    (-,-) 
  basic_isa_instance/g26566/ZN                                            -       A1->ZN F     NR2XD4         4 11.2    49    43     540    (-,-) 
  basic_isa_instance/g26565/ZN                                            -       I->ZN  R     CKND2          1  1.7    26    33     573    (-,-) 
  basic_isa_instance/g26560/ZN                                            -       B1->ZN F     INR2D2         1  3.6    36    27     600    (-,-) 
  basic_isa_instance/g26536/ZN                                            -       B->ZN  R     AOI21D4        1  3.3    68    76     676    (-,-) 
  basic_isa_instance/g26392/ZN                                            -       A1->ZN F     OAI21D4        1  3.4    50    49     725    (-,-) 
  basic_isa_instance/g3/ZN                                                -       A1->ZN R     ND2D4          1  3.8    40    38     763    (-,-) 
  basic_isa_instance/g2/ZN                                                -       B1->ZN F     IND2D4        14 17.3    92    72     836    (-,-) 
  basic_isa_instance/g20782/Z                                             -       I1->Z  F     MUX2D2         1  2.7    57   146     982    (-,-) 
  basic_isa_instance/u_branch_add_95_52_Y_u_branch_add_94_43_cdnadd_1/CO  -       B->CO  F     FA1D4          1  1.8    53   231    1213    (-,-) 
  basic_isa_instance/u_branch_add_95_52_Y_u_branch_add_94_43_cdnadd_2/CO  -       CI->CO F     FA1D2          1  1.8    63   120    1333    (-,-) 
  basic_isa_instance/u_branch_add_95_52_Y_u_branch_add_94_43_cdnadd_3/CO  -       CI->CO F     FA1D2          1  1.8    63   123    1457    (-,-) 
  basic_isa_instance/u_branch_add_95_52_Y_u_branch_add_94_43_cdnadd_4/CO  -       CI->CO F     FA1D2          1  1.8    63   123    1580    (-,-) 
  basic_isa_instance/u_branch_add_95_52_Y_u_branch_add_94_43_cdnadd_5/CO  -       CI->CO F     FA1D2          1  1.8    63   123    1703    (-,-) 
  basic_isa_instance/u_branch_add_95_52_Y_u_branch_add_94_43_cdnadd_6/CO  -       CI->CO F     FA1D2          1  1.8    63   123    1827    (-,-) 
  basic_isa_instance/u_branch_add_95_52_Y_u_branch_add_94_43_cdnadd_7/CO  -       CI->CO F     FA1D2          1  1.8    63   123    1950    (-,-) 
  basic_isa_instance/u_branch_add_95_52_Y_u_branch_add_94_43_cdnadd_8/CO  -       CI->CO F     FA1D2          1  1.8    63   123    2074    (-,-) 
  basic_isa_instance/u_branch_add_95_52_Y_u_branch_add_94_43_cdnadd_9/CO  -       CI->CO F     FA1D2          1  1.8    63   123    2197    (-,-) 
  basic_isa_instance/u_branch_add_95_52_Y_u_branch_add_94_43_cdnadd_10/CO -       CI->CO F     FA1D2          1  1.8    63   123    2320    (-,-) 
  basic_isa_instance/u_branch_add_95_52_Y_u_branch_add_94_43_cdnadd_11/CO -       CI->CO F     FA1D2          1  1.8    63   123    2444    (-,-) 
  basic_isa_instance/u_branch_add_95_52_Y_u_branch_add_94_43_cdnadd_12/CO -       CI->CO F     FA1D2          1  1.8    63   123    2567    (-,-) 
  basic_isa_instance/u_branch_add_95_52_Y_u_branch_add_94_43_cdnadd_13/CO -       CI->CO F     FA1D2          1  1.8    63   123    2691    (-,-) 
  basic_isa_instance/u_branch_add_95_52_Y_u_branch_add_94_43_cdnadd_14/CO -       CI->CO F     FA1D2          1  1.8    63   123    2814    (-,-) 
  basic_isa_instance/u_branch_add_95_52_Y_u_branch_add_94_43_cdnadd_15/CO -       CI->CO F     FA1D2          1  1.8    63   123    2937    (-,-) 
  basic_isa_instance/u_branch_add_95_52_Y_u_branch_add_94_43_cdnadd_16/CO -       CI->CO F     FA1D2          1  1.8    63   123    3061    (-,-) 
  basic_isa_instance/u_branch_add_95_52_Y_u_branch_add_94_43_cdnadd_17/CO -       CI->CO F     FA1D2          1  1.8    63   123    3184    (-,-) 
  basic_isa_instance/u_branch_add_95_52_Y_u_branch_add_94_43_cdnadd_18/CO -       CI->CO F     FA1D2          1  1.8    63   123    3308    (-,-) 
  basic_isa_instance/u_branch_add_95_52_Y_u_branch_add_94_43_cdnadd_19/CO -       CI->CO F     FA1D2          1  1.8    63   123    3431    (-,-) 
  basic_isa_instance/u_branch_add_95_52_Y_u_branch_add_94_43_cdnadd_20/CO -       CI->CO F     FA1D2          1  1.8    63   123    3554    (-,-) 
  basic_isa_instance/u_branch_add_95_52_Y_u_branch_add_94_43_cdnadd_21/CO -       CI->CO F     FA1D2          1  1.8    63   123    3678    (-,-) 
  basic_isa_instance/u_branch_add_95_52_Y_u_branch_add_94_43_cdnadd_22/CO -       CI->CO F     FA1D2          1  1.8    63   123    3801    (-,-) 
  basic_isa_instance/u_branch_add_95_52_Y_u_branch_add_94_43_cdnadd_23/CO -       CI->CO F     FA1D2          1  1.8    63   123    3925    (-,-) 
  basic_isa_instance/u_branch_add_95_52_Y_u_branch_add_94_43_cdnadd_24/CO -       CI->CO F     FA1D2          1  1.8    63   123    4048    (-,-) 
  basic_isa_instance/u_branch_add_95_52_Y_u_branch_add_94_43_cdnadd_25/CO -       CI->CO F     FA1D2          1  1.8    63   123    4171    (-,-) 
  basic_isa_instance/u_branch_add_95_52_Y_u_branch_add_94_43_cdnadd_26/CO -       CI->CO F     FA1D2          1  1.8    63   123    4295    (-,-) 
  basic_isa_instance/u_branch_add_95_52_Y_u_branch_add_94_43_cdnadd_27/CO -       CI->CO F     FA1D2          1  1.8    63   123    4418    (-,-) 
  basic_isa_instance/u_branch_add_95_52_Y_u_branch_add_94_43_cdnadd_28/CO -       CI->CO F     FA1D2          1  1.8    63   123    4542    (-,-) 
  basic_isa_instance/u_branch_add_95_52_Y_u_branch_add_94_43_cdnadd_29/CO -       CI->CO F     FA1D2          1  1.8    63   123    4665    (-,-) 
  basic_isa_instance/u_branch_add_95_52_Y_u_branch_add_94_43_cdnadd_30/CO -       CI->CO F     FA1D2          1  1.1    59   120    4784    (-,-) 
  basic_isa_instance/u_branch_add_95_52_Y_u_branch_add_94_43_cdnadd_47/Z  -       A3->Z  R     XOR3D2         2  2.0    62   208    4993    (-,-) 
  basic_isa_instance/g34677/Z                                             -       C1->Z  R     AO222D2        1  2.7    65   151    5144    (-,-) 
  basic_isa_instance/g36208/ZN                                            -       A1->ZN F     NR2XD2         1  1.7    32    39    5182    (-,-) 
  basic_isa_instance/g36211/ZN                                            -       B->ZN  R     IOA21D2        2  3.4    54    38    5220    (-,-) 
  basic_isa_instance/g26244/ZN                                            -       A1->ZN F     CKND2D2        1  1.7    86    39    5259    (-,-) 
  basic_isa_instance/g42518/ZN                                            -       B->ZN  R     IOA21D2        1  0.9    42    43    5302    (-,-) 
  basic_isa_instance/u_if_u_pc_reg_core_to_int_reg[31]/D                  -       -      R     DFCNQD2        1    -     -     0    5302    (-,-) 
#-------------------------------------------------------------------------------------------------------------------------------------------------



Path 5: VIOLATED (-2875 ps) Setup Check with Pin basic_isa_instance/u_if_u_pc_reg_pc_reg[30]/CP->D
          Group: core_clk
     Startpoint: (R) basic_isa_instance/u_mem_wb_rd_wb_reg[4]/CP
          Clock: (R) core_clk
       Endpoint: (F) basic_isa_instance/u_if_u_pc_reg_pc_reg[30]/D
          Clock: (R) core_clk

                     Capture       Launch     
        Clock Edge:+    2500            0     
       Src Latency:+       0            0     
       Net Latency:+       0 (I)        0 (I) 
           Arrival:=    2500            0     
                                              
             Setup:-      41                  
     Required Time:=    2459                  
      Launch Clock:-       0                  
         Data Path:-    5335                  
             Slack:=   -2875                  

#-------------------------------------------------------------------------------------------------------------------------------------------------
#                              Timing Point                               Flags    Arc   Edge   Cell     Fanout Load Trans Delay Arrival Instance 
#                                                                                                               (fF)  (ps)  (ps)   (ps)  Location 
#-------------------------------------------------------------------------------------------------------------------------------------------------
  basic_isa_instance/u_mem_wb_rd_wb_reg[4]/CP                             -       -      R     (arrival)    106    -     0     -       0    (-,-) 
  basic_isa_instance/u_mem_wb_rd_wb_reg[4]/Q                              -       CP->Q  R     DFCND2         3  5.4    64   287     287    (-,-) 
  basic_isa_instance/fopt26924/ZN                                         -       I->ZN  F     INVD2          1  2.1    27    34     321    (-,-) 
  basic_isa_instance/g26622/ZN                                            -       B2->ZN R     OAI22D2        1  2.2    94    84     405    (-,-) 
  basic_isa_instance/g26578/ZN                                            -       A2->ZN F     NR2D2          1  2.6    38    50     455    (-,-) 
  basic_isa_instance/g26574/ZN                                            -       A1->ZN R     ND2D3          1  5.2    43    41     497    (-,-) 
  basic_isa_instance/g26566/ZN                                            -       A1->ZN F     NR2XD4         4 11.2    49    43     540    (-,-) 
  basic_isa_instance/g26565/ZN                                            -       I->ZN  R     CKND2          1  1.7    26    33     573    (-,-) 
  basic_isa_instance/g26560/ZN                                            -       B1->ZN F     INR2D2         1  3.6    36    27     600    (-,-) 
  basic_isa_instance/g26536/ZN                                            -       B->ZN  R     AOI21D4        1  3.3    68    76     676    (-,-) 
  basic_isa_instance/g26392/ZN                                            -       A1->ZN F     OAI21D4        1  3.4    50    49     725    (-,-) 
  basic_isa_instance/g3/ZN                                                -       A1->ZN R     ND2D4          1  3.8    40    38     763    (-,-) 
  basic_isa_instance/g2/ZN                                                -       B1->ZN F     IND2D4        14 17.3    92    72     836    (-,-) 
  basic_isa_instance/g20782/Z                                             -       I1->Z  F     MUX2D2         1  2.7    57   146     982    (-,-) 
  basic_isa_instance/u_branch_add_95_52_Y_u_branch_add_94_43_cdnadd_1/CO  -       B->CO  F     FA1D4          1  1.8    53   231    1213    (-,-) 
  basic_isa_instance/u_branch_add_95_52_Y_u_branch_add_94_43_cdnadd_2/CO  -       CI->CO F     FA1D2          1  1.8    63   120    1333    (-,-) 
  basic_isa_instance/u_branch_add_95_52_Y_u_branch_add_94_43_cdnadd_3/CO  -       CI->CO F     FA1D2          1  1.8    63   123    1457    (-,-) 
  basic_isa_instance/u_branch_add_95_52_Y_u_branch_add_94_43_cdnadd_4/CO  -       CI->CO F     FA1D2          1  1.8    63   123    1580    (-,-) 
  basic_isa_instance/u_branch_add_95_52_Y_u_branch_add_94_43_cdnadd_5/CO  -       CI->CO F     FA1D2          1  1.8    63   123    1703    (-,-) 
  basic_isa_instance/u_branch_add_95_52_Y_u_branch_add_94_43_cdnadd_6/CO  -       CI->CO F     FA1D2          1  1.8    63   123    1827    (-,-) 
  basic_isa_instance/u_branch_add_95_52_Y_u_branch_add_94_43_cdnadd_7/CO  -       CI->CO F     FA1D2          1  1.8    63   123    1950    (-,-) 
  basic_isa_instance/u_branch_add_95_52_Y_u_branch_add_94_43_cdnadd_8/CO  -       CI->CO F     FA1D2          1  1.8    63   123    2074    (-,-) 
  basic_isa_instance/u_branch_add_95_52_Y_u_branch_add_94_43_cdnadd_9/CO  -       CI->CO F     FA1D2          1  1.8    63   123    2197    (-,-) 
  basic_isa_instance/u_branch_add_95_52_Y_u_branch_add_94_43_cdnadd_10/CO -       CI->CO F     FA1D2          1  1.8    63   123    2320    (-,-) 
  basic_isa_instance/u_branch_add_95_52_Y_u_branch_add_94_43_cdnadd_11/CO -       CI->CO F     FA1D2          1  1.8    63   123    2444    (-,-) 
  basic_isa_instance/u_branch_add_95_52_Y_u_branch_add_94_43_cdnadd_12/CO -       CI->CO F     FA1D2          1  1.8    63   123    2567    (-,-) 
  basic_isa_instance/u_branch_add_95_52_Y_u_branch_add_94_43_cdnadd_13/CO -       CI->CO F     FA1D2          1  1.8    63   123    2691    (-,-) 
  basic_isa_instance/u_branch_add_95_52_Y_u_branch_add_94_43_cdnadd_14/CO -       CI->CO F     FA1D2          1  1.8    63   123    2814    (-,-) 
  basic_isa_instance/u_branch_add_95_52_Y_u_branch_add_94_43_cdnadd_15/CO -       CI->CO F     FA1D2          1  1.8    63   123    2937    (-,-) 
  basic_isa_instance/u_branch_add_95_52_Y_u_branch_add_94_43_cdnadd_16/CO -       CI->CO F     FA1D2          1  1.8    63   123    3061    (-,-) 
  basic_isa_instance/u_branch_add_95_52_Y_u_branch_add_94_43_cdnadd_17/CO -       CI->CO F     FA1D2          1  1.8    63   123    3184    (-,-) 
  basic_isa_instance/u_branch_add_95_52_Y_u_branch_add_94_43_cdnadd_18/CO -       CI->CO F     FA1D2          1  1.8    63   123    3308    (-,-) 
  basic_isa_instance/u_branch_add_95_52_Y_u_branch_add_94_43_cdnadd_19/CO -       CI->CO F     FA1D2          1  1.8    63   123    3431    (-,-) 
  basic_isa_instance/u_branch_add_95_52_Y_u_branch_add_94_43_cdnadd_20/CO -       CI->CO F     FA1D2          1  1.8    63   123    3554    (-,-) 
  basic_isa_instance/u_branch_add_95_52_Y_u_branch_add_94_43_cdnadd_21/CO -       CI->CO F     FA1D2          1  1.8    63   123    3678    (-,-) 
  basic_isa_instance/u_branch_add_95_52_Y_u_branch_add_94_43_cdnadd_22/CO -       CI->CO F     FA1D2          1  1.8    63   123    3801    (-,-) 
  basic_isa_instance/u_branch_add_95_52_Y_u_branch_add_94_43_cdnadd_23/CO -       CI->CO F     FA1D2          1  1.8    63   123    3925    (-,-) 
  basic_isa_instance/u_branch_add_95_52_Y_u_branch_add_94_43_cdnadd_24/CO -       CI->CO F     FA1D2          1  1.8    63   123    4048    (-,-) 
  basic_isa_instance/u_branch_add_95_52_Y_u_branch_add_94_43_cdnadd_25/CO -       CI->CO F     FA1D2          1  1.8    63   123    4171    (-,-) 
  basic_isa_instance/u_branch_add_95_52_Y_u_branch_add_94_43_cdnadd_26/CO -       CI->CO F     FA1D2          1  1.8    63   123    4295    (-,-) 
  basic_isa_instance/u_branch_add_95_52_Y_u_branch_add_94_43_cdnadd_27/CO -       CI->CO F     FA1D2          1  1.8    63   123    4418    (-,-) 
  basic_isa_instance/u_branch_add_95_52_Y_u_branch_add_94_43_cdnadd_28/CO -       CI->CO F     FA1D2          1  1.8    63   123    4542    (-,-) 
  basic_isa_instance/u_branch_add_95_52_Y_u_branch_add_94_43_cdnadd_29/CO -       CI->CO F     FA1D2          1  1.8    63   123    4665    (-,-) 
  basic_isa_instance/u_branch_add_95_52_Y_u_branch_add_94_43_cdnadd_30/S  -       CI->S  F     FA1D2          2  1.8    60   151    4816    (-,-) 
  basic_isa_instance/g34656/Z                                             -       C1->Z  F     AO222D2        1  0.8    60   248    5064    (-,-) 
  basic_isa_instance/g36209/Z                                             -       A3->Z  F     OR3D2          2  1.8    56   156    5220    (-,-) 
  basic_isa_instance/g41451/Z                                             -       A1->Z  F     AO21D2         1  0.9    41   114    5335    (-,-) 
  basic_isa_instance/u_if_u_pc_reg_pc_reg[30]/D                           -       -      F     DFCSNQD2       1    -     -     0    5335    (-,-) 
#-------------------------------------------------------------------------------------------------------------------------------------------------



Path 6: VIOLATED (-2861 ps) Setup Check with Pin basic_isa_instance/u_if_u_pc_reg_core_to_int_reg[30]/CP->D
          Group: core_clk
     Startpoint: (R) basic_isa_instance/u_mem_wb_rd_wb_reg[4]/CP
          Clock: (R) core_clk
       Endpoint: (F) basic_isa_instance/u_if_u_pc_reg_core_to_int_reg[30]/D
          Clock: (R) core_clk

                     Capture       Launch     
        Clock Edge:+    2500            0     
       Src Latency:+       0            0     
       Net Latency:+       0 (I)        0 (I) 
           Arrival:=    2500            0     
                                              
             Setup:-       8                  
     Required Time:=    2492                  
      Launch Clock:-       0                  
         Data Path:-    5353                  
             Slack:=   -2861                  

#-------------------------------------------------------------------------------------------------------------------------------------------------
#                              Timing Point                               Flags    Arc   Edge   Cell     Fanout Load Trans Delay Arrival Instance 
#                                                                                                               (fF)  (ps)  (ps)   (ps)  Location 
#-------------------------------------------------------------------------------------------------------------------------------------------------
  basic_isa_instance/u_mem_wb_rd_wb_reg[4]/CP                             -       -      R     (arrival)    106    -     0     -       0    (-,-) 
  basic_isa_instance/u_mem_wb_rd_wb_reg[4]/Q                              -       CP->Q  R     DFCND2         3  5.4    64   287     287    (-,-) 
  basic_isa_instance/fopt26924/ZN                                         -       I->ZN  F     INVD2          1  2.1    27    34     321    (-,-) 
  basic_isa_instance/g26622/ZN                                            -       B2->ZN R     OAI22D2        1  2.2    94    84     405    (-,-) 
  basic_isa_instance/g26578/ZN                                            -       A2->ZN F     NR2D2          1  2.6    38    50     455    (-,-) 
  basic_isa_instance/g26574/ZN                                            -       A1->ZN R     ND2D3          1  5.2    43    41     497    (-,-) 
  basic_isa_instance/g26566/ZN                                            -       A1->ZN F     NR2XD4         4 11.2    49    43     540    (-,-) 
  basic_isa_instance/g26565/ZN                                            -       I->ZN  R     CKND2          1  1.7    26    33     573    (-,-) 
  basic_isa_instance/g26560/ZN                                            -       B1->ZN F     INR2D2         1  3.6    36    27     600    (-,-) 
  basic_isa_instance/g26536/ZN                                            -       B->ZN  R     AOI21D4        1  3.3    68    76     676    (-,-) 
  basic_isa_instance/g26392/ZN                                            -       A1->ZN F     OAI21D4        1  3.4    50    49     725    (-,-) 
  basic_isa_instance/g3/ZN                                                -       A1->ZN R     ND2D4          1  3.8    40    38     763    (-,-) 
  basic_isa_instance/g2/ZN                                                -       B1->ZN F     IND2D4        14 17.3    92    72     836    (-,-) 
  basic_isa_instance/g20782/Z                                             -       I1->Z  F     MUX2D2         1  2.7    57   146     982    (-,-) 
  basic_isa_instance/u_branch_add_95_52_Y_u_branch_add_94_43_cdnadd_1/CO  -       B->CO  F     FA1D4          1  1.8    53   231    1213    (-,-) 
  basic_isa_instance/u_branch_add_95_52_Y_u_branch_add_94_43_cdnadd_2/CO  -       CI->CO F     FA1D2          1  1.8    63   120    1333    (-,-) 
  basic_isa_instance/u_branch_add_95_52_Y_u_branch_add_94_43_cdnadd_3/CO  -       CI->CO F     FA1D2          1  1.8    63   123    1457    (-,-) 
  basic_isa_instance/u_branch_add_95_52_Y_u_branch_add_94_43_cdnadd_4/CO  -       CI->CO F     FA1D2          1  1.8    63   123    1580    (-,-) 
  basic_isa_instance/u_branch_add_95_52_Y_u_branch_add_94_43_cdnadd_5/CO  -       CI->CO F     FA1D2          1  1.8    63   123    1703    (-,-) 
  basic_isa_instance/u_branch_add_95_52_Y_u_branch_add_94_43_cdnadd_6/CO  -       CI->CO F     FA1D2          1  1.8    63   123    1827    (-,-) 
  basic_isa_instance/u_branch_add_95_52_Y_u_branch_add_94_43_cdnadd_7/CO  -       CI->CO F     FA1D2          1  1.8    63   123    1950    (-,-) 
  basic_isa_instance/u_branch_add_95_52_Y_u_branch_add_94_43_cdnadd_8/CO  -       CI->CO F     FA1D2          1  1.8    63   123    2074    (-,-) 
  basic_isa_instance/u_branch_add_95_52_Y_u_branch_add_94_43_cdnadd_9/CO  -       CI->CO F     FA1D2          1  1.8    63   123    2197    (-,-) 
  basic_isa_instance/u_branch_add_95_52_Y_u_branch_add_94_43_cdnadd_10/CO -       CI->CO F     FA1D2          1  1.8    63   123    2320    (-,-) 
  basic_isa_instance/u_branch_add_95_52_Y_u_branch_add_94_43_cdnadd_11/CO -       CI->CO F     FA1D2          1  1.8    63   123    2444    (-,-) 
  basic_isa_instance/u_branch_add_95_52_Y_u_branch_add_94_43_cdnadd_12/CO -       CI->CO F     FA1D2          1  1.8    63   123    2567    (-,-) 
  basic_isa_instance/u_branch_add_95_52_Y_u_branch_add_94_43_cdnadd_13/CO -       CI->CO F     FA1D2          1  1.8    63   123    2691    (-,-) 
  basic_isa_instance/u_branch_add_95_52_Y_u_branch_add_94_43_cdnadd_14/CO -       CI->CO F     FA1D2          1  1.8    63   123    2814    (-,-) 
  basic_isa_instance/u_branch_add_95_52_Y_u_branch_add_94_43_cdnadd_15/CO -       CI->CO F     FA1D2          1  1.8    63   123    2937    (-,-) 
  basic_isa_instance/u_branch_add_95_52_Y_u_branch_add_94_43_cdnadd_16/CO -       CI->CO F     FA1D2          1  1.8    63   123    3061    (-,-) 
  basic_isa_instance/u_branch_add_95_52_Y_u_branch_add_94_43_cdnadd_17/CO -       CI->CO F     FA1D2          1  1.8    63   123    3184    (-,-) 
  basic_isa_instance/u_branch_add_95_52_Y_u_branch_add_94_43_cdnadd_18/CO -       CI->CO F     FA1D2          1  1.8    63   123    3308    (-,-) 
  basic_isa_instance/u_branch_add_95_52_Y_u_branch_add_94_43_cdnadd_19/CO -       CI->CO F     FA1D2          1  1.8    63   123    3431    (-,-) 
  basic_isa_instance/u_branch_add_95_52_Y_u_branch_add_94_43_cdnadd_20/CO -       CI->CO F     FA1D2          1  1.8    63   123    3554    (-,-) 
  basic_isa_instance/u_branch_add_95_52_Y_u_branch_add_94_43_cdnadd_21/CO -       CI->CO F     FA1D2          1  1.8    63   123    3678    (-,-) 
  basic_isa_instance/u_branch_add_95_52_Y_u_branch_add_94_43_cdnadd_22/CO -       CI->CO F     FA1D2          1  1.8    63   123    3801    (-,-) 
  basic_isa_instance/u_branch_add_95_52_Y_u_branch_add_94_43_cdnadd_23/CO -       CI->CO F     FA1D2          1  1.8    63   123    3925    (-,-) 
  basic_isa_instance/u_branch_add_95_52_Y_u_branch_add_94_43_cdnadd_24/CO -       CI->CO F     FA1D2          1  1.8    63   123    4048    (-,-) 
  basic_isa_instance/u_branch_add_95_52_Y_u_branch_add_94_43_cdnadd_25/CO -       CI->CO F     FA1D2          1  1.8    63   123    4171    (-,-) 
  basic_isa_instance/u_branch_add_95_52_Y_u_branch_add_94_43_cdnadd_26/CO -       CI->CO F     FA1D2          1  1.8    63   123    4295    (-,-) 
  basic_isa_instance/u_branch_add_95_52_Y_u_branch_add_94_43_cdnadd_27/CO -       CI->CO F     FA1D2          1  1.8    63   123    4418    (-,-) 
  basic_isa_instance/u_branch_add_95_52_Y_u_branch_add_94_43_cdnadd_28/CO -       CI->CO F     FA1D2          1  1.8    63   123    4542    (-,-) 
  basic_isa_instance/u_branch_add_95_52_Y_u_branch_add_94_43_cdnadd_29/CO -       CI->CO F     FA1D2          1  1.8    63   123    4665    (-,-) 
  basic_isa_instance/u_branch_add_95_52_Y_u_branch_add_94_43_cdnadd_30/S  -       CI->S  F     FA1D2          2  1.8    60   151    4816    (-,-) 
  basic_isa_instance/g34656/Z                                             -       C1->Z  F     AO222D2        1  0.8    60   248    5064    (-,-) 
  basic_isa_instance/g36209/Z                                             -       A3->Z  F     OR3D2          2  1.8    56   156    5220    (-,-) 
  basic_isa_instance/g25887/Z                                             -       A1->Z  F     AO22D2         1  0.9    43   132    5353    (-,-) 
  basic_isa_instance/u_if_u_pc_reg_core_to_int_reg[30]/D                  -       -      F     DFCNQD2        1    -     -     0    5353    (-,-) 
#-------------------------------------------------------------------------------------------------------------------------------------------------



Path 7: VIOLATED (-2804 ps) Setup Check with Pin basic_isa_instance/u_if_u_pc_reg_pc_reg[29]/CP->D
          Group: core_clk
     Startpoint: (R) basic_isa_instance/u_mem_wb_rd_wb_reg[4]/CP
          Clock: (R) core_clk
       Endpoint: (F) basic_isa_instance/u_if_u_pc_reg_pc_reg[29]/D
          Clock: (R) core_clk

                     Capture       Launch     
        Clock Edge:+    2500            0     
       Src Latency:+       0            0     
       Net Latency:+       0 (I)        0 (I) 
           Arrival:=    2500            0     
                                              
             Setup:-      41                  
     Required Time:=    2459                  
      Launch Clock:-       0                  
         Data Path:-    5263                  
             Slack:=   -2804                  

#-------------------------------------------------------------------------------------------------------------------------------------------------
#                              Timing Point                               Flags    Arc   Edge   Cell     Fanout Load Trans Delay Arrival Instance 
#                                                                                                               (fF)  (ps)  (ps)   (ps)  Location 
#-------------------------------------------------------------------------------------------------------------------------------------------------
  basic_isa_instance/u_mem_wb_rd_wb_reg[4]/CP                             -       -      R     (arrival)    106    -     0     -       0    (-,-) 
  basic_isa_instance/u_mem_wb_rd_wb_reg[4]/Q                              -       CP->Q  R     DFCND2         3  5.4    64   287     287    (-,-) 
  basic_isa_instance/fopt26924/ZN                                         -       I->ZN  F     INVD2          1  2.1    27    34     321    (-,-) 
  basic_isa_instance/g26622/ZN                                            -       B2->ZN R     OAI22D2        1  2.2    94    84     405    (-,-) 
  basic_isa_instance/g26578/ZN                                            -       A2->ZN F     NR2D2          1  2.6    38    50     455    (-,-) 
  basic_isa_instance/g26574/ZN                                            -       A1->ZN R     ND2D3          1  5.2    43    41     497    (-,-) 
  basic_isa_instance/g26566/ZN                                            -       A1->ZN F     NR2XD4         4 11.2    49    43     540    (-,-) 
  basic_isa_instance/g26565/ZN                                            -       I->ZN  R     CKND2          1  1.7    26    33     573    (-,-) 
  basic_isa_instance/g26560/ZN                                            -       B1->ZN F     INR2D2         1  3.6    36    27     600    (-,-) 
  basic_isa_instance/g26536/ZN                                            -       B->ZN  R     AOI21D4        1  3.3    68    76     676    (-,-) 
  basic_isa_instance/g26392/ZN                                            -       A1->ZN F     OAI21D4        1  3.4    50    49     725    (-,-) 
  basic_isa_instance/g3/ZN                                                -       A1->ZN R     ND2D4          1  3.8    40    38     763    (-,-) 
  basic_isa_instance/g2/ZN                                                -       B1->ZN F     IND2D4        14 17.3    92    72     836    (-,-) 
  basic_isa_instance/g20782/Z                                             -       I1->Z  F     MUX2D2         1  2.7    57   146     982    (-,-) 
  basic_isa_instance/u_branch_add_95_52_Y_u_branch_add_94_43_cdnadd_1/CO  -       B->CO  F     FA1D4          1  1.8    53   231    1213    (-,-) 
  basic_isa_instance/u_branch_add_95_52_Y_u_branch_add_94_43_cdnadd_2/CO  -       CI->CO F     FA1D2          1  1.8    63   120    1333    (-,-) 
  basic_isa_instance/u_branch_add_95_52_Y_u_branch_add_94_43_cdnadd_3/CO  -       CI->CO F     FA1D2          1  1.8    63   123    1457    (-,-) 
  basic_isa_instance/u_branch_add_95_52_Y_u_branch_add_94_43_cdnadd_4/CO  -       CI->CO F     FA1D2          1  1.8    63   123    1580    (-,-) 
  basic_isa_instance/u_branch_add_95_52_Y_u_branch_add_94_43_cdnadd_5/CO  -       CI->CO F     FA1D2          1  1.8    63   123    1703    (-,-) 
  basic_isa_instance/u_branch_add_95_52_Y_u_branch_add_94_43_cdnadd_6/CO  -       CI->CO F     FA1D2          1  1.8    63   123    1827    (-,-) 
  basic_isa_instance/u_branch_add_95_52_Y_u_branch_add_94_43_cdnadd_7/CO  -       CI->CO F     FA1D2          1  1.8    63   123    1950    (-,-) 
  basic_isa_instance/u_branch_add_95_52_Y_u_branch_add_94_43_cdnadd_8/CO  -       CI->CO F     FA1D2          1  1.8    63   123    2074    (-,-) 
  basic_isa_instance/u_branch_add_95_52_Y_u_branch_add_94_43_cdnadd_9/CO  -       CI->CO F     FA1D2          1  1.8    63   123    2197    (-,-) 
  basic_isa_instance/u_branch_add_95_52_Y_u_branch_add_94_43_cdnadd_10/CO -       CI->CO F     FA1D2          1  1.8    63   123    2320    (-,-) 
  basic_isa_instance/u_branch_add_95_52_Y_u_branch_add_94_43_cdnadd_11/CO -       CI->CO F     FA1D2          1  1.8    63   123    2444    (-,-) 
  basic_isa_instance/u_branch_add_95_52_Y_u_branch_add_94_43_cdnadd_12/CO -       CI->CO F     FA1D2          1  1.8    63   123    2567    (-,-) 
  basic_isa_instance/u_branch_add_95_52_Y_u_branch_add_94_43_cdnadd_13/CO -       CI->CO F     FA1D2          1  1.8    63   123    2691    (-,-) 
  basic_isa_instance/u_branch_add_95_52_Y_u_branch_add_94_43_cdnadd_14/CO -       CI->CO F     FA1D2          1  1.8    63   123    2814    (-,-) 
  basic_isa_instance/u_branch_add_95_52_Y_u_branch_add_94_43_cdnadd_15/CO -       CI->CO F     FA1D2          1  1.8    63   123    2937    (-,-) 
  basic_isa_instance/u_branch_add_95_52_Y_u_branch_add_94_43_cdnadd_16/CO -       CI->CO F     FA1D2          1  1.8    63   123    3061    (-,-) 
  basic_isa_instance/u_branch_add_95_52_Y_u_branch_add_94_43_cdnadd_17/CO -       CI->CO F     FA1D2          1  1.8    63   123    3184    (-,-) 
  basic_isa_instance/u_branch_add_95_52_Y_u_branch_add_94_43_cdnadd_18/CO -       CI->CO F     FA1D2          1  1.8    63   123    3308    (-,-) 
  basic_isa_instance/u_branch_add_95_52_Y_u_branch_add_94_43_cdnadd_19/CO -       CI->CO F     FA1D2          1  1.8    63   123    3431    (-,-) 
  basic_isa_instance/u_branch_add_95_52_Y_u_branch_add_94_43_cdnadd_20/CO -       CI->CO F     FA1D2          1  1.8    63   123    3554    (-,-) 
  basic_isa_instance/u_branch_add_95_52_Y_u_branch_add_94_43_cdnadd_21/CO -       CI->CO F     FA1D2          1  1.8    63   123    3678    (-,-) 
  basic_isa_instance/u_branch_add_95_52_Y_u_branch_add_94_43_cdnadd_22/CO -       CI->CO F     FA1D2          1  1.8    63   123    3801    (-,-) 
  basic_isa_instance/u_branch_add_95_52_Y_u_branch_add_94_43_cdnadd_23/CO -       CI->CO F     FA1D2          1  1.8    63   123    3925    (-,-) 
  basic_isa_instance/u_branch_add_95_52_Y_u_branch_add_94_43_cdnadd_24/CO -       CI->CO F     FA1D2          1  1.8    63   123    4048    (-,-) 
  basic_isa_instance/u_branch_add_95_52_Y_u_branch_add_94_43_cdnadd_25/CO -       CI->CO F     FA1D2          1  1.8    63   123    4171    (-,-) 
  basic_isa_instance/u_branch_add_95_52_Y_u_branch_add_94_43_cdnadd_26/CO -       CI->CO F     FA1D2          1  1.8    63   123    4295    (-,-) 
  basic_isa_instance/u_branch_add_95_52_Y_u_branch_add_94_43_cdnadd_27/CO -       CI->CO F     FA1D2          1  1.8    63   123    4418    (-,-) 
  basic_isa_instance/u_branch_add_95_52_Y_u_branch_add_94_43_cdnadd_28/CO -       CI->CO F     FA1D2          1  1.8    63   123    4542    (-,-) 
  basic_isa_instance/u_branch_add_95_52_Y_u_branch_add_94_43_cdnadd_29/S  -       CI->S  F     FA1D2          2  1.8    60   151    4693    (-,-) 
  basic_isa_instance/g34654/Z                                             -       C1->Z  F     AO222D2        1  1.0    60   250    4942    (-,-) 
  basic_isa_instance/g34482/Z                                             -       B->Z   F     AO211D2        2  1.8    56   206    5149    (-,-) 
  basic_isa_instance/g41450/Z                                             -       A1->Z  F     AO21D2         1  0.9    41   115    5263    (-,-) 
  basic_isa_instance/u_if_u_pc_reg_pc_reg[29]/D                           -       -      F     DFCSNQD2       1    -     -     0    5263    (-,-) 
#-------------------------------------------------------------------------------------------------------------------------------------------------



Path 8: VIOLATED (-2790 ps) Setup Check with Pin basic_isa_instance/u_if_u_pc_reg_core_to_int_reg[29]/CP->D
          Group: core_clk
     Startpoint: (R) basic_isa_instance/u_mem_wb_rd_wb_reg[4]/CP
          Clock: (R) core_clk
       Endpoint: (F) basic_isa_instance/u_if_u_pc_reg_core_to_int_reg[29]/D
          Clock: (R) core_clk

                     Capture       Launch     
        Clock Edge:+    2500            0     
       Src Latency:+       0            0     
       Net Latency:+       0 (I)        0 (I) 
           Arrival:=    2500            0     
                                              
             Setup:-       8                  
     Required Time:=    2492                  
      Launch Clock:-       0                  
         Data Path:-    5281                  
             Slack:=   -2790                  

#-------------------------------------------------------------------------------------------------------------------------------------------------
#                              Timing Point                               Flags    Arc   Edge   Cell     Fanout Load Trans Delay Arrival Instance 
#                                                                                                               (fF)  (ps)  (ps)   (ps)  Location 
#-------------------------------------------------------------------------------------------------------------------------------------------------
  basic_isa_instance/u_mem_wb_rd_wb_reg[4]/CP                             -       -      R     (arrival)    106    -     0     -       0    (-,-) 
  basic_isa_instance/u_mem_wb_rd_wb_reg[4]/Q                              -       CP->Q  R     DFCND2         3  5.4    64   287     287    (-,-) 
  basic_isa_instance/fopt26924/ZN                                         -       I->ZN  F     INVD2          1  2.1    27    34     321    (-,-) 
  basic_isa_instance/g26622/ZN                                            -       B2->ZN R     OAI22D2        1  2.2    94    84     405    (-,-) 
  basic_isa_instance/g26578/ZN                                            -       A2->ZN F     NR2D2          1  2.6    38    50     455    (-,-) 
  basic_isa_instance/g26574/ZN                                            -       A1->ZN R     ND2D3          1  5.2    43    41     497    (-,-) 
  basic_isa_instance/g26566/ZN                                            -       A1->ZN F     NR2XD4         4 11.2    49    43     540    (-,-) 
  basic_isa_instance/g26565/ZN                                            -       I->ZN  R     CKND2          1  1.7    26    33     573    (-,-) 
  basic_isa_instance/g26560/ZN                                            -       B1->ZN F     INR2D2         1  3.6    36    27     600    (-,-) 
  basic_isa_instance/g26536/ZN                                            -       B->ZN  R     AOI21D4        1  3.3    68    76     676    (-,-) 
  basic_isa_instance/g26392/ZN                                            -       A1->ZN F     OAI21D4        1  3.4    50    49     725    (-,-) 
  basic_isa_instance/g3/ZN                                                -       A1->ZN R     ND2D4          1  3.8    40    38     763    (-,-) 
  basic_isa_instance/g2/ZN                                                -       B1->ZN F     IND2D4        14 17.3    92    72     836    (-,-) 
  basic_isa_instance/g20782/Z                                             -       I1->Z  F     MUX2D2         1  2.7    57   146     982    (-,-) 
  basic_isa_instance/u_branch_add_95_52_Y_u_branch_add_94_43_cdnadd_1/CO  -       B->CO  F     FA1D4          1  1.8    53   231    1213    (-,-) 
  basic_isa_instance/u_branch_add_95_52_Y_u_branch_add_94_43_cdnadd_2/CO  -       CI->CO F     FA1D2          1  1.8    63   120    1333    (-,-) 
  basic_isa_instance/u_branch_add_95_52_Y_u_branch_add_94_43_cdnadd_3/CO  -       CI->CO F     FA1D2          1  1.8    63   123    1457    (-,-) 
  basic_isa_instance/u_branch_add_95_52_Y_u_branch_add_94_43_cdnadd_4/CO  -       CI->CO F     FA1D2          1  1.8    63   123    1580    (-,-) 
  basic_isa_instance/u_branch_add_95_52_Y_u_branch_add_94_43_cdnadd_5/CO  -       CI->CO F     FA1D2          1  1.8    63   123    1703    (-,-) 
  basic_isa_instance/u_branch_add_95_52_Y_u_branch_add_94_43_cdnadd_6/CO  -       CI->CO F     FA1D2          1  1.8    63   123    1827    (-,-) 
  basic_isa_instance/u_branch_add_95_52_Y_u_branch_add_94_43_cdnadd_7/CO  -       CI->CO F     FA1D2          1  1.8    63   123    1950    (-,-) 
  basic_isa_instance/u_branch_add_95_52_Y_u_branch_add_94_43_cdnadd_8/CO  -       CI->CO F     FA1D2          1  1.8    63   123    2074    (-,-) 
  basic_isa_instance/u_branch_add_95_52_Y_u_branch_add_94_43_cdnadd_9/CO  -       CI->CO F     FA1D2          1  1.8    63   123    2197    (-,-) 
  basic_isa_instance/u_branch_add_95_52_Y_u_branch_add_94_43_cdnadd_10/CO -       CI->CO F     FA1D2          1  1.8    63   123    2320    (-,-) 
  basic_isa_instance/u_branch_add_95_52_Y_u_branch_add_94_43_cdnadd_11/CO -       CI->CO F     FA1D2          1  1.8    63   123    2444    (-,-) 
  basic_isa_instance/u_branch_add_95_52_Y_u_branch_add_94_43_cdnadd_12/CO -       CI->CO F     FA1D2          1  1.8    63   123    2567    (-,-) 
  basic_isa_instance/u_branch_add_95_52_Y_u_branch_add_94_43_cdnadd_13/CO -       CI->CO F     FA1D2          1  1.8    63   123    2691    (-,-) 
  basic_isa_instance/u_branch_add_95_52_Y_u_branch_add_94_43_cdnadd_14/CO -       CI->CO F     FA1D2          1  1.8    63   123    2814    (-,-) 
  basic_isa_instance/u_branch_add_95_52_Y_u_branch_add_94_43_cdnadd_15/CO -       CI->CO F     FA1D2          1  1.8    63   123    2937    (-,-) 
  basic_isa_instance/u_branch_add_95_52_Y_u_branch_add_94_43_cdnadd_16/CO -       CI->CO F     FA1D2          1  1.8    63   123    3061    (-,-) 
  basic_isa_instance/u_branch_add_95_52_Y_u_branch_add_94_43_cdnadd_17/CO -       CI->CO F     FA1D2          1  1.8    63   123    3184    (-,-) 
  basic_isa_instance/u_branch_add_95_52_Y_u_branch_add_94_43_cdnadd_18/CO -       CI->CO F     FA1D2          1  1.8    63   123    3308    (-,-) 
  basic_isa_instance/u_branch_add_95_52_Y_u_branch_add_94_43_cdnadd_19/CO -       CI->CO F     FA1D2          1  1.8    63   123    3431    (-,-) 
  basic_isa_instance/u_branch_add_95_52_Y_u_branch_add_94_43_cdnadd_20/CO -       CI->CO F     FA1D2          1  1.8    63   123    3554    (-,-) 
  basic_isa_instance/u_branch_add_95_52_Y_u_branch_add_94_43_cdnadd_21/CO -       CI->CO F     FA1D2          1  1.8    63   123    3678    (-,-) 
  basic_isa_instance/u_branch_add_95_52_Y_u_branch_add_94_43_cdnadd_22/CO -       CI->CO F     FA1D2          1  1.8    63   123    3801    (-,-) 
  basic_isa_instance/u_branch_add_95_52_Y_u_branch_add_94_43_cdnadd_23/CO -       CI->CO F     FA1D2          1  1.8    63   123    3925    (-,-) 
  basic_isa_instance/u_branch_add_95_52_Y_u_branch_add_94_43_cdnadd_24/CO -       CI->CO F     FA1D2          1  1.8    63   123    4048    (-,-) 
  basic_isa_instance/u_branch_add_95_52_Y_u_branch_add_94_43_cdnadd_25/CO -       CI->CO F     FA1D2          1  1.8    63   123    4171    (-,-) 
  basic_isa_instance/u_branch_add_95_52_Y_u_branch_add_94_43_cdnadd_26/CO -       CI->CO F     FA1D2          1  1.8    63   123    4295    (-,-) 
  basic_isa_instance/u_branch_add_95_52_Y_u_branch_add_94_43_cdnadd_27/CO -       CI->CO F     FA1D2          1  1.8    63   123    4418    (-,-) 
  basic_isa_instance/u_branch_add_95_52_Y_u_branch_add_94_43_cdnadd_28/CO -       CI->CO F     FA1D2          1  1.8    63   123    4542    (-,-) 
  basic_isa_instance/u_branch_add_95_52_Y_u_branch_add_94_43_cdnadd_29/S  -       CI->S  F     FA1D2          2  1.8    60   151    4693    (-,-) 
  basic_isa_instance/g34654/Z                                             -       C1->Z  F     AO222D2        1  1.0    60   250    4942    (-,-) 
  basic_isa_instance/g34482/Z                                             -       B->Z   F     AO211D2        2  1.8    56   206    5149    (-,-) 
  basic_isa_instance/g25886/Z                                             -       A1->Z  F     AO22D2         1  0.9    43   132    5281    (-,-) 
  basic_isa_instance/u_if_u_pc_reg_core_to_int_reg[29]/D                  -       -      F     DFCNQD2        1    -     -     0    5281    (-,-) 
#-------------------------------------------------------------------------------------------------------------------------------------------------



Path 9: VIOLATED (-2741 ps) Setup Check with Pin basic_isa_instance/u_if_u_btb_U_FILE_target_arr_reg[7][1][31]/CP->D
          Group: core_clk
     Startpoint: (R) basic_isa_instance/u_mem_wb_rd_wb_reg[4]/CP
          Clock: (R) core_clk
       Endpoint: (R) basic_isa_instance/u_if_u_btb_U_FILE_target_arr_reg[7][1][31]/D
          Clock: (R) core_clk

                     Capture       Launch     
        Clock Edge:+    2500            0     
       Src Latency:+       0            0     
       Net Latency:+       0 (I)        0 (I) 
           Arrival:=    2500            0     
                                              
             Setup:-     100                  
     Required Time:=    2400                  
      Launch Clock:-       0                  
         Data Path:-    5141                  
             Slack:=   -2741                  

#-------------------------------------------------------------------------------------------------------------------------------------------------
#                              Timing Point                               Flags    Arc   Edge   Cell     Fanout Load Trans Delay Arrival Instance 
#                                                                                                               (fF)  (ps)  (ps)   (ps)  Location 
#-------------------------------------------------------------------------------------------------------------------------------------------------
  basic_isa_instance/u_mem_wb_rd_wb_reg[4]/CP                             -       -      R     (arrival)    106    -     0     -       0    (-,-) 
  basic_isa_instance/u_mem_wb_rd_wb_reg[4]/Q                              -       CP->Q  R     DFCND2         3  5.4    64   287     287    (-,-) 
  basic_isa_instance/fopt26924/ZN                                         -       I->ZN  F     INVD2          1  2.1    27    34     321    (-,-) 
  basic_isa_instance/g26622/ZN                                            -       B2->ZN R     OAI22D2        1  2.2    94    84     405    (-,-) 
  basic_isa_instance/g26578/ZN                                            -       A2->ZN F     NR2D2          1  2.6    38    50     455    (-,-) 
  basic_isa_instance/g26574/ZN                                            -       A1->ZN R     ND2D3          1  5.2    43    41     497    (-,-) 
  basic_isa_instance/g26566/ZN                                            -       A1->ZN F     NR2XD4         4 11.2    49    43     540    (-,-) 
  basic_isa_instance/g26565/ZN                                            -       I->ZN  R     CKND2          1  1.7    26    33     573    (-,-) 
  basic_isa_instance/g26560/ZN                                            -       B1->ZN F     INR2D2         1  3.6    36    27     600    (-,-) 
  basic_isa_instance/g26536/ZN                                            -       B->ZN  R     AOI21D4        1  3.3    68    76     676    (-,-) 
  basic_isa_instance/g26392/ZN                                            -       A1->ZN F     OAI21D4        1  3.4    50    49     725    (-,-) 
  basic_isa_instance/g3/ZN                                                -       A1->ZN R     ND2D4          1  3.8    40    38     763    (-,-) 
  basic_isa_instance/g2/ZN                                                -       B1->ZN F     IND2D4        14 17.3    92    72     836    (-,-) 
  basic_isa_instance/g20782/Z                                             -       I1->Z  F     MUX2D2         1  2.7    57   146     982    (-,-) 
  basic_isa_instance/u_branch_add_95_52_Y_u_branch_add_94_43_cdnadd_1/CO  -       B->CO  F     FA1D4          1  1.8    53   231    1213    (-,-) 
  basic_isa_instance/u_branch_add_95_52_Y_u_branch_add_94_43_cdnadd_2/CO  -       CI->CO F     FA1D2          1  1.8    63   120    1333    (-,-) 
  basic_isa_instance/u_branch_add_95_52_Y_u_branch_add_94_43_cdnadd_3/CO  -       CI->CO F     FA1D2          1  1.8    63   123    1457    (-,-) 
  basic_isa_instance/u_branch_add_95_52_Y_u_branch_add_94_43_cdnadd_4/CO  -       CI->CO F     FA1D2          1  1.8    63   123    1580    (-,-) 
  basic_isa_instance/u_branch_add_95_52_Y_u_branch_add_94_43_cdnadd_5/CO  -       CI->CO F     FA1D2          1  1.8    63   123    1703    (-,-) 
  basic_isa_instance/u_branch_add_95_52_Y_u_branch_add_94_43_cdnadd_6/CO  -       CI->CO F     FA1D2          1  1.8    63   123    1827    (-,-) 
  basic_isa_instance/u_branch_add_95_52_Y_u_branch_add_94_43_cdnadd_7/CO  -       CI->CO F     FA1D2          1  1.8    63   123    1950    (-,-) 
  basic_isa_instance/u_branch_add_95_52_Y_u_branch_add_94_43_cdnadd_8/CO  -       CI->CO F     FA1D2          1  1.8    63   123    2074    (-,-) 
  basic_isa_instance/u_branch_add_95_52_Y_u_branch_add_94_43_cdnadd_9/CO  -       CI->CO F     FA1D2          1  1.8    63   123    2197    (-,-) 
  basic_isa_instance/u_branch_add_95_52_Y_u_branch_add_94_43_cdnadd_10/CO -       CI->CO F     FA1D2          1  1.8    63   123    2320    (-,-) 
  basic_isa_instance/u_branch_add_95_52_Y_u_branch_add_94_43_cdnadd_11/CO -       CI->CO F     FA1D2          1  1.8    63   123    2444    (-,-) 
  basic_isa_instance/u_branch_add_95_52_Y_u_branch_add_94_43_cdnadd_12/CO -       CI->CO F     FA1D2          1  1.8    63   123    2567    (-,-) 
  basic_isa_instance/u_branch_add_95_52_Y_u_branch_add_94_43_cdnadd_13/CO -       CI->CO F     FA1D2          1  1.8    63   123    2691    (-,-) 
  basic_isa_instance/u_branch_add_95_52_Y_u_branch_add_94_43_cdnadd_14/CO -       CI->CO F     FA1D2          1  1.8    63   123    2814    (-,-) 
  basic_isa_instance/u_branch_add_95_52_Y_u_branch_add_94_43_cdnadd_15/CO -       CI->CO F     FA1D2          1  1.8    63   123    2937    (-,-) 
  basic_isa_instance/u_branch_add_95_52_Y_u_branch_add_94_43_cdnadd_16/CO -       CI->CO F     FA1D2          1  1.8    63   123    3061    (-,-) 
  basic_isa_instance/u_branch_add_95_52_Y_u_branch_add_94_43_cdnadd_17/CO -       CI->CO F     FA1D2          1  1.8    63   123    3184    (-,-) 
  basic_isa_instance/u_branch_add_95_52_Y_u_branch_add_94_43_cdnadd_18/CO -       CI->CO F     FA1D2          1  1.8    63   123    3308    (-,-) 
  basic_isa_instance/u_branch_add_95_52_Y_u_branch_add_94_43_cdnadd_19/CO -       CI->CO F     FA1D2          1  1.8    63   123    3431    (-,-) 
  basic_isa_instance/u_branch_add_95_52_Y_u_branch_add_94_43_cdnadd_20/CO -       CI->CO F     FA1D2          1  1.8    63   123    3554    (-,-) 
  basic_isa_instance/u_branch_add_95_52_Y_u_branch_add_94_43_cdnadd_21/CO -       CI->CO F     FA1D2          1  1.8    63   123    3678    (-,-) 
  basic_isa_instance/u_branch_add_95_52_Y_u_branch_add_94_43_cdnadd_22/CO -       CI->CO F     FA1D2          1  1.8    63   123    3801    (-,-) 
  basic_isa_instance/u_branch_add_95_52_Y_u_branch_add_94_43_cdnadd_23/CO -       CI->CO F     FA1D2          1  1.8    63   123    3925    (-,-) 
  basic_isa_instance/u_branch_add_95_52_Y_u_branch_add_94_43_cdnadd_24/CO -       CI->CO F     FA1D2          1  1.8    63   123    4048    (-,-) 
  basic_isa_instance/u_branch_add_95_52_Y_u_branch_add_94_43_cdnadd_25/CO -       CI->CO F     FA1D2          1  1.8    63   123    4171    (-,-) 
  basic_isa_instance/u_branch_add_95_52_Y_u_branch_add_94_43_cdnadd_26/CO -       CI->CO F     FA1D2          1  1.8    63   123    4295    (-,-) 
  basic_isa_instance/u_branch_add_95_52_Y_u_branch_add_94_43_cdnadd_27/CO -       CI->CO F     FA1D2          1  1.8    63   123    4418    (-,-) 
  basic_isa_instance/u_branch_add_95_52_Y_u_branch_add_94_43_cdnadd_28/CO -       CI->CO F     FA1D2          1  1.8    63   123    4542    (-,-) 
  basic_isa_instance/u_branch_add_95_52_Y_u_branch_add_94_43_cdnadd_29/CO -       CI->CO F     FA1D2          1  1.8    63   123    4665    (-,-) 
  basic_isa_instance/u_branch_add_95_52_Y_u_branch_add_94_43_cdnadd_30/CO -       CI->CO F     FA1D2          1  1.1    59   120    4784    (-,-) 
  basic_isa_instance/u_branch_add_95_52_Y_u_branch_add_94_43_cdnadd_47/Z  -       A3->Z  R     XOR3D2         2  2.0    62   208    4993    (-,-) 
  basic_isa_instance/g35740/Z                                             -       A1->Z  R     AN2D2         16 14.4   121   148    5141    (-,-) 
  basic_isa_instance/u_if_u_btb_U_FILE_target_arr_reg[7][1][31]/D         -       -      R     DFCNQD2       16    -     -     0    5141    (-,-) 
#-------------------------------------------------------------------------------------------------------------------------------------------------



Path 10: VIOLATED (-2741 ps) Setup Check with Pin basic_isa_instance/u_if_u_btb_U_FILE_target_arr_reg[7][0][31]/CP->D
          Group: core_clk
     Startpoint: (R) basic_isa_instance/u_mem_wb_rd_wb_reg[4]/CP
          Clock: (R) core_clk
       Endpoint: (R) basic_isa_instance/u_if_u_btb_U_FILE_target_arr_reg[7][0][31]/D
          Clock: (R) core_clk

                     Capture       Launch     
        Clock Edge:+    2500            0     
       Src Latency:+       0            0     
       Net Latency:+       0 (I)        0 (I) 
           Arrival:=    2500            0     
                                              
             Setup:-     100                  
     Required Time:=    2400                  
      Launch Clock:-       0                  
         Data Path:-    5141                  
             Slack:=   -2741                  

#-------------------------------------------------------------------------------------------------------------------------------------------------
#                              Timing Point                               Flags    Arc   Edge   Cell     Fanout Load Trans Delay Arrival Instance 
#                                                                                                               (fF)  (ps)  (ps)   (ps)  Location 
#-------------------------------------------------------------------------------------------------------------------------------------------------
  basic_isa_instance/u_mem_wb_rd_wb_reg[4]/CP                             -       -      R     (arrival)    106    -     0     -       0    (-,-) 
  basic_isa_instance/u_mem_wb_rd_wb_reg[4]/Q                              -       CP->Q  R     DFCND2         3  5.4    64   287     287    (-,-) 
  basic_isa_instance/fopt26924/ZN                                         -       I->ZN  F     INVD2          1  2.1    27    34     321    (-,-) 
  basic_isa_instance/g26622/ZN                                            -       B2->ZN R     OAI22D2        1  2.2    94    84     405    (-,-) 
  basic_isa_instance/g26578/ZN                                            -       A2->ZN F     NR2D2          1  2.6    38    50     455    (-,-) 
  basic_isa_instance/g26574/ZN                                            -       A1->ZN R     ND2D3          1  5.2    43    41     497    (-,-) 
  basic_isa_instance/g26566/ZN                                            -       A1->ZN F     NR2XD4         4 11.2    49    43     540    (-,-) 
  basic_isa_instance/g26565/ZN                                            -       I->ZN  R     CKND2          1  1.7    26    33     573    (-,-) 
  basic_isa_instance/g26560/ZN                                            -       B1->ZN F     INR2D2         1  3.6    36    27     600    (-,-) 
  basic_isa_instance/g26536/ZN                                            -       B->ZN  R     AOI21D4        1  3.3    68    76     676    (-,-) 
  basic_isa_instance/g26392/ZN                                            -       A1->ZN F     OAI21D4        1  3.4    50    49     725    (-,-) 
  basic_isa_instance/g3/ZN                                                -       A1->ZN R     ND2D4          1  3.8    40    38     763    (-,-) 
  basic_isa_instance/g2/ZN                                                -       B1->ZN F     IND2D4        14 17.3    92    72     836    (-,-) 
  basic_isa_instance/g20782/Z                                             -       I1->Z  F     MUX2D2         1  2.7    57   146     982    (-,-) 
  basic_isa_instance/u_branch_add_95_52_Y_u_branch_add_94_43_cdnadd_1/CO  -       B->CO  F     FA1D4          1  1.8    53   231    1213    (-,-) 
  basic_isa_instance/u_branch_add_95_52_Y_u_branch_add_94_43_cdnadd_2/CO  -       CI->CO F     FA1D2          1  1.8    63   120    1333    (-,-) 
  basic_isa_instance/u_branch_add_95_52_Y_u_branch_add_94_43_cdnadd_3/CO  -       CI->CO F     FA1D2          1  1.8    63   123    1457    (-,-) 
  basic_isa_instance/u_branch_add_95_52_Y_u_branch_add_94_43_cdnadd_4/CO  -       CI->CO F     FA1D2          1  1.8    63   123    1580    (-,-) 
  basic_isa_instance/u_branch_add_95_52_Y_u_branch_add_94_43_cdnadd_5/CO  -       CI->CO F     FA1D2          1  1.8    63   123    1703    (-,-) 
  basic_isa_instance/u_branch_add_95_52_Y_u_branch_add_94_43_cdnadd_6/CO  -       CI->CO F     FA1D2          1  1.8    63   123    1827    (-,-) 
  basic_isa_instance/u_branch_add_95_52_Y_u_branch_add_94_43_cdnadd_7/CO  -       CI->CO F     FA1D2          1  1.8    63   123    1950    (-,-) 
  basic_isa_instance/u_branch_add_95_52_Y_u_branch_add_94_43_cdnadd_8/CO  -       CI->CO F     FA1D2          1  1.8    63   123    2074    (-,-) 
  basic_isa_instance/u_branch_add_95_52_Y_u_branch_add_94_43_cdnadd_9/CO  -       CI->CO F     FA1D2          1  1.8    63   123    2197    (-,-) 
  basic_isa_instance/u_branch_add_95_52_Y_u_branch_add_94_43_cdnadd_10/CO -       CI->CO F     FA1D2          1  1.8    63   123    2320    (-,-) 
  basic_isa_instance/u_branch_add_95_52_Y_u_branch_add_94_43_cdnadd_11/CO -       CI->CO F     FA1D2          1  1.8    63   123    2444    (-,-) 
  basic_isa_instance/u_branch_add_95_52_Y_u_branch_add_94_43_cdnadd_12/CO -       CI->CO F     FA1D2          1  1.8    63   123    2567    (-,-) 
  basic_isa_instance/u_branch_add_95_52_Y_u_branch_add_94_43_cdnadd_13/CO -       CI->CO F     FA1D2          1  1.8    63   123    2691    (-,-) 
  basic_isa_instance/u_branch_add_95_52_Y_u_branch_add_94_43_cdnadd_14/CO -       CI->CO F     FA1D2          1  1.8    63   123    2814    (-,-) 
  basic_isa_instance/u_branch_add_95_52_Y_u_branch_add_94_43_cdnadd_15/CO -       CI->CO F     FA1D2          1  1.8    63   123    2937    (-,-) 
  basic_isa_instance/u_branch_add_95_52_Y_u_branch_add_94_43_cdnadd_16/CO -       CI->CO F     FA1D2          1  1.8    63   123    3061    (-,-) 
  basic_isa_instance/u_branch_add_95_52_Y_u_branch_add_94_43_cdnadd_17/CO -       CI->CO F     FA1D2          1  1.8    63   123    3184    (-,-) 
  basic_isa_instance/u_branch_add_95_52_Y_u_branch_add_94_43_cdnadd_18/CO -       CI->CO F     FA1D2          1  1.8    63   123    3308    (-,-) 
  basic_isa_instance/u_branch_add_95_52_Y_u_branch_add_94_43_cdnadd_19/CO -       CI->CO F     FA1D2          1  1.8    63   123    3431    (-,-) 
  basic_isa_instance/u_branch_add_95_52_Y_u_branch_add_94_43_cdnadd_20/CO -       CI->CO F     FA1D2          1  1.8    63   123    3554    (-,-) 
  basic_isa_instance/u_branch_add_95_52_Y_u_branch_add_94_43_cdnadd_21/CO -       CI->CO F     FA1D2          1  1.8    63   123    3678    (-,-) 
  basic_isa_instance/u_branch_add_95_52_Y_u_branch_add_94_43_cdnadd_22/CO -       CI->CO F     FA1D2          1  1.8    63   123    3801    (-,-) 
  basic_isa_instance/u_branch_add_95_52_Y_u_branch_add_94_43_cdnadd_23/CO -       CI->CO F     FA1D2          1  1.8    63   123    3925    (-,-) 
  basic_isa_instance/u_branch_add_95_52_Y_u_branch_add_94_43_cdnadd_24/CO -       CI->CO F     FA1D2          1  1.8    63   123    4048    (-,-) 
  basic_isa_instance/u_branch_add_95_52_Y_u_branch_add_94_43_cdnadd_25/CO -       CI->CO F     FA1D2          1  1.8    63   123    4171    (-,-) 
  basic_isa_instance/u_branch_add_95_52_Y_u_branch_add_94_43_cdnadd_26/CO -       CI->CO F     FA1D2          1  1.8    63   123    4295    (-,-) 
  basic_isa_instance/u_branch_add_95_52_Y_u_branch_add_94_43_cdnadd_27/CO -       CI->CO F     FA1D2          1  1.8    63   123    4418    (-,-) 
  basic_isa_instance/u_branch_add_95_52_Y_u_branch_add_94_43_cdnadd_28/CO -       CI->CO F     FA1D2          1  1.8    63   123    4542    (-,-) 
  basic_isa_instance/u_branch_add_95_52_Y_u_branch_add_94_43_cdnadd_29/CO -       CI->CO F     FA1D2          1  1.8    63   123    4665    (-,-) 
  basic_isa_instance/u_branch_add_95_52_Y_u_branch_add_94_43_cdnadd_30/CO -       CI->CO F     FA1D2          1  1.1    59   120    4784    (-,-) 
  basic_isa_instance/u_branch_add_95_52_Y_u_branch_add_94_43_cdnadd_47/Z  -       A3->Z  R     XOR3D2         2  2.0    62   208    4993    (-,-) 
  basic_isa_instance/g35740/Z                                             -       A1->Z  R     AN2D2         16 14.4   121   148    5141    (-,-) 
  basic_isa_instance/u_if_u_btb_U_FILE_target_arr_reg[7][0][31]/D         -       -      R     DFCNQD2       16    -     -     0    5141    (-,-) 
#-------------------------------------------------------------------------------------------------------------------------------------------------



Path 11: VIOLATED (-2741 ps) Setup Check with Pin basic_isa_instance/u_if_u_btb_U_FILE_target_arr_reg[6][1][31]/CP->D
          Group: core_clk
     Startpoint: (R) basic_isa_instance/u_mem_wb_rd_wb_reg[4]/CP
          Clock: (R) core_clk
       Endpoint: (R) basic_isa_instance/u_if_u_btb_U_FILE_target_arr_reg[6][1][31]/D
          Clock: (R) core_clk

                     Capture       Launch     
        Clock Edge:+    2500            0     
       Src Latency:+       0            0     
       Net Latency:+       0 (I)        0 (I) 
           Arrival:=    2500            0     
                                              
             Setup:-     100                  
     Required Time:=    2400                  
      Launch Clock:-       0                  
         Data Path:-    5141                  
             Slack:=   -2741                  

#-------------------------------------------------------------------------------------------------------------------------------------------------
#                              Timing Point                               Flags    Arc   Edge   Cell     Fanout Load Trans Delay Arrival Instance 
#                                                                                                               (fF)  (ps)  (ps)   (ps)  Location 
#-------------------------------------------------------------------------------------------------------------------------------------------------
  basic_isa_instance/u_mem_wb_rd_wb_reg[4]/CP                             -       -      R     (arrival)    106    -     0     -       0    (-,-) 
  basic_isa_instance/u_mem_wb_rd_wb_reg[4]/Q                              -       CP->Q  R     DFCND2         3  5.4    64   287     287    (-,-) 
  basic_isa_instance/fopt26924/ZN                                         -       I->ZN  F     INVD2          1  2.1    27    34     321    (-,-) 
  basic_isa_instance/g26622/ZN                                            -       B2->ZN R     OAI22D2        1  2.2    94    84     405    (-,-) 
  basic_isa_instance/g26578/ZN                                            -       A2->ZN F     NR2D2          1  2.6    38    50     455    (-,-) 
  basic_isa_instance/g26574/ZN                                            -       A1->ZN R     ND2D3          1  5.2    43    41     497    (-,-) 
  basic_isa_instance/g26566/ZN                                            -       A1->ZN F     NR2XD4         4 11.2    49    43     540    (-,-) 
  basic_isa_instance/g26565/ZN                                            -       I->ZN  R     CKND2          1  1.7    26    33     573    (-,-) 
  basic_isa_instance/g26560/ZN                                            -       B1->ZN F     INR2D2         1  3.6    36    27     600    (-,-) 
  basic_isa_instance/g26536/ZN                                            -       B->ZN  R     AOI21D4        1  3.3    68    76     676    (-,-) 
  basic_isa_instance/g26392/ZN                                            -       A1->ZN F     OAI21D4        1  3.4    50    49     725    (-,-) 
  basic_isa_instance/g3/ZN                                                -       A1->ZN R     ND2D4          1  3.8    40    38     763    (-,-) 
  basic_isa_instance/g2/ZN                                                -       B1->ZN F     IND2D4        14 17.3    92    72     836    (-,-) 
  basic_isa_instance/g20782/Z                                             -       I1->Z  F     MUX2D2         1  2.7    57   146     982    (-,-) 
  basic_isa_instance/u_branch_add_95_52_Y_u_branch_add_94_43_cdnadd_1/CO  -       B->CO  F     FA1D4          1  1.8    53   231    1213    (-,-) 
  basic_isa_instance/u_branch_add_95_52_Y_u_branch_add_94_43_cdnadd_2/CO  -       CI->CO F     FA1D2          1  1.8    63   120    1333    (-,-) 
  basic_isa_instance/u_branch_add_95_52_Y_u_branch_add_94_43_cdnadd_3/CO  -       CI->CO F     FA1D2          1  1.8    63   123    1457    (-,-) 
  basic_isa_instance/u_branch_add_95_52_Y_u_branch_add_94_43_cdnadd_4/CO  -       CI->CO F     FA1D2          1  1.8    63   123    1580    (-,-) 
  basic_isa_instance/u_branch_add_95_52_Y_u_branch_add_94_43_cdnadd_5/CO  -       CI->CO F     FA1D2          1  1.8    63   123    1703    (-,-) 
  basic_isa_instance/u_branch_add_95_52_Y_u_branch_add_94_43_cdnadd_6/CO  -       CI->CO F     FA1D2          1  1.8    63   123    1827    (-,-) 
  basic_isa_instance/u_branch_add_95_52_Y_u_branch_add_94_43_cdnadd_7/CO  -       CI->CO F     FA1D2          1  1.8    63   123    1950    (-,-) 
  basic_isa_instance/u_branch_add_95_52_Y_u_branch_add_94_43_cdnadd_8/CO  -       CI->CO F     FA1D2          1  1.8    63   123    2074    (-,-) 
  basic_isa_instance/u_branch_add_95_52_Y_u_branch_add_94_43_cdnadd_9/CO  -       CI->CO F     FA1D2          1  1.8    63   123    2197    (-,-) 
  basic_isa_instance/u_branch_add_95_52_Y_u_branch_add_94_43_cdnadd_10/CO -       CI->CO F     FA1D2          1  1.8    63   123    2320    (-,-) 
  basic_isa_instance/u_branch_add_95_52_Y_u_branch_add_94_43_cdnadd_11/CO -       CI->CO F     FA1D2          1  1.8    63   123    2444    (-,-) 
  basic_isa_instance/u_branch_add_95_52_Y_u_branch_add_94_43_cdnadd_12/CO -       CI->CO F     FA1D2          1  1.8    63   123    2567    (-,-) 
  basic_isa_instance/u_branch_add_95_52_Y_u_branch_add_94_43_cdnadd_13/CO -       CI->CO F     FA1D2          1  1.8    63   123    2691    (-,-) 
  basic_isa_instance/u_branch_add_95_52_Y_u_branch_add_94_43_cdnadd_14/CO -       CI->CO F     FA1D2          1  1.8    63   123    2814    (-,-) 
  basic_isa_instance/u_branch_add_95_52_Y_u_branch_add_94_43_cdnadd_15/CO -       CI->CO F     FA1D2          1  1.8    63   123    2937    (-,-) 
  basic_isa_instance/u_branch_add_95_52_Y_u_branch_add_94_43_cdnadd_16/CO -       CI->CO F     FA1D2          1  1.8    63   123    3061    (-,-) 
  basic_isa_instance/u_branch_add_95_52_Y_u_branch_add_94_43_cdnadd_17/CO -       CI->CO F     FA1D2          1  1.8    63   123    3184    (-,-) 
  basic_isa_instance/u_branch_add_95_52_Y_u_branch_add_94_43_cdnadd_18/CO -       CI->CO F     FA1D2          1  1.8    63   123    3308    (-,-) 
  basic_isa_instance/u_branch_add_95_52_Y_u_branch_add_94_43_cdnadd_19/CO -       CI->CO F     FA1D2          1  1.8    63   123    3431    (-,-) 
  basic_isa_instance/u_branch_add_95_52_Y_u_branch_add_94_43_cdnadd_20/CO -       CI->CO F     FA1D2          1  1.8    63   123    3554    (-,-) 
  basic_isa_instance/u_branch_add_95_52_Y_u_branch_add_94_43_cdnadd_21/CO -       CI->CO F     FA1D2          1  1.8    63   123    3678    (-,-) 
  basic_isa_instance/u_branch_add_95_52_Y_u_branch_add_94_43_cdnadd_22/CO -       CI->CO F     FA1D2          1  1.8    63   123    3801    (-,-) 
  basic_isa_instance/u_branch_add_95_52_Y_u_branch_add_94_43_cdnadd_23/CO -       CI->CO F     FA1D2          1  1.8    63   123    3925    (-,-) 
  basic_isa_instance/u_branch_add_95_52_Y_u_branch_add_94_43_cdnadd_24/CO -       CI->CO F     FA1D2          1  1.8    63   123    4048    (-,-) 
  basic_isa_instance/u_branch_add_95_52_Y_u_branch_add_94_43_cdnadd_25/CO -       CI->CO F     FA1D2          1  1.8    63   123    4171    (-,-) 
  basic_isa_instance/u_branch_add_95_52_Y_u_branch_add_94_43_cdnadd_26/CO -       CI->CO F     FA1D2          1  1.8    63   123    4295    (-,-) 
  basic_isa_instance/u_branch_add_95_52_Y_u_branch_add_94_43_cdnadd_27/CO -       CI->CO F     FA1D2          1  1.8    63   123    4418    (-,-) 
  basic_isa_instance/u_branch_add_95_52_Y_u_branch_add_94_43_cdnadd_28/CO -       CI->CO F     FA1D2          1  1.8    63   123    4542    (-,-) 
  basic_isa_instance/u_branch_add_95_52_Y_u_branch_add_94_43_cdnadd_29/CO -       CI->CO F     FA1D2          1  1.8    63   123    4665    (-,-) 
  basic_isa_instance/u_branch_add_95_52_Y_u_branch_add_94_43_cdnadd_30/CO -       CI->CO F     FA1D2          1  1.1    59   120    4784    (-,-) 
  basic_isa_instance/u_branch_add_95_52_Y_u_branch_add_94_43_cdnadd_47/Z  -       A3->Z  R     XOR3D2         2  2.0    62   208    4993    (-,-) 
  basic_isa_instance/g35740/Z                                             -       A1->Z  R     AN2D2         16 14.4   121   148    5141    (-,-) 
  basic_isa_instance/u_if_u_btb_U_FILE_target_arr_reg[6][1][31]/D         -       -      R     DFCNQD2       16    -     -     0    5141    (-,-) 
#-------------------------------------------------------------------------------------------------------------------------------------------------



Path 12: VIOLATED (-2741 ps) Setup Check with Pin basic_isa_instance/u_if_u_btb_U_FILE_target_arr_reg[6][0][31]/CP->D
          Group: core_clk
     Startpoint: (R) basic_isa_instance/u_mem_wb_rd_wb_reg[4]/CP
          Clock: (R) core_clk
       Endpoint: (R) basic_isa_instance/u_if_u_btb_U_FILE_target_arr_reg[6][0][31]/D
          Clock: (R) core_clk

                     Capture       Launch     
        Clock Edge:+    2500            0     
       Src Latency:+       0            0     
       Net Latency:+       0 (I)        0 (I) 
           Arrival:=    2500            0     
                                              
             Setup:-     100                  
     Required Time:=    2400                  
      Launch Clock:-       0                  
         Data Path:-    5141                  
             Slack:=   -2741                  

#-------------------------------------------------------------------------------------------------------------------------------------------------
#                              Timing Point                               Flags    Arc   Edge   Cell     Fanout Load Trans Delay Arrival Instance 
#                                                                                                               (fF)  (ps)  (ps)   (ps)  Location 
#-------------------------------------------------------------------------------------------------------------------------------------------------
  basic_isa_instance/u_mem_wb_rd_wb_reg[4]/CP                             -       -      R     (arrival)    106    -     0     -       0    (-,-) 
  basic_isa_instance/u_mem_wb_rd_wb_reg[4]/Q                              -       CP->Q  R     DFCND2         3  5.4    64   287     287    (-,-) 
  basic_isa_instance/fopt26924/ZN                                         -       I->ZN  F     INVD2          1  2.1    27    34     321    (-,-) 
  basic_isa_instance/g26622/ZN                                            -       B2->ZN R     OAI22D2        1  2.2    94    84     405    (-,-) 
  basic_isa_instance/g26578/ZN                                            -       A2->ZN F     NR2D2          1  2.6    38    50     455    (-,-) 
  basic_isa_instance/g26574/ZN                                            -       A1->ZN R     ND2D3          1  5.2    43    41     497    (-,-) 
  basic_isa_instance/g26566/ZN                                            -       A1->ZN F     NR2XD4         4 11.2    49    43     540    (-,-) 
  basic_isa_instance/g26565/ZN                                            -       I->ZN  R     CKND2          1  1.7    26    33     573    (-,-) 
  basic_isa_instance/g26560/ZN                                            -       B1->ZN F     INR2D2         1  3.6    36    27     600    (-,-) 
  basic_isa_instance/g26536/ZN                                            -       B->ZN  R     AOI21D4        1  3.3    68    76     676    (-,-) 
  basic_isa_instance/g26392/ZN                                            -       A1->ZN F     OAI21D4        1  3.4    50    49     725    (-,-) 
  basic_isa_instance/g3/ZN                                                -       A1->ZN R     ND2D4          1  3.8    40    38     763    (-,-) 
  basic_isa_instance/g2/ZN                                                -       B1->ZN F     IND2D4        14 17.3    92    72     836    (-,-) 
  basic_isa_instance/g20782/Z                                             -       I1->Z  F     MUX2D2         1  2.7    57   146     982    (-,-) 
  basic_isa_instance/u_branch_add_95_52_Y_u_branch_add_94_43_cdnadd_1/CO  -       B->CO  F     FA1D4          1  1.8    53   231    1213    (-,-) 
  basic_isa_instance/u_branch_add_95_52_Y_u_branch_add_94_43_cdnadd_2/CO  -       CI->CO F     FA1D2          1  1.8    63   120    1333    (-,-) 
  basic_isa_instance/u_branch_add_95_52_Y_u_branch_add_94_43_cdnadd_3/CO  -       CI->CO F     FA1D2          1  1.8    63   123    1457    (-,-) 
  basic_isa_instance/u_branch_add_95_52_Y_u_branch_add_94_43_cdnadd_4/CO  -       CI->CO F     FA1D2          1  1.8    63   123    1580    (-,-) 
  basic_isa_instance/u_branch_add_95_52_Y_u_branch_add_94_43_cdnadd_5/CO  -       CI->CO F     FA1D2          1  1.8    63   123    1703    (-,-) 
  basic_isa_instance/u_branch_add_95_52_Y_u_branch_add_94_43_cdnadd_6/CO  -       CI->CO F     FA1D2          1  1.8    63   123    1827    (-,-) 
  basic_isa_instance/u_branch_add_95_52_Y_u_branch_add_94_43_cdnadd_7/CO  -       CI->CO F     FA1D2          1  1.8    63   123    1950    (-,-) 
  basic_isa_instance/u_branch_add_95_52_Y_u_branch_add_94_43_cdnadd_8/CO  -       CI->CO F     FA1D2          1  1.8    63   123    2074    (-,-) 
  basic_isa_instance/u_branch_add_95_52_Y_u_branch_add_94_43_cdnadd_9/CO  -       CI->CO F     FA1D2          1  1.8    63   123    2197    (-,-) 
  basic_isa_instance/u_branch_add_95_52_Y_u_branch_add_94_43_cdnadd_10/CO -       CI->CO F     FA1D2          1  1.8    63   123    2320    (-,-) 
  basic_isa_instance/u_branch_add_95_52_Y_u_branch_add_94_43_cdnadd_11/CO -       CI->CO F     FA1D2          1  1.8    63   123    2444    (-,-) 
  basic_isa_instance/u_branch_add_95_52_Y_u_branch_add_94_43_cdnadd_12/CO -       CI->CO F     FA1D2          1  1.8    63   123    2567    (-,-) 
  basic_isa_instance/u_branch_add_95_52_Y_u_branch_add_94_43_cdnadd_13/CO -       CI->CO F     FA1D2          1  1.8    63   123    2691    (-,-) 
  basic_isa_instance/u_branch_add_95_52_Y_u_branch_add_94_43_cdnadd_14/CO -       CI->CO F     FA1D2          1  1.8    63   123    2814    (-,-) 
  basic_isa_instance/u_branch_add_95_52_Y_u_branch_add_94_43_cdnadd_15/CO -       CI->CO F     FA1D2          1  1.8    63   123    2937    (-,-) 
  basic_isa_instance/u_branch_add_95_52_Y_u_branch_add_94_43_cdnadd_16/CO -       CI->CO F     FA1D2          1  1.8    63   123    3061    (-,-) 
  basic_isa_instance/u_branch_add_95_52_Y_u_branch_add_94_43_cdnadd_17/CO -       CI->CO F     FA1D2          1  1.8    63   123    3184    (-,-) 
  basic_isa_instance/u_branch_add_95_52_Y_u_branch_add_94_43_cdnadd_18/CO -       CI->CO F     FA1D2          1  1.8    63   123    3308    (-,-) 
  basic_isa_instance/u_branch_add_95_52_Y_u_branch_add_94_43_cdnadd_19/CO -       CI->CO F     FA1D2          1  1.8    63   123    3431    (-,-) 
  basic_isa_instance/u_branch_add_95_52_Y_u_branch_add_94_43_cdnadd_20/CO -       CI->CO F     FA1D2          1  1.8    63   123    3554    (-,-) 
  basic_isa_instance/u_branch_add_95_52_Y_u_branch_add_94_43_cdnadd_21/CO -       CI->CO F     FA1D2          1  1.8    63   123    3678    (-,-) 
  basic_isa_instance/u_branch_add_95_52_Y_u_branch_add_94_43_cdnadd_22/CO -       CI->CO F     FA1D2          1  1.8    63   123    3801    (-,-) 
  basic_isa_instance/u_branch_add_95_52_Y_u_branch_add_94_43_cdnadd_23/CO -       CI->CO F     FA1D2          1  1.8    63   123    3925    (-,-) 
  basic_isa_instance/u_branch_add_95_52_Y_u_branch_add_94_43_cdnadd_24/CO -       CI->CO F     FA1D2          1  1.8    63   123    4048    (-,-) 
  basic_isa_instance/u_branch_add_95_52_Y_u_branch_add_94_43_cdnadd_25/CO -       CI->CO F     FA1D2          1  1.8    63   123    4171    (-,-) 
  basic_isa_instance/u_branch_add_95_52_Y_u_branch_add_94_43_cdnadd_26/CO -       CI->CO F     FA1D2          1  1.8    63   123    4295    (-,-) 
  basic_isa_instance/u_branch_add_95_52_Y_u_branch_add_94_43_cdnadd_27/CO -       CI->CO F     FA1D2          1  1.8    63   123    4418    (-,-) 
  basic_isa_instance/u_branch_add_95_52_Y_u_branch_add_94_43_cdnadd_28/CO -       CI->CO F     FA1D2          1  1.8    63   123    4542    (-,-) 
  basic_isa_instance/u_branch_add_95_52_Y_u_branch_add_94_43_cdnadd_29/CO -       CI->CO F     FA1D2          1  1.8    63   123    4665    (-,-) 
  basic_isa_instance/u_branch_add_95_52_Y_u_branch_add_94_43_cdnadd_30/CO -       CI->CO F     FA1D2          1  1.1    59   120    4784    (-,-) 
  basic_isa_instance/u_branch_add_95_52_Y_u_branch_add_94_43_cdnadd_47/Z  -       A3->Z  R     XOR3D2         2  2.0    62   208    4993    (-,-) 
  basic_isa_instance/g35740/Z                                             -       A1->Z  R     AN2D2         16 14.4   121   148    5141    (-,-) 
  basic_isa_instance/u_if_u_btb_U_FILE_target_arr_reg[6][0][31]/D         -       -      R     DFCNQD2       16    -     -     0    5141    (-,-) 
#-------------------------------------------------------------------------------------------------------------------------------------------------



Path 13: VIOLATED (-2741 ps) Setup Check with Pin basic_isa_instance/u_if_u_btb_U_FILE_target_arr_reg[5][1][31]/CP->D
          Group: core_clk
     Startpoint: (R) basic_isa_instance/u_mem_wb_rd_wb_reg[4]/CP
          Clock: (R) core_clk
       Endpoint: (R) basic_isa_instance/u_if_u_btb_U_FILE_target_arr_reg[5][1][31]/D
          Clock: (R) core_clk

                     Capture       Launch     
        Clock Edge:+    2500            0     
       Src Latency:+       0            0     
       Net Latency:+       0 (I)        0 (I) 
           Arrival:=    2500            0     
                                              
             Setup:-     100                  
     Required Time:=    2400                  
      Launch Clock:-       0                  
         Data Path:-    5141                  
             Slack:=   -2741                  

#-------------------------------------------------------------------------------------------------------------------------------------------------
#                              Timing Point                               Flags    Arc   Edge   Cell     Fanout Load Trans Delay Arrival Instance 
#                                                                                                               (fF)  (ps)  (ps)   (ps)  Location 
#-------------------------------------------------------------------------------------------------------------------------------------------------
  basic_isa_instance/u_mem_wb_rd_wb_reg[4]/CP                             -       -      R     (arrival)    106    -     0     -       0    (-,-) 
  basic_isa_instance/u_mem_wb_rd_wb_reg[4]/Q                              -       CP->Q  R     DFCND2         3  5.4    64   287     287    (-,-) 
  basic_isa_instance/fopt26924/ZN                                         -       I->ZN  F     INVD2          1  2.1    27    34     321    (-,-) 
  basic_isa_instance/g26622/ZN                                            -       B2->ZN R     OAI22D2        1  2.2    94    84     405    (-,-) 
  basic_isa_instance/g26578/ZN                                            -       A2->ZN F     NR2D2          1  2.6    38    50     455    (-,-) 
  basic_isa_instance/g26574/ZN                                            -       A1->ZN R     ND2D3          1  5.2    43    41     497    (-,-) 
  basic_isa_instance/g26566/ZN                                            -       A1->ZN F     NR2XD4         4 11.2    49    43     540    (-,-) 
  basic_isa_instance/g26565/ZN                                            -       I->ZN  R     CKND2          1  1.7    26    33     573    (-,-) 
  basic_isa_instance/g26560/ZN                                            -       B1->ZN F     INR2D2         1  3.6    36    27     600    (-,-) 
  basic_isa_instance/g26536/ZN                                            -       B->ZN  R     AOI21D4        1  3.3    68    76     676    (-,-) 
  basic_isa_instance/g26392/ZN                                            -       A1->ZN F     OAI21D4        1  3.4    50    49     725    (-,-) 
  basic_isa_instance/g3/ZN                                                -       A1->ZN R     ND2D4          1  3.8    40    38     763    (-,-) 
  basic_isa_instance/g2/ZN                                                -       B1->ZN F     IND2D4        14 17.3    92    72     836    (-,-) 
  basic_isa_instance/g20782/Z                                             -       I1->Z  F     MUX2D2         1  2.7    57   146     982    (-,-) 
  basic_isa_instance/u_branch_add_95_52_Y_u_branch_add_94_43_cdnadd_1/CO  -       B->CO  F     FA1D4          1  1.8    53   231    1213    (-,-) 
  basic_isa_instance/u_branch_add_95_52_Y_u_branch_add_94_43_cdnadd_2/CO  -       CI->CO F     FA1D2          1  1.8    63   120    1333    (-,-) 
  basic_isa_instance/u_branch_add_95_52_Y_u_branch_add_94_43_cdnadd_3/CO  -       CI->CO F     FA1D2          1  1.8    63   123    1457    (-,-) 
  basic_isa_instance/u_branch_add_95_52_Y_u_branch_add_94_43_cdnadd_4/CO  -       CI->CO F     FA1D2          1  1.8    63   123    1580    (-,-) 
  basic_isa_instance/u_branch_add_95_52_Y_u_branch_add_94_43_cdnadd_5/CO  -       CI->CO F     FA1D2          1  1.8    63   123    1703    (-,-) 
  basic_isa_instance/u_branch_add_95_52_Y_u_branch_add_94_43_cdnadd_6/CO  -       CI->CO F     FA1D2          1  1.8    63   123    1827    (-,-) 
  basic_isa_instance/u_branch_add_95_52_Y_u_branch_add_94_43_cdnadd_7/CO  -       CI->CO F     FA1D2          1  1.8    63   123    1950    (-,-) 
  basic_isa_instance/u_branch_add_95_52_Y_u_branch_add_94_43_cdnadd_8/CO  -       CI->CO F     FA1D2          1  1.8    63   123    2074    (-,-) 
  basic_isa_instance/u_branch_add_95_52_Y_u_branch_add_94_43_cdnadd_9/CO  -       CI->CO F     FA1D2          1  1.8    63   123    2197    (-,-) 
  basic_isa_instance/u_branch_add_95_52_Y_u_branch_add_94_43_cdnadd_10/CO -       CI->CO F     FA1D2          1  1.8    63   123    2320    (-,-) 
  basic_isa_instance/u_branch_add_95_52_Y_u_branch_add_94_43_cdnadd_11/CO -       CI->CO F     FA1D2          1  1.8    63   123    2444    (-,-) 
  basic_isa_instance/u_branch_add_95_52_Y_u_branch_add_94_43_cdnadd_12/CO -       CI->CO F     FA1D2          1  1.8    63   123    2567    (-,-) 
  basic_isa_instance/u_branch_add_95_52_Y_u_branch_add_94_43_cdnadd_13/CO -       CI->CO F     FA1D2          1  1.8    63   123    2691    (-,-) 
  basic_isa_instance/u_branch_add_95_52_Y_u_branch_add_94_43_cdnadd_14/CO -       CI->CO F     FA1D2          1  1.8    63   123    2814    (-,-) 
  basic_isa_instance/u_branch_add_95_52_Y_u_branch_add_94_43_cdnadd_15/CO -       CI->CO F     FA1D2          1  1.8    63   123    2937    (-,-) 
  basic_isa_instance/u_branch_add_95_52_Y_u_branch_add_94_43_cdnadd_16/CO -       CI->CO F     FA1D2          1  1.8    63   123    3061    (-,-) 
  basic_isa_instance/u_branch_add_95_52_Y_u_branch_add_94_43_cdnadd_17/CO -       CI->CO F     FA1D2          1  1.8    63   123    3184    (-,-) 
  basic_isa_instance/u_branch_add_95_52_Y_u_branch_add_94_43_cdnadd_18/CO -       CI->CO F     FA1D2          1  1.8    63   123    3308    (-,-) 
  basic_isa_instance/u_branch_add_95_52_Y_u_branch_add_94_43_cdnadd_19/CO -       CI->CO F     FA1D2          1  1.8    63   123    3431    (-,-) 
  basic_isa_instance/u_branch_add_95_52_Y_u_branch_add_94_43_cdnadd_20/CO -       CI->CO F     FA1D2          1  1.8    63   123    3554    (-,-) 
  basic_isa_instance/u_branch_add_95_52_Y_u_branch_add_94_43_cdnadd_21/CO -       CI->CO F     FA1D2          1  1.8    63   123    3678    (-,-) 
  basic_isa_instance/u_branch_add_95_52_Y_u_branch_add_94_43_cdnadd_22/CO -       CI->CO F     FA1D2          1  1.8    63   123    3801    (-,-) 
  basic_isa_instance/u_branch_add_95_52_Y_u_branch_add_94_43_cdnadd_23/CO -       CI->CO F     FA1D2          1  1.8    63   123    3925    (-,-) 
  basic_isa_instance/u_branch_add_95_52_Y_u_branch_add_94_43_cdnadd_24/CO -       CI->CO F     FA1D2          1  1.8    63   123    4048    (-,-) 
  basic_isa_instance/u_branch_add_95_52_Y_u_branch_add_94_43_cdnadd_25/CO -       CI->CO F     FA1D2          1  1.8    63   123    4171    (-,-) 
  basic_isa_instance/u_branch_add_95_52_Y_u_branch_add_94_43_cdnadd_26/CO -       CI->CO F     FA1D2          1  1.8    63   123    4295    (-,-) 
  basic_isa_instance/u_branch_add_95_52_Y_u_branch_add_94_43_cdnadd_27/CO -       CI->CO F     FA1D2          1  1.8    63   123    4418    (-,-) 
  basic_isa_instance/u_branch_add_95_52_Y_u_branch_add_94_43_cdnadd_28/CO -       CI->CO F     FA1D2          1  1.8    63   123    4542    (-,-) 
  basic_isa_instance/u_branch_add_95_52_Y_u_branch_add_94_43_cdnadd_29/CO -       CI->CO F     FA1D2          1  1.8    63   123    4665    (-,-) 
  basic_isa_instance/u_branch_add_95_52_Y_u_branch_add_94_43_cdnadd_30/CO -       CI->CO F     FA1D2          1  1.1    59   120    4784    (-,-) 
  basic_isa_instance/u_branch_add_95_52_Y_u_branch_add_94_43_cdnadd_47/Z  -       A3->Z  R     XOR3D2         2  2.0    62   208    4993    (-,-) 
  basic_isa_instance/g35740/Z                                             -       A1->Z  R     AN2D2         16 14.4   121   148    5141    (-,-) 
  basic_isa_instance/u_if_u_btb_U_FILE_target_arr_reg[5][1][31]/D         -       -      R     DFCNQD2       16    -     -     0    5141    (-,-) 
#-------------------------------------------------------------------------------------------------------------------------------------------------



Path 14: VIOLATED (-2741 ps) Setup Check with Pin basic_isa_instance/u_if_u_btb_U_FILE_target_arr_reg[5][0][31]/CP->D
          Group: core_clk
     Startpoint: (R) basic_isa_instance/u_mem_wb_rd_wb_reg[4]/CP
          Clock: (R) core_clk
       Endpoint: (R) basic_isa_instance/u_if_u_btb_U_FILE_target_arr_reg[5][0][31]/D
          Clock: (R) core_clk

                     Capture       Launch     
        Clock Edge:+    2500            0     
       Src Latency:+       0            0     
       Net Latency:+       0 (I)        0 (I) 
           Arrival:=    2500            0     
                                              
             Setup:-     100                  
     Required Time:=    2400                  
      Launch Clock:-       0                  
         Data Path:-    5141                  
             Slack:=   -2741                  

#-------------------------------------------------------------------------------------------------------------------------------------------------
#                              Timing Point                               Flags    Arc   Edge   Cell     Fanout Load Trans Delay Arrival Instance 
#                                                                                                               (fF)  (ps)  (ps)   (ps)  Location 
#-------------------------------------------------------------------------------------------------------------------------------------------------
  basic_isa_instance/u_mem_wb_rd_wb_reg[4]/CP                             -       -      R     (arrival)    106    -     0     -       0    (-,-) 
  basic_isa_instance/u_mem_wb_rd_wb_reg[4]/Q                              -       CP->Q  R     DFCND2         3  5.4    64   287     287    (-,-) 
  basic_isa_instance/fopt26924/ZN                                         -       I->ZN  F     INVD2          1  2.1    27    34     321    (-,-) 
  basic_isa_instance/g26622/ZN                                            -       B2->ZN R     OAI22D2        1  2.2    94    84     405    (-,-) 
  basic_isa_instance/g26578/ZN                                            -       A2->ZN F     NR2D2          1  2.6    38    50     455    (-,-) 
  basic_isa_instance/g26574/ZN                                            -       A1->ZN R     ND2D3          1  5.2    43    41     497    (-,-) 
  basic_isa_instance/g26566/ZN                                            -       A1->ZN F     NR2XD4         4 11.2    49    43     540    (-,-) 
  basic_isa_instance/g26565/ZN                                            -       I->ZN  R     CKND2          1  1.7    26    33     573    (-,-) 
  basic_isa_instance/g26560/ZN                                            -       B1->ZN F     INR2D2         1  3.6    36    27     600    (-,-) 
  basic_isa_instance/g26536/ZN                                            -       B->ZN  R     AOI21D4        1  3.3    68    76     676    (-,-) 
  basic_isa_instance/g26392/ZN                                            -       A1->ZN F     OAI21D4        1  3.4    50    49     725    (-,-) 
  basic_isa_instance/g3/ZN                                                -       A1->ZN R     ND2D4          1  3.8    40    38     763    (-,-) 
  basic_isa_instance/g2/ZN                                                -       B1->ZN F     IND2D4        14 17.3    92    72     836    (-,-) 
  basic_isa_instance/g20782/Z                                             -       I1->Z  F     MUX2D2         1  2.7    57   146     982    (-,-) 
  basic_isa_instance/u_branch_add_95_52_Y_u_branch_add_94_43_cdnadd_1/CO  -       B->CO  F     FA1D4          1  1.8    53   231    1213    (-,-) 
  basic_isa_instance/u_branch_add_95_52_Y_u_branch_add_94_43_cdnadd_2/CO  -       CI->CO F     FA1D2          1  1.8    63   120    1333    (-,-) 
  basic_isa_instance/u_branch_add_95_52_Y_u_branch_add_94_43_cdnadd_3/CO  -       CI->CO F     FA1D2          1  1.8    63   123    1457    (-,-) 
  basic_isa_instance/u_branch_add_95_52_Y_u_branch_add_94_43_cdnadd_4/CO  -       CI->CO F     FA1D2          1  1.8    63   123    1580    (-,-) 
  basic_isa_instance/u_branch_add_95_52_Y_u_branch_add_94_43_cdnadd_5/CO  -       CI->CO F     FA1D2          1  1.8    63   123    1703    (-,-) 
  basic_isa_instance/u_branch_add_95_52_Y_u_branch_add_94_43_cdnadd_6/CO  -       CI->CO F     FA1D2          1  1.8    63   123    1827    (-,-) 
  basic_isa_instance/u_branch_add_95_52_Y_u_branch_add_94_43_cdnadd_7/CO  -       CI->CO F     FA1D2          1  1.8    63   123    1950    (-,-) 
  basic_isa_instance/u_branch_add_95_52_Y_u_branch_add_94_43_cdnadd_8/CO  -       CI->CO F     FA1D2          1  1.8    63   123    2074    (-,-) 
  basic_isa_instance/u_branch_add_95_52_Y_u_branch_add_94_43_cdnadd_9/CO  -       CI->CO F     FA1D2          1  1.8    63   123    2197    (-,-) 
  basic_isa_instance/u_branch_add_95_52_Y_u_branch_add_94_43_cdnadd_10/CO -       CI->CO F     FA1D2          1  1.8    63   123    2320    (-,-) 
  basic_isa_instance/u_branch_add_95_52_Y_u_branch_add_94_43_cdnadd_11/CO -       CI->CO F     FA1D2          1  1.8    63   123    2444    (-,-) 
  basic_isa_instance/u_branch_add_95_52_Y_u_branch_add_94_43_cdnadd_12/CO -       CI->CO F     FA1D2          1  1.8    63   123    2567    (-,-) 
  basic_isa_instance/u_branch_add_95_52_Y_u_branch_add_94_43_cdnadd_13/CO -       CI->CO F     FA1D2          1  1.8    63   123    2691    (-,-) 
  basic_isa_instance/u_branch_add_95_52_Y_u_branch_add_94_43_cdnadd_14/CO -       CI->CO F     FA1D2          1  1.8    63   123    2814    (-,-) 
  basic_isa_instance/u_branch_add_95_52_Y_u_branch_add_94_43_cdnadd_15/CO -       CI->CO F     FA1D2          1  1.8    63   123    2937    (-,-) 
  basic_isa_instance/u_branch_add_95_52_Y_u_branch_add_94_43_cdnadd_16/CO -       CI->CO F     FA1D2          1  1.8    63   123    3061    (-,-) 
  basic_isa_instance/u_branch_add_95_52_Y_u_branch_add_94_43_cdnadd_17/CO -       CI->CO F     FA1D2          1  1.8    63   123    3184    (-,-) 
  basic_isa_instance/u_branch_add_95_52_Y_u_branch_add_94_43_cdnadd_18/CO -       CI->CO F     FA1D2          1  1.8    63   123    3308    (-,-) 
  basic_isa_instance/u_branch_add_95_52_Y_u_branch_add_94_43_cdnadd_19/CO -       CI->CO F     FA1D2          1  1.8    63   123    3431    (-,-) 
  basic_isa_instance/u_branch_add_95_52_Y_u_branch_add_94_43_cdnadd_20/CO -       CI->CO F     FA1D2          1  1.8    63   123    3554    (-,-) 
  basic_isa_instance/u_branch_add_95_52_Y_u_branch_add_94_43_cdnadd_21/CO -       CI->CO F     FA1D2          1  1.8    63   123    3678    (-,-) 
  basic_isa_instance/u_branch_add_95_52_Y_u_branch_add_94_43_cdnadd_22/CO -       CI->CO F     FA1D2          1  1.8    63   123    3801    (-,-) 
  basic_isa_instance/u_branch_add_95_52_Y_u_branch_add_94_43_cdnadd_23/CO -       CI->CO F     FA1D2          1  1.8    63   123    3925    (-,-) 
  basic_isa_instance/u_branch_add_95_52_Y_u_branch_add_94_43_cdnadd_24/CO -       CI->CO F     FA1D2          1  1.8    63   123    4048    (-,-) 
  basic_isa_instance/u_branch_add_95_52_Y_u_branch_add_94_43_cdnadd_25/CO -       CI->CO F     FA1D2          1  1.8    63   123    4171    (-,-) 
  basic_isa_instance/u_branch_add_95_52_Y_u_branch_add_94_43_cdnadd_26/CO -       CI->CO F     FA1D2          1  1.8    63   123    4295    (-,-) 
  basic_isa_instance/u_branch_add_95_52_Y_u_branch_add_94_43_cdnadd_27/CO -       CI->CO F     FA1D2          1  1.8    63   123    4418    (-,-) 
  basic_isa_instance/u_branch_add_95_52_Y_u_branch_add_94_43_cdnadd_28/CO -       CI->CO F     FA1D2          1  1.8    63   123    4542    (-,-) 
  basic_isa_instance/u_branch_add_95_52_Y_u_branch_add_94_43_cdnadd_29/CO -       CI->CO F     FA1D2          1  1.8    63   123    4665    (-,-) 
  basic_isa_instance/u_branch_add_95_52_Y_u_branch_add_94_43_cdnadd_30/CO -       CI->CO F     FA1D2          1  1.1    59   120    4784    (-,-) 
  basic_isa_instance/u_branch_add_95_52_Y_u_branch_add_94_43_cdnadd_47/Z  -       A3->Z  R     XOR3D2         2  2.0    62   208    4993    (-,-) 
  basic_isa_instance/g35740/Z                                             -       A1->Z  R     AN2D2         16 14.4   121   148    5141    (-,-) 
  basic_isa_instance/u_if_u_btb_U_FILE_target_arr_reg[5][0][31]/D         -       -      R     DFCNQD2       16    -     -     0    5141    (-,-) 
#-------------------------------------------------------------------------------------------------------------------------------------------------



Path 15: VIOLATED (-2741 ps) Setup Check with Pin basic_isa_instance/u_if_u_btb_U_FILE_target_arr_reg[4][1][31]/CP->D
          Group: core_clk
     Startpoint: (R) basic_isa_instance/u_mem_wb_rd_wb_reg[4]/CP
          Clock: (R) core_clk
       Endpoint: (R) basic_isa_instance/u_if_u_btb_U_FILE_target_arr_reg[4][1][31]/D
          Clock: (R) core_clk

                     Capture       Launch     
        Clock Edge:+    2500            0     
       Src Latency:+       0            0     
       Net Latency:+       0 (I)        0 (I) 
           Arrival:=    2500            0     
                                              
             Setup:-     100                  
     Required Time:=    2400                  
      Launch Clock:-       0                  
         Data Path:-    5141                  
             Slack:=   -2741                  

#-------------------------------------------------------------------------------------------------------------------------------------------------
#                              Timing Point                               Flags    Arc   Edge   Cell     Fanout Load Trans Delay Arrival Instance 
#                                                                                                               (fF)  (ps)  (ps)   (ps)  Location 
#-------------------------------------------------------------------------------------------------------------------------------------------------
  basic_isa_instance/u_mem_wb_rd_wb_reg[4]/CP                             -       -      R     (arrival)    106    -     0     -       0    (-,-) 
  basic_isa_instance/u_mem_wb_rd_wb_reg[4]/Q                              -       CP->Q  R     DFCND2         3  5.4    64   287     287    (-,-) 
  basic_isa_instance/fopt26924/ZN                                         -       I->ZN  F     INVD2          1  2.1    27    34     321    (-,-) 
  basic_isa_instance/g26622/ZN                                            -       B2->ZN R     OAI22D2        1  2.2    94    84     405    (-,-) 
  basic_isa_instance/g26578/ZN                                            -       A2->ZN F     NR2D2          1  2.6    38    50     455    (-,-) 
  basic_isa_instance/g26574/ZN                                            -       A1->ZN R     ND2D3          1  5.2    43    41     497    (-,-) 
  basic_isa_instance/g26566/ZN                                            -       A1->ZN F     NR2XD4         4 11.2    49    43     540    (-,-) 
  basic_isa_instance/g26565/ZN                                            -       I->ZN  R     CKND2          1  1.7    26    33     573    (-,-) 
  basic_isa_instance/g26560/ZN                                            -       B1->ZN F     INR2D2         1  3.6    36    27     600    (-,-) 
  basic_isa_instance/g26536/ZN                                            -       B->ZN  R     AOI21D4        1  3.3    68    76     676    (-,-) 
  basic_isa_instance/g26392/ZN                                            -       A1->ZN F     OAI21D4        1  3.4    50    49     725    (-,-) 
  basic_isa_instance/g3/ZN                                                -       A1->ZN R     ND2D4          1  3.8    40    38     763    (-,-) 
  basic_isa_instance/g2/ZN                                                -       B1->ZN F     IND2D4        14 17.3    92    72     836    (-,-) 
  basic_isa_instance/g20782/Z                                             -       I1->Z  F     MUX2D2         1  2.7    57   146     982    (-,-) 
  basic_isa_instance/u_branch_add_95_52_Y_u_branch_add_94_43_cdnadd_1/CO  -       B->CO  F     FA1D4          1  1.8    53   231    1213    (-,-) 
  basic_isa_instance/u_branch_add_95_52_Y_u_branch_add_94_43_cdnadd_2/CO  -       CI->CO F     FA1D2          1  1.8    63   120    1333    (-,-) 
  basic_isa_instance/u_branch_add_95_52_Y_u_branch_add_94_43_cdnadd_3/CO  -       CI->CO F     FA1D2          1  1.8    63   123    1457    (-,-) 
  basic_isa_instance/u_branch_add_95_52_Y_u_branch_add_94_43_cdnadd_4/CO  -       CI->CO F     FA1D2          1  1.8    63   123    1580    (-,-) 
  basic_isa_instance/u_branch_add_95_52_Y_u_branch_add_94_43_cdnadd_5/CO  -       CI->CO F     FA1D2          1  1.8    63   123    1703    (-,-) 
  basic_isa_instance/u_branch_add_95_52_Y_u_branch_add_94_43_cdnadd_6/CO  -       CI->CO F     FA1D2          1  1.8    63   123    1827    (-,-) 
  basic_isa_instance/u_branch_add_95_52_Y_u_branch_add_94_43_cdnadd_7/CO  -       CI->CO F     FA1D2          1  1.8    63   123    1950    (-,-) 
  basic_isa_instance/u_branch_add_95_52_Y_u_branch_add_94_43_cdnadd_8/CO  -       CI->CO F     FA1D2          1  1.8    63   123    2074    (-,-) 
  basic_isa_instance/u_branch_add_95_52_Y_u_branch_add_94_43_cdnadd_9/CO  -       CI->CO F     FA1D2          1  1.8    63   123    2197    (-,-) 
  basic_isa_instance/u_branch_add_95_52_Y_u_branch_add_94_43_cdnadd_10/CO -       CI->CO F     FA1D2          1  1.8    63   123    2320    (-,-) 
  basic_isa_instance/u_branch_add_95_52_Y_u_branch_add_94_43_cdnadd_11/CO -       CI->CO F     FA1D2          1  1.8    63   123    2444    (-,-) 
  basic_isa_instance/u_branch_add_95_52_Y_u_branch_add_94_43_cdnadd_12/CO -       CI->CO F     FA1D2          1  1.8    63   123    2567    (-,-) 
  basic_isa_instance/u_branch_add_95_52_Y_u_branch_add_94_43_cdnadd_13/CO -       CI->CO F     FA1D2          1  1.8    63   123    2691    (-,-) 
  basic_isa_instance/u_branch_add_95_52_Y_u_branch_add_94_43_cdnadd_14/CO -       CI->CO F     FA1D2          1  1.8    63   123    2814    (-,-) 
  basic_isa_instance/u_branch_add_95_52_Y_u_branch_add_94_43_cdnadd_15/CO -       CI->CO F     FA1D2          1  1.8    63   123    2937    (-,-) 
  basic_isa_instance/u_branch_add_95_52_Y_u_branch_add_94_43_cdnadd_16/CO -       CI->CO F     FA1D2          1  1.8    63   123    3061    (-,-) 
  basic_isa_instance/u_branch_add_95_52_Y_u_branch_add_94_43_cdnadd_17/CO -       CI->CO F     FA1D2          1  1.8    63   123    3184    (-,-) 
  basic_isa_instance/u_branch_add_95_52_Y_u_branch_add_94_43_cdnadd_18/CO -       CI->CO F     FA1D2          1  1.8    63   123    3308    (-,-) 
  basic_isa_instance/u_branch_add_95_52_Y_u_branch_add_94_43_cdnadd_19/CO -       CI->CO F     FA1D2          1  1.8    63   123    3431    (-,-) 
  basic_isa_instance/u_branch_add_95_52_Y_u_branch_add_94_43_cdnadd_20/CO -       CI->CO F     FA1D2          1  1.8    63   123    3554    (-,-) 
  basic_isa_instance/u_branch_add_95_52_Y_u_branch_add_94_43_cdnadd_21/CO -       CI->CO F     FA1D2          1  1.8    63   123    3678    (-,-) 
  basic_isa_instance/u_branch_add_95_52_Y_u_branch_add_94_43_cdnadd_22/CO -       CI->CO F     FA1D2          1  1.8    63   123    3801    (-,-) 
  basic_isa_instance/u_branch_add_95_52_Y_u_branch_add_94_43_cdnadd_23/CO -       CI->CO F     FA1D2          1  1.8    63   123    3925    (-,-) 
  basic_isa_instance/u_branch_add_95_52_Y_u_branch_add_94_43_cdnadd_24/CO -       CI->CO F     FA1D2          1  1.8    63   123    4048    (-,-) 
  basic_isa_instance/u_branch_add_95_52_Y_u_branch_add_94_43_cdnadd_25/CO -       CI->CO F     FA1D2          1  1.8    63   123    4171    (-,-) 
  basic_isa_instance/u_branch_add_95_52_Y_u_branch_add_94_43_cdnadd_26/CO -       CI->CO F     FA1D2          1  1.8    63   123    4295    (-,-) 
  basic_isa_instance/u_branch_add_95_52_Y_u_branch_add_94_43_cdnadd_27/CO -       CI->CO F     FA1D2          1  1.8    63   123    4418    (-,-) 
  basic_isa_instance/u_branch_add_95_52_Y_u_branch_add_94_43_cdnadd_28/CO -       CI->CO F     FA1D2          1  1.8    63   123    4542    (-,-) 
  basic_isa_instance/u_branch_add_95_52_Y_u_branch_add_94_43_cdnadd_29/CO -       CI->CO F     FA1D2          1  1.8    63   123    4665    (-,-) 
  basic_isa_instance/u_branch_add_95_52_Y_u_branch_add_94_43_cdnadd_30/CO -       CI->CO F     FA1D2          1  1.1    59   120    4784    (-,-) 
  basic_isa_instance/u_branch_add_95_52_Y_u_branch_add_94_43_cdnadd_47/Z  -       A3->Z  R     XOR3D2         2  2.0    62   208    4993    (-,-) 
  basic_isa_instance/g35740/Z                                             -       A1->Z  R     AN2D2         16 14.4   121   148    5141    (-,-) 
  basic_isa_instance/u_if_u_btb_U_FILE_target_arr_reg[4][1][31]/D         -       -      R     DFCNQD2       16    -     -     0    5141    (-,-) 
#-------------------------------------------------------------------------------------------------------------------------------------------------



Path 16: VIOLATED (-2741 ps) Setup Check with Pin basic_isa_instance/u_if_u_btb_U_FILE_target_arr_reg[4][0][31]/CP->D
          Group: core_clk
     Startpoint: (R) basic_isa_instance/u_mem_wb_rd_wb_reg[4]/CP
          Clock: (R) core_clk
       Endpoint: (R) basic_isa_instance/u_if_u_btb_U_FILE_target_arr_reg[4][0][31]/D
          Clock: (R) core_clk

                     Capture       Launch     
        Clock Edge:+    2500            0     
       Src Latency:+       0            0     
       Net Latency:+       0 (I)        0 (I) 
           Arrival:=    2500            0     
                                              
             Setup:-     100                  
     Required Time:=    2400                  
      Launch Clock:-       0                  
         Data Path:-    5141                  
             Slack:=   -2741                  

#-------------------------------------------------------------------------------------------------------------------------------------------------
#                              Timing Point                               Flags    Arc   Edge   Cell     Fanout Load Trans Delay Arrival Instance 
#                                                                                                               (fF)  (ps)  (ps)   (ps)  Location 
#-------------------------------------------------------------------------------------------------------------------------------------------------
  basic_isa_instance/u_mem_wb_rd_wb_reg[4]/CP                             -       -      R     (arrival)    106    -     0     -       0    (-,-) 
  basic_isa_instance/u_mem_wb_rd_wb_reg[4]/Q                              -       CP->Q  R     DFCND2         3  5.4    64   287     287    (-,-) 
  basic_isa_instance/fopt26924/ZN                                         -       I->ZN  F     INVD2          1  2.1    27    34     321    (-,-) 
  basic_isa_instance/g26622/ZN                                            -       B2->ZN R     OAI22D2        1  2.2    94    84     405    (-,-) 
  basic_isa_instance/g26578/ZN                                            -       A2->ZN F     NR2D2          1  2.6    38    50     455    (-,-) 
  basic_isa_instance/g26574/ZN                                            -       A1->ZN R     ND2D3          1  5.2    43    41     497    (-,-) 
  basic_isa_instance/g26566/ZN                                            -       A1->ZN F     NR2XD4         4 11.2    49    43     540    (-,-) 
  basic_isa_instance/g26565/ZN                                            -       I->ZN  R     CKND2          1  1.7    26    33     573    (-,-) 
  basic_isa_instance/g26560/ZN                                            -       B1->ZN F     INR2D2         1  3.6    36    27     600    (-,-) 
  basic_isa_instance/g26536/ZN                                            -       B->ZN  R     AOI21D4        1  3.3    68    76     676    (-,-) 
  basic_isa_instance/g26392/ZN                                            -       A1->ZN F     OAI21D4        1  3.4    50    49     725    (-,-) 
  basic_isa_instance/g3/ZN                                                -       A1->ZN R     ND2D4          1  3.8    40    38     763    (-,-) 
  basic_isa_instance/g2/ZN                                                -       B1->ZN F     IND2D4        14 17.3    92    72     836    (-,-) 
  basic_isa_instance/g20782/Z                                             -       I1->Z  F     MUX2D2         1  2.7    57   146     982    (-,-) 
  basic_isa_instance/u_branch_add_95_52_Y_u_branch_add_94_43_cdnadd_1/CO  -       B->CO  F     FA1D4          1  1.8    53   231    1213    (-,-) 
  basic_isa_instance/u_branch_add_95_52_Y_u_branch_add_94_43_cdnadd_2/CO  -       CI->CO F     FA1D2          1  1.8    63   120    1333    (-,-) 
  basic_isa_instance/u_branch_add_95_52_Y_u_branch_add_94_43_cdnadd_3/CO  -       CI->CO F     FA1D2          1  1.8    63   123    1457    (-,-) 
  basic_isa_instance/u_branch_add_95_52_Y_u_branch_add_94_43_cdnadd_4/CO  -       CI->CO F     FA1D2          1  1.8    63   123    1580    (-,-) 
  basic_isa_instance/u_branch_add_95_52_Y_u_branch_add_94_43_cdnadd_5/CO  -       CI->CO F     FA1D2          1  1.8    63   123    1703    (-,-) 
  basic_isa_instance/u_branch_add_95_52_Y_u_branch_add_94_43_cdnadd_6/CO  -       CI->CO F     FA1D2          1  1.8    63   123    1827    (-,-) 
  basic_isa_instance/u_branch_add_95_52_Y_u_branch_add_94_43_cdnadd_7/CO  -       CI->CO F     FA1D2          1  1.8    63   123    1950    (-,-) 
  basic_isa_instance/u_branch_add_95_52_Y_u_branch_add_94_43_cdnadd_8/CO  -       CI->CO F     FA1D2          1  1.8    63   123    2074    (-,-) 
  basic_isa_instance/u_branch_add_95_52_Y_u_branch_add_94_43_cdnadd_9/CO  -       CI->CO F     FA1D2          1  1.8    63   123    2197    (-,-) 
  basic_isa_instance/u_branch_add_95_52_Y_u_branch_add_94_43_cdnadd_10/CO -       CI->CO F     FA1D2          1  1.8    63   123    2320    (-,-) 
  basic_isa_instance/u_branch_add_95_52_Y_u_branch_add_94_43_cdnadd_11/CO -       CI->CO F     FA1D2          1  1.8    63   123    2444    (-,-) 
  basic_isa_instance/u_branch_add_95_52_Y_u_branch_add_94_43_cdnadd_12/CO -       CI->CO F     FA1D2          1  1.8    63   123    2567    (-,-) 
  basic_isa_instance/u_branch_add_95_52_Y_u_branch_add_94_43_cdnadd_13/CO -       CI->CO F     FA1D2          1  1.8    63   123    2691    (-,-) 
  basic_isa_instance/u_branch_add_95_52_Y_u_branch_add_94_43_cdnadd_14/CO -       CI->CO F     FA1D2          1  1.8    63   123    2814    (-,-) 
  basic_isa_instance/u_branch_add_95_52_Y_u_branch_add_94_43_cdnadd_15/CO -       CI->CO F     FA1D2          1  1.8    63   123    2937    (-,-) 
  basic_isa_instance/u_branch_add_95_52_Y_u_branch_add_94_43_cdnadd_16/CO -       CI->CO F     FA1D2          1  1.8    63   123    3061    (-,-) 
  basic_isa_instance/u_branch_add_95_52_Y_u_branch_add_94_43_cdnadd_17/CO -       CI->CO F     FA1D2          1  1.8    63   123    3184    (-,-) 
  basic_isa_instance/u_branch_add_95_52_Y_u_branch_add_94_43_cdnadd_18/CO -       CI->CO F     FA1D2          1  1.8    63   123    3308    (-,-) 
  basic_isa_instance/u_branch_add_95_52_Y_u_branch_add_94_43_cdnadd_19/CO -       CI->CO F     FA1D2          1  1.8    63   123    3431    (-,-) 
  basic_isa_instance/u_branch_add_95_52_Y_u_branch_add_94_43_cdnadd_20/CO -       CI->CO F     FA1D2          1  1.8    63   123    3554    (-,-) 
  basic_isa_instance/u_branch_add_95_52_Y_u_branch_add_94_43_cdnadd_21/CO -       CI->CO F     FA1D2          1  1.8    63   123    3678    (-,-) 
  basic_isa_instance/u_branch_add_95_52_Y_u_branch_add_94_43_cdnadd_22/CO -       CI->CO F     FA1D2          1  1.8    63   123    3801    (-,-) 
  basic_isa_instance/u_branch_add_95_52_Y_u_branch_add_94_43_cdnadd_23/CO -       CI->CO F     FA1D2          1  1.8    63   123    3925    (-,-) 
  basic_isa_instance/u_branch_add_95_52_Y_u_branch_add_94_43_cdnadd_24/CO -       CI->CO F     FA1D2          1  1.8    63   123    4048    (-,-) 
  basic_isa_instance/u_branch_add_95_52_Y_u_branch_add_94_43_cdnadd_25/CO -       CI->CO F     FA1D2          1  1.8    63   123    4171    (-,-) 
  basic_isa_instance/u_branch_add_95_52_Y_u_branch_add_94_43_cdnadd_26/CO -       CI->CO F     FA1D2          1  1.8    63   123    4295    (-,-) 
  basic_isa_instance/u_branch_add_95_52_Y_u_branch_add_94_43_cdnadd_27/CO -       CI->CO F     FA1D2          1  1.8    63   123    4418    (-,-) 
  basic_isa_instance/u_branch_add_95_52_Y_u_branch_add_94_43_cdnadd_28/CO -       CI->CO F     FA1D2          1  1.8    63   123    4542    (-,-) 
  basic_isa_instance/u_branch_add_95_52_Y_u_branch_add_94_43_cdnadd_29/CO -       CI->CO F     FA1D2          1  1.8    63   123    4665    (-,-) 
  basic_isa_instance/u_branch_add_95_52_Y_u_branch_add_94_43_cdnadd_30/CO -       CI->CO F     FA1D2          1  1.1    59   120    4784    (-,-) 
  basic_isa_instance/u_branch_add_95_52_Y_u_branch_add_94_43_cdnadd_47/Z  -       A3->Z  R     XOR3D2         2  2.0    62   208    4993    (-,-) 
  basic_isa_instance/g35740/Z                                             -       A1->Z  R     AN2D2         16 14.4   121   148    5141    (-,-) 
  basic_isa_instance/u_if_u_btb_U_FILE_target_arr_reg[4][0][31]/D         -       -      R     DFCNQD2       16    -     -     0    5141    (-,-) 
#-------------------------------------------------------------------------------------------------------------------------------------------------



Path 17: VIOLATED (-2741 ps) Setup Check with Pin basic_isa_instance/u_if_u_btb_U_FILE_target_arr_reg[3][1][31]/CP->D
          Group: core_clk
     Startpoint: (R) basic_isa_instance/u_mem_wb_rd_wb_reg[4]/CP
          Clock: (R) core_clk
       Endpoint: (R) basic_isa_instance/u_if_u_btb_U_FILE_target_arr_reg[3][1][31]/D
          Clock: (R) core_clk

                     Capture       Launch     
        Clock Edge:+    2500            0     
       Src Latency:+       0            0     
       Net Latency:+       0 (I)        0 (I) 
           Arrival:=    2500            0     
                                              
             Setup:-     100                  
     Required Time:=    2400                  
      Launch Clock:-       0                  
         Data Path:-    5141                  
             Slack:=   -2741                  

#-------------------------------------------------------------------------------------------------------------------------------------------------
#                              Timing Point                               Flags    Arc   Edge   Cell     Fanout Load Trans Delay Arrival Instance 
#                                                                                                               (fF)  (ps)  (ps)   (ps)  Location 
#-------------------------------------------------------------------------------------------------------------------------------------------------
  basic_isa_instance/u_mem_wb_rd_wb_reg[4]/CP                             -       -      R     (arrival)    106    -     0     -       0    (-,-) 
  basic_isa_instance/u_mem_wb_rd_wb_reg[4]/Q                              -       CP->Q  R     DFCND2         3  5.4    64   287     287    (-,-) 
  basic_isa_instance/fopt26924/ZN                                         -       I->ZN  F     INVD2          1  2.1    27    34     321    (-,-) 
  basic_isa_instance/g26622/ZN                                            -       B2->ZN R     OAI22D2        1  2.2    94    84     405    (-,-) 
  basic_isa_instance/g26578/ZN                                            -       A2->ZN F     NR2D2          1  2.6    38    50     455    (-,-) 
  basic_isa_instance/g26574/ZN                                            -       A1->ZN R     ND2D3          1  5.2    43    41     497    (-,-) 
  basic_isa_instance/g26566/ZN                                            -       A1->ZN F     NR2XD4         4 11.2    49    43     540    (-,-) 
  basic_isa_instance/g26565/ZN                                            -       I->ZN  R     CKND2          1  1.7    26    33     573    (-,-) 
  basic_isa_instance/g26560/ZN                                            -       B1->ZN F     INR2D2         1  3.6    36    27     600    (-,-) 
  basic_isa_instance/g26536/ZN                                            -       B->ZN  R     AOI21D4        1  3.3    68    76     676    (-,-) 
  basic_isa_instance/g26392/ZN                                            -       A1->ZN F     OAI21D4        1  3.4    50    49     725    (-,-) 
  basic_isa_instance/g3/ZN                                                -       A1->ZN R     ND2D4          1  3.8    40    38     763    (-,-) 
  basic_isa_instance/g2/ZN                                                -       B1->ZN F     IND2D4        14 17.3    92    72     836    (-,-) 
  basic_isa_instance/g20782/Z                                             -       I1->Z  F     MUX2D2         1  2.7    57   146     982    (-,-) 
  basic_isa_instance/u_branch_add_95_52_Y_u_branch_add_94_43_cdnadd_1/CO  -       B->CO  F     FA1D4          1  1.8    53   231    1213    (-,-) 
  basic_isa_instance/u_branch_add_95_52_Y_u_branch_add_94_43_cdnadd_2/CO  -       CI->CO F     FA1D2          1  1.8    63   120    1333    (-,-) 
  basic_isa_instance/u_branch_add_95_52_Y_u_branch_add_94_43_cdnadd_3/CO  -       CI->CO F     FA1D2          1  1.8    63   123    1457    (-,-) 
  basic_isa_instance/u_branch_add_95_52_Y_u_branch_add_94_43_cdnadd_4/CO  -       CI->CO F     FA1D2          1  1.8    63   123    1580    (-,-) 
  basic_isa_instance/u_branch_add_95_52_Y_u_branch_add_94_43_cdnadd_5/CO  -       CI->CO F     FA1D2          1  1.8    63   123    1703    (-,-) 
  basic_isa_instance/u_branch_add_95_52_Y_u_branch_add_94_43_cdnadd_6/CO  -       CI->CO F     FA1D2          1  1.8    63   123    1827    (-,-) 
  basic_isa_instance/u_branch_add_95_52_Y_u_branch_add_94_43_cdnadd_7/CO  -       CI->CO F     FA1D2          1  1.8    63   123    1950    (-,-) 
  basic_isa_instance/u_branch_add_95_52_Y_u_branch_add_94_43_cdnadd_8/CO  -       CI->CO F     FA1D2          1  1.8    63   123    2074    (-,-) 
  basic_isa_instance/u_branch_add_95_52_Y_u_branch_add_94_43_cdnadd_9/CO  -       CI->CO F     FA1D2          1  1.8    63   123    2197    (-,-) 
  basic_isa_instance/u_branch_add_95_52_Y_u_branch_add_94_43_cdnadd_10/CO -       CI->CO F     FA1D2          1  1.8    63   123    2320    (-,-) 
  basic_isa_instance/u_branch_add_95_52_Y_u_branch_add_94_43_cdnadd_11/CO -       CI->CO F     FA1D2          1  1.8    63   123    2444    (-,-) 
  basic_isa_instance/u_branch_add_95_52_Y_u_branch_add_94_43_cdnadd_12/CO -       CI->CO F     FA1D2          1  1.8    63   123    2567    (-,-) 
  basic_isa_instance/u_branch_add_95_52_Y_u_branch_add_94_43_cdnadd_13/CO -       CI->CO F     FA1D2          1  1.8    63   123    2691    (-,-) 
  basic_isa_instance/u_branch_add_95_52_Y_u_branch_add_94_43_cdnadd_14/CO -       CI->CO F     FA1D2          1  1.8    63   123    2814    (-,-) 
  basic_isa_instance/u_branch_add_95_52_Y_u_branch_add_94_43_cdnadd_15/CO -       CI->CO F     FA1D2          1  1.8    63   123    2937    (-,-) 
  basic_isa_instance/u_branch_add_95_52_Y_u_branch_add_94_43_cdnadd_16/CO -       CI->CO F     FA1D2          1  1.8    63   123    3061    (-,-) 
  basic_isa_instance/u_branch_add_95_52_Y_u_branch_add_94_43_cdnadd_17/CO -       CI->CO F     FA1D2          1  1.8    63   123    3184    (-,-) 
  basic_isa_instance/u_branch_add_95_52_Y_u_branch_add_94_43_cdnadd_18/CO -       CI->CO F     FA1D2          1  1.8    63   123    3308    (-,-) 
  basic_isa_instance/u_branch_add_95_52_Y_u_branch_add_94_43_cdnadd_19/CO -       CI->CO F     FA1D2          1  1.8    63   123    3431    (-,-) 
  basic_isa_instance/u_branch_add_95_52_Y_u_branch_add_94_43_cdnadd_20/CO -       CI->CO F     FA1D2          1  1.8    63   123    3554    (-,-) 
  basic_isa_instance/u_branch_add_95_52_Y_u_branch_add_94_43_cdnadd_21/CO -       CI->CO F     FA1D2          1  1.8    63   123    3678    (-,-) 
  basic_isa_instance/u_branch_add_95_52_Y_u_branch_add_94_43_cdnadd_22/CO -       CI->CO F     FA1D2          1  1.8    63   123    3801    (-,-) 
  basic_isa_instance/u_branch_add_95_52_Y_u_branch_add_94_43_cdnadd_23/CO -       CI->CO F     FA1D2          1  1.8    63   123    3925    (-,-) 
  basic_isa_instance/u_branch_add_95_52_Y_u_branch_add_94_43_cdnadd_24/CO -       CI->CO F     FA1D2          1  1.8    63   123    4048    (-,-) 
  basic_isa_instance/u_branch_add_95_52_Y_u_branch_add_94_43_cdnadd_25/CO -       CI->CO F     FA1D2          1  1.8    63   123    4171    (-,-) 
  basic_isa_instance/u_branch_add_95_52_Y_u_branch_add_94_43_cdnadd_26/CO -       CI->CO F     FA1D2          1  1.8    63   123    4295    (-,-) 
  basic_isa_instance/u_branch_add_95_52_Y_u_branch_add_94_43_cdnadd_27/CO -       CI->CO F     FA1D2          1  1.8    63   123    4418    (-,-) 
  basic_isa_instance/u_branch_add_95_52_Y_u_branch_add_94_43_cdnadd_28/CO -       CI->CO F     FA1D2          1  1.8    63   123    4542    (-,-) 
  basic_isa_instance/u_branch_add_95_52_Y_u_branch_add_94_43_cdnadd_29/CO -       CI->CO F     FA1D2          1  1.8    63   123    4665    (-,-) 
  basic_isa_instance/u_branch_add_95_52_Y_u_branch_add_94_43_cdnadd_30/CO -       CI->CO F     FA1D2          1  1.1    59   120    4784    (-,-) 
  basic_isa_instance/u_branch_add_95_52_Y_u_branch_add_94_43_cdnadd_47/Z  -       A3->Z  R     XOR3D2         2  2.0    62   208    4993    (-,-) 
  basic_isa_instance/g35740/Z                                             -       A1->Z  R     AN2D2         16 14.4   121   148    5141    (-,-) 
  basic_isa_instance/u_if_u_btb_U_FILE_target_arr_reg[3][1][31]/D         -       -      R     DFCNQD2       16    -     -     0    5141    (-,-) 
#-------------------------------------------------------------------------------------------------------------------------------------------------



Path 18: VIOLATED (-2741 ps) Setup Check with Pin basic_isa_instance/u_if_u_btb_U_FILE_target_arr_reg[3][0][31]/CP->D
          Group: core_clk
     Startpoint: (R) basic_isa_instance/u_mem_wb_rd_wb_reg[4]/CP
          Clock: (R) core_clk
       Endpoint: (R) basic_isa_instance/u_if_u_btb_U_FILE_target_arr_reg[3][0][31]/D
          Clock: (R) core_clk

                     Capture       Launch     
        Clock Edge:+    2500            0     
       Src Latency:+       0            0     
       Net Latency:+       0 (I)        0 (I) 
           Arrival:=    2500            0     
                                              
             Setup:-     100                  
     Required Time:=    2400                  
      Launch Clock:-       0                  
         Data Path:-    5141                  
             Slack:=   -2741                  

#-------------------------------------------------------------------------------------------------------------------------------------------------
#                              Timing Point                               Flags    Arc   Edge   Cell     Fanout Load Trans Delay Arrival Instance 
#                                                                                                               (fF)  (ps)  (ps)   (ps)  Location 
#-------------------------------------------------------------------------------------------------------------------------------------------------
  basic_isa_instance/u_mem_wb_rd_wb_reg[4]/CP                             -       -      R     (arrival)    106    -     0     -       0    (-,-) 
  basic_isa_instance/u_mem_wb_rd_wb_reg[4]/Q                              -       CP->Q  R     DFCND2         3  5.4    64   287     287    (-,-) 
  basic_isa_instance/fopt26924/ZN                                         -       I->ZN  F     INVD2          1  2.1    27    34     321    (-,-) 
  basic_isa_instance/g26622/ZN                                            -       B2->ZN R     OAI22D2        1  2.2    94    84     405    (-,-) 
  basic_isa_instance/g26578/ZN                                            -       A2->ZN F     NR2D2          1  2.6    38    50     455    (-,-) 
  basic_isa_instance/g26574/ZN                                            -       A1->ZN R     ND2D3          1  5.2    43    41     497    (-,-) 
  basic_isa_instance/g26566/ZN                                            -       A1->ZN F     NR2XD4         4 11.2    49    43     540    (-,-) 
  basic_isa_instance/g26565/ZN                                            -       I->ZN  R     CKND2          1  1.7    26    33     573    (-,-) 
  basic_isa_instance/g26560/ZN                                            -       B1->ZN F     INR2D2         1  3.6    36    27     600    (-,-) 
  basic_isa_instance/g26536/ZN                                            -       B->ZN  R     AOI21D4        1  3.3    68    76     676    (-,-) 
  basic_isa_instance/g26392/ZN                                            -       A1->ZN F     OAI21D4        1  3.4    50    49     725    (-,-) 
  basic_isa_instance/g3/ZN                                                -       A1->ZN R     ND2D4          1  3.8    40    38     763    (-,-) 
  basic_isa_instance/g2/ZN                                                -       B1->ZN F     IND2D4        14 17.3    92    72     836    (-,-) 
  basic_isa_instance/g20782/Z                                             -       I1->Z  F     MUX2D2         1  2.7    57   146     982    (-,-) 
  basic_isa_instance/u_branch_add_95_52_Y_u_branch_add_94_43_cdnadd_1/CO  -       B->CO  F     FA1D4          1  1.8    53   231    1213    (-,-) 
  basic_isa_instance/u_branch_add_95_52_Y_u_branch_add_94_43_cdnadd_2/CO  -       CI->CO F     FA1D2          1  1.8    63   120    1333    (-,-) 
  basic_isa_instance/u_branch_add_95_52_Y_u_branch_add_94_43_cdnadd_3/CO  -       CI->CO F     FA1D2          1  1.8    63   123    1457    (-,-) 
  basic_isa_instance/u_branch_add_95_52_Y_u_branch_add_94_43_cdnadd_4/CO  -       CI->CO F     FA1D2          1  1.8    63   123    1580    (-,-) 
  basic_isa_instance/u_branch_add_95_52_Y_u_branch_add_94_43_cdnadd_5/CO  -       CI->CO F     FA1D2          1  1.8    63   123    1703    (-,-) 
  basic_isa_instance/u_branch_add_95_52_Y_u_branch_add_94_43_cdnadd_6/CO  -       CI->CO F     FA1D2          1  1.8    63   123    1827    (-,-) 
  basic_isa_instance/u_branch_add_95_52_Y_u_branch_add_94_43_cdnadd_7/CO  -       CI->CO F     FA1D2          1  1.8    63   123    1950    (-,-) 
  basic_isa_instance/u_branch_add_95_52_Y_u_branch_add_94_43_cdnadd_8/CO  -       CI->CO F     FA1D2          1  1.8    63   123    2074    (-,-) 
  basic_isa_instance/u_branch_add_95_52_Y_u_branch_add_94_43_cdnadd_9/CO  -       CI->CO F     FA1D2          1  1.8    63   123    2197    (-,-) 
  basic_isa_instance/u_branch_add_95_52_Y_u_branch_add_94_43_cdnadd_10/CO -       CI->CO F     FA1D2          1  1.8    63   123    2320    (-,-) 
  basic_isa_instance/u_branch_add_95_52_Y_u_branch_add_94_43_cdnadd_11/CO -       CI->CO F     FA1D2          1  1.8    63   123    2444    (-,-) 
  basic_isa_instance/u_branch_add_95_52_Y_u_branch_add_94_43_cdnadd_12/CO -       CI->CO F     FA1D2          1  1.8    63   123    2567    (-,-) 
  basic_isa_instance/u_branch_add_95_52_Y_u_branch_add_94_43_cdnadd_13/CO -       CI->CO F     FA1D2          1  1.8    63   123    2691    (-,-) 
  basic_isa_instance/u_branch_add_95_52_Y_u_branch_add_94_43_cdnadd_14/CO -       CI->CO F     FA1D2          1  1.8    63   123    2814    (-,-) 
  basic_isa_instance/u_branch_add_95_52_Y_u_branch_add_94_43_cdnadd_15/CO -       CI->CO F     FA1D2          1  1.8    63   123    2937    (-,-) 
  basic_isa_instance/u_branch_add_95_52_Y_u_branch_add_94_43_cdnadd_16/CO -       CI->CO F     FA1D2          1  1.8    63   123    3061    (-,-) 
  basic_isa_instance/u_branch_add_95_52_Y_u_branch_add_94_43_cdnadd_17/CO -       CI->CO F     FA1D2          1  1.8    63   123    3184    (-,-) 
  basic_isa_instance/u_branch_add_95_52_Y_u_branch_add_94_43_cdnadd_18/CO -       CI->CO F     FA1D2          1  1.8    63   123    3308    (-,-) 
  basic_isa_instance/u_branch_add_95_52_Y_u_branch_add_94_43_cdnadd_19/CO -       CI->CO F     FA1D2          1  1.8    63   123    3431    (-,-) 
  basic_isa_instance/u_branch_add_95_52_Y_u_branch_add_94_43_cdnadd_20/CO -       CI->CO F     FA1D2          1  1.8    63   123    3554    (-,-) 
  basic_isa_instance/u_branch_add_95_52_Y_u_branch_add_94_43_cdnadd_21/CO -       CI->CO F     FA1D2          1  1.8    63   123    3678    (-,-) 
  basic_isa_instance/u_branch_add_95_52_Y_u_branch_add_94_43_cdnadd_22/CO -       CI->CO F     FA1D2          1  1.8    63   123    3801    (-,-) 
  basic_isa_instance/u_branch_add_95_52_Y_u_branch_add_94_43_cdnadd_23/CO -       CI->CO F     FA1D2          1  1.8    63   123    3925    (-,-) 
  basic_isa_instance/u_branch_add_95_52_Y_u_branch_add_94_43_cdnadd_24/CO -       CI->CO F     FA1D2          1  1.8    63   123    4048    (-,-) 
  basic_isa_instance/u_branch_add_95_52_Y_u_branch_add_94_43_cdnadd_25/CO -       CI->CO F     FA1D2          1  1.8    63   123    4171    (-,-) 
  basic_isa_instance/u_branch_add_95_52_Y_u_branch_add_94_43_cdnadd_26/CO -       CI->CO F     FA1D2          1  1.8    63   123    4295    (-,-) 
  basic_isa_instance/u_branch_add_95_52_Y_u_branch_add_94_43_cdnadd_27/CO -       CI->CO F     FA1D2          1  1.8    63   123    4418    (-,-) 
  basic_isa_instance/u_branch_add_95_52_Y_u_branch_add_94_43_cdnadd_28/CO -       CI->CO F     FA1D2          1  1.8    63   123    4542    (-,-) 
  basic_isa_instance/u_branch_add_95_52_Y_u_branch_add_94_43_cdnadd_29/CO -       CI->CO F     FA1D2          1  1.8    63   123    4665    (-,-) 
  basic_isa_instance/u_branch_add_95_52_Y_u_branch_add_94_43_cdnadd_30/CO -       CI->CO F     FA1D2          1  1.1    59   120    4784    (-,-) 
  basic_isa_instance/u_branch_add_95_52_Y_u_branch_add_94_43_cdnadd_47/Z  -       A3->Z  R     XOR3D2         2  2.0    62   208    4993    (-,-) 
  basic_isa_instance/g35740/Z                                             -       A1->Z  R     AN2D2         16 14.4   121   148    5141    (-,-) 
  basic_isa_instance/u_if_u_btb_U_FILE_target_arr_reg[3][0][31]/D         -       -      R     DFCNQD2       16    -     -     0    5141    (-,-) 
#-------------------------------------------------------------------------------------------------------------------------------------------------



Path 19: VIOLATED (-2741 ps) Setup Check with Pin basic_isa_instance/u_if_u_btb_U_FILE_target_arr_reg[2][1][31]/CP->D
          Group: core_clk
     Startpoint: (R) basic_isa_instance/u_mem_wb_rd_wb_reg[4]/CP
          Clock: (R) core_clk
       Endpoint: (R) basic_isa_instance/u_if_u_btb_U_FILE_target_arr_reg[2][1][31]/D
          Clock: (R) core_clk

                     Capture       Launch     
        Clock Edge:+    2500            0     
       Src Latency:+       0            0     
       Net Latency:+       0 (I)        0 (I) 
           Arrival:=    2500            0     
                                              
             Setup:-     100                  
     Required Time:=    2400                  
      Launch Clock:-       0                  
         Data Path:-    5141                  
             Slack:=   -2741                  

#-------------------------------------------------------------------------------------------------------------------------------------------------
#                              Timing Point                               Flags    Arc   Edge   Cell     Fanout Load Trans Delay Arrival Instance 
#                                                                                                               (fF)  (ps)  (ps)   (ps)  Location 
#-------------------------------------------------------------------------------------------------------------------------------------------------
  basic_isa_instance/u_mem_wb_rd_wb_reg[4]/CP                             -       -      R     (arrival)    106    -     0     -       0    (-,-) 
  basic_isa_instance/u_mem_wb_rd_wb_reg[4]/Q                              -       CP->Q  R     DFCND2         3  5.4    64   287     287    (-,-) 
  basic_isa_instance/fopt26924/ZN                                         -       I->ZN  F     INVD2          1  2.1    27    34     321    (-,-) 
  basic_isa_instance/g26622/ZN                                            -       B2->ZN R     OAI22D2        1  2.2    94    84     405    (-,-) 
  basic_isa_instance/g26578/ZN                                            -       A2->ZN F     NR2D2          1  2.6    38    50     455    (-,-) 
  basic_isa_instance/g26574/ZN                                            -       A1->ZN R     ND2D3          1  5.2    43    41     497    (-,-) 
  basic_isa_instance/g26566/ZN                                            -       A1->ZN F     NR2XD4         4 11.2    49    43     540    (-,-) 
  basic_isa_instance/g26565/ZN                                            -       I->ZN  R     CKND2          1  1.7    26    33     573    (-,-) 
  basic_isa_instance/g26560/ZN                                            -       B1->ZN F     INR2D2         1  3.6    36    27     600    (-,-) 
  basic_isa_instance/g26536/ZN                                            -       B->ZN  R     AOI21D4        1  3.3    68    76     676    (-,-) 
  basic_isa_instance/g26392/ZN                                            -       A1->ZN F     OAI21D4        1  3.4    50    49     725    (-,-) 
  basic_isa_instance/g3/ZN                                                -       A1->ZN R     ND2D4          1  3.8    40    38     763    (-,-) 
  basic_isa_instance/g2/ZN                                                -       B1->ZN F     IND2D4        14 17.3    92    72     836    (-,-) 
  basic_isa_instance/g20782/Z                                             -       I1->Z  F     MUX2D2         1  2.7    57   146     982    (-,-) 
  basic_isa_instance/u_branch_add_95_52_Y_u_branch_add_94_43_cdnadd_1/CO  -       B->CO  F     FA1D4          1  1.8    53   231    1213    (-,-) 
  basic_isa_instance/u_branch_add_95_52_Y_u_branch_add_94_43_cdnadd_2/CO  -       CI->CO F     FA1D2          1  1.8    63   120    1333    (-,-) 
  basic_isa_instance/u_branch_add_95_52_Y_u_branch_add_94_43_cdnadd_3/CO  -       CI->CO F     FA1D2          1  1.8    63   123    1457    (-,-) 
  basic_isa_instance/u_branch_add_95_52_Y_u_branch_add_94_43_cdnadd_4/CO  -       CI->CO F     FA1D2          1  1.8    63   123    1580    (-,-) 
  basic_isa_instance/u_branch_add_95_52_Y_u_branch_add_94_43_cdnadd_5/CO  -       CI->CO F     FA1D2          1  1.8    63   123    1703    (-,-) 
  basic_isa_instance/u_branch_add_95_52_Y_u_branch_add_94_43_cdnadd_6/CO  -       CI->CO F     FA1D2          1  1.8    63   123    1827    (-,-) 
  basic_isa_instance/u_branch_add_95_52_Y_u_branch_add_94_43_cdnadd_7/CO  -       CI->CO F     FA1D2          1  1.8    63   123    1950    (-,-) 
  basic_isa_instance/u_branch_add_95_52_Y_u_branch_add_94_43_cdnadd_8/CO  -       CI->CO F     FA1D2          1  1.8    63   123    2074    (-,-) 
  basic_isa_instance/u_branch_add_95_52_Y_u_branch_add_94_43_cdnadd_9/CO  -       CI->CO F     FA1D2          1  1.8    63   123    2197    (-,-) 
  basic_isa_instance/u_branch_add_95_52_Y_u_branch_add_94_43_cdnadd_10/CO -       CI->CO F     FA1D2          1  1.8    63   123    2320    (-,-) 
  basic_isa_instance/u_branch_add_95_52_Y_u_branch_add_94_43_cdnadd_11/CO -       CI->CO F     FA1D2          1  1.8    63   123    2444    (-,-) 
  basic_isa_instance/u_branch_add_95_52_Y_u_branch_add_94_43_cdnadd_12/CO -       CI->CO F     FA1D2          1  1.8    63   123    2567    (-,-) 
  basic_isa_instance/u_branch_add_95_52_Y_u_branch_add_94_43_cdnadd_13/CO -       CI->CO F     FA1D2          1  1.8    63   123    2691    (-,-) 
  basic_isa_instance/u_branch_add_95_52_Y_u_branch_add_94_43_cdnadd_14/CO -       CI->CO F     FA1D2          1  1.8    63   123    2814    (-,-) 
  basic_isa_instance/u_branch_add_95_52_Y_u_branch_add_94_43_cdnadd_15/CO -       CI->CO F     FA1D2          1  1.8    63   123    2937    (-,-) 
  basic_isa_instance/u_branch_add_95_52_Y_u_branch_add_94_43_cdnadd_16/CO -       CI->CO F     FA1D2          1  1.8    63   123    3061    (-,-) 
  basic_isa_instance/u_branch_add_95_52_Y_u_branch_add_94_43_cdnadd_17/CO -       CI->CO F     FA1D2          1  1.8    63   123    3184    (-,-) 
  basic_isa_instance/u_branch_add_95_52_Y_u_branch_add_94_43_cdnadd_18/CO -       CI->CO F     FA1D2          1  1.8    63   123    3308    (-,-) 
  basic_isa_instance/u_branch_add_95_52_Y_u_branch_add_94_43_cdnadd_19/CO -       CI->CO F     FA1D2          1  1.8    63   123    3431    (-,-) 
  basic_isa_instance/u_branch_add_95_52_Y_u_branch_add_94_43_cdnadd_20/CO -       CI->CO F     FA1D2          1  1.8    63   123    3554    (-,-) 
  basic_isa_instance/u_branch_add_95_52_Y_u_branch_add_94_43_cdnadd_21/CO -       CI->CO F     FA1D2          1  1.8    63   123    3678    (-,-) 
  basic_isa_instance/u_branch_add_95_52_Y_u_branch_add_94_43_cdnadd_22/CO -       CI->CO F     FA1D2          1  1.8    63   123    3801    (-,-) 
  basic_isa_instance/u_branch_add_95_52_Y_u_branch_add_94_43_cdnadd_23/CO -       CI->CO F     FA1D2          1  1.8    63   123    3925    (-,-) 
  basic_isa_instance/u_branch_add_95_52_Y_u_branch_add_94_43_cdnadd_24/CO -       CI->CO F     FA1D2          1  1.8    63   123    4048    (-,-) 
  basic_isa_instance/u_branch_add_95_52_Y_u_branch_add_94_43_cdnadd_25/CO -       CI->CO F     FA1D2          1  1.8    63   123    4171    (-,-) 
  basic_isa_instance/u_branch_add_95_52_Y_u_branch_add_94_43_cdnadd_26/CO -       CI->CO F     FA1D2          1  1.8    63   123    4295    (-,-) 
  basic_isa_instance/u_branch_add_95_52_Y_u_branch_add_94_43_cdnadd_27/CO -       CI->CO F     FA1D2          1  1.8    63   123    4418    (-,-) 
  basic_isa_instance/u_branch_add_95_52_Y_u_branch_add_94_43_cdnadd_28/CO -       CI->CO F     FA1D2          1  1.8    63   123    4542    (-,-) 
  basic_isa_instance/u_branch_add_95_52_Y_u_branch_add_94_43_cdnadd_29/CO -       CI->CO F     FA1D2          1  1.8    63   123    4665    (-,-) 
  basic_isa_instance/u_branch_add_95_52_Y_u_branch_add_94_43_cdnadd_30/CO -       CI->CO F     FA1D2          1  1.1    59   120    4784    (-,-) 
  basic_isa_instance/u_branch_add_95_52_Y_u_branch_add_94_43_cdnadd_47/Z  -       A3->Z  R     XOR3D2         2  2.0    62   208    4993    (-,-) 
  basic_isa_instance/g35740/Z                                             -       A1->Z  R     AN2D2         16 14.4   121   148    5141    (-,-) 
  basic_isa_instance/u_if_u_btb_U_FILE_target_arr_reg[2][1][31]/D         -       -      R     DFCNQD2       16    -     -     0    5141    (-,-) 
#-------------------------------------------------------------------------------------------------------------------------------------------------



Path 20: VIOLATED (-2741 ps) Setup Check with Pin basic_isa_instance/u_if_u_btb_U_FILE_target_arr_reg[2][0][31]/CP->D
          Group: core_clk
     Startpoint: (R) basic_isa_instance/u_mem_wb_rd_wb_reg[4]/CP
          Clock: (R) core_clk
       Endpoint: (R) basic_isa_instance/u_if_u_btb_U_FILE_target_arr_reg[2][0][31]/D
          Clock: (R) core_clk

                     Capture       Launch     
        Clock Edge:+    2500            0     
       Src Latency:+       0            0     
       Net Latency:+       0 (I)        0 (I) 
           Arrival:=    2500            0     
                                              
             Setup:-     100                  
     Required Time:=    2400                  
      Launch Clock:-       0                  
         Data Path:-    5141                  
             Slack:=   -2741                  

#-------------------------------------------------------------------------------------------------------------------------------------------------
#                              Timing Point                               Flags    Arc   Edge   Cell     Fanout Load Trans Delay Arrival Instance 
#                                                                                                               (fF)  (ps)  (ps)   (ps)  Location 
#-------------------------------------------------------------------------------------------------------------------------------------------------
  basic_isa_instance/u_mem_wb_rd_wb_reg[4]/CP                             -       -      R     (arrival)    106    -     0     -       0    (-,-) 
  basic_isa_instance/u_mem_wb_rd_wb_reg[4]/Q                              -       CP->Q  R     DFCND2         3  5.4    64   287     287    (-,-) 
  basic_isa_instance/fopt26924/ZN                                         -       I->ZN  F     INVD2          1  2.1    27    34     321    (-,-) 
  basic_isa_instance/g26622/ZN                                            -       B2->ZN R     OAI22D2        1  2.2    94    84     405    (-,-) 
  basic_isa_instance/g26578/ZN                                            -       A2->ZN F     NR2D2          1  2.6    38    50     455    (-,-) 
  basic_isa_instance/g26574/ZN                                            -       A1->ZN R     ND2D3          1  5.2    43    41     497    (-,-) 
  basic_isa_instance/g26566/ZN                                            -       A1->ZN F     NR2XD4         4 11.2    49    43     540    (-,-) 
  basic_isa_instance/g26565/ZN                                            -       I->ZN  R     CKND2          1  1.7    26    33     573    (-,-) 
  basic_isa_instance/g26560/ZN                                            -       B1->ZN F     INR2D2         1  3.6    36    27     600    (-,-) 
  basic_isa_instance/g26536/ZN                                            -       B->ZN  R     AOI21D4        1  3.3    68    76     676    (-,-) 
  basic_isa_instance/g26392/ZN                                            -       A1->ZN F     OAI21D4        1  3.4    50    49     725    (-,-) 
  basic_isa_instance/g3/ZN                                                -       A1->ZN R     ND2D4          1  3.8    40    38     763    (-,-) 
  basic_isa_instance/g2/ZN                                                -       B1->ZN F     IND2D4        14 17.3    92    72     836    (-,-) 
  basic_isa_instance/g20782/Z                                             -       I1->Z  F     MUX2D2         1  2.7    57   146     982    (-,-) 
  basic_isa_instance/u_branch_add_95_52_Y_u_branch_add_94_43_cdnadd_1/CO  -       B->CO  F     FA1D4          1  1.8    53   231    1213    (-,-) 
  basic_isa_instance/u_branch_add_95_52_Y_u_branch_add_94_43_cdnadd_2/CO  -       CI->CO F     FA1D2          1  1.8    63   120    1333    (-,-) 
  basic_isa_instance/u_branch_add_95_52_Y_u_branch_add_94_43_cdnadd_3/CO  -       CI->CO F     FA1D2          1  1.8    63   123    1457    (-,-) 
  basic_isa_instance/u_branch_add_95_52_Y_u_branch_add_94_43_cdnadd_4/CO  -       CI->CO F     FA1D2          1  1.8    63   123    1580    (-,-) 
  basic_isa_instance/u_branch_add_95_52_Y_u_branch_add_94_43_cdnadd_5/CO  -       CI->CO F     FA1D2          1  1.8    63   123    1703    (-,-) 
  basic_isa_instance/u_branch_add_95_52_Y_u_branch_add_94_43_cdnadd_6/CO  -       CI->CO F     FA1D2          1  1.8    63   123    1827    (-,-) 
  basic_isa_instance/u_branch_add_95_52_Y_u_branch_add_94_43_cdnadd_7/CO  -       CI->CO F     FA1D2          1  1.8    63   123    1950    (-,-) 
  basic_isa_instance/u_branch_add_95_52_Y_u_branch_add_94_43_cdnadd_8/CO  -       CI->CO F     FA1D2          1  1.8    63   123    2074    (-,-) 
  basic_isa_instance/u_branch_add_95_52_Y_u_branch_add_94_43_cdnadd_9/CO  -       CI->CO F     FA1D2          1  1.8    63   123    2197    (-,-) 
  basic_isa_instance/u_branch_add_95_52_Y_u_branch_add_94_43_cdnadd_10/CO -       CI->CO F     FA1D2          1  1.8    63   123    2320    (-,-) 
  basic_isa_instance/u_branch_add_95_52_Y_u_branch_add_94_43_cdnadd_11/CO -       CI->CO F     FA1D2          1  1.8    63   123    2444    (-,-) 
  basic_isa_instance/u_branch_add_95_52_Y_u_branch_add_94_43_cdnadd_12/CO -       CI->CO F     FA1D2          1  1.8    63   123    2567    (-,-) 
  basic_isa_instance/u_branch_add_95_52_Y_u_branch_add_94_43_cdnadd_13/CO -       CI->CO F     FA1D2          1  1.8    63   123    2691    (-,-) 
  basic_isa_instance/u_branch_add_95_52_Y_u_branch_add_94_43_cdnadd_14/CO -       CI->CO F     FA1D2          1  1.8    63   123    2814    (-,-) 
  basic_isa_instance/u_branch_add_95_52_Y_u_branch_add_94_43_cdnadd_15/CO -       CI->CO F     FA1D2          1  1.8    63   123    2937    (-,-) 
  basic_isa_instance/u_branch_add_95_52_Y_u_branch_add_94_43_cdnadd_16/CO -       CI->CO F     FA1D2          1  1.8    63   123    3061    (-,-) 
  basic_isa_instance/u_branch_add_95_52_Y_u_branch_add_94_43_cdnadd_17/CO -       CI->CO F     FA1D2          1  1.8    63   123    3184    (-,-) 
  basic_isa_instance/u_branch_add_95_52_Y_u_branch_add_94_43_cdnadd_18/CO -       CI->CO F     FA1D2          1  1.8    63   123    3308    (-,-) 
  basic_isa_instance/u_branch_add_95_52_Y_u_branch_add_94_43_cdnadd_19/CO -       CI->CO F     FA1D2          1  1.8    63   123    3431    (-,-) 
  basic_isa_instance/u_branch_add_95_52_Y_u_branch_add_94_43_cdnadd_20/CO -       CI->CO F     FA1D2          1  1.8    63   123    3554    (-,-) 
  basic_isa_instance/u_branch_add_95_52_Y_u_branch_add_94_43_cdnadd_21/CO -       CI->CO F     FA1D2          1  1.8    63   123    3678    (-,-) 
  basic_isa_instance/u_branch_add_95_52_Y_u_branch_add_94_43_cdnadd_22/CO -       CI->CO F     FA1D2          1  1.8    63   123    3801    (-,-) 
  basic_isa_instance/u_branch_add_95_52_Y_u_branch_add_94_43_cdnadd_23/CO -       CI->CO F     FA1D2          1  1.8    63   123    3925    (-,-) 
  basic_isa_instance/u_branch_add_95_52_Y_u_branch_add_94_43_cdnadd_24/CO -       CI->CO F     FA1D2          1  1.8    63   123    4048    (-,-) 
  basic_isa_instance/u_branch_add_95_52_Y_u_branch_add_94_43_cdnadd_25/CO -       CI->CO F     FA1D2          1  1.8    63   123    4171    (-,-) 
  basic_isa_instance/u_branch_add_95_52_Y_u_branch_add_94_43_cdnadd_26/CO -       CI->CO F     FA1D2          1  1.8    63   123    4295    (-,-) 
  basic_isa_instance/u_branch_add_95_52_Y_u_branch_add_94_43_cdnadd_27/CO -       CI->CO F     FA1D2          1  1.8    63   123    4418    (-,-) 
  basic_isa_instance/u_branch_add_95_52_Y_u_branch_add_94_43_cdnadd_28/CO -       CI->CO F     FA1D2          1  1.8    63   123    4542    (-,-) 
  basic_isa_instance/u_branch_add_95_52_Y_u_branch_add_94_43_cdnadd_29/CO -       CI->CO F     FA1D2          1  1.8    63   123    4665    (-,-) 
  basic_isa_instance/u_branch_add_95_52_Y_u_branch_add_94_43_cdnadd_30/CO -       CI->CO F     FA1D2          1  1.1    59   120    4784    (-,-) 
  basic_isa_instance/u_branch_add_95_52_Y_u_branch_add_94_43_cdnadd_47/Z  -       A3->Z  R     XOR3D2         2  2.0    62   208    4993    (-,-) 
  basic_isa_instance/g35740/Z                                             -       A1->Z  R     AN2D2         16 14.4   121   148    5141    (-,-) 
  basic_isa_instance/u_if_u_btb_U_FILE_target_arr_reg[2][0][31]/D         -       -      R     DFCNQD2       16    -     -     0    5141    (-,-) 
#-------------------------------------------------------------------------------------------------------------------------------------------------



Path 21: VIOLATED (-2741 ps) Setup Check with Pin basic_isa_instance/u_if_u_btb_U_FILE_target_arr_reg[1][1][31]/CP->D
          Group: core_clk
     Startpoint: (R) basic_isa_instance/u_mem_wb_rd_wb_reg[4]/CP
          Clock: (R) core_clk
       Endpoint: (R) basic_isa_instance/u_if_u_btb_U_FILE_target_arr_reg[1][1][31]/D
          Clock: (R) core_clk

                     Capture       Launch     
        Clock Edge:+    2500            0     
       Src Latency:+       0            0     
       Net Latency:+       0 (I)        0 (I) 
           Arrival:=    2500            0     
                                              
             Setup:-     100                  
     Required Time:=    2400                  
      Launch Clock:-       0                  
         Data Path:-    5141                  
             Slack:=   -2741                  

#-------------------------------------------------------------------------------------------------------------------------------------------------
#                              Timing Point                               Flags    Arc   Edge   Cell     Fanout Load Trans Delay Arrival Instance 
#                                                                                                               (fF)  (ps)  (ps)   (ps)  Location 
#-------------------------------------------------------------------------------------------------------------------------------------------------
  basic_isa_instance/u_mem_wb_rd_wb_reg[4]/CP                             -       -      R     (arrival)    106    -     0     -       0    (-,-) 
  basic_isa_instance/u_mem_wb_rd_wb_reg[4]/Q                              -       CP->Q  R     DFCND2         3  5.4    64   287     287    (-,-) 
  basic_isa_instance/fopt26924/ZN                                         -       I->ZN  F     INVD2          1  2.1    27    34     321    (-,-) 
  basic_isa_instance/g26622/ZN                                            -       B2->ZN R     OAI22D2        1  2.2    94    84     405    (-,-) 
  basic_isa_instance/g26578/ZN                                            -       A2->ZN F     NR2D2          1  2.6    38    50     455    (-,-) 
  basic_isa_instance/g26574/ZN                                            -       A1->ZN R     ND2D3          1  5.2    43    41     497    (-,-) 
  basic_isa_instance/g26566/ZN                                            -       A1->ZN F     NR2XD4         4 11.2    49    43     540    (-,-) 
  basic_isa_instance/g26565/ZN                                            -       I->ZN  R     CKND2          1  1.7    26    33     573    (-,-) 
  basic_isa_instance/g26560/ZN                                            -       B1->ZN F     INR2D2         1  3.6    36    27     600    (-,-) 
  basic_isa_instance/g26536/ZN                                            -       B->ZN  R     AOI21D4        1  3.3    68    76     676    (-,-) 
  basic_isa_instance/g26392/ZN                                            -       A1->ZN F     OAI21D4        1  3.4    50    49     725    (-,-) 
  basic_isa_instance/g3/ZN                                                -       A1->ZN R     ND2D4          1  3.8    40    38     763    (-,-) 
  basic_isa_instance/g2/ZN                                                -       B1->ZN F     IND2D4        14 17.3    92    72     836    (-,-) 
  basic_isa_instance/g20782/Z                                             -       I1->Z  F     MUX2D2         1  2.7    57   146     982    (-,-) 
  basic_isa_instance/u_branch_add_95_52_Y_u_branch_add_94_43_cdnadd_1/CO  -       B->CO  F     FA1D4          1  1.8    53   231    1213    (-,-) 
  basic_isa_instance/u_branch_add_95_52_Y_u_branch_add_94_43_cdnadd_2/CO  -       CI->CO F     FA1D2          1  1.8    63   120    1333    (-,-) 
  basic_isa_instance/u_branch_add_95_52_Y_u_branch_add_94_43_cdnadd_3/CO  -       CI->CO F     FA1D2          1  1.8    63   123    1457    (-,-) 
  basic_isa_instance/u_branch_add_95_52_Y_u_branch_add_94_43_cdnadd_4/CO  -       CI->CO F     FA1D2          1  1.8    63   123    1580    (-,-) 
  basic_isa_instance/u_branch_add_95_52_Y_u_branch_add_94_43_cdnadd_5/CO  -       CI->CO F     FA1D2          1  1.8    63   123    1703    (-,-) 
  basic_isa_instance/u_branch_add_95_52_Y_u_branch_add_94_43_cdnadd_6/CO  -       CI->CO F     FA1D2          1  1.8    63   123    1827    (-,-) 
  basic_isa_instance/u_branch_add_95_52_Y_u_branch_add_94_43_cdnadd_7/CO  -       CI->CO F     FA1D2          1  1.8    63   123    1950    (-,-) 
  basic_isa_instance/u_branch_add_95_52_Y_u_branch_add_94_43_cdnadd_8/CO  -       CI->CO F     FA1D2          1  1.8    63   123    2074    (-,-) 
  basic_isa_instance/u_branch_add_95_52_Y_u_branch_add_94_43_cdnadd_9/CO  -       CI->CO F     FA1D2          1  1.8    63   123    2197    (-,-) 
  basic_isa_instance/u_branch_add_95_52_Y_u_branch_add_94_43_cdnadd_10/CO -       CI->CO F     FA1D2          1  1.8    63   123    2320    (-,-) 
  basic_isa_instance/u_branch_add_95_52_Y_u_branch_add_94_43_cdnadd_11/CO -       CI->CO F     FA1D2          1  1.8    63   123    2444    (-,-) 
  basic_isa_instance/u_branch_add_95_52_Y_u_branch_add_94_43_cdnadd_12/CO -       CI->CO F     FA1D2          1  1.8    63   123    2567    (-,-) 
  basic_isa_instance/u_branch_add_95_52_Y_u_branch_add_94_43_cdnadd_13/CO -       CI->CO F     FA1D2          1  1.8    63   123    2691    (-,-) 
  basic_isa_instance/u_branch_add_95_52_Y_u_branch_add_94_43_cdnadd_14/CO -       CI->CO F     FA1D2          1  1.8    63   123    2814    (-,-) 
  basic_isa_instance/u_branch_add_95_52_Y_u_branch_add_94_43_cdnadd_15/CO -       CI->CO F     FA1D2          1  1.8    63   123    2937    (-,-) 
  basic_isa_instance/u_branch_add_95_52_Y_u_branch_add_94_43_cdnadd_16/CO -       CI->CO F     FA1D2          1  1.8    63   123    3061    (-,-) 
  basic_isa_instance/u_branch_add_95_52_Y_u_branch_add_94_43_cdnadd_17/CO -       CI->CO F     FA1D2          1  1.8    63   123    3184    (-,-) 
  basic_isa_instance/u_branch_add_95_52_Y_u_branch_add_94_43_cdnadd_18/CO -       CI->CO F     FA1D2          1  1.8    63   123    3308    (-,-) 
  basic_isa_instance/u_branch_add_95_52_Y_u_branch_add_94_43_cdnadd_19/CO -       CI->CO F     FA1D2          1  1.8    63   123    3431    (-,-) 
  basic_isa_instance/u_branch_add_95_52_Y_u_branch_add_94_43_cdnadd_20/CO -       CI->CO F     FA1D2          1  1.8    63   123    3554    (-,-) 
  basic_isa_instance/u_branch_add_95_52_Y_u_branch_add_94_43_cdnadd_21/CO -       CI->CO F     FA1D2          1  1.8    63   123    3678    (-,-) 
  basic_isa_instance/u_branch_add_95_52_Y_u_branch_add_94_43_cdnadd_22/CO -       CI->CO F     FA1D2          1  1.8    63   123    3801    (-,-) 
  basic_isa_instance/u_branch_add_95_52_Y_u_branch_add_94_43_cdnadd_23/CO -       CI->CO F     FA1D2          1  1.8    63   123    3925    (-,-) 
  basic_isa_instance/u_branch_add_95_52_Y_u_branch_add_94_43_cdnadd_24/CO -       CI->CO F     FA1D2          1  1.8    63   123    4048    (-,-) 
  basic_isa_instance/u_branch_add_95_52_Y_u_branch_add_94_43_cdnadd_25/CO -       CI->CO F     FA1D2          1  1.8    63   123    4171    (-,-) 
  basic_isa_instance/u_branch_add_95_52_Y_u_branch_add_94_43_cdnadd_26/CO -       CI->CO F     FA1D2          1  1.8    63   123    4295    (-,-) 
  basic_isa_instance/u_branch_add_95_52_Y_u_branch_add_94_43_cdnadd_27/CO -       CI->CO F     FA1D2          1  1.8    63   123    4418    (-,-) 
  basic_isa_instance/u_branch_add_95_52_Y_u_branch_add_94_43_cdnadd_28/CO -       CI->CO F     FA1D2          1  1.8    63   123    4542    (-,-) 
  basic_isa_instance/u_branch_add_95_52_Y_u_branch_add_94_43_cdnadd_29/CO -       CI->CO F     FA1D2          1  1.8    63   123    4665    (-,-) 
  basic_isa_instance/u_branch_add_95_52_Y_u_branch_add_94_43_cdnadd_30/CO -       CI->CO F     FA1D2          1  1.1    59   120    4784    (-,-) 
  basic_isa_instance/u_branch_add_95_52_Y_u_branch_add_94_43_cdnadd_47/Z  -       A3->Z  R     XOR3D2         2  2.0    62   208    4993    (-,-) 
  basic_isa_instance/g35740/Z                                             -       A1->Z  R     AN2D2         16 14.4   121   148    5141    (-,-) 
  basic_isa_instance/u_if_u_btb_U_FILE_target_arr_reg[1][1][31]/D         -       -      R     DFCNQD2       16    -     -     0    5141    (-,-) 
#-------------------------------------------------------------------------------------------------------------------------------------------------



Path 22: VIOLATED (-2741 ps) Setup Check with Pin basic_isa_instance/u_if_u_btb_U_FILE_target_arr_reg[1][0][31]/CP->D
          Group: core_clk
     Startpoint: (R) basic_isa_instance/u_mem_wb_rd_wb_reg[4]/CP
          Clock: (R) core_clk
       Endpoint: (R) basic_isa_instance/u_if_u_btb_U_FILE_target_arr_reg[1][0][31]/D
          Clock: (R) core_clk

                     Capture       Launch     
        Clock Edge:+    2500            0     
       Src Latency:+       0            0     
       Net Latency:+       0 (I)        0 (I) 
           Arrival:=    2500            0     
                                              
             Setup:-     100                  
     Required Time:=    2400                  
      Launch Clock:-       0                  
         Data Path:-    5141                  
             Slack:=   -2741                  

#-------------------------------------------------------------------------------------------------------------------------------------------------
#                              Timing Point                               Flags    Arc   Edge   Cell     Fanout Load Trans Delay Arrival Instance 
#                                                                                                               (fF)  (ps)  (ps)   (ps)  Location 
#-------------------------------------------------------------------------------------------------------------------------------------------------
  basic_isa_instance/u_mem_wb_rd_wb_reg[4]/CP                             -       -      R     (arrival)    106    -     0     -       0    (-,-) 
  basic_isa_instance/u_mem_wb_rd_wb_reg[4]/Q                              -       CP->Q  R     DFCND2         3  5.4    64   287     287    (-,-) 
  basic_isa_instance/fopt26924/ZN                                         -       I->ZN  F     INVD2          1  2.1    27    34     321    (-,-) 
  basic_isa_instance/g26622/ZN                                            -       B2->ZN R     OAI22D2        1  2.2    94    84     405    (-,-) 
  basic_isa_instance/g26578/ZN                                            -       A2->ZN F     NR2D2          1  2.6    38    50     455    (-,-) 
  basic_isa_instance/g26574/ZN                                            -       A1->ZN R     ND2D3          1  5.2    43    41     497    (-,-) 
  basic_isa_instance/g26566/ZN                                            -       A1->ZN F     NR2XD4         4 11.2    49    43     540    (-,-) 
  basic_isa_instance/g26565/ZN                                            -       I->ZN  R     CKND2          1  1.7    26    33     573    (-,-) 
  basic_isa_instance/g26560/ZN                                            -       B1->ZN F     INR2D2         1  3.6    36    27     600    (-,-) 
  basic_isa_instance/g26536/ZN                                            -       B->ZN  R     AOI21D4        1  3.3    68    76     676    (-,-) 
  basic_isa_instance/g26392/ZN                                            -       A1->ZN F     OAI21D4        1  3.4    50    49     725    (-,-) 
  basic_isa_instance/g3/ZN                                                -       A1->ZN R     ND2D4          1  3.8    40    38     763    (-,-) 
  basic_isa_instance/g2/ZN                                                -       B1->ZN F     IND2D4        14 17.3    92    72     836    (-,-) 
  basic_isa_instance/g20782/Z                                             -       I1->Z  F     MUX2D2         1  2.7    57   146     982    (-,-) 
  basic_isa_instance/u_branch_add_95_52_Y_u_branch_add_94_43_cdnadd_1/CO  -       B->CO  F     FA1D4          1  1.8    53   231    1213    (-,-) 
  basic_isa_instance/u_branch_add_95_52_Y_u_branch_add_94_43_cdnadd_2/CO  -       CI->CO F     FA1D2          1  1.8    63   120    1333    (-,-) 
  basic_isa_instance/u_branch_add_95_52_Y_u_branch_add_94_43_cdnadd_3/CO  -       CI->CO F     FA1D2          1  1.8    63   123    1457    (-,-) 
  basic_isa_instance/u_branch_add_95_52_Y_u_branch_add_94_43_cdnadd_4/CO  -       CI->CO F     FA1D2          1  1.8    63   123    1580    (-,-) 
  basic_isa_instance/u_branch_add_95_52_Y_u_branch_add_94_43_cdnadd_5/CO  -       CI->CO F     FA1D2          1  1.8    63   123    1703    (-,-) 
  basic_isa_instance/u_branch_add_95_52_Y_u_branch_add_94_43_cdnadd_6/CO  -       CI->CO F     FA1D2          1  1.8    63   123    1827    (-,-) 
  basic_isa_instance/u_branch_add_95_52_Y_u_branch_add_94_43_cdnadd_7/CO  -       CI->CO F     FA1D2          1  1.8    63   123    1950    (-,-) 
  basic_isa_instance/u_branch_add_95_52_Y_u_branch_add_94_43_cdnadd_8/CO  -       CI->CO F     FA1D2          1  1.8    63   123    2074    (-,-) 
  basic_isa_instance/u_branch_add_95_52_Y_u_branch_add_94_43_cdnadd_9/CO  -       CI->CO F     FA1D2          1  1.8    63   123    2197    (-,-) 
  basic_isa_instance/u_branch_add_95_52_Y_u_branch_add_94_43_cdnadd_10/CO -       CI->CO F     FA1D2          1  1.8    63   123    2320    (-,-) 
  basic_isa_instance/u_branch_add_95_52_Y_u_branch_add_94_43_cdnadd_11/CO -       CI->CO F     FA1D2          1  1.8    63   123    2444    (-,-) 
  basic_isa_instance/u_branch_add_95_52_Y_u_branch_add_94_43_cdnadd_12/CO -       CI->CO F     FA1D2          1  1.8    63   123    2567    (-,-) 
  basic_isa_instance/u_branch_add_95_52_Y_u_branch_add_94_43_cdnadd_13/CO -       CI->CO F     FA1D2          1  1.8    63   123    2691    (-,-) 
  basic_isa_instance/u_branch_add_95_52_Y_u_branch_add_94_43_cdnadd_14/CO -       CI->CO F     FA1D2          1  1.8    63   123    2814    (-,-) 
  basic_isa_instance/u_branch_add_95_52_Y_u_branch_add_94_43_cdnadd_15/CO -       CI->CO F     FA1D2          1  1.8    63   123    2937    (-,-) 
  basic_isa_instance/u_branch_add_95_52_Y_u_branch_add_94_43_cdnadd_16/CO -       CI->CO F     FA1D2          1  1.8    63   123    3061    (-,-) 
  basic_isa_instance/u_branch_add_95_52_Y_u_branch_add_94_43_cdnadd_17/CO -       CI->CO F     FA1D2          1  1.8    63   123    3184    (-,-) 
  basic_isa_instance/u_branch_add_95_52_Y_u_branch_add_94_43_cdnadd_18/CO -       CI->CO F     FA1D2          1  1.8    63   123    3308    (-,-) 
  basic_isa_instance/u_branch_add_95_52_Y_u_branch_add_94_43_cdnadd_19/CO -       CI->CO F     FA1D2          1  1.8    63   123    3431    (-,-) 
  basic_isa_instance/u_branch_add_95_52_Y_u_branch_add_94_43_cdnadd_20/CO -       CI->CO F     FA1D2          1  1.8    63   123    3554    (-,-) 
  basic_isa_instance/u_branch_add_95_52_Y_u_branch_add_94_43_cdnadd_21/CO -       CI->CO F     FA1D2          1  1.8    63   123    3678    (-,-) 
  basic_isa_instance/u_branch_add_95_52_Y_u_branch_add_94_43_cdnadd_22/CO -       CI->CO F     FA1D2          1  1.8    63   123    3801    (-,-) 
  basic_isa_instance/u_branch_add_95_52_Y_u_branch_add_94_43_cdnadd_23/CO -       CI->CO F     FA1D2          1  1.8    63   123    3925    (-,-) 
  basic_isa_instance/u_branch_add_95_52_Y_u_branch_add_94_43_cdnadd_24/CO -       CI->CO F     FA1D2          1  1.8    63   123    4048    (-,-) 
  basic_isa_instance/u_branch_add_95_52_Y_u_branch_add_94_43_cdnadd_25/CO -       CI->CO F     FA1D2          1  1.8    63   123    4171    (-,-) 
  basic_isa_instance/u_branch_add_95_52_Y_u_branch_add_94_43_cdnadd_26/CO -       CI->CO F     FA1D2          1  1.8    63   123    4295    (-,-) 
  basic_isa_instance/u_branch_add_95_52_Y_u_branch_add_94_43_cdnadd_27/CO -       CI->CO F     FA1D2          1  1.8    63   123    4418    (-,-) 
  basic_isa_instance/u_branch_add_95_52_Y_u_branch_add_94_43_cdnadd_28/CO -       CI->CO F     FA1D2          1  1.8    63   123    4542    (-,-) 
  basic_isa_instance/u_branch_add_95_52_Y_u_branch_add_94_43_cdnadd_29/CO -       CI->CO F     FA1D2          1  1.8    63   123    4665    (-,-) 
  basic_isa_instance/u_branch_add_95_52_Y_u_branch_add_94_43_cdnadd_30/CO -       CI->CO F     FA1D2          1  1.1    59   120    4784    (-,-) 
  basic_isa_instance/u_branch_add_95_52_Y_u_branch_add_94_43_cdnadd_47/Z  -       A3->Z  R     XOR3D2         2  2.0    62   208    4993    (-,-) 
  basic_isa_instance/g35740/Z                                             -       A1->Z  R     AN2D2         16 14.4   121   148    5141    (-,-) 
  basic_isa_instance/u_if_u_btb_U_FILE_target_arr_reg[1][0][31]/D         -       -      R     DFCNQD2       16    -     -     0    5141    (-,-) 
#-------------------------------------------------------------------------------------------------------------------------------------------------



Path 23: VIOLATED (-2741 ps) Setup Check with Pin basic_isa_instance/u_if_u_btb_U_FILE_target_arr_reg[0][1][31]/CP->D
          Group: core_clk
     Startpoint: (R) basic_isa_instance/u_mem_wb_rd_wb_reg[4]/CP
          Clock: (R) core_clk
       Endpoint: (R) basic_isa_instance/u_if_u_btb_U_FILE_target_arr_reg[0][1][31]/D
          Clock: (R) core_clk

                     Capture       Launch     
        Clock Edge:+    2500            0     
       Src Latency:+       0            0     
       Net Latency:+       0 (I)        0 (I) 
           Arrival:=    2500            0     
                                              
             Setup:-     100                  
     Required Time:=    2400                  
      Launch Clock:-       0                  
         Data Path:-    5141                  
             Slack:=   -2741                  

#-------------------------------------------------------------------------------------------------------------------------------------------------
#                              Timing Point                               Flags    Arc   Edge   Cell     Fanout Load Trans Delay Arrival Instance 
#                                                                                                               (fF)  (ps)  (ps)   (ps)  Location 
#-------------------------------------------------------------------------------------------------------------------------------------------------
  basic_isa_instance/u_mem_wb_rd_wb_reg[4]/CP                             -       -      R     (arrival)    106    -     0     -       0    (-,-) 
  basic_isa_instance/u_mem_wb_rd_wb_reg[4]/Q                              -       CP->Q  R     DFCND2         3  5.4    64   287     287    (-,-) 
  basic_isa_instance/fopt26924/ZN                                         -       I->ZN  F     INVD2          1  2.1    27    34     321    (-,-) 
  basic_isa_instance/g26622/ZN                                            -       B2->ZN R     OAI22D2        1  2.2    94    84     405    (-,-) 
  basic_isa_instance/g26578/ZN                                            -       A2->ZN F     NR2D2          1  2.6    38    50     455    (-,-) 
  basic_isa_instance/g26574/ZN                                            -       A1->ZN R     ND2D3          1  5.2    43    41     497    (-,-) 
  basic_isa_instance/g26566/ZN                                            -       A1->ZN F     NR2XD4         4 11.2    49    43     540    (-,-) 
  basic_isa_instance/g26565/ZN                                            -       I->ZN  R     CKND2          1  1.7    26    33     573    (-,-) 
  basic_isa_instance/g26560/ZN                                            -       B1->ZN F     INR2D2         1  3.6    36    27     600    (-,-) 
  basic_isa_instance/g26536/ZN                                            -       B->ZN  R     AOI21D4        1  3.3    68    76     676    (-,-) 
  basic_isa_instance/g26392/ZN                                            -       A1->ZN F     OAI21D4        1  3.4    50    49     725    (-,-) 
  basic_isa_instance/g3/ZN                                                -       A1->ZN R     ND2D4          1  3.8    40    38     763    (-,-) 
  basic_isa_instance/g2/ZN                                                -       B1->ZN F     IND2D4        14 17.3    92    72     836    (-,-) 
  basic_isa_instance/g20782/Z                                             -       I1->Z  F     MUX2D2         1  2.7    57   146     982    (-,-) 
  basic_isa_instance/u_branch_add_95_52_Y_u_branch_add_94_43_cdnadd_1/CO  -       B->CO  F     FA1D4          1  1.8    53   231    1213    (-,-) 
  basic_isa_instance/u_branch_add_95_52_Y_u_branch_add_94_43_cdnadd_2/CO  -       CI->CO F     FA1D2          1  1.8    63   120    1333    (-,-) 
  basic_isa_instance/u_branch_add_95_52_Y_u_branch_add_94_43_cdnadd_3/CO  -       CI->CO F     FA1D2          1  1.8    63   123    1457    (-,-) 
  basic_isa_instance/u_branch_add_95_52_Y_u_branch_add_94_43_cdnadd_4/CO  -       CI->CO F     FA1D2          1  1.8    63   123    1580    (-,-) 
  basic_isa_instance/u_branch_add_95_52_Y_u_branch_add_94_43_cdnadd_5/CO  -       CI->CO F     FA1D2          1  1.8    63   123    1703    (-,-) 
  basic_isa_instance/u_branch_add_95_52_Y_u_branch_add_94_43_cdnadd_6/CO  -       CI->CO F     FA1D2          1  1.8    63   123    1827    (-,-) 
  basic_isa_instance/u_branch_add_95_52_Y_u_branch_add_94_43_cdnadd_7/CO  -       CI->CO F     FA1D2          1  1.8    63   123    1950    (-,-) 
  basic_isa_instance/u_branch_add_95_52_Y_u_branch_add_94_43_cdnadd_8/CO  -       CI->CO F     FA1D2          1  1.8    63   123    2074    (-,-) 
  basic_isa_instance/u_branch_add_95_52_Y_u_branch_add_94_43_cdnadd_9/CO  -       CI->CO F     FA1D2          1  1.8    63   123    2197    (-,-) 
  basic_isa_instance/u_branch_add_95_52_Y_u_branch_add_94_43_cdnadd_10/CO -       CI->CO F     FA1D2          1  1.8    63   123    2320    (-,-) 
  basic_isa_instance/u_branch_add_95_52_Y_u_branch_add_94_43_cdnadd_11/CO -       CI->CO F     FA1D2          1  1.8    63   123    2444    (-,-) 
  basic_isa_instance/u_branch_add_95_52_Y_u_branch_add_94_43_cdnadd_12/CO -       CI->CO F     FA1D2          1  1.8    63   123    2567    (-,-) 
  basic_isa_instance/u_branch_add_95_52_Y_u_branch_add_94_43_cdnadd_13/CO -       CI->CO F     FA1D2          1  1.8    63   123    2691    (-,-) 
  basic_isa_instance/u_branch_add_95_52_Y_u_branch_add_94_43_cdnadd_14/CO -       CI->CO F     FA1D2          1  1.8    63   123    2814    (-,-) 
  basic_isa_instance/u_branch_add_95_52_Y_u_branch_add_94_43_cdnadd_15/CO -       CI->CO F     FA1D2          1  1.8    63   123    2937    (-,-) 
  basic_isa_instance/u_branch_add_95_52_Y_u_branch_add_94_43_cdnadd_16/CO -       CI->CO F     FA1D2          1  1.8    63   123    3061    (-,-) 
  basic_isa_instance/u_branch_add_95_52_Y_u_branch_add_94_43_cdnadd_17/CO -       CI->CO F     FA1D2          1  1.8    63   123    3184    (-,-) 
  basic_isa_instance/u_branch_add_95_52_Y_u_branch_add_94_43_cdnadd_18/CO -       CI->CO F     FA1D2          1  1.8    63   123    3308    (-,-) 
  basic_isa_instance/u_branch_add_95_52_Y_u_branch_add_94_43_cdnadd_19/CO -       CI->CO F     FA1D2          1  1.8    63   123    3431    (-,-) 
  basic_isa_instance/u_branch_add_95_52_Y_u_branch_add_94_43_cdnadd_20/CO -       CI->CO F     FA1D2          1  1.8    63   123    3554    (-,-) 
  basic_isa_instance/u_branch_add_95_52_Y_u_branch_add_94_43_cdnadd_21/CO -       CI->CO F     FA1D2          1  1.8    63   123    3678    (-,-) 
  basic_isa_instance/u_branch_add_95_52_Y_u_branch_add_94_43_cdnadd_22/CO -       CI->CO F     FA1D2          1  1.8    63   123    3801    (-,-) 
  basic_isa_instance/u_branch_add_95_52_Y_u_branch_add_94_43_cdnadd_23/CO -       CI->CO F     FA1D2          1  1.8    63   123    3925    (-,-) 
  basic_isa_instance/u_branch_add_95_52_Y_u_branch_add_94_43_cdnadd_24/CO -       CI->CO F     FA1D2          1  1.8    63   123    4048    (-,-) 
  basic_isa_instance/u_branch_add_95_52_Y_u_branch_add_94_43_cdnadd_25/CO -       CI->CO F     FA1D2          1  1.8    63   123    4171    (-,-) 
  basic_isa_instance/u_branch_add_95_52_Y_u_branch_add_94_43_cdnadd_26/CO -       CI->CO F     FA1D2          1  1.8    63   123    4295    (-,-) 
  basic_isa_instance/u_branch_add_95_52_Y_u_branch_add_94_43_cdnadd_27/CO -       CI->CO F     FA1D2          1  1.8    63   123    4418    (-,-) 
  basic_isa_instance/u_branch_add_95_52_Y_u_branch_add_94_43_cdnadd_28/CO -       CI->CO F     FA1D2          1  1.8    63   123    4542    (-,-) 
  basic_isa_instance/u_branch_add_95_52_Y_u_branch_add_94_43_cdnadd_29/CO -       CI->CO F     FA1D2          1  1.8    63   123    4665    (-,-) 
  basic_isa_instance/u_branch_add_95_52_Y_u_branch_add_94_43_cdnadd_30/CO -       CI->CO F     FA1D2          1  1.1    59   120    4784    (-,-) 
  basic_isa_instance/u_branch_add_95_52_Y_u_branch_add_94_43_cdnadd_47/Z  -       A3->Z  R     XOR3D2         2  2.0    62   208    4993    (-,-) 
  basic_isa_instance/g35740/Z                                             -       A1->Z  R     AN2D2         16 14.4   121   148    5141    (-,-) 
  basic_isa_instance/u_if_u_btb_U_FILE_target_arr_reg[0][1][31]/D         -       -      R     DFCNQD2       16    -     -     0    5141    (-,-) 
#-------------------------------------------------------------------------------------------------------------------------------------------------



Path 24: VIOLATED (-2741 ps) Setup Check with Pin basic_isa_instance/u_if_u_btb_U_FILE_target_arr_reg[0][0][31]/CP->D
          Group: core_clk
     Startpoint: (R) basic_isa_instance/u_mem_wb_rd_wb_reg[4]/CP
          Clock: (R) core_clk
       Endpoint: (R) basic_isa_instance/u_if_u_btb_U_FILE_target_arr_reg[0][0][31]/D
          Clock: (R) core_clk

                     Capture       Launch     
        Clock Edge:+    2500            0     
       Src Latency:+       0            0     
       Net Latency:+       0 (I)        0 (I) 
           Arrival:=    2500            0     
                                              
             Setup:-     100                  
     Required Time:=    2400                  
      Launch Clock:-       0                  
         Data Path:-    5141                  
             Slack:=   -2741                  

#-------------------------------------------------------------------------------------------------------------------------------------------------
#                              Timing Point                               Flags    Arc   Edge   Cell     Fanout Load Trans Delay Arrival Instance 
#                                                                                                               (fF)  (ps)  (ps)   (ps)  Location 
#-------------------------------------------------------------------------------------------------------------------------------------------------
  basic_isa_instance/u_mem_wb_rd_wb_reg[4]/CP                             -       -      R     (arrival)    106    -     0     -       0    (-,-) 
  basic_isa_instance/u_mem_wb_rd_wb_reg[4]/Q                              -       CP->Q  R     DFCND2         3  5.4    64   287     287    (-,-) 
  basic_isa_instance/fopt26924/ZN                                         -       I->ZN  F     INVD2          1  2.1    27    34     321    (-,-) 
  basic_isa_instance/g26622/ZN                                            -       B2->ZN R     OAI22D2        1  2.2    94    84     405    (-,-) 
  basic_isa_instance/g26578/ZN                                            -       A2->ZN F     NR2D2          1  2.6    38    50     455    (-,-) 
  basic_isa_instance/g26574/ZN                                            -       A1->ZN R     ND2D3          1  5.2    43    41     497    (-,-) 
  basic_isa_instance/g26566/ZN                                            -       A1->ZN F     NR2XD4         4 11.2    49    43     540    (-,-) 
  basic_isa_instance/g26565/ZN                                            -       I->ZN  R     CKND2          1  1.7    26    33     573    (-,-) 
  basic_isa_instance/g26560/ZN                                            -       B1->ZN F     INR2D2         1  3.6    36    27     600    (-,-) 
  basic_isa_instance/g26536/ZN                                            -       B->ZN  R     AOI21D4        1  3.3    68    76     676    (-,-) 
  basic_isa_instance/g26392/ZN                                            -       A1->ZN F     OAI21D4        1  3.4    50    49     725    (-,-) 
  basic_isa_instance/g3/ZN                                                -       A1->ZN R     ND2D4          1  3.8    40    38     763    (-,-) 
  basic_isa_instance/g2/ZN                                                -       B1->ZN F     IND2D4        14 17.3    92    72     836    (-,-) 
  basic_isa_instance/g20782/Z                                             -       I1->Z  F     MUX2D2         1  2.7    57   146     982    (-,-) 
  basic_isa_instance/u_branch_add_95_52_Y_u_branch_add_94_43_cdnadd_1/CO  -       B->CO  F     FA1D4          1  1.8    53   231    1213    (-,-) 
  basic_isa_instance/u_branch_add_95_52_Y_u_branch_add_94_43_cdnadd_2/CO  -       CI->CO F     FA1D2          1  1.8    63   120    1333    (-,-) 
  basic_isa_instance/u_branch_add_95_52_Y_u_branch_add_94_43_cdnadd_3/CO  -       CI->CO F     FA1D2          1  1.8    63   123    1457    (-,-) 
  basic_isa_instance/u_branch_add_95_52_Y_u_branch_add_94_43_cdnadd_4/CO  -       CI->CO F     FA1D2          1  1.8    63   123    1580    (-,-) 
  basic_isa_instance/u_branch_add_95_52_Y_u_branch_add_94_43_cdnadd_5/CO  -       CI->CO F     FA1D2          1  1.8    63   123    1703    (-,-) 
  basic_isa_instance/u_branch_add_95_52_Y_u_branch_add_94_43_cdnadd_6/CO  -       CI->CO F     FA1D2          1  1.8    63   123    1827    (-,-) 
  basic_isa_instance/u_branch_add_95_52_Y_u_branch_add_94_43_cdnadd_7/CO  -       CI->CO F     FA1D2          1  1.8    63   123    1950    (-,-) 
  basic_isa_instance/u_branch_add_95_52_Y_u_branch_add_94_43_cdnadd_8/CO  -       CI->CO F     FA1D2          1  1.8    63   123    2074    (-,-) 
  basic_isa_instance/u_branch_add_95_52_Y_u_branch_add_94_43_cdnadd_9/CO  -       CI->CO F     FA1D2          1  1.8    63   123    2197    (-,-) 
  basic_isa_instance/u_branch_add_95_52_Y_u_branch_add_94_43_cdnadd_10/CO -       CI->CO F     FA1D2          1  1.8    63   123    2320    (-,-) 
  basic_isa_instance/u_branch_add_95_52_Y_u_branch_add_94_43_cdnadd_11/CO -       CI->CO F     FA1D2          1  1.8    63   123    2444    (-,-) 
  basic_isa_instance/u_branch_add_95_52_Y_u_branch_add_94_43_cdnadd_12/CO -       CI->CO F     FA1D2          1  1.8    63   123    2567    (-,-) 
  basic_isa_instance/u_branch_add_95_52_Y_u_branch_add_94_43_cdnadd_13/CO -       CI->CO F     FA1D2          1  1.8    63   123    2691    (-,-) 
  basic_isa_instance/u_branch_add_95_52_Y_u_branch_add_94_43_cdnadd_14/CO -       CI->CO F     FA1D2          1  1.8    63   123    2814    (-,-) 
  basic_isa_instance/u_branch_add_95_52_Y_u_branch_add_94_43_cdnadd_15/CO -       CI->CO F     FA1D2          1  1.8    63   123    2937    (-,-) 
  basic_isa_instance/u_branch_add_95_52_Y_u_branch_add_94_43_cdnadd_16/CO -       CI->CO F     FA1D2          1  1.8    63   123    3061    (-,-) 
  basic_isa_instance/u_branch_add_95_52_Y_u_branch_add_94_43_cdnadd_17/CO -       CI->CO F     FA1D2          1  1.8    63   123    3184    (-,-) 
  basic_isa_instance/u_branch_add_95_52_Y_u_branch_add_94_43_cdnadd_18/CO -       CI->CO F     FA1D2          1  1.8    63   123    3308    (-,-) 
  basic_isa_instance/u_branch_add_95_52_Y_u_branch_add_94_43_cdnadd_19/CO -       CI->CO F     FA1D2          1  1.8    63   123    3431    (-,-) 
  basic_isa_instance/u_branch_add_95_52_Y_u_branch_add_94_43_cdnadd_20/CO -       CI->CO F     FA1D2          1  1.8    63   123    3554    (-,-) 
  basic_isa_instance/u_branch_add_95_52_Y_u_branch_add_94_43_cdnadd_21/CO -       CI->CO F     FA1D2          1  1.8    63   123    3678    (-,-) 
  basic_isa_instance/u_branch_add_95_52_Y_u_branch_add_94_43_cdnadd_22/CO -       CI->CO F     FA1D2          1  1.8    63   123    3801    (-,-) 
  basic_isa_instance/u_branch_add_95_52_Y_u_branch_add_94_43_cdnadd_23/CO -       CI->CO F     FA1D2          1  1.8    63   123    3925    (-,-) 
  basic_isa_instance/u_branch_add_95_52_Y_u_branch_add_94_43_cdnadd_24/CO -       CI->CO F     FA1D2          1  1.8    63   123    4048    (-,-) 
  basic_isa_instance/u_branch_add_95_52_Y_u_branch_add_94_43_cdnadd_25/CO -       CI->CO F     FA1D2          1  1.8    63   123    4171    (-,-) 
  basic_isa_instance/u_branch_add_95_52_Y_u_branch_add_94_43_cdnadd_26/CO -       CI->CO F     FA1D2          1  1.8    63   123    4295    (-,-) 
  basic_isa_instance/u_branch_add_95_52_Y_u_branch_add_94_43_cdnadd_27/CO -       CI->CO F     FA1D2          1  1.8    63   123    4418    (-,-) 
  basic_isa_instance/u_branch_add_95_52_Y_u_branch_add_94_43_cdnadd_28/CO -       CI->CO F     FA1D2          1  1.8    63   123    4542    (-,-) 
  basic_isa_instance/u_branch_add_95_52_Y_u_branch_add_94_43_cdnadd_29/CO -       CI->CO F     FA1D2          1  1.8    63   123    4665    (-,-) 
  basic_isa_instance/u_branch_add_95_52_Y_u_branch_add_94_43_cdnadd_30/CO -       CI->CO F     FA1D2          1  1.1    59   120    4784    (-,-) 
  basic_isa_instance/u_branch_add_95_52_Y_u_branch_add_94_43_cdnadd_47/Z  -       A3->Z  R     XOR3D2         2  2.0    62   208    4993    (-,-) 
  basic_isa_instance/g35740/Z                                             -       A1->Z  R     AN2D2         16 14.4   121   148    5141    (-,-) 
  basic_isa_instance/u_if_u_btb_U_FILE_target_arr_reg[0][0][31]/D         -       -      R     DFCNQD2       16    -     -     0    5141    (-,-) 
#-------------------------------------------------------------------------------------------------------------------------------------------------



Path 25: VIOLATED (-2680 ps) Setup Check with Pin basic_isa_instance/u_if_u_pc_reg_pc_reg[28]/CP->D
          Group: core_clk
     Startpoint: (R) basic_isa_instance/u_mem_wb_rd_wb_reg[4]/CP
          Clock: (R) core_clk
       Endpoint: (F) basic_isa_instance/u_if_u_pc_reg_pc_reg[28]/D
          Clock: (R) core_clk

                     Capture       Launch     
        Clock Edge:+    2500            0     
       Src Latency:+       0            0     
       Net Latency:+       0 (I)        0 (I) 
           Arrival:=    2500            0     
                                              
             Setup:-      41                  
     Required Time:=    2459                  
      Launch Clock:-       0                  
         Data Path:-    5140                  
             Slack:=   -2680                  

#-------------------------------------------------------------------------------------------------------------------------------------------------
#                              Timing Point                               Flags    Arc   Edge   Cell     Fanout Load Trans Delay Arrival Instance 
#                                                                                                               (fF)  (ps)  (ps)   (ps)  Location 
#-------------------------------------------------------------------------------------------------------------------------------------------------
  basic_isa_instance/u_mem_wb_rd_wb_reg[4]/CP                             -       -      R     (arrival)    106    -     0     -       0    (-,-) 
  basic_isa_instance/u_mem_wb_rd_wb_reg[4]/Q                              -       CP->Q  R     DFCND2         3  5.4    64   287     287    (-,-) 
  basic_isa_instance/fopt26924/ZN                                         -       I->ZN  F     INVD2          1  2.1    27    34     321    (-,-) 
  basic_isa_instance/g26622/ZN                                            -       B2->ZN R     OAI22D2        1  2.2    94    84     405    (-,-) 
  basic_isa_instance/g26578/ZN                                            -       A2->ZN F     NR2D2          1  2.6    38    50     455    (-,-) 
  basic_isa_instance/g26574/ZN                                            -       A1->ZN R     ND2D3          1  5.2    43    41     497    (-,-) 
  basic_isa_instance/g26566/ZN                                            -       A1->ZN F     NR2XD4         4 11.2    49    43     540    (-,-) 
  basic_isa_instance/g26565/ZN                                            -       I->ZN  R     CKND2          1  1.7    26    33     573    (-,-) 
  basic_isa_instance/g26560/ZN                                            -       B1->ZN F     INR2D2         1  3.6    36    27     600    (-,-) 
  basic_isa_instance/g26536/ZN                                            -       B->ZN  R     AOI21D4        1  3.3    68    76     676    (-,-) 
  basic_isa_instance/g26392/ZN                                            -       A1->ZN F     OAI21D4        1  3.4    50    49     725    (-,-) 
  basic_isa_instance/g3/ZN                                                -       A1->ZN R     ND2D4          1  3.8    40    38     763    (-,-) 
  basic_isa_instance/g2/ZN                                                -       B1->ZN F     IND2D4        14 17.3    92    72     836    (-,-) 
  basic_isa_instance/g20782/Z                                             -       I1->Z  F     MUX2D2         1  2.7    57   146     982    (-,-) 
  basic_isa_instance/u_branch_add_95_52_Y_u_branch_add_94_43_cdnadd_1/CO  -       B->CO  F     FA1D4          1  1.8    53   231    1213    (-,-) 
  basic_isa_instance/u_branch_add_95_52_Y_u_branch_add_94_43_cdnadd_2/CO  -       CI->CO F     FA1D2          1  1.8    63   120    1333    (-,-) 
  basic_isa_instance/u_branch_add_95_52_Y_u_branch_add_94_43_cdnadd_3/CO  -       CI->CO F     FA1D2          1  1.8    63   123    1457    (-,-) 
  basic_isa_instance/u_branch_add_95_52_Y_u_branch_add_94_43_cdnadd_4/CO  -       CI->CO F     FA1D2          1  1.8    63   123    1580    (-,-) 
  basic_isa_instance/u_branch_add_95_52_Y_u_branch_add_94_43_cdnadd_5/CO  -       CI->CO F     FA1D2          1  1.8    63   123    1703    (-,-) 
  basic_isa_instance/u_branch_add_95_52_Y_u_branch_add_94_43_cdnadd_6/CO  -       CI->CO F     FA1D2          1  1.8    63   123    1827    (-,-) 
  basic_isa_instance/u_branch_add_95_52_Y_u_branch_add_94_43_cdnadd_7/CO  -       CI->CO F     FA1D2          1  1.8    63   123    1950    (-,-) 
  basic_isa_instance/u_branch_add_95_52_Y_u_branch_add_94_43_cdnadd_8/CO  -       CI->CO F     FA1D2          1  1.8    63   123    2074    (-,-) 
  basic_isa_instance/u_branch_add_95_52_Y_u_branch_add_94_43_cdnadd_9/CO  -       CI->CO F     FA1D2          1  1.8    63   123    2197    (-,-) 
  basic_isa_instance/u_branch_add_95_52_Y_u_branch_add_94_43_cdnadd_10/CO -       CI->CO F     FA1D2          1  1.8    63   123    2320    (-,-) 
  basic_isa_instance/u_branch_add_95_52_Y_u_branch_add_94_43_cdnadd_11/CO -       CI->CO F     FA1D2          1  1.8    63   123    2444    (-,-) 
  basic_isa_instance/u_branch_add_95_52_Y_u_branch_add_94_43_cdnadd_12/CO -       CI->CO F     FA1D2          1  1.8    63   123    2567    (-,-) 
  basic_isa_instance/u_branch_add_95_52_Y_u_branch_add_94_43_cdnadd_13/CO -       CI->CO F     FA1D2          1  1.8    63   123    2691    (-,-) 
  basic_isa_instance/u_branch_add_95_52_Y_u_branch_add_94_43_cdnadd_14/CO -       CI->CO F     FA1D2          1  1.8    63   123    2814    (-,-) 
  basic_isa_instance/u_branch_add_95_52_Y_u_branch_add_94_43_cdnadd_15/CO -       CI->CO F     FA1D2          1  1.8    63   123    2937    (-,-) 
  basic_isa_instance/u_branch_add_95_52_Y_u_branch_add_94_43_cdnadd_16/CO -       CI->CO F     FA1D2          1  1.8    63   123    3061    (-,-) 
  basic_isa_instance/u_branch_add_95_52_Y_u_branch_add_94_43_cdnadd_17/CO -       CI->CO F     FA1D2          1  1.8    63   123    3184    (-,-) 
  basic_isa_instance/u_branch_add_95_52_Y_u_branch_add_94_43_cdnadd_18/CO -       CI->CO F     FA1D2          1  1.8    63   123    3308    (-,-) 
  basic_isa_instance/u_branch_add_95_52_Y_u_branch_add_94_43_cdnadd_19/CO -       CI->CO F     FA1D2          1  1.8    63   123    3431    (-,-) 
  basic_isa_instance/u_branch_add_95_52_Y_u_branch_add_94_43_cdnadd_20/CO -       CI->CO F     FA1D2          1  1.8    63   123    3554    (-,-) 
  basic_isa_instance/u_branch_add_95_52_Y_u_branch_add_94_43_cdnadd_21/CO -       CI->CO F     FA1D2          1  1.8    63   123    3678    (-,-) 
  basic_isa_instance/u_branch_add_95_52_Y_u_branch_add_94_43_cdnadd_22/CO -       CI->CO F     FA1D2          1  1.8    63   123    3801    (-,-) 
  basic_isa_instance/u_branch_add_95_52_Y_u_branch_add_94_43_cdnadd_23/CO -       CI->CO F     FA1D2          1  1.8    63   123    3925    (-,-) 
  basic_isa_instance/u_branch_add_95_52_Y_u_branch_add_94_43_cdnadd_24/CO -       CI->CO F     FA1D2          1  1.8    63   123    4048    (-,-) 
  basic_isa_instance/u_branch_add_95_52_Y_u_branch_add_94_43_cdnadd_25/CO -       CI->CO F     FA1D2          1  1.8    63   123    4171    (-,-) 
  basic_isa_instance/u_branch_add_95_52_Y_u_branch_add_94_43_cdnadd_26/CO -       CI->CO F     FA1D2          1  1.8    63   123    4295    (-,-) 
  basic_isa_instance/u_branch_add_95_52_Y_u_branch_add_94_43_cdnadd_27/CO -       CI->CO F     FA1D2          1  1.8    63   123    4418    (-,-) 
  basic_isa_instance/u_branch_add_95_52_Y_u_branch_add_94_43_cdnadd_28/S  -       CI->S  F     FA1D2          2  1.8    60   151    4570    (-,-) 
  basic_isa_instance/g34676/Z                                             -       C1->Z  F     AO222D2        1  1.0    60   250    4819    (-,-) 
  basic_isa_instance/g34504/Z                                             -       B->Z   F     AO211D2        2  1.8    56   206    5025    (-,-) 
  basic_isa_instance/g41449/Z                                             -       A1->Z  F     AO21D2         1  0.9    41   115    5140    (-,-) 
  basic_isa_instance/u_if_u_pc_reg_pc_reg[28]/D                           -       -      F     DFCSNQD2       1    -     -     0    5140    (-,-) 
#-------------------------------------------------------------------------------------------------------------------------------------------------



Path 26: VIOLATED (-2666 ps) Setup Check with Pin basic_isa_instance/u_if_u_pc_reg_core_to_int_reg[28]/CP->D
          Group: core_clk
     Startpoint: (R) basic_isa_instance/u_mem_wb_rd_wb_reg[4]/CP
          Clock: (R) core_clk
       Endpoint: (F) basic_isa_instance/u_if_u_pc_reg_core_to_int_reg[28]/D
          Clock: (R) core_clk

                     Capture       Launch     
        Clock Edge:+    2500            0     
       Src Latency:+       0            0     
       Net Latency:+       0 (I)        0 (I) 
           Arrival:=    2500            0     
                                              
             Setup:-       8                  
     Required Time:=    2492                  
      Launch Clock:-       0                  
         Data Path:-    5158                  
             Slack:=   -2666                  

#-------------------------------------------------------------------------------------------------------------------------------------------------
#                              Timing Point                               Flags    Arc   Edge   Cell     Fanout Load Trans Delay Arrival Instance 
#                                                                                                               (fF)  (ps)  (ps)   (ps)  Location 
#-------------------------------------------------------------------------------------------------------------------------------------------------
  basic_isa_instance/u_mem_wb_rd_wb_reg[4]/CP                             -       -      R     (arrival)    106    -     0     -       0    (-,-) 
  basic_isa_instance/u_mem_wb_rd_wb_reg[4]/Q                              -       CP->Q  R     DFCND2         3  5.4    64   287     287    (-,-) 
  basic_isa_instance/fopt26924/ZN                                         -       I->ZN  F     INVD2          1  2.1    27    34     321    (-,-) 
  basic_isa_instance/g26622/ZN                                            -       B2->ZN R     OAI22D2        1  2.2    94    84     405    (-,-) 
  basic_isa_instance/g26578/ZN                                            -       A2->ZN F     NR2D2          1  2.6    38    50     455    (-,-) 
  basic_isa_instance/g26574/ZN                                            -       A1->ZN R     ND2D3          1  5.2    43    41     497    (-,-) 
  basic_isa_instance/g26566/ZN                                            -       A1->ZN F     NR2XD4         4 11.2    49    43     540    (-,-) 
  basic_isa_instance/g26565/ZN                                            -       I->ZN  R     CKND2          1  1.7    26    33     573    (-,-) 
  basic_isa_instance/g26560/ZN                                            -       B1->ZN F     INR2D2         1  3.6    36    27     600    (-,-) 
  basic_isa_instance/g26536/ZN                                            -       B->ZN  R     AOI21D4        1  3.3    68    76     676    (-,-) 
  basic_isa_instance/g26392/ZN                                            -       A1->ZN F     OAI21D4        1  3.4    50    49     725    (-,-) 
  basic_isa_instance/g3/ZN                                                -       A1->ZN R     ND2D4          1  3.8    40    38     763    (-,-) 
  basic_isa_instance/g2/ZN                                                -       B1->ZN F     IND2D4        14 17.3    92    72     836    (-,-) 
  basic_isa_instance/g20782/Z                                             -       I1->Z  F     MUX2D2         1  2.7    57   146     982    (-,-) 
  basic_isa_instance/u_branch_add_95_52_Y_u_branch_add_94_43_cdnadd_1/CO  -       B->CO  F     FA1D4          1  1.8    53   231    1213    (-,-) 
  basic_isa_instance/u_branch_add_95_52_Y_u_branch_add_94_43_cdnadd_2/CO  -       CI->CO F     FA1D2          1  1.8    63   120    1333    (-,-) 
  basic_isa_instance/u_branch_add_95_52_Y_u_branch_add_94_43_cdnadd_3/CO  -       CI->CO F     FA1D2          1  1.8    63   123    1457    (-,-) 
  basic_isa_instance/u_branch_add_95_52_Y_u_branch_add_94_43_cdnadd_4/CO  -       CI->CO F     FA1D2          1  1.8    63   123    1580    (-,-) 
  basic_isa_instance/u_branch_add_95_52_Y_u_branch_add_94_43_cdnadd_5/CO  -       CI->CO F     FA1D2          1  1.8    63   123    1703    (-,-) 
  basic_isa_instance/u_branch_add_95_52_Y_u_branch_add_94_43_cdnadd_6/CO  -       CI->CO F     FA1D2          1  1.8    63   123    1827    (-,-) 
  basic_isa_instance/u_branch_add_95_52_Y_u_branch_add_94_43_cdnadd_7/CO  -       CI->CO F     FA1D2          1  1.8    63   123    1950    (-,-) 
  basic_isa_instance/u_branch_add_95_52_Y_u_branch_add_94_43_cdnadd_8/CO  -       CI->CO F     FA1D2          1  1.8    63   123    2074    (-,-) 
  basic_isa_instance/u_branch_add_95_52_Y_u_branch_add_94_43_cdnadd_9/CO  -       CI->CO F     FA1D2          1  1.8    63   123    2197    (-,-) 
  basic_isa_instance/u_branch_add_95_52_Y_u_branch_add_94_43_cdnadd_10/CO -       CI->CO F     FA1D2          1  1.8    63   123    2320    (-,-) 
  basic_isa_instance/u_branch_add_95_52_Y_u_branch_add_94_43_cdnadd_11/CO -       CI->CO F     FA1D2          1  1.8    63   123    2444    (-,-) 
  basic_isa_instance/u_branch_add_95_52_Y_u_branch_add_94_43_cdnadd_12/CO -       CI->CO F     FA1D2          1  1.8    63   123    2567    (-,-) 
  basic_isa_instance/u_branch_add_95_52_Y_u_branch_add_94_43_cdnadd_13/CO -       CI->CO F     FA1D2          1  1.8    63   123    2691    (-,-) 
  basic_isa_instance/u_branch_add_95_52_Y_u_branch_add_94_43_cdnadd_14/CO -       CI->CO F     FA1D2          1  1.8    63   123    2814    (-,-) 
  basic_isa_instance/u_branch_add_95_52_Y_u_branch_add_94_43_cdnadd_15/CO -       CI->CO F     FA1D2          1  1.8    63   123    2937    (-,-) 
  basic_isa_instance/u_branch_add_95_52_Y_u_branch_add_94_43_cdnadd_16/CO -       CI->CO F     FA1D2          1  1.8    63   123    3061    (-,-) 
  basic_isa_instance/u_branch_add_95_52_Y_u_branch_add_94_43_cdnadd_17/CO -       CI->CO F     FA1D2          1  1.8    63   123    3184    (-,-) 
  basic_isa_instance/u_branch_add_95_52_Y_u_branch_add_94_43_cdnadd_18/CO -       CI->CO F     FA1D2          1  1.8    63   123    3308    (-,-) 
  basic_isa_instance/u_branch_add_95_52_Y_u_branch_add_94_43_cdnadd_19/CO -       CI->CO F     FA1D2          1  1.8    63   123    3431    (-,-) 
  basic_isa_instance/u_branch_add_95_52_Y_u_branch_add_94_43_cdnadd_20/CO -       CI->CO F     FA1D2          1  1.8    63   123    3554    (-,-) 
  basic_isa_instance/u_branch_add_95_52_Y_u_branch_add_94_43_cdnadd_21/CO -       CI->CO F     FA1D2          1  1.8    63   123    3678    (-,-) 
  basic_isa_instance/u_branch_add_95_52_Y_u_branch_add_94_43_cdnadd_22/CO -       CI->CO F     FA1D2          1  1.8    63   123    3801    (-,-) 
  basic_isa_instance/u_branch_add_95_52_Y_u_branch_add_94_43_cdnadd_23/CO -       CI->CO F     FA1D2          1  1.8    63   123    3925    (-,-) 
  basic_isa_instance/u_branch_add_95_52_Y_u_branch_add_94_43_cdnadd_24/CO -       CI->CO F     FA1D2          1  1.8    63   123    4048    (-,-) 
  basic_isa_instance/u_branch_add_95_52_Y_u_branch_add_94_43_cdnadd_25/CO -       CI->CO F     FA1D2          1  1.8    63   123    4171    (-,-) 
  basic_isa_instance/u_branch_add_95_52_Y_u_branch_add_94_43_cdnadd_26/CO -       CI->CO F     FA1D2          1  1.8    63   123    4295    (-,-) 
  basic_isa_instance/u_branch_add_95_52_Y_u_branch_add_94_43_cdnadd_27/CO -       CI->CO F     FA1D2          1  1.8    63   123    4418    (-,-) 
  basic_isa_instance/u_branch_add_95_52_Y_u_branch_add_94_43_cdnadd_28/S  -       CI->S  F     FA1D2          2  1.8    60   151    4570    (-,-) 
  basic_isa_instance/g34676/Z                                             -       C1->Z  F     AO222D2        1  1.0    60   250    4819    (-,-) 
  basic_isa_instance/g34504/Z                                             -       B->Z   F     AO211D2        2  1.8    56   206    5025    (-,-) 
  basic_isa_instance/g25885/Z                                             -       A1->Z  F     AO22D2         1  0.9    43   132    5158    (-,-) 
  basic_isa_instance/u_if_u_pc_reg_core_to_int_reg[28]/D                  -       -      F     DFCNQD2        1    -     -     0    5158    (-,-) 
#-------------------------------------------------------------------------------------------------------------------------------------------------



Path 27: VIOLATED (-2588 ps) Setup Check with Pin basic_isa_instance/u_if_u_btb_U_FILE_target_arr_reg[7][1][30]/CP->D
          Group: core_clk
     Startpoint: (R) basic_isa_instance/u_mem_wb_rd_wb_reg[4]/CP
          Clock: (R) core_clk
       Endpoint: (R) basic_isa_instance/u_if_u_btb_U_FILE_target_arr_reg[7][1][30]/D
          Clock: (R) core_clk

                     Capture       Launch     
        Clock Edge:+    2500            0     
       Src Latency:+       0            0     
       Net Latency:+       0 (I)        0 (I) 
           Arrival:=    2500            0     
                                              
             Setup:-     100                  
     Required Time:=    2400                  
      Launch Clock:-       0                  
         Data Path:-    4989                  
             Slack:=   -2588                  

#-------------------------------------------------------------------------------------------------------------------------------------------------
#                              Timing Point                               Flags    Arc   Edge   Cell     Fanout Load Trans Delay Arrival Instance 
#                                                                                                               (fF)  (ps)  (ps)   (ps)  Location 
#-------------------------------------------------------------------------------------------------------------------------------------------------
  basic_isa_instance/u_mem_wb_rd_wb_reg[4]/CP                             -       -      R     (arrival)    106    -     0     -       0    (-,-) 
  basic_isa_instance/u_mem_wb_rd_wb_reg[4]/Q                              -       CP->Q  R     DFCND2         3  5.4    64   287     287    (-,-) 
  basic_isa_instance/fopt26924/ZN                                         -       I->ZN  F     INVD2          1  2.1    27    34     321    (-,-) 
  basic_isa_instance/g26622/ZN                                            -       B2->ZN R     OAI22D2        1  2.2    94    84     405    (-,-) 
  basic_isa_instance/g26578/ZN                                            -       A2->ZN F     NR2D2          1  2.6    38    50     455    (-,-) 
  basic_isa_instance/g26574/ZN                                            -       A1->ZN R     ND2D3          1  5.2    43    41     497    (-,-) 
  basic_isa_instance/g26566/ZN                                            -       A1->ZN F     NR2XD4         4 11.2    49    43     540    (-,-) 
  basic_isa_instance/g26565/ZN                                            -       I->ZN  R     CKND2          1  1.7    26    33     573    (-,-) 
  basic_isa_instance/g26560/ZN                                            -       B1->ZN F     INR2D2         1  3.6    36    27     600    (-,-) 
  basic_isa_instance/g26536/ZN                                            -       B->ZN  R     AOI21D4        1  3.3    68    76     676    (-,-) 
  basic_isa_instance/g26392/ZN                                            -       A1->ZN F     OAI21D4        1  3.4    50    49     725    (-,-) 
  basic_isa_instance/g3/ZN                                                -       A1->ZN R     ND2D4          1  3.8    40    38     763    (-,-) 
  basic_isa_instance/g2/ZN                                                -       B1->ZN F     IND2D4        14 17.3    92    72     836    (-,-) 
  basic_isa_instance/g20782/Z                                             -       I1->Z  F     MUX2D2         1  2.7    57   146     982    (-,-) 
  basic_isa_instance/u_branch_add_95_52_Y_u_branch_add_94_43_cdnadd_1/CO  -       B->CO  F     FA1D4          1  1.8    53   231    1213    (-,-) 
  basic_isa_instance/u_branch_add_95_52_Y_u_branch_add_94_43_cdnadd_2/CO  -       CI->CO F     FA1D2          1  1.8    63   120    1333    (-,-) 
  basic_isa_instance/u_branch_add_95_52_Y_u_branch_add_94_43_cdnadd_3/CO  -       CI->CO F     FA1D2          1  1.8    63   123    1457    (-,-) 
  basic_isa_instance/u_branch_add_95_52_Y_u_branch_add_94_43_cdnadd_4/CO  -       CI->CO F     FA1D2          1  1.8    63   123    1580    (-,-) 
  basic_isa_instance/u_branch_add_95_52_Y_u_branch_add_94_43_cdnadd_5/CO  -       CI->CO F     FA1D2          1  1.8    63   123    1703    (-,-) 
  basic_isa_instance/u_branch_add_95_52_Y_u_branch_add_94_43_cdnadd_6/CO  -       CI->CO F     FA1D2          1  1.8    63   123    1827    (-,-) 
  basic_isa_instance/u_branch_add_95_52_Y_u_branch_add_94_43_cdnadd_7/CO  -       CI->CO F     FA1D2          1  1.8    63   123    1950    (-,-) 
  basic_isa_instance/u_branch_add_95_52_Y_u_branch_add_94_43_cdnadd_8/CO  -       CI->CO F     FA1D2          1  1.8    63   123    2074    (-,-) 
  basic_isa_instance/u_branch_add_95_52_Y_u_branch_add_94_43_cdnadd_9/CO  -       CI->CO F     FA1D2          1  1.8    63   123    2197    (-,-) 
  basic_isa_instance/u_branch_add_95_52_Y_u_branch_add_94_43_cdnadd_10/CO -       CI->CO F     FA1D2          1  1.8    63   123    2320    (-,-) 
  basic_isa_instance/u_branch_add_95_52_Y_u_branch_add_94_43_cdnadd_11/CO -       CI->CO F     FA1D2          1  1.8    63   123    2444    (-,-) 
  basic_isa_instance/u_branch_add_95_52_Y_u_branch_add_94_43_cdnadd_12/CO -       CI->CO F     FA1D2          1  1.8    63   123    2567    (-,-) 
  basic_isa_instance/u_branch_add_95_52_Y_u_branch_add_94_43_cdnadd_13/CO -       CI->CO F     FA1D2          1  1.8    63   123    2691    (-,-) 
  basic_isa_instance/u_branch_add_95_52_Y_u_branch_add_94_43_cdnadd_14/CO -       CI->CO F     FA1D2          1  1.8    63   123    2814    (-,-) 
  basic_isa_instance/u_branch_add_95_52_Y_u_branch_add_94_43_cdnadd_15/CO -       CI->CO F     FA1D2          1  1.8    63   123    2937    (-,-) 
  basic_isa_instance/u_branch_add_95_52_Y_u_branch_add_94_43_cdnadd_16/CO -       CI->CO F     FA1D2          1  1.8    63   123    3061    (-,-) 
  basic_isa_instance/u_branch_add_95_52_Y_u_branch_add_94_43_cdnadd_17/CO -       CI->CO F     FA1D2          1  1.8    63   123    3184    (-,-) 
  basic_isa_instance/u_branch_add_95_52_Y_u_branch_add_94_43_cdnadd_18/CO -       CI->CO F     FA1D2          1  1.8    63   123    3308    (-,-) 
  basic_isa_instance/u_branch_add_95_52_Y_u_branch_add_94_43_cdnadd_19/CO -       CI->CO F     FA1D2          1  1.8    63   123    3431    (-,-) 
  basic_isa_instance/u_branch_add_95_52_Y_u_branch_add_94_43_cdnadd_20/CO -       CI->CO F     FA1D2          1  1.8    63   123    3554    (-,-) 
  basic_isa_instance/u_branch_add_95_52_Y_u_branch_add_94_43_cdnadd_21/CO -       CI->CO F     FA1D2          1  1.8    63   123    3678    (-,-) 
  basic_isa_instance/u_branch_add_95_52_Y_u_branch_add_94_43_cdnadd_22/CO -       CI->CO F     FA1D2          1  1.8    63   123    3801    (-,-) 
  basic_isa_instance/u_branch_add_95_52_Y_u_branch_add_94_43_cdnadd_23/CO -       CI->CO F     FA1D2          1  1.8    63   123    3925    (-,-) 
  basic_isa_instance/u_branch_add_95_52_Y_u_branch_add_94_43_cdnadd_24/CO -       CI->CO F     FA1D2          1  1.8    63   123    4048    (-,-) 
  basic_isa_instance/u_branch_add_95_52_Y_u_branch_add_94_43_cdnadd_25/CO -       CI->CO F     FA1D2          1  1.8    63   123    4171    (-,-) 
  basic_isa_instance/u_branch_add_95_52_Y_u_branch_add_94_43_cdnadd_26/CO -       CI->CO F     FA1D2          1  1.8    63   123    4295    (-,-) 
  basic_isa_instance/u_branch_add_95_52_Y_u_branch_add_94_43_cdnadd_27/CO -       CI->CO F     FA1D2          1  1.8    63   123    4418    (-,-) 
  basic_isa_instance/u_branch_add_95_52_Y_u_branch_add_94_43_cdnadd_28/CO -       CI->CO F     FA1D2          1  1.8    63   123    4542    (-,-) 
  basic_isa_instance/u_branch_add_95_52_Y_u_branch_add_94_43_cdnadd_29/CO -       CI->CO F     FA1D2          1  1.8    63   123    4665    (-,-) 
  basic_isa_instance/u_branch_add_95_52_Y_u_branch_add_94_43_cdnadd_30/S  -       CI->S  R     FA1D2          2  2.0    51   178    4844    (-,-) 
  basic_isa_instance/g35737/Z                                             -       A1->Z  R     AN2D2         16 14.4   121   145    4989    (-,-) 
  basic_isa_instance/u_if_u_btb_U_FILE_target_arr_reg[7][1][30]/D         -       -      R     DFCNQD2       16    -     -     0    4989    (-,-) 
#-------------------------------------------------------------------------------------------------------------------------------------------------



Path 28: VIOLATED (-2588 ps) Setup Check with Pin basic_isa_instance/u_if_u_btb_U_FILE_target_arr_reg[7][0][30]/CP->D
          Group: core_clk
     Startpoint: (R) basic_isa_instance/u_mem_wb_rd_wb_reg[4]/CP
          Clock: (R) core_clk
       Endpoint: (R) basic_isa_instance/u_if_u_btb_U_FILE_target_arr_reg[7][0][30]/D
          Clock: (R) core_clk

                     Capture       Launch     
        Clock Edge:+    2500            0     
       Src Latency:+       0            0     
       Net Latency:+       0 (I)        0 (I) 
           Arrival:=    2500            0     
                                              
             Setup:-     100                  
     Required Time:=    2400                  
      Launch Clock:-       0                  
         Data Path:-    4989                  
             Slack:=   -2588                  

#-------------------------------------------------------------------------------------------------------------------------------------------------
#                              Timing Point                               Flags    Arc   Edge   Cell     Fanout Load Trans Delay Arrival Instance 
#                                                                                                               (fF)  (ps)  (ps)   (ps)  Location 
#-------------------------------------------------------------------------------------------------------------------------------------------------
  basic_isa_instance/u_mem_wb_rd_wb_reg[4]/CP                             -       -      R     (arrival)    106    -     0     -       0    (-,-) 
  basic_isa_instance/u_mem_wb_rd_wb_reg[4]/Q                              -       CP->Q  R     DFCND2         3  5.4    64   287     287    (-,-) 
  basic_isa_instance/fopt26924/ZN                                         -       I->ZN  F     INVD2          1  2.1    27    34     321    (-,-) 
  basic_isa_instance/g26622/ZN                                            -       B2->ZN R     OAI22D2        1  2.2    94    84     405    (-,-) 
  basic_isa_instance/g26578/ZN                                            -       A2->ZN F     NR2D2          1  2.6    38    50     455    (-,-) 
  basic_isa_instance/g26574/ZN                                            -       A1->ZN R     ND2D3          1  5.2    43    41     497    (-,-) 
  basic_isa_instance/g26566/ZN                                            -       A1->ZN F     NR2XD4         4 11.2    49    43     540    (-,-) 
  basic_isa_instance/g26565/ZN                                            -       I->ZN  R     CKND2          1  1.7    26    33     573    (-,-) 
  basic_isa_instance/g26560/ZN                                            -       B1->ZN F     INR2D2         1  3.6    36    27     600    (-,-) 
  basic_isa_instance/g26536/ZN                                            -       B->ZN  R     AOI21D4        1  3.3    68    76     676    (-,-) 
  basic_isa_instance/g26392/ZN                                            -       A1->ZN F     OAI21D4        1  3.4    50    49     725    (-,-) 
  basic_isa_instance/g3/ZN                                                -       A1->ZN R     ND2D4          1  3.8    40    38     763    (-,-) 
  basic_isa_instance/g2/ZN                                                -       B1->ZN F     IND2D4        14 17.3    92    72     836    (-,-) 
  basic_isa_instance/g20782/Z                                             -       I1->Z  F     MUX2D2         1  2.7    57   146     982    (-,-) 
  basic_isa_instance/u_branch_add_95_52_Y_u_branch_add_94_43_cdnadd_1/CO  -       B->CO  F     FA1D4          1  1.8    53   231    1213    (-,-) 
  basic_isa_instance/u_branch_add_95_52_Y_u_branch_add_94_43_cdnadd_2/CO  -       CI->CO F     FA1D2          1  1.8    63   120    1333    (-,-) 
  basic_isa_instance/u_branch_add_95_52_Y_u_branch_add_94_43_cdnadd_3/CO  -       CI->CO F     FA1D2          1  1.8    63   123    1457    (-,-) 
  basic_isa_instance/u_branch_add_95_52_Y_u_branch_add_94_43_cdnadd_4/CO  -       CI->CO F     FA1D2          1  1.8    63   123    1580    (-,-) 
  basic_isa_instance/u_branch_add_95_52_Y_u_branch_add_94_43_cdnadd_5/CO  -       CI->CO F     FA1D2          1  1.8    63   123    1703    (-,-) 
  basic_isa_instance/u_branch_add_95_52_Y_u_branch_add_94_43_cdnadd_6/CO  -       CI->CO F     FA1D2          1  1.8    63   123    1827    (-,-) 
  basic_isa_instance/u_branch_add_95_52_Y_u_branch_add_94_43_cdnadd_7/CO  -       CI->CO F     FA1D2          1  1.8    63   123    1950    (-,-) 
  basic_isa_instance/u_branch_add_95_52_Y_u_branch_add_94_43_cdnadd_8/CO  -       CI->CO F     FA1D2          1  1.8    63   123    2074    (-,-) 
  basic_isa_instance/u_branch_add_95_52_Y_u_branch_add_94_43_cdnadd_9/CO  -       CI->CO F     FA1D2          1  1.8    63   123    2197    (-,-) 
  basic_isa_instance/u_branch_add_95_52_Y_u_branch_add_94_43_cdnadd_10/CO -       CI->CO F     FA1D2          1  1.8    63   123    2320    (-,-) 
  basic_isa_instance/u_branch_add_95_52_Y_u_branch_add_94_43_cdnadd_11/CO -       CI->CO F     FA1D2          1  1.8    63   123    2444    (-,-) 
  basic_isa_instance/u_branch_add_95_52_Y_u_branch_add_94_43_cdnadd_12/CO -       CI->CO F     FA1D2          1  1.8    63   123    2567    (-,-) 
  basic_isa_instance/u_branch_add_95_52_Y_u_branch_add_94_43_cdnadd_13/CO -       CI->CO F     FA1D2          1  1.8    63   123    2691    (-,-) 
  basic_isa_instance/u_branch_add_95_52_Y_u_branch_add_94_43_cdnadd_14/CO -       CI->CO F     FA1D2          1  1.8    63   123    2814    (-,-) 
  basic_isa_instance/u_branch_add_95_52_Y_u_branch_add_94_43_cdnadd_15/CO -       CI->CO F     FA1D2          1  1.8    63   123    2937    (-,-) 
  basic_isa_instance/u_branch_add_95_52_Y_u_branch_add_94_43_cdnadd_16/CO -       CI->CO F     FA1D2          1  1.8    63   123    3061    (-,-) 
  basic_isa_instance/u_branch_add_95_52_Y_u_branch_add_94_43_cdnadd_17/CO -       CI->CO F     FA1D2          1  1.8    63   123    3184    (-,-) 
  basic_isa_instance/u_branch_add_95_52_Y_u_branch_add_94_43_cdnadd_18/CO -       CI->CO F     FA1D2          1  1.8    63   123    3308    (-,-) 
  basic_isa_instance/u_branch_add_95_52_Y_u_branch_add_94_43_cdnadd_19/CO -       CI->CO F     FA1D2          1  1.8    63   123    3431    (-,-) 
  basic_isa_instance/u_branch_add_95_52_Y_u_branch_add_94_43_cdnadd_20/CO -       CI->CO F     FA1D2          1  1.8    63   123    3554    (-,-) 
  basic_isa_instance/u_branch_add_95_52_Y_u_branch_add_94_43_cdnadd_21/CO -       CI->CO F     FA1D2          1  1.8    63   123    3678    (-,-) 
  basic_isa_instance/u_branch_add_95_52_Y_u_branch_add_94_43_cdnadd_22/CO -       CI->CO F     FA1D2          1  1.8    63   123    3801    (-,-) 
  basic_isa_instance/u_branch_add_95_52_Y_u_branch_add_94_43_cdnadd_23/CO -       CI->CO F     FA1D2          1  1.8    63   123    3925    (-,-) 
  basic_isa_instance/u_branch_add_95_52_Y_u_branch_add_94_43_cdnadd_24/CO -       CI->CO F     FA1D2          1  1.8    63   123    4048    (-,-) 
  basic_isa_instance/u_branch_add_95_52_Y_u_branch_add_94_43_cdnadd_25/CO -       CI->CO F     FA1D2          1  1.8    63   123    4171    (-,-) 
  basic_isa_instance/u_branch_add_95_52_Y_u_branch_add_94_43_cdnadd_26/CO -       CI->CO F     FA1D2          1  1.8    63   123    4295    (-,-) 
  basic_isa_instance/u_branch_add_95_52_Y_u_branch_add_94_43_cdnadd_27/CO -       CI->CO F     FA1D2          1  1.8    63   123    4418    (-,-) 
  basic_isa_instance/u_branch_add_95_52_Y_u_branch_add_94_43_cdnadd_28/CO -       CI->CO F     FA1D2          1  1.8    63   123    4542    (-,-) 
  basic_isa_instance/u_branch_add_95_52_Y_u_branch_add_94_43_cdnadd_29/CO -       CI->CO F     FA1D2          1  1.8    63   123    4665    (-,-) 
  basic_isa_instance/u_branch_add_95_52_Y_u_branch_add_94_43_cdnadd_30/S  -       CI->S  R     FA1D2          2  2.0    51   178    4844    (-,-) 
  basic_isa_instance/g35737/Z                                             -       A1->Z  R     AN2D2         16 14.4   121   145    4989    (-,-) 
  basic_isa_instance/u_if_u_btb_U_FILE_target_arr_reg[7][0][30]/D         -       -      R     DFCNQD2       16    -     -     0    4989    (-,-) 
#-------------------------------------------------------------------------------------------------------------------------------------------------



Path 29: VIOLATED (-2588 ps) Setup Check with Pin basic_isa_instance/u_if_u_btb_U_FILE_target_arr_reg[6][1][30]/CP->D
          Group: core_clk
     Startpoint: (R) basic_isa_instance/u_mem_wb_rd_wb_reg[4]/CP
          Clock: (R) core_clk
       Endpoint: (R) basic_isa_instance/u_if_u_btb_U_FILE_target_arr_reg[6][1][30]/D
          Clock: (R) core_clk

                     Capture       Launch     
        Clock Edge:+    2500            0     
       Src Latency:+       0            0     
       Net Latency:+       0 (I)        0 (I) 
           Arrival:=    2500            0     
                                              
             Setup:-     100                  
     Required Time:=    2400                  
      Launch Clock:-       0                  
         Data Path:-    4989                  
             Slack:=   -2588                  

#-------------------------------------------------------------------------------------------------------------------------------------------------
#                              Timing Point                               Flags    Arc   Edge   Cell     Fanout Load Trans Delay Arrival Instance 
#                                                                                                               (fF)  (ps)  (ps)   (ps)  Location 
#-------------------------------------------------------------------------------------------------------------------------------------------------
  basic_isa_instance/u_mem_wb_rd_wb_reg[4]/CP                             -       -      R     (arrival)    106    -     0     -       0    (-,-) 
  basic_isa_instance/u_mem_wb_rd_wb_reg[4]/Q                              -       CP->Q  R     DFCND2         3  5.4    64   287     287    (-,-) 
  basic_isa_instance/fopt26924/ZN                                         -       I->ZN  F     INVD2          1  2.1    27    34     321    (-,-) 
  basic_isa_instance/g26622/ZN                                            -       B2->ZN R     OAI22D2        1  2.2    94    84     405    (-,-) 
  basic_isa_instance/g26578/ZN                                            -       A2->ZN F     NR2D2          1  2.6    38    50     455    (-,-) 
  basic_isa_instance/g26574/ZN                                            -       A1->ZN R     ND2D3          1  5.2    43    41     497    (-,-) 
  basic_isa_instance/g26566/ZN                                            -       A1->ZN F     NR2XD4         4 11.2    49    43     540    (-,-) 
  basic_isa_instance/g26565/ZN                                            -       I->ZN  R     CKND2          1  1.7    26    33     573    (-,-) 
  basic_isa_instance/g26560/ZN                                            -       B1->ZN F     INR2D2         1  3.6    36    27     600    (-,-) 
  basic_isa_instance/g26536/ZN                                            -       B->ZN  R     AOI21D4        1  3.3    68    76     676    (-,-) 
  basic_isa_instance/g26392/ZN                                            -       A1->ZN F     OAI21D4        1  3.4    50    49     725    (-,-) 
  basic_isa_instance/g3/ZN                                                -       A1->ZN R     ND2D4          1  3.8    40    38     763    (-,-) 
  basic_isa_instance/g2/ZN                                                -       B1->ZN F     IND2D4        14 17.3    92    72     836    (-,-) 
  basic_isa_instance/g20782/Z                                             -       I1->Z  F     MUX2D2         1  2.7    57   146     982    (-,-) 
  basic_isa_instance/u_branch_add_95_52_Y_u_branch_add_94_43_cdnadd_1/CO  -       B->CO  F     FA1D4          1  1.8    53   231    1213    (-,-) 
  basic_isa_instance/u_branch_add_95_52_Y_u_branch_add_94_43_cdnadd_2/CO  -       CI->CO F     FA1D2          1  1.8    63   120    1333    (-,-) 
  basic_isa_instance/u_branch_add_95_52_Y_u_branch_add_94_43_cdnadd_3/CO  -       CI->CO F     FA1D2          1  1.8    63   123    1457    (-,-) 
  basic_isa_instance/u_branch_add_95_52_Y_u_branch_add_94_43_cdnadd_4/CO  -       CI->CO F     FA1D2          1  1.8    63   123    1580    (-,-) 
  basic_isa_instance/u_branch_add_95_52_Y_u_branch_add_94_43_cdnadd_5/CO  -       CI->CO F     FA1D2          1  1.8    63   123    1703    (-,-) 
  basic_isa_instance/u_branch_add_95_52_Y_u_branch_add_94_43_cdnadd_6/CO  -       CI->CO F     FA1D2          1  1.8    63   123    1827    (-,-) 
  basic_isa_instance/u_branch_add_95_52_Y_u_branch_add_94_43_cdnadd_7/CO  -       CI->CO F     FA1D2          1  1.8    63   123    1950    (-,-) 
  basic_isa_instance/u_branch_add_95_52_Y_u_branch_add_94_43_cdnadd_8/CO  -       CI->CO F     FA1D2          1  1.8    63   123    2074    (-,-) 
  basic_isa_instance/u_branch_add_95_52_Y_u_branch_add_94_43_cdnadd_9/CO  -       CI->CO F     FA1D2          1  1.8    63   123    2197    (-,-) 
  basic_isa_instance/u_branch_add_95_52_Y_u_branch_add_94_43_cdnadd_10/CO -       CI->CO F     FA1D2          1  1.8    63   123    2320    (-,-) 
  basic_isa_instance/u_branch_add_95_52_Y_u_branch_add_94_43_cdnadd_11/CO -       CI->CO F     FA1D2          1  1.8    63   123    2444    (-,-) 
  basic_isa_instance/u_branch_add_95_52_Y_u_branch_add_94_43_cdnadd_12/CO -       CI->CO F     FA1D2          1  1.8    63   123    2567    (-,-) 
  basic_isa_instance/u_branch_add_95_52_Y_u_branch_add_94_43_cdnadd_13/CO -       CI->CO F     FA1D2          1  1.8    63   123    2691    (-,-) 
  basic_isa_instance/u_branch_add_95_52_Y_u_branch_add_94_43_cdnadd_14/CO -       CI->CO F     FA1D2          1  1.8    63   123    2814    (-,-) 
  basic_isa_instance/u_branch_add_95_52_Y_u_branch_add_94_43_cdnadd_15/CO -       CI->CO F     FA1D2          1  1.8    63   123    2937    (-,-) 
  basic_isa_instance/u_branch_add_95_52_Y_u_branch_add_94_43_cdnadd_16/CO -       CI->CO F     FA1D2          1  1.8    63   123    3061    (-,-) 
  basic_isa_instance/u_branch_add_95_52_Y_u_branch_add_94_43_cdnadd_17/CO -       CI->CO F     FA1D2          1  1.8    63   123    3184    (-,-) 
  basic_isa_instance/u_branch_add_95_52_Y_u_branch_add_94_43_cdnadd_18/CO -       CI->CO F     FA1D2          1  1.8    63   123    3308    (-,-) 
  basic_isa_instance/u_branch_add_95_52_Y_u_branch_add_94_43_cdnadd_19/CO -       CI->CO F     FA1D2          1  1.8    63   123    3431    (-,-) 
  basic_isa_instance/u_branch_add_95_52_Y_u_branch_add_94_43_cdnadd_20/CO -       CI->CO F     FA1D2          1  1.8    63   123    3554    (-,-) 
  basic_isa_instance/u_branch_add_95_52_Y_u_branch_add_94_43_cdnadd_21/CO -       CI->CO F     FA1D2          1  1.8    63   123    3678    (-,-) 
  basic_isa_instance/u_branch_add_95_52_Y_u_branch_add_94_43_cdnadd_22/CO -       CI->CO F     FA1D2          1  1.8    63   123    3801    (-,-) 
  basic_isa_instance/u_branch_add_95_52_Y_u_branch_add_94_43_cdnadd_23/CO -       CI->CO F     FA1D2          1  1.8    63   123    3925    (-,-) 
  basic_isa_instance/u_branch_add_95_52_Y_u_branch_add_94_43_cdnadd_24/CO -       CI->CO F     FA1D2          1  1.8    63   123    4048    (-,-) 
  basic_isa_instance/u_branch_add_95_52_Y_u_branch_add_94_43_cdnadd_25/CO -       CI->CO F     FA1D2          1  1.8    63   123    4171    (-,-) 
  basic_isa_instance/u_branch_add_95_52_Y_u_branch_add_94_43_cdnadd_26/CO -       CI->CO F     FA1D2          1  1.8    63   123    4295    (-,-) 
  basic_isa_instance/u_branch_add_95_52_Y_u_branch_add_94_43_cdnadd_27/CO -       CI->CO F     FA1D2          1  1.8    63   123    4418    (-,-) 
  basic_isa_instance/u_branch_add_95_52_Y_u_branch_add_94_43_cdnadd_28/CO -       CI->CO F     FA1D2          1  1.8    63   123    4542    (-,-) 
  basic_isa_instance/u_branch_add_95_52_Y_u_branch_add_94_43_cdnadd_29/CO -       CI->CO F     FA1D2          1  1.8    63   123    4665    (-,-) 
  basic_isa_instance/u_branch_add_95_52_Y_u_branch_add_94_43_cdnadd_30/S  -       CI->S  R     FA1D2          2  2.0    51   178    4844    (-,-) 
  basic_isa_instance/g35737/Z                                             -       A1->Z  R     AN2D2         16 14.4   121   145    4989    (-,-) 
  basic_isa_instance/u_if_u_btb_U_FILE_target_arr_reg[6][1][30]/D         -       -      R     DFCNQD2       16    -     -     0    4989    (-,-) 
#-------------------------------------------------------------------------------------------------------------------------------------------------



Path 30: VIOLATED (-2588 ps) Setup Check with Pin basic_isa_instance/u_if_u_btb_U_FILE_target_arr_reg[6][0][30]/CP->D
          Group: core_clk
     Startpoint: (R) basic_isa_instance/u_mem_wb_rd_wb_reg[4]/CP
          Clock: (R) core_clk
       Endpoint: (R) basic_isa_instance/u_if_u_btb_U_FILE_target_arr_reg[6][0][30]/D
          Clock: (R) core_clk

                     Capture       Launch     
        Clock Edge:+    2500            0     
       Src Latency:+       0            0     
       Net Latency:+       0 (I)        0 (I) 
           Arrival:=    2500            0     
                                              
             Setup:-     100                  
     Required Time:=    2400                  
      Launch Clock:-       0                  
         Data Path:-    4989                  
             Slack:=   -2588                  

#-------------------------------------------------------------------------------------------------------------------------------------------------
#                              Timing Point                               Flags    Arc   Edge   Cell     Fanout Load Trans Delay Arrival Instance 
#                                                                                                               (fF)  (ps)  (ps)   (ps)  Location 
#-------------------------------------------------------------------------------------------------------------------------------------------------
  basic_isa_instance/u_mem_wb_rd_wb_reg[4]/CP                             -       -      R     (arrival)    106    -     0     -       0    (-,-) 
  basic_isa_instance/u_mem_wb_rd_wb_reg[4]/Q                              -       CP->Q  R     DFCND2         3  5.4    64   287     287    (-,-) 
  basic_isa_instance/fopt26924/ZN                                         -       I->ZN  F     INVD2          1  2.1    27    34     321    (-,-) 
  basic_isa_instance/g26622/ZN                                            -       B2->ZN R     OAI22D2        1  2.2    94    84     405    (-,-) 
  basic_isa_instance/g26578/ZN                                            -       A2->ZN F     NR2D2          1  2.6    38    50     455    (-,-) 
  basic_isa_instance/g26574/ZN                                            -       A1->ZN R     ND2D3          1  5.2    43    41     497    (-,-) 
  basic_isa_instance/g26566/ZN                                            -       A1->ZN F     NR2XD4         4 11.2    49    43     540    (-,-) 
  basic_isa_instance/g26565/ZN                                            -       I->ZN  R     CKND2          1  1.7    26    33     573    (-,-) 
  basic_isa_instance/g26560/ZN                                            -       B1->ZN F     INR2D2         1  3.6    36    27     600    (-,-) 
  basic_isa_instance/g26536/ZN                                            -       B->ZN  R     AOI21D4        1  3.3    68    76     676    (-,-) 
  basic_isa_instance/g26392/ZN                                            -       A1->ZN F     OAI21D4        1  3.4    50    49     725    (-,-) 
  basic_isa_instance/g3/ZN                                                -       A1->ZN R     ND2D4          1  3.8    40    38     763    (-,-) 
  basic_isa_instance/g2/ZN                                                -       B1->ZN F     IND2D4        14 17.3    92    72     836    (-,-) 
  basic_isa_instance/g20782/Z                                             -       I1->Z  F     MUX2D2         1  2.7    57   146     982    (-,-) 
  basic_isa_instance/u_branch_add_95_52_Y_u_branch_add_94_43_cdnadd_1/CO  -       B->CO  F     FA1D4          1  1.8    53   231    1213    (-,-) 
  basic_isa_instance/u_branch_add_95_52_Y_u_branch_add_94_43_cdnadd_2/CO  -       CI->CO F     FA1D2          1  1.8    63   120    1333    (-,-) 
  basic_isa_instance/u_branch_add_95_52_Y_u_branch_add_94_43_cdnadd_3/CO  -       CI->CO F     FA1D2          1  1.8    63   123    1457    (-,-) 
  basic_isa_instance/u_branch_add_95_52_Y_u_branch_add_94_43_cdnadd_4/CO  -       CI->CO F     FA1D2          1  1.8    63   123    1580    (-,-) 
  basic_isa_instance/u_branch_add_95_52_Y_u_branch_add_94_43_cdnadd_5/CO  -       CI->CO F     FA1D2          1  1.8    63   123    1703    (-,-) 
  basic_isa_instance/u_branch_add_95_52_Y_u_branch_add_94_43_cdnadd_6/CO  -       CI->CO F     FA1D2          1  1.8    63   123    1827    (-,-) 
  basic_isa_instance/u_branch_add_95_52_Y_u_branch_add_94_43_cdnadd_7/CO  -       CI->CO F     FA1D2          1  1.8    63   123    1950    (-,-) 
  basic_isa_instance/u_branch_add_95_52_Y_u_branch_add_94_43_cdnadd_8/CO  -       CI->CO F     FA1D2          1  1.8    63   123    2074    (-,-) 
  basic_isa_instance/u_branch_add_95_52_Y_u_branch_add_94_43_cdnadd_9/CO  -       CI->CO F     FA1D2          1  1.8    63   123    2197    (-,-) 
  basic_isa_instance/u_branch_add_95_52_Y_u_branch_add_94_43_cdnadd_10/CO -       CI->CO F     FA1D2          1  1.8    63   123    2320    (-,-) 
  basic_isa_instance/u_branch_add_95_52_Y_u_branch_add_94_43_cdnadd_11/CO -       CI->CO F     FA1D2          1  1.8    63   123    2444    (-,-) 
  basic_isa_instance/u_branch_add_95_52_Y_u_branch_add_94_43_cdnadd_12/CO -       CI->CO F     FA1D2          1  1.8    63   123    2567    (-,-) 
  basic_isa_instance/u_branch_add_95_52_Y_u_branch_add_94_43_cdnadd_13/CO -       CI->CO F     FA1D2          1  1.8    63   123    2691    (-,-) 
  basic_isa_instance/u_branch_add_95_52_Y_u_branch_add_94_43_cdnadd_14/CO -       CI->CO F     FA1D2          1  1.8    63   123    2814    (-,-) 
  basic_isa_instance/u_branch_add_95_52_Y_u_branch_add_94_43_cdnadd_15/CO -       CI->CO F     FA1D2          1  1.8    63   123    2937    (-,-) 
  basic_isa_instance/u_branch_add_95_52_Y_u_branch_add_94_43_cdnadd_16/CO -       CI->CO F     FA1D2          1  1.8    63   123    3061    (-,-) 
  basic_isa_instance/u_branch_add_95_52_Y_u_branch_add_94_43_cdnadd_17/CO -       CI->CO F     FA1D2          1  1.8    63   123    3184    (-,-) 
  basic_isa_instance/u_branch_add_95_52_Y_u_branch_add_94_43_cdnadd_18/CO -       CI->CO F     FA1D2          1  1.8    63   123    3308    (-,-) 
  basic_isa_instance/u_branch_add_95_52_Y_u_branch_add_94_43_cdnadd_19/CO -       CI->CO F     FA1D2          1  1.8    63   123    3431    (-,-) 
  basic_isa_instance/u_branch_add_95_52_Y_u_branch_add_94_43_cdnadd_20/CO -       CI->CO F     FA1D2          1  1.8    63   123    3554    (-,-) 
  basic_isa_instance/u_branch_add_95_52_Y_u_branch_add_94_43_cdnadd_21/CO -       CI->CO F     FA1D2          1  1.8    63   123    3678    (-,-) 
  basic_isa_instance/u_branch_add_95_52_Y_u_branch_add_94_43_cdnadd_22/CO -       CI->CO F     FA1D2          1  1.8    63   123    3801    (-,-) 
  basic_isa_instance/u_branch_add_95_52_Y_u_branch_add_94_43_cdnadd_23/CO -       CI->CO F     FA1D2          1  1.8    63   123    3925    (-,-) 
  basic_isa_instance/u_branch_add_95_52_Y_u_branch_add_94_43_cdnadd_24/CO -       CI->CO F     FA1D2          1  1.8    63   123    4048    (-,-) 
  basic_isa_instance/u_branch_add_95_52_Y_u_branch_add_94_43_cdnadd_25/CO -       CI->CO F     FA1D2          1  1.8    63   123    4171    (-,-) 
  basic_isa_instance/u_branch_add_95_52_Y_u_branch_add_94_43_cdnadd_26/CO -       CI->CO F     FA1D2          1  1.8    63   123    4295    (-,-) 
  basic_isa_instance/u_branch_add_95_52_Y_u_branch_add_94_43_cdnadd_27/CO -       CI->CO F     FA1D2          1  1.8    63   123    4418    (-,-) 
  basic_isa_instance/u_branch_add_95_52_Y_u_branch_add_94_43_cdnadd_28/CO -       CI->CO F     FA1D2          1  1.8    63   123    4542    (-,-) 
  basic_isa_instance/u_branch_add_95_52_Y_u_branch_add_94_43_cdnadd_29/CO -       CI->CO F     FA1D2          1  1.8    63   123    4665    (-,-) 
  basic_isa_instance/u_branch_add_95_52_Y_u_branch_add_94_43_cdnadd_30/S  -       CI->S  R     FA1D2          2  2.0    51   178    4844    (-,-) 
  basic_isa_instance/g35737/Z                                             -       A1->Z  R     AN2D2         16 14.4   121   145    4989    (-,-) 
  basic_isa_instance/u_if_u_btb_U_FILE_target_arr_reg[6][0][30]/D         -       -      R     DFCNQD2       16    -     -     0    4989    (-,-) 
#-------------------------------------------------------------------------------------------------------------------------------------------------



Path 31: VIOLATED (-2588 ps) Setup Check with Pin basic_isa_instance/u_if_u_btb_U_FILE_target_arr_reg[5][1][30]/CP->D
          Group: core_clk
     Startpoint: (R) basic_isa_instance/u_mem_wb_rd_wb_reg[4]/CP
          Clock: (R) core_clk
       Endpoint: (R) basic_isa_instance/u_if_u_btb_U_FILE_target_arr_reg[5][1][30]/D
          Clock: (R) core_clk

                     Capture       Launch     
        Clock Edge:+    2500            0     
       Src Latency:+       0            0     
       Net Latency:+       0 (I)        0 (I) 
           Arrival:=    2500            0     
                                              
             Setup:-     100                  
     Required Time:=    2400                  
      Launch Clock:-       0                  
         Data Path:-    4989                  
             Slack:=   -2588                  

#-------------------------------------------------------------------------------------------------------------------------------------------------
#                              Timing Point                               Flags    Arc   Edge   Cell     Fanout Load Trans Delay Arrival Instance 
#                                                                                                               (fF)  (ps)  (ps)   (ps)  Location 
#-------------------------------------------------------------------------------------------------------------------------------------------------
  basic_isa_instance/u_mem_wb_rd_wb_reg[4]/CP                             -       -      R     (arrival)    106    -     0     -       0    (-,-) 
  basic_isa_instance/u_mem_wb_rd_wb_reg[4]/Q                              -       CP->Q  R     DFCND2         3  5.4    64   287     287    (-,-) 
  basic_isa_instance/fopt26924/ZN                                         -       I->ZN  F     INVD2          1  2.1    27    34     321    (-,-) 
  basic_isa_instance/g26622/ZN                                            -       B2->ZN R     OAI22D2        1  2.2    94    84     405    (-,-) 
  basic_isa_instance/g26578/ZN                                            -       A2->ZN F     NR2D2          1  2.6    38    50     455    (-,-) 
  basic_isa_instance/g26574/ZN                                            -       A1->ZN R     ND2D3          1  5.2    43    41     497    (-,-) 
  basic_isa_instance/g26566/ZN                                            -       A1->ZN F     NR2XD4         4 11.2    49    43     540    (-,-) 
  basic_isa_instance/g26565/ZN                                            -       I->ZN  R     CKND2          1  1.7    26    33     573    (-,-) 
  basic_isa_instance/g26560/ZN                                            -       B1->ZN F     INR2D2         1  3.6    36    27     600    (-,-) 
  basic_isa_instance/g26536/ZN                                            -       B->ZN  R     AOI21D4        1  3.3    68    76     676    (-,-) 
  basic_isa_instance/g26392/ZN                                            -       A1->ZN F     OAI21D4        1  3.4    50    49     725    (-,-) 
  basic_isa_instance/g3/ZN                                                -       A1->ZN R     ND2D4          1  3.8    40    38     763    (-,-) 
  basic_isa_instance/g2/ZN                                                -       B1->ZN F     IND2D4        14 17.3    92    72     836    (-,-) 
  basic_isa_instance/g20782/Z                                             -       I1->Z  F     MUX2D2         1  2.7    57   146     982    (-,-) 
  basic_isa_instance/u_branch_add_95_52_Y_u_branch_add_94_43_cdnadd_1/CO  -       B->CO  F     FA1D4          1  1.8    53   231    1213    (-,-) 
  basic_isa_instance/u_branch_add_95_52_Y_u_branch_add_94_43_cdnadd_2/CO  -       CI->CO F     FA1D2          1  1.8    63   120    1333    (-,-) 
  basic_isa_instance/u_branch_add_95_52_Y_u_branch_add_94_43_cdnadd_3/CO  -       CI->CO F     FA1D2          1  1.8    63   123    1457    (-,-) 
  basic_isa_instance/u_branch_add_95_52_Y_u_branch_add_94_43_cdnadd_4/CO  -       CI->CO F     FA1D2          1  1.8    63   123    1580    (-,-) 
  basic_isa_instance/u_branch_add_95_52_Y_u_branch_add_94_43_cdnadd_5/CO  -       CI->CO F     FA1D2          1  1.8    63   123    1703    (-,-) 
  basic_isa_instance/u_branch_add_95_52_Y_u_branch_add_94_43_cdnadd_6/CO  -       CI->CO F     FA1D2          1  1.8    63   123    1827    (-,-) 
  basic_isa_instance/u_branch_add_95_52_Y_u_branch_add_94_43_cdnadd_7/CO  -       CI->CO F     FA1D2          1  1.8    63   123    1950    (-,-) 
  basic_isa_instance/u_branch_add_95_52_Y_u_branch_add_94_43_cdnadd_8/CO  -       CI->CO F     FA1D2          1  1.8    63   123    2074    (-,-) 
  basic_isa_instance/u_branch_add_95_52_Y_u_branch_add_94_43_cdnadd_9/CO  -       CI->CO F     FA1D2          1  1.8    63   123    2197    (-,-) 
  basic_isa_instance/u_branch_add_95_52_Y_u_branch_add_94_43_cdnadd_10/CO -       CI->CO F     FA1D2          1  1.8    63   123    2320    (-,-) 
  basic_isa_instance/u_branch_add_95_52_Y_u_branch_add_94_43_cdnadd_11/CO -       CI->CO F     FA1D2          1  1.8    63   123    2444    (-,-) 
  basic_isa_instance/u_branch_add_95_52_Y_u_branch_add_94_43_cdnadd_12/CO -       CI->CO F     FA1D2          1  1.8    63   123    2567    (-,-) 
  basic_isa_instance/u_branch_add_95_52_Y_u_branch_add_94_43_cdnadd_13/CO -       CI->CO F     FA1D2          1  1.8    63   123    2691    (-,-) 
  basic_isa_instance/u_branch_add_95_52_Y_u_branch_add_94_43_cdnadd_14/CO -       CI->CO F     FA1D2          1  1.8    63   123    2814    (-,-) 
  basic_isa_instance/u_branch_add_95_52_Y_u_branch_add_94_43_cdnadd_15/CO -       CI->CO F     FA1D2          1  1.8    63   123    2937    (-,-) 
  basic_isa_instance/u_branch_add_95_52_Y_u_branch_add_94_43_cdnadd_16/CO -       CI->CO F     FA1D2          1  1.8    63   123    3061    (-,-) 
  basic_isa_instance/u_branch_add_95_52_Y_u_branch_add_94_43_cdnadd_17/CO -       CI->CO F     FA1D2          1  1.8    63   123    3184    (-,-) 
  basic_isa_instance/u_branch_add_95_52_Y_u_branch_add_94_43_cdnadd_18/CO -       CI->CO F     FA1D2          1  1.8    63   123    3308    (-,-) 
  basic_isa_instance/u_branch_add_95_52_Y_u_branch_add_94_43_cdnadd_19/CO -       CI->CO F     FA1D2          1  1.8    63   123    3431    (-,-) 
  basic_isa_instance/u_branch_add_95_52_Y_u_branch_add_94_43_cdnadd_20/CO -       CI->CO F     FA1D2          1  1.8    63   123    3554    (-,-) 
  basic_isa_instance/u_branch_add_95_52_Y_u_branch_add_94_43_cdnadd_21/CO -       CI->CO F     FA1D2          1  1.8    63   123    3678    (-,-) 
  basic_isa_instance/u_branch_add_95_52_Y_u_branch_add_94_43_cdnadd_22/CO -       CI->CO F     FA1D2          1  1.8    63   123    3801    (-,-) 
  basic_isa_instance/u_branch_add_95_52_Y_u_branch_add_94_43_cdnadd_23/CO -       CI->CO F     FA1D2          1  1.8    63   123    3925    (-,-) 
  basic_isa_instance/u_branch_add_95_52_Y_u_branch_add_94_43_cdnadd_24/CO -       CI->CO F     FA1D2          1  1.8    63   123    4048    (-,-) 
  basic_isa_instance/u_branch_add_95_52_Y_u_branch_add_94_43_cdnadd_25/CO -       CI->CO F     FA1D2          1  1.8    63   123    4171    (-,-) 
  basic_isa_instance/u_branch_add_95_52_Y_u_branch_add_94_43_cdnadd_26/CO -       CI->CO F     FA1D2          1  1.8    63   123    4295    (-,-) 
  basic_isa_instance/u_branch_add_95_52_Y_u_branch_add_94_43_cdnadd_27/CO -       CI->CO F     FA1D2          1  1.8    63   123    4418    (-,-) 
  basic_isa_instance/u_branch_add_95_52_Y_u_branch_add_94_43_cdnadd_28/CO -       CI->CO F     FA1D2          1  1.8    63   123    4542    (-,-) 
  basic_isa_instance/u_branch_add_95_52_Y_u_branch_add_94_43_cdnadd_29/CO -       CI->CO F     FA1D2          1  1.8    63   123    4665    (-,-) 
  basic_isa_instance/u_branch_add_95_52_Y_u_branch_add_94_43_cdnadd_30/S  -       CI->S  R     FA1D2          2  2.0    51   178    4844    (-,-) 
  basic_isa_instance/g35737/Z                                             -       A1->Z  R     AN2D2         16 14.4   121   145    4989    (-,-) 
  basic_isa_instance/u_if_u_btb_U_FILE_target_arr_reg[5][1][30]/D         -       -      R     DFCNQD2       16    -     -     0    4989    (-,-) 
#-------------------------------------------------------------------------------------------------------------------------------------------------



Path 32: VIOLATED (-2588 ps) Setup Check with Pin basic_isa_instance/u_if_u_btb_U_FILE_target_arr_reg[5][0][30]/CP->D
          Group: core_clk
     Startpoint: (R) basic_isa_instance/u_mem_wb_rd_wb_reg[4]/CP
          Clock: (R) core_clk
       Endpoint: (R) basic_isa_instance/u_if_u_btb_U_FILE_target_arr_reg[5][0][30]/D
          Clock: (R) core_clk

                     Capture       Launch     
        Clock Edge:+    2500            0     
       Src Latency:+       0            0     
       Net Latency:+       0 (I)        0 (I) 
           Arrival:=    2500            0     
                                              
             Setup:-     100                  
     Required Time:=    2400                  
      Launch Clock:-       0                  
         Data Path:-    4989                  
             Slack:=   -2588                  

#-------------------------------------------------------------------------------------------------------------------------------------------------
#                              Timing Point                               Flags    Arc   Edge   Cell     Fanout Load Trans Delay Arrival Instance 
#                                                                                                               (fF)  (ps)  (ps)   (ps)  Location 
#-------------------------------------------------------------------------------------------------------------------------------------------------
  basic_isa_instance/u_mem_wb_rd_wb_reg[4]/CP                             -       -      R     (arrival)    106    -     0     -       0    (-,-) 
  basic_isa_instance/u_mem_wb_rd_wb_reg[4]/Q                              -       CP->Q  R     DFCND2         3  5.4    64   287     287    (-,-) 
  basic_isa_instance/fopt26924/ZN                                         -       I->ZN  F     INVD2          1  2.1    27    34     321    (-,-) 
  basic_isa_instance/g26622/ZN                                            -       B2->ZN R     OAI22D2        1  2.2    94    84     405    (-,-) 
  basic_isa_instance/g26578/ZN                                            -       A2->ZN F     NR2D2          1  2.6    38    50     455    (-,-) 
  basic_isa_instance/g26574/ZN                                            -       A1->ZN R     ND2D3          1  5.2    43    41     497    (-,-) 
  basic_isa_instance/g26566/ZN                                            -       A1->ZN F     NR2XD4         4 11.2    49    43     540    (-,-) 
  basic_isa_instance/g26565/ZN                                            -       I->ZN  R     CKND2          1  1.7    26    33     573    (-,-) 
  basic_isa_instance/g26560/ZN                                            -       B1->ZN F     INR2D2         1  3.6    36    27     600    (-,-) 
  basic_isa_instance/g26536/ZN                                            -       B->ZN  R     AOI21D4        1  3.3    68    76     676    (-,-) 
  basic_isa_instance/g26392/ZN                                            -       A1->ZN F     OAI21D4        1  3.4    50    49     725    (-,-) 
  basic_isa_instance/g3/ZN                                                -       A1->ZN R     ND2D4          1  3.8    40    38     763    (-,-) 
  basic_isa_instance/g2/ZN                                                -       B1->ZN F     IND2D4        14 17.3    92    72     836    (-,-) 
  basic_isa_instance/g20782/Z                                             -       I1->Z  F     MUX2D2         1  2.7    57   146     982    (-,-) 
  basic_isa_instance/u_branch_add_95_52_Y_u_branch_add_94_43_cdnadd_1/CO  -       B->CO  F     FA1D4          1  1.8    53   231    1213    (-,-) 
  basic_isa_instance/u_branch_add_95_52_Y_u_branch_add_94_43_cdnadd_2/CO  -       CI->CO F     FA1D2          1  1.8    63   120    1333    (-,-) 
  basic_isa_instance/u_branch_add_95_52_Y_u_branch_add_94_43_cdnadd_3/CO  -       CI->CO F     FA1D2          1  1.8    63   123    1457    (-,-) 
  basic_isa_instance/u_branch_add_95_52_Y_u_branch_add_94_43_cdnadd_4/CO  -       CI->CO F     FA1D2          1  1.8    63   123    1580    (-,-) 
  basic_isa_instance/u_branch_add_95_52_Y_u_branch_add_94_43_cdnadd_5/CO  -       CI->CO F     FA1D2          1  1.8    63   123    1703    (-,-) 
  basic_isa_instance/u_branch_add_95_52_Y_u_branch_add_94_43_cdnadd_6/CO  -       CI->CO F     FA1D2          1  1.8    63   123    1827    (-,-) 
  basic_isa_instance/u_branch_add_95_52_Y_u_branch_add_94_43_cdnadd_7/CO  -       CI->CO F     FA1D2          1  1.8    63   123    1950    (-,-) 
  basic_isa_instance/u_branch_add_95_52_Y_u_branch_add_94_43_cdnadd_8/CO  -       CI->CO F     FA1D2          1  1.8    63   123    2074    (-,-) 
  basic_isa_instance/u_branch_add_95_52_Y_u_branch_add_94_43_cdnadd_9/CO  -       CI->CO F     FA1D2          1  1.8    63   123    2197    (-,-) 
  basic_isa_instance/u_branch_add_95_52_Y_u_branch_add_94_43_cdnadd_10/CO -       CI->CO F     FA1D2          1  1.8    63   123    2320    (-,-) 
  basic_isa_instance/u_branch_add_95_52_Y_u_branch_add_94_43_cdnadd_11/CO -       CI->CO F     FA1D2          1  1.8    63   123    2444    (-,-) 
  basic_isa_instance/u_branch_add_95_52_Y_u_branch_add_94_43_cdnadd_12/CO -       CI->CO F     FA1D2          1  1.8    63   123    2567    (-,-) 
  basic_isa_instance/u_branch_add_95_52_Y_u_branch_add_94_43_cdnadd_13/CO -       CI->CO F     FA1D2          1  1.8    63   123    2691    (-,-) 
  basic_isa_instance/u_branch_add_95_52_Y_u_branch_add_94_43_cdnadd_14/CO -       CI->CO F     FA1D2          1  1.8    63   123    2814    (-,-) 
  basic_isa_instance/u_branch_add_95_52_Y_u_branch_add_94_43_cdnadd_15/CO -       CI->CO F     FA1D2          1  1.8    63   123    2937    (-,-) 
  basic_isa_instance/u_branch_add_95_52_Y_u_branch_add_94_43_cdnadd_16/CO -       CI->CO F     FA1D2          1  1.8    63   123    3061    (-,-) 
  basic_isa_instance/u_branch_add_95_52_Y_u_branch_add_94_43_cdnadd_17/CO -       CI->CO F     FA1D2          1  1.8    63   123    3184    (-,-) 
  basic_isa_instance/u_branch_add_95_52_Y_u_branch_add_94_43_cdnadd_18/CO -       CI->CO F     FA1D2          1  1.8    63   123    3308    (-,-) 
  basic_isa_instance/u_branch_add_95_52_Y_u_branch_add_94_43_cdnadd_19/CO -       CI->CO F     FA1D2          1  1.8    63   123    3431    (-,-) 
  basic_isa_instance/u_branch_add_95_52_Y_u_branch_add_94_43_cdnadd_20/CO -       CI->CO F     FA1D2          1  1.8    63   123    3554    (-,-) 
  basic_isa_instance/u_branch_add_95_52_Y_u_branch_add_94_43_cdnadd_21/CO -       CI->CO F     FA1D2          1  1.8    63   123    3678    (-,-) 
  basic_isa_instance/u_branch_add_95_52_Y_u_branch_add_94_43_cdnadd_22/CO -       CI->CO F     FA1D2          1  1.8    63   123    3801    (-,-) 
  basic_isa_instance/u_branch_add_95_52_Y_u_branch_add_94_43_cdnadd_23/CO -       CI->CO F     FA1D2          1  1.8    63   123    3925    (-,-) 
  basic_isa_instance/u_branch_add_95_52_Y_u_branch_add_94_43_cdnadd_24/CO -       CI->CO F     FA1D2          1  1.8    63   123    4048    (-,-) 
  basic_isa_instance/u_branch_add_95_52_Y_u_branch_add_94_43_cdnadd_25/CO -       CI->CO F     FA1D2          1  1.8    63   123    4171    (-,-) 
  basic_isa_instance/u_branch_add_95_52_Y_u_branch_add_94_43_cdnadd_26/CO -       CI->CO F     FA1D2          1  1.8    63   123    4295    (-,-) 
  basic_isa_instance/u_branch_add_95_52_Y_u_branch_add_94_43_cdnadd_27/CO -       CI->CO F     FA1D2          1  1.8    63   123    4418    (-,-) 
  basic_isa_instance/u_branch_add_95_52_Y_u_branch_add_94_43_cdnadd_28/CO -       CI->CO F     FA1D2          1  1.8    63   123    4542    (-,-) 
  basic_isa_instance/u_branch_add_95_52_Y_u_branch_add_94_43_cdnadd_29/CO -       CI->CO F     FA1D2          1  1.8    63   123    4665    (-,-) 
  basic_isa_instance/u_branch_add_95_52_Y_u_branch_add_94_43_cdnadd_30/S  -       CI->S  R     FA1D2          2  2.0    51   178    4844    (-,-) 
  basic_isa_instance/g35737/Z                                             -       A1->Z  R     AN2D2         16 14.4   121   145    4989    (-,-) 
  basic_isa_instance/u_if_u_btb_U_FILE_target_arr_reg[5][0][30]/D         -       -      R     DFCNQD2       16    -     -     0    4989    (-,-) 
#-------------------------------------------------------------------------------------------------------------------------------------------------



Path 33: VIOLATED (-2588 ps) Setup Check with Pin basic_isa_instance/u_if_u_btb_U_FILE_target_arr_reg[4][1][30]/CP->D
          Group: core_clk
     Startpoint: (R) basic_isa_instance/u_mem_wb_rd_wb_reg[4]/CP
          Clock: (R) core_clk
       Endpoint: (R) basic_isa_instance/u_if_u_btb_U_FILE_target_arr_reg[4][1][30]/D
          Clock: (R) core_clk

                     Capture       Launch     
        Clock Edge:+    2500            0     
       Src Latency:+       0            0     
       Net Latency:+       0 (I)        0 (I) 
           Arrival:=    2500            0     
                                              
             Setup:-     100                  
     Required Time:=    2400                  
      Launch Clock:-       0                  
         Data Path:-    4989                  
             Slack:=   -2588                  

#-------------------------------------------------------------------------------------------------------------------------------------------------
#                              Timing Point                               Flags    Arc   Edge   Cell     Fanout Load Trans Delay Arrival Instance 
#                                                                                                               (fF)  (ps)  (ps)   (ps)  Location 
#-------------------------------------------------------------------------------------------------------------------------------------------------
  basic_isa_instance/u_mem_wb_rd_wb_reg[4]/CP                             -       -      R     (arrival)    106    -     0     -       0    (-,-) 
  basic_isa_instance/u_mem_wb_rd_wb_reg[4]/Q                              -       CP->Q  R     DFCND2         3  5.4    64   287     287    (-,-) 
  basic_isa_instance/fopt26924/ZN                                         -       I->ZN  F     INVD2          1  2.1    27    34     321    (-,-) 
  basic_isa_instance/g26622/ZN                                            -       B2->ZN R     OAI22D2        1  2.2    94    84     405    (-,-) 
  basic_isa_instance/g26578/ZN                                            -       A2->ZN F     NR2D2          1  2.6    38    50     455    (-,-) 
  basic_isa_instance/g26574/ZN                                            -       A1->ZN R     ND2D3          1  5.2    43    41     497    (-,-) 
  basic_isa_instance/g26566/ZN                                            -       A1->ZN F     NR2XD4         4 11.2    49    43     540    (-,-) 
  basic_isa_instance/g26565/ZN                                            -       I->ZN  R     CKND2          1  1.7    26    33     573    (-,-) 
  basic_isa_instance/g26560/ZN                                            -       B1->ZN F     INR2D2         1  3.6    36    27     600    (-,-) 
  basic_isa_instance/g26536/ZN                                            -       B->ZN  R     AOI21D4        1  3.3    68    76     676    (-,-) 
  basic_isa_instance/g26392/ZN                                            -       A1->ZN F     OAI21D4        1  3.4    50    49     725    (-,-) 
  basic_isa_instance/g3/ZN                                                -       A1->ZN R     ND2D4          1  3.8    40    38     763    (-,-) 
  basic_isa_instance/g2/ZN                                                -       B1->ZN F     IND2D4        14 17.3    92    72     836    (-,-) 
  basic_isa_instance/g20782/Z                                             -       I1->Z  F     MUX2D2         1  2.7    57   146     982    (-,-) 
  basic_isa_instance/u_branch_add_95_52_Y_u_branch_add_94_43_cdnadd_1/CO  -       B->CO  F     FA1D4          1  1.8    53   231    1213    (-,-) 
  basic_isa_instance/u_branch_add_95_52_Y_u_branch_add_94_43_cdnadd_2/CO  -       CI->CO F     FA1D2          1  1.8    63   120    1333    (-,-) 
  basic_isa_instance/u_branch_add_95_52_Y_u_branch_add_94_43_cdnadd_3/CO  -       CI->CO F     FA1D2          1  1.8    63   123    1457    (-,-) 
  basic_isa_instance/u_branch_add_95_52_Y_u_branch_add_94_43_cdnadd_4/CO  -       CI->CO F     FA1D2          1  1.8    63   123    1580    (-,-) 
  basic_isa_instance/u_branch_add_95_52_Y_u_branch_add_94_43_cdnadd_5/CO  -       CI->CO F     FA1D2          1  1.8    63   123    1703    (-,-) 
  basic_isa_instance/u_branch_add_95_52_Y_u_branch_add_94_43_cdnadd_6/CO  -       CI->CO F     FA1D2          1  1.8    63   123    1827    (-,-) 
  basic_isa_instance/u_branch_add_95_52_Y_u_branch_add_94_43_cdnadd_7/CO  -       CI->CO F     FA1D2          1  1.8    63   123    1950    (-,-) 
  basic_isa_instance/u_branch_add_95_52_Y_u_branch_add_94_43_cdnadd_8/CO  -       CI->CO F     FA1D2          1  1.8    63   123    2074    (-,-) 
  basic_isa_instance/u_branch_add_95_52_Y_u_branch_add_94_43_cdnadd_9/CO  -       CI->CO F     FA1D2          1  1.8    63   123    2197    (-,-) 
  basic_isa_instance/u_branch_add_95_52_Y_u_branch_add_94_43_cdnadd_10/CO -       CI->CO F     FA1D2          1  1.8    63   123    2320    (-,-) 
  basic_isa_instance/u_branch_add_95_52_Y_u_branch_add_94_43_cdnadd_11/CO -       CI->CO F     FA1D2          1  1.8    63   123    2444    (-,-) 
  basic_isa_instance/u_branch_add_95_52_Y_u_branch_add_94_43_cdnadd_12/CO -       CI->CO F     FA1D2          1  1.8    63   123    2567    (-,-) 
  basic_isa_instance/u_branch_add_95_52_Y_u_branch_add_94_43_cdnadd_13/CO -       CI->CO F     FA1D2          1  1.8    63   123    2691    (-,-) 
  basic_isa_instance/u_branch_add_95_52_Y_u_branch_add_94_43_cdnadd_14/CO -       CI->CO F     FA1D2          1  1.8    63   123    2814    (-,-) 
  basic_isa_instance/u_branch_add_95_52_Y_u_branch_add_94_43_cdnadd_15/CO -       CI->CO F     FA1D2          1  1.8    63   123    2937    (-,-) 
  basic_isa_instance/u_branch_add_95_52_Y_u_branch_add_94_43_cdnadd_16/CO -       CI->CO F     FA1D2          1  1.8    63   123    3061    (-,-) 
  basic_isa_instance/u_branch_add_95_52_Y_u_branch_add_94_43_cdnadd_17/CO -       CI->CO F     FA1D2          1  1.8    63   123    3184    (-,-) 
  basic_isa_instance/u_branch_add_95_52_Y_u_branch_add_94_43_cdnadd_18/CO -       CI->CO F     FA1D2          1  1.8    63   123    3308    (-,-) 
  basic_isa_instance/u_branch_add_95_52_Y_u_branch_add_94_43_cdnadd_19/CO -       CI->CO F     FA1D2          1  1.8    63   123    3431    (-,-) 
  basic_isa_instance/u_branch_add_95_52_Y_u_branch_add_94_43_cdnadd_20/CO -       CI->CO F     FA1D2          1  1.8    63   123    3554    (-,-) 
  basic_isa_instance/u_branch_add_95_52_Y_u_branch_add_94_43_cdnadd_21/CO -       CI->CO F     FA1D2          1  1.8    63   123    3678    (-,-) 
  basic_isa_instance/u_branch_add_95_52_Y_u_branch_add_94_43_cdnadd_22/CO -       CI->CO F     FA1D2          1  1.8    63   123    3801    (-,-) 
  basic_isa_instance/u_branch_add_95_52_Y_u_branch_add_94_43_cdnadd_23/CO -       CI->CO F     FA1D2          1  1.8    63   123    3925    (-,-) 
  basic_isa_instance/u_branch_add_95_52_Y_u_branch_add_94_43_cdnadd_24/CO -       CI->CO F     FA1D2          1  1.8    63   123    4048    (-,-) 
  basic_isa_instance/u_branch_add_95_52_Y_u_branch_add_94_43_cdnadd_25/CO -       CI->CO F     FA1D2          1  1.8    63   123    4171    (-,-) 
  basic_isa_instance/u_branch_add_95_52_Y_u_branch_add_94_43_cdnadd_26/CO -       CI->CO F     FA1D2          1  1.8    63   123    4295    (-,-) 
  basic_isa_instance/u_branch_add_95_52_Y_u_branch_add_94_43_cdnadd_27/CO -       CI->CO F     FA1D2          1  1.8    63   123    4418    (-,-) 
  basic_isa_instance/u_branch_add_95_52_Y_u_branch_add_94_43_cdnadd_28/CO -       CI->CO F     FA1D2          1  1.8    63   123    4542    (-,-) 
  basic_isa_instance/u_branch_add_95_52_Y_u_branch_add_94_43_cdnadd_29/CO -       CI->CO F     FA1D2          1  1.8    63   123    4665    (-,-) 
  basic_isa_instance/u_branch_add_95_52_Y_u_branch_add_94_43_cdnadd_30/S  -       CI->S  R     FA1D2          2  2.0    51   178    4844    (-,-) 
  basic_isa_instance/g35737/Z                                             -       A1->Z  R     AN2D2         16 14.4   121   145    4989    (-,-) 
  basic_isa_instance/u_if_u_btb_U_FILE_target_arr_reg[4][1][30]/D         -       -      R     DFCNQD2       16    -     -     0    4989    (-,-) 
#-------------------------------------------------------------------------------------------------------------------------------------------------



Path 34: VIOLATED (-2588 ps) Setup Check with Pin basic_isa_instance/u_if_u_btb_U_FILE_target_arr_reg[4][0][30]/CP->D
          Group: core_clk
     Startpoint: (R) basic_isa_instance/u_mem_wb_rd_wb_reg[4]/CP
          Clock: (R) core_clk
       Endpoint: (R) basic_isa_instance/u_if_u_btb_U_FILE_target_arr_reg[4][0][30]/D
          Clock: (R) core_clk

                     Capture       Launch     
        Clock Edge:+    2500            0     
       Src Latency:+       0            0     
       Net Latency:+       0 (I)        0 (I) 
           Arrival:=    2500            0     
                                              
             Setup:-     100                  
     Required Time:=    2400                  
      Launch Clock:-       0                  
         Data Path:-    4989                  
             Slack:=   -2588                  

#-------------------------------------------------------------------------------------------------------------------------------------------------
#                              Timing Point                               Flags    Arc   Edge   Cell     Fanout Load Trans Delay Arrival Instance 
#                                                                                                               (fF)  (ps)  (ps)   (ps)  Location 
#-------------------------------------------------------------------------------------------------------------------------------------------------
  basic_isa_instance/u_mem_wb_rd_wb_reg[4]/CP                             -       -      R     (arrival)    106    -     0     -       0    (-,-) 
  basic_isa_instance/u_mem_wb_rd_wb_reg[4]/Q                              -       CP->Q  R     DFCND2         3  5.4    64   287     287    (-,-) 
  basic_isa_instance/fopt26924/ZN                                         -       I->ZN  F     INVD2          1  2.1    27    34     321    (-,-) 
  basic_isa_instance/g26622/ZN                                            -       B2->ZN R     OAI22D2        1  2.2    94    84     405    (-,-) 
  basic_isa_instance/g26578/ZN                                            -       A2->ZN F     NR2D2          1  2.6    38    50     455    (-,-) 
  basic_isa_instance/g26574/ZN                                            -       A1->ZN R     ND2D3          1  5.2    43    41     497    (-,-) 
  basic_isa_instance/g26566/ZN                                            -       A1->ZN F     NR2XD4         4 11.2    49    43     540    (-,-) 
  basic_isa_instance/g26565/ZN                                            -       I->ZN  R     CKND2          1  1.7    26    33     573    (-,-) 
  basic_isa_instance/g26560/ZN                                            -       B1->ZN F     INR2D2         1  3.6    36    27     600    (-,-) 
  basic_isa_instance/g26536/ZN                                            -       B->ZN  R     AOI21D4        1  3.3    68    76     676    (-,-) 
  basic_isa_instance/g26392/ZN                                            -       A1->ZN F     OAI21D4        1  3.4    50    49     725    (-,-) 
  basic_isa_instance/g3/ZN                                                -       A1->ZN R     ND2D4          1  3.8    40    38     763    (-,-) 
  basic_isa_instance/g2/ZN                                                -       B1->ZN F     IND2D4        14 17.3    92    72     836    (-,-) 
  basic_isa_instance/g20782/Z                                             -       I1->Z  F     MUX2D2         1  2.7    57   146     982    (-,-) 
  basic_isa_instance/u_branch_add_95_52_Y_u_branch_add_94_43_cdnadd_1/CO  -       B->CO  F     FA1D4          1  1.8    53   231    1213    (-,-) 
  basic_isa_instance/u_branch_add_95_52_Y_u_branch_add_94_43_cdnadd_2/CO  -       CI->CO F     FA1D2          1  1.8    63   120    1333    (-,-) 
  basic_isa_instance/u_branch_add_95_52_Y_u_branch_add_94_43_cdnadd_3/CO  -       CI->CO F     FA1D2          1  1.8    63   123    1457    (-,-) 
  basic_isa_instance/u_branch_add_95_52_Y_u_branch_add_94_43_cdnadd_4/CO  -       CI->CO F     FA1D2          1  1.8    63   123    1580    (-,-) 
  basic_isa_instance/u_branch_add_95_52_Y_u_branch_add_94_43_cdnadd_5/CO  -       CI->CO F     FA1D2          1  1.8    63   123    1703    (-,-) 
  basic_isa_instance/u_branch_add_95_52_Y_u_branch_add_94_43_cdnadd_6/CO  -       CI->CO F     FA1D2          1  1.8    63   123    1827    (-,-) 
  basic_isa_instance/u_branch_add_95_52_Y_u_branch_add_94_43_cdnadd_7/CO  -       CI->CO F     FA1D2          1  1.8    63   123    1950    (-,-) 
  basic_isa_instance/u_branch_add_95_52_Y_u_branch_add_94_43_cdnadd_8/CO  -       CI->CO F     FA1D2          1  1.8    63   123    2074    (-,-) 
  basic_isa_instance/u_branch_add_95_52_Y_u_branch_add_94_43_cdnadd_9/CO  -       CI->CO F     FA1D2          1  1.8    63   123    2197    (-,-) 
  basic_isa_instance/u_branch_add_95_52_Y_u_branch_add_94_43_cdnadd_10/CO -       CI->CO F     FA1D2          1  1.8    63   123    2320    (-,-) 
  basic_isa_instance/u_branch_add_95_52_Y_u_branch_add_94_43_cdnadd_11/CO -       CI->CO F     FA1D2          1  1.8    63   123    2444    (-,-) 
  basic_isa_instance/u_branch_add_95_52_Y_u_branch_add_94_43_cdnadd_12/CO -       CI->CO F     FA1D2          1  1.8    63   123    2567    (-,-) 
  basic_isa_instance/u_branch_add_95_52_Y_u_branch_add_94_43_cdnadd_13/CO -       CI->CO F     FA1D2          1  1.8    63   123    2691    (-,-) 
  basic_isa_instance/u_branch_add_95_52_Y_u_branch_add_94_43_cdnadd_14/CO -       CI->CO F     FA1D2          1  1.8    63   123    2814    (-,-) 
  basic_isa_instance/u_branch_add_95_52_Y_u_branch_add_94_43_cdnadd_15/CO -       CI->CO F     FA1D2          1  1.8    63   123    2937    (-,-) 
  basic_isa_instance/u_branch_add_95_52_Y_u_branch_add_94_43_cdnadd_16/CO -       CI->CO F     FA1D2          1  1.8    63   123    3061    (-,-) 
  basic_isa_instance/u_branch_add_95_52_Y_u_branch_add_94_43_cdnadd_17/CO -       CI->CO F     FA1D2          1  1.8    63   123    3184    (-,-) 
  basic_isa_instance/u_branch_add_95_52_Y_u_branch_add_94_43_cdnadd_18/CO -       CI->CO F     FA1D2          1  1.8    63   123    3308    (-,-) 
  basic_isa_instance/u_branch_add_95_52_Y_u_branch_add_94_43_cdnadd_19/CO -       CI->CO F     FA1D2          1  1.8    63   123    3431    (-,-) 
  basic_isa_instance/u_branch_add_95_52_Y_u_branch_add_94_43_cdnadd_20/CO -       CI->CO F     FA1D2          1  1.8    63   123    3554    (-,-) 
  basic_isa_instance/u_branch_add_95_52_Y_u_branch_add_94_43_cdnadd_21/CO -       CI->CO F     FA1D2          1  1.8    63   123    3678    (-,-) 
  basic_isa_instance/u_branch_add_95_52_Y_u_branch_add_94_43_cdnadd_22/CO -       CI->CO F     FA1D2          1  1.8    63   123    3801    (-,-) 
  basic_isa_instance/u_branch_add_95_52_Y_u_branch_add_94_43_cdnadd_23/CO -       CI->CO F     FA1D2          1  1.8    63   123    3925    (-,-) 
  basic_isa_instance/u_branch_add_95_52_Y_u_branch_add_94_43_cdnadd_24/CO -       CI->CO F     FA1D2          1  1.8    63   123    4048    (-,-) 
  basic_isa_instance/u_branch_add_95_52_Y_u_branch_add_94_43_cdnadd_25/CO -       CI->CO F     FA1D2          1  1.8    63   123    4171    (-,-) 
  basic_isa_instance/u_branch_add_95_52_Y_u_branch_add_94_43_cdnadd_26/CO -       CI->CO F     FA1D2          1  1.8    63   123    4295    (-,-) 
  basic_isa_instance/u_branch_add_95_52_Y_u_branch_add_94_43_cdnadd_27/CO -       CI->CO F     FA1D2          1  1.8    63   123    4418    (-,-) 
  basic_isa_instance/u_branch_add_95_52_Y_u_branch_add_94_43_cdnadd_28/CO -       CI->CO F     FA1D2          1  1.8    63   123    4542    (-,-) 
  basic_isa_instance/u_branch_add_95_52_Y_u_branch_add_94_43_cdnadd_29/CO -       CI->CO F     FA1D2          1  1.8    63   123    4665    (-,-) 
  basic_isa_instance/u_branch_add_95_52_Y_u_branch_add_94_43_cdnadd_30/S  -       CI->S  R     FA1D2          2  2.0    51   178    4844    (-,-) 
  basic_isa_instance/g35737/Z                                             -       A1->Z  R     AN2D2         16 14.4   121   145    4989    (-,-) 
  basic_isa_instance/u_if_u_btb_U_FILE_target_arr_reg[4][0][30]/D         -       -      R     DFCNQD2       16    -     -     0    4989    (-,-) 
#-------------------------------------------------------------------------------------------------------------------------------------------------



Path 35: VIOLATED (-2588 ps) Setup Check with Pin basic_isa_instance/u_if_u_btb_U_FILE_target_arr_reg[3][1][30]/CP->D
          Group: core_clk
     Startpoint: (R) basic_isa_instance/u_mem_wb_rd_wb_reg[4]/CP
          Clock: (R) core_clk
       Endpoint: (R) basic_isa_instance/u_if_u_btb_U_FILE_target_arr_reg[3][1][30]/D
          Clock: (R) core_clk

                     Capture       Launch     
        Clock Edge:+    2500            0     
       Src Latency:+       0            0     
       Net Latency:+       0 (I)        0 (I) 
           Arrival:=    2500            0     
                                              
             Setup:-     100                  
     Required Time:=    2400                  
      Launch Clock:-       0                  
         Data Path:-    4989                  
             Slack:=   -2588                  

#-------------------------------------------------------------------------------------------------------------------------------------------------
#                              Timing Point                               Flags    Arc   Edge   Cell     Fanout Load Trans Delay Arrival Instance 
#                                                                                                               (fF)  (ps)  (ps)   (ps)  Location 
#-------------------------------------------------------------------------------------------------------------------------------------------------
  basic_isa_instance/u_mem_wb_rd_wb_reg[4]/CP                             -       -      R     (arrival)    106    -     0     -       0    (-,-) 
  basic_isa_instance/u_mem_wb_rd_wb_reg[4]/Q                              -       CP->Q  R     DFCND2         3  5.4    64   287     287    (-,-) 
  basic_isa_instance/fopt26924/ZN                                         -       I->ZN  F     INVD2          1  2.1    27    34     321    (-,-) 
  basic_isa_instance/g26622/ZN                                            -       B2->ZN R     OAI22D2        1  2.2    94    84     405    (-,-) 
  basic_isa_instance/g26578/ZN                                            -       A2->ZN F     NR2D2          1  2.6    38    50     455    (-,-) 
  basic_isa_instance/g26574/ZN                                            -       A1->ZN R     ND2D3          1  5.2    43    41     497    (-,-) 
  basic_isa_instance/g26566/ZN                                            -       A1->ZN F     NR2XD4         4 11.2    49    43     540    (-,-) 
  basic_isa_instance/g26565/ZN                                            -       I->ZN  R     CKND2          1  1.7    26    33     573    (-,-) 
  basic_isa_instance/g26560/ZN                                            -       B1->ZN F     INR2D2         1  3.6    36    27     600    (-,-) 
  basic_isa_instance/g26536/ZN                                            -       B->ZN  R     AOI21D4        1  3.3    68    76     676    (-,-) 
  basic_isa_instance/g26392/ZN                                            -       A1->ZN F     OAI21D4        1  3.4    50    49     725    (-,-) 
  basic_isa_instance/g3/ZN                                                -       A1->ZN R     ND2D4          1  3.8    40    38     763    (-,-) 
  basic_isa_instance/g2/ZN                                                -       B1->ZN F     IND2D4        14 17.3    92    72     836    (-,-) 
  basic_isa_instance/g20782/Z                                             -       I1->Z  F     MUX2D2         1  2.7    57   146     982    (-,-) 
  basic_isa_instance/u_branch_add_95_52_Y_u_branch_add_94_43_cdnadd_1/CO  -       B->CO  F     FA1D4          1  1.8    53   231    1213    (-,-) 
  basic_isa_instance/u_branch_add_95_52_Y_u_branch_add_94_43_cdnadd_2/CO  -       CI->CO F     FA1D2          1  1.8    63   120    1333    (-,-) 
  basic_isa_instance/u_branch_add_95_52_Y_u_branch_add_94_43_cdnadd_3/CO  -       CI->CO F     FA1D2          1  1.8    63   123    1457    (-,-) 
  basic_isa_instance/u_branch_add_95_52_Y_u_branch_add_94_43_cdnadd_4/CO  -       CI->CO F     FA1D2          1  1.8    63   123    1580    (-,-) 
  basic_isa_instance/u_branch_add_95_52_Y_u_branch_add_94_43_cdnadd_5/CO  -       CI->CO F     FA1D2          1  1.8    63   123    1703    (-,-) 
  basic_isa_instance/u_branch_add_95_52_Y_u_branch_add_94_43_cdnadd_6/CO  -       CI->CO F     FA1D2          1  1.8    63   123    1827    (-,-) 
  basic_isa_instance/u_branch_add_95_52_Y_u_branch_add_94_43_cdnadd_7/CO  -       CI->CO F     FA1D2          1  1.8    63   123    1950    (-,-) 
  basic_isa_instance/u_branch_add_95_52_Y_u_branch_add_94_43_cdnadd_8/CO  -       CI->CO F     FA1D2          1  1.8    63   123    2074    (-,-) 
  basic_isa_instance/u_branch_add_95_52_Y_u_branch_add_94_43_cdnadd_9/CO  -       CI->CO F     FA1D2          1  1.8    63   123    2197    (-,-) 
  basic_isa_instance/u_branch_add_95_52_Y_u_branch_add_94_43_cdnadd_10/CO -       CI->CO F     FA1D2          1  1.8    63   123    2320    (-,-) 
  basic_isa_instance/u_branch_add_95_52_Y_u_branch_add_94_43_cdnadd_11/CO -       CI->CO F     FA1D2          1  1.8    63   123    2444    (-,-) 
  basic_isa_instance/u_branch_add_95_52_Y_u_branch_add_94_43_cdnadd_12/CO -       CI->CO F     FA1D2          1  1.8    63   123    2567    (-,-) 
  basic_isa_instance/u_branch_add_95_52_Y_u_branch_add_94_43_cdnadd_13/CO -       CI->CO F     FA1D2          1  1.8    63   123    2691    (-,-) 
  basic_isa_instance/u_branch_add_95_52_Y_u_branch_add_94_43_cdnadd_14/CO -       CI->CO F     FA1D2          1  1.8    63   123    2814    (-,-) 
  basic_isa_instance/u_branch_add_95_52_Y_u_branch_add_94_43_cdnadd_15/CO -       CI->CO F     FA1D2          1  1.8    63   123    2937    (-,-) 
  basic_isa_instance/u_branch_add_95_52_Y_u_branch_add_94_43_cdnadd_16/CO -       CI->CO F     FA1D2          1  1.8    63   123    3061    (-,-) 
  basic_isa_instance/u_branch_add_95_52_Y_u_branch_add_94_43_cdnadd_17/CO -       CI->CO F     FA1D2          1  1.8    63   123    3184    (-,-) 
  basic_isa_instance/u_branch_add_95_52_Y_u_branch_add_94_43_cdnadd_18/CO -       CI->CO F     FA1D2          1  1.8    63   123    3308    (-,-) 
  basic_isa_instance/u_branch_add_95_52_Y_u_branch_add_94_43_cdnadd_19/CO -       CI->CO F     FA1D2          1  1.8    63   123    3431    (-,-) 
  basic_isa_instance/u_branch_add_95_52_Y_u_branch_add_94_43_cdnadd_20/CO -       CI->CO F     FA1D2          1  1.8    63   123    3554    (-,-) 
  basic_isa_instance/u_branch_add_95_52_Y_u_branch_add_94_43_cdnadd_21/CO -       CI->CO F     FA1D2          1  1.8    63   123    3678    (-,-) 
  basic_isa_instance/u_branch_add_95_52_Y_u_branch_add_94_43_cdnadd_22/CO -       CI->CO F     FA1D2          1  1.8    63   123    3801    (-,-) 
  basic_isa_instance/u_branch_add_95_52_Y_u_branch_add_94_43_cdnadd_23/CO -       CI->CO F     FA1D2          1  1.8    63   123    3925    (-,-) 
  basic_isa_instance/u_branch_add_95_52_Y_u_branch_add_94_43_cdnadd_24/CO -       CI->CO F     FA1D2          1  1.8    63   123    4048    (-,-) 
  basic_isa_instance/u_branch_add_95_52_Y_u_branch_add_94_43_cdnadd_25/CO -       CI->CO F     FA1D2          1  1.8    63   123    4171    (-,-) 
  basic_isa_instance/u_branch_add_95_52_Y_u_branch_add_94_43_cdnadd_26/CO -       CI->CO F     FA1D2          1  1.8    63   123    4295    (-,-) 
  basic_isa_instance/u_branch_add_95_52_Y_u_branch_add_94_43_cdnadd_27/CO -       CI->CO F     FA1D2          1  1.8    63   123    4418    (-,-) 
  basic_isa_instance/u_branch_add_95_52_Y_u_branch_add_94_43_cdnadd_28/CO -       CI->CO F     FA1D2          1  1.8    63   123    4542    (-,-) 
  basic_isa_instance/u_branch_add_95_52_Y_u_branch_add_94_43_cdnadd_29/CO -       CI->CO F     FA1D2          1  1.8    63   123    4665    (-,-) 
  basic_isa_instance/u_branch_add_95_52_Y_u_branch_add_94_43_cdnadd_30/S  -       CI->S  R     FA1D2          2  2.0    51   178    4844    (-,-) 
  basic_isa_instance/g35737/Z                                             -       A1->Z  R     AN2D2         16 14.4   121   145    4989    (-,-) 
  basic_isa_instance/u_if_u_btb_U_FILE_target_arr_reg[3][1][30]/D         -       -      R     DFCNQD2       16    -     -     0    4989    (-,-) 
#-------------------------------------------------------------------------------------------------------------------------------------------------



Path 36: VIOLATED (-2588 ps) Setup Check with Pin basic_isa_instance/u_if_u_btb_U_FILE_target_arr_reg[3][0][30]/CP->D
          Group: core_clk
     Startpoint: (R) basic_isa_instance/u_mem_wb_rd_wb_reg[4]/CP
          Clock: (R) core_clk
       Endpoint: (R) basic_isa_instance/u_if_u_btb_U_FILE_target_arr_reg[3][0][30]/D
          Clock: (R) core_clk

                     Capture       Launch     
        Clock Edge:+    2500            0     
       Src Latency:+       0            0     
       Net Latency:+       0 (I)        0 (I) 
           Arrival:=    2500            0     
                                              
             Setup:-     100                  
     Required Time:=    2400                  
      Launch Clock:-       0                  
         Data Path:-    4989                  
             Slack:=   -2588                  

#-------------------------------------------------------------------------------------------------------------------------------------------------
#                              Timing Point                               Flags    Arc   Edge   Cell     Fanout Load Trans Delay Arrival Instance 
#                                                                                                               (fF)  (ps)  (ps)   (ps)  Location 
#-------------------------------------------------------------------------------------------------------------------------------------------------
  basic_isa_instance/u_mem_wb_rd_wb_reg[4]/CP                             -       -      R     (arrival)    106    -     0     -       0    (-,-) 
  basic_isa_instance/u_mem_wb_rd_wb_reg[4]/Q                              -       CP->Q  R     DFCND2         3  5.4    64   287     287    (-,-) 
  basic_isa_instance/fopt26924/ZN                                         -       I->ZN  F     INVD2          1  2.1    27    34     321    (-,-) 
  basic_isa_instance/g26622/ZN                                            -       B2->ZN R     OAI22D2        1  2.2    94    84     405    (-,-) 
  basic_isa_instance/g26578/ZN                                            -       A2->ZN F     NR2D2          1  2.6    38    50     455    (-,-) 
  basic_isa_instance/g26574/ZN                                            -       A1->ZN R     ND2D3          1  5.2    43    41     497    (-,-) 
  basic_isa_instance/g26566/ZN                                            -       A1->ZN F     NR2XD4         4 11.2    49    43     540    (-,-) 
  basic_isa_instance/g26565/ZN                                            -       I->ZN  R     CKND2          1  1.7    26    33     573    (-,-) 
  basic_isa_instance/g26560/ZN                                            -       B1->ZN F     INR2D2         1  3.6    36    27     600    (-,-) 
  basic_isa_instance/g26536/ZN                                            -       B->ZN  R     AOI21D4        1  3.3    68    76     676    (-,-) 
  basic_isa_instance/g26392/ZN                                            -       A1->ZN F     OAI21D4        1  3.4    50    49     725    (-,-) 
  basic_isa_instance/g3/ZN                                                -       A1->ZN R     ND2D4          1  3.8    40    38     763    (-,-) 
  basic_isa_instance/g2/ZN                                                -       B1->ZN F     IND2D4        14 17.3    92    72     836    (-,-) 
  basic_isa_instance/g20782/Z                                             -       I1->Z  F     MUX2D2         1  2.7    57   146     982    (-,-) 
  basic_isa_instance/u_branch_add_95_52_Y_u_branch_add_94_43_cdnadd_1/CO  -       B->CO  F     FA1D4          1  1.8    53   231    1213    (-,-) 
  basic_isa_instance/u_branch_add_95_52_Y_u_branch_add_94_43_cdnadd_2/CO  -       CI->CO F     FA1D2          1  1.8    63   120    1333    (-,-) 
  basic_isa_instance/u_branch_add_95_52_Y_u_branch_add_94_43_cdnadd_3/CO  -       CI->CO F     FA1D2          1  1.8    63   123    1457    (-,-) 
  basic_isa_instance/u_branch_add_95_52_Y_u_branch_add_94_43_cdnadd_4/CO  -       CI->CO F     FA1D2          1  1.8    63   123    1580    (-,-) 
  basic_isa_instance/u_branch_add_95_52_Y_u_branch_add_94_43_cdnadd_5/CO  -       CI->CO F     FA1D2          1  1.8    63   123    1703    (-,-) 
  basic_isa_instance/u_branch_add_95_52_Y_u_branch_add_94_43_cdnadd_6/CO  -       CI->CO F     FA1D2          1  1.8    63   123    1827    (-,-) 
  basic_isa_instance/u_branch_add_95_52_Y_u_branch_add_94_43_cdnadd_7/CO  -       CI->CO F     FA1D2          1  1.8    63   123    1950    (-,-) 
  basic_isa_instance/u_branch_add_95_52_Y_u_branch_add_94_43_cdnadd_8/CO  -       CI->CO F     FA1D2          1  1.8    63   123    2074    (-,-) 
  basic_isa_instance/u_branch_add_95_52_Y_u_branch_add_94_43_cdnadd_9/CO  -       CI->CO F     FA1D2          1  1.8    63   123    2197    (-,-) 
  basic_isa_instance/u_branch_add_95_52_Y_u_branch_add_94_43_cdnadd_10/CO -       CI->CO F     FA1D2          1  1.8    63   123    2320    (-,-) 
  basic_isa_instance/u_branch_add_95_52_Y_u_branch_add_94_43_cdnadd_11/CO -       CI->CO F     FA1D2          1  1.8    63   123    2444    (-,-) 
  basic_isa_instance/u_branch_add_95_52_Y_u_branch_add_94_43_cdnadd_12/CO -       CI->CO F     FA1D2          1  1.8    63   123    2567    (-,-) 
  basic_isa_instance/u_branch_add_95_52_Y_u_branch_add_94_43_cdnadd_13/CO -       CI->CO F     FA1D2          1  1.8    63   123    2691    (-,-) 
  basic_isa_instance/u_branch_add_95_52_Y_u_branch_add_94_43_cdnadd_14/CO -       CI->CO F     FA1D2          1  1.8    63   123    2814    (-,-) 
  basic_isa_instance/u_branch_add_95_52_Y_u_branch_add_94_43_cdnadd_15/CO -       CI->CO F     FA1D2          1  1.8    63   123    2937    (-,-) 
  basic_isa_instance/u_branch_add_95_52_Y_u_branch_add_94_43_cdnadd_16/CO -       CI->CO F     FA1D2          1  1.8    63   123    3061    (-,-) 
  basic_isa_instance/u_branch_add_95_52_Y_u_branch_add_94_43_cdnadd_17/CO -       CI->CO F     FA1D2          1  1.8    63   123    3184    (-,-) 
  basic_isa_instance/u_branch_add_95_52_Y_u_branch_add_94_43_cdnadd_18/CO -       CI->CO F     FA1D2          1  1.8    63   123    3308    (-,-) 
  basic_isa_instance/u_branch_add_95_52_Y_u_branch_add_94_43_cdnadd_19/CO -       CI->CO F     FA1D2          1  1.8    63   123    3431    (-,-) 
  basic_isa_instance/u_branch_add_95_52_Y_u_branch_add_94_43_cdnadd_20/CO -       CI->CO F     FA1D2          1  1.8    63   123    3554    (-,-) 
  basic_isa_instance/u_branch_add_95_52_Y_u_branch_add_94_43_cdnadd_21/CO -       CI->CO F     FA1D2          1  1.8    63   123    3678    (-,-) 
  basic_isa_instance/u_branch_add_95_52_Y_u_branch_add_94_43_cdnadd_22/CO -       CI->CO F     FA1D2          1  1.8    63   123    3801    (-,-) 
  basic_isa_instance/u_branch_add_95_52_Y_u_branch_add_94_43_cdnadd_23/CO -       CI->CO F     FA1D2          1  1.8    63   123    3925    (-,-) 
  basic_isa_instance/u_branch_add_95_52_Y_u_branch_add_94_43_cdnadd_24/CO -       CI->CO F     FA1D2          1  1.8    63   123    4048    (-,-) 
  basic_isa_instance/u_branch_add_95_52_Y_u_branch_add_94_43_cdnadd_25/CO -       CI->CO F     FA1D2          1  1.8    63   123    4171    (-,-) 
  basic_isa_instance/u_branch_add_95_52_Y_u_branch_add_94_43_cdnadd_26/CO -       CI->CO F     FA1D2          1  1.8    63   123    4295    (-,-) 
  basic_isa_instance/u_branch_add_95_52_Y_u_branch_add_94_43_cdnadd_27/CO -       CI->CO F     FA1D2          1  1.8    63   123    4418    (-,-) 
  basic_isa_instance/u_branch_add_95_52_Y_u_branch_add_94_43_cdnadd_28/CO -       CI->CO F     FA1D2          1  1.8    63   123    4542    (-,-) 
  basic_isa_instance/u_branch_add_95_52_Y_u_branch_add_94_43_cdnadd_29/CO -       CI->CO F     FA1D2          1  1.8    63   123    4665    (-,-) 
  basic_isa_instance/u_branch_add_95_52_Y_u_branch_add_94_43_cdnadd_30/S  -       CI->S  R     FA1D2          2  2.0    51   178    4844    (-,-) 
  basic_isa_instance/g35737/Z                                             -       A1->Z  R     AN2D2         16 14.4   121   145    4989    (-,-) 
  basic_isa_instance/u_if_u_btb_U_FILE_target_arr_reg[3][0][30]/D         -       -      R     DFCNQD2       16    -     -     0    4989    (-,-) 
#-------------------------------------------------------------------------------------------------------------------------------------------------



Path 37: VIOLATED (-2588 ps) Setup Check with Pin basic_isa_instance/u_if_u_btb_U_FILE_target_arr_reg[2][1][30]/CP->D
          Group: core_clk
     Startpoint: (R) basic_isa_instance/u_mem_wb_rd_wb_reg[4]/CP
          Clock: (R) core_clk
       Endpoint: (R) basic_isa_instance/u_if_u_btb_U_FILE_target_arr_reg[2][1][30]/D
          Clock: (R) core_clk

                     Capture       Launch     
        Clock Edge:+    2500            0     
       Src Latency:+       0            0     
       Net Latency:+       0 (I)        0 (I) 
           Arrival:=    2500            0     
                                              
             Setup:-     100                  
     Required Time:=    2400                  
      Launch Clock:-       0                  
         Data Path:-    4989                  
             Slack:=   -2588                  

#-------------------------------------------------------------------------------------------------------------------------------------------------
#                              Timing Point                               Flags    Arc   Edge   Cell     Fanout Load Trans Delay Arrival Instance 
#                                                                                                               (fF)  (ps)  (ps)   (ps)  Location 
#-------------------------------------------------------------------------------------------------------------------------------------------------
  basic_isa_instance/u_mem_wb_rd_wb_reg[4]/CP                             -       -      R     (arrival)    106    -     0     -       0    (-,-) 
  basic_isa_instance/u_mem_wb_rd_wb_reg[4]/Q                              -       CP->Q  R     DFCND2         3  5.4    64   287     287    (-,-) 
  basic_isa_instance/fopt26924/ZN                                         -       I->ZN  F     INVD2          1  2.1    27    34     321    (-,-) 
  basic_isa_instance/g26622/ZN                                            -       B2->ZN R     OAI22D2        1  2.2    94    84     405    (-,-) 
  basic_isa_instance/g26578/ZN                                            -       A2->ZN F     NR2D2          1  2.6    38    50     455    (-,-) 
  basic_isa_instance/g26574/ZN                                            -       A1->ZN R     ND2D3          1  5.2    43    41     497    (-,-) 
  basic_isa_instance/g26566/ZN                                            -       A1->ZN F     NR2XD4         4 11.2    49    43     540    (-,-) 
  basic_isa_instance/g26565/ZN                                            -       I->ZN  R     CKND2          1  1.7    26    33     573    (-,-) 
  basic_isa_instance/g26560/ZN                                            -       B1->ZN F     INR2D2         1  3.6    36    27     600    (-,-) 
  basic_isa_instance/g26536/ZN                                            -       B->ZN  R     AOI21D4        1  3.3    68    76     676    (-,-) 
  basic_isa_instance/g26392/ZN                                            -       A1->ZN F     OAI21D4        1  3.4    50    49     725    (-,-) 
  basic_isa_instance/g3/ZN                                                -       A1->ZN R     ND2D4          1  3.8    40    38     763    (-,-) 
  basic_isa_instance/g2/ZN                                                -       B1->ZN F     IND2D4        14 17.3    92    72     836    (-,-) 
  basic_isa_instance/g20782/Z                                             -       I1->Z  F     MUX2D2         1  2.7    57   146     982    (-,-) 
  basic_isa_instance/u_branch_add_95_52_Y_u_branch_add_94_43_cdnadd_1/CO  -       B->CO  F     FA1D4          1  1.8    53   231    1213    (-,-) 
  basic_isa_instance/u_branch_add_95_52_Y_u_branch_add_94_43_cdnadd_2/CO  -       CI->CO F     FA1D2          1  1.8    63   120    1333    (-,-) 
  basic_isa_instance/u_branch_add_95_52_Y_u_branch_add_94_43_cdnadd_3/CO  -       CI->CO F     FA1D2          1  1.8    63   123    1457    (-,-) 
  basic_isa_instance/u_branch_add_95_52_Y_u_branch_add_94_43_cdnadd_4/CO  -       CI->CO F     FA1D2          1  1.8    63   123    1580    (-,-) 
  basic_isa_instance/u_branch_add_95_52_Y_u_branch_add_94_43_cdnadd_5/CO  -       CI->CO F     FA1D2          1  1.8    63   123    1703    (-,-) 
  basic_isa_instance/u_branch_add_95_52_Y_u_branch_add_94_43_cdnadd_6/CO  -       CI->CO F     FA1D2          1  1.8    63   123    1827    (-,-) 
  basic_isa_instance/u_branch_add_95_52_Y_u_branch_add_94_43_cdnadd_7/CO  -       CI->CO F     FA1D2          1  1.8    63   123    1950    (-,-) 
  basic_isa_instance/u_branch_add_95_52_Y_u_branch_add_94_43_cdnadd_8/CO  -       CI->CO F     FA1D2          1  1.8    63   123    2074    (-,-) 
  basic_isa_instance/u_branch_add_95_52_Y_u_branch_add_94_43_cdnadd_9/CO  -       CI->CO F     FA1D2          1  1.8    63   123    2197    (-,-) 
  basic_isa_instance/u_branch_add_95_52_Y_u_branch_add_94_43_cdnadd_10/CO -       CI->CO F     FA1D2          1  1.8    63   123    2320    (-,-) 
  basic_isa_instance/u_branch_add_95_52_Y_u_branch_add_94_43_cdnadd_11/CO -       CI->CO F     FA1D2          1  1.8    63   123    2444    (-,-) 
  basic_isa_instance/u_branch_add_95_52_Y_u_branch_add_94_43_cdnadd_12/CO -       CI->CO F     FA1D2          1  1.8    63   123    2567    (-,-) 
  basic_isa_instance/u_branch_add_95_52_Y_u_branch_add_94_43_cdnadd_13/CO -       CI->CO F     FA1D2          1  1.8    63   123    2691    (-,-) 
  basic_isa_instance/u_branch_add_95_52_Y_u_branch_add_94_43_cdnadd_14/CO -       CI->CO F     FA1D2          1  1.8    63   123    2814    (-,-) 
  basic_isa_instance/u_branch_add_95_52_Y_u_branch_add_94_43_cdnadd_15/CO -       CI->CO F     FA1D2          1  1.8    63   123    2937    (-,-) 
  basic_isa_instance/u_branch_add_95_52_Y_u_branch_add_94_43_cdnadd_16/CO -       CI->CO F     FA1D2          1  1.8    63   123    3061    (-,-) 
  basic_isa_instance/u_branch_add_95_52_Y_u_branch_add_94_43_cdnadd_17/CO -       CI->CO F     FA1D2          1  1.8    63   123    3184    (-,-) 
  basic_isa_instance/u_branch_add_95_52_Y_u_branch_add_94_43_cdnadd_18/CO -       CI->CO F     FA1D2          1  1.8    63   123    3308    (-,-) 
  basic_isa_instance/u_branch_add_95_52_Y_u_branch_add_94_43_cdnadd_19/CO -       CI->CO F     FA1D2          1  1.8    63   123    3431    (-,-) 
  basic_isa_instance/u_branch_add_95_52_Y_u_branch_add_94_43_cdnadd_20/CO -       CI->CO F     FA1D2          1  1.8    63   123    3554    (-,-) 
  basic_isa_instance/u_branch_add_95_52_Y_u_branch_add_94_43_cdnadd_21/CO -       CI->CO F     FA1D2          1  1.8    63   123    3678    (-,-) 
  basic_isa_instance/u_branch_add_95_52_Y_u_branch_add_94_43_cdnadd_22/CO -       CI->CO F     FA1D2          1  1.8    63   123    3801    (-,-) 
  basic_isa_instance/u_branch_add_95_52_Y_u_branch_add_94_43_cdnadd_23/CO -       CI->CO F     FA1D2          1  1.8    63   123    3925    (-,-) 
  basic_isa_instance/u_branch_add_95_52_Y_u_branch_add_94_43_cdnadd_24/CO -       CI->CO F     FA1D2          1  1.8    63   123    4048    (-,-) 
  basic_isa_instance/u_branch_add_95_52_Y_u_branch_add_94_43_cdnadd_25/CO -       CI->CO F     FA1D2          1  1.8    63   123    4171    (-,-) 
  basic_isa_instance/u_branch_add_95_52_Y_u_branch_add_94_43_cdnadd_26/CO -       CI->CO F     FA1D2          1  1.8    63   123    4295    (-,-) 
  basic_isa_instance/u_branch_add_95_52_Y_u_branch_add_94_43_cdnadd_27/CO -       CI->CO F     FA1D2          1  1.8    63   123    4418    (-,-) 
  basic_isa_instance/u_branch_add_95_52_Y_u_branch_add_94_43_cdnadd_28/CO -       CI->CO F     FA1D2          1  1.8    63   123    4542    (-,-) 
  basic_isa_instance/u_branch_add_95_52_Y_u_branch_add_94_43_cdnadd_29/CO -       CI->CO F     FA1D2          1  1.8    63   123    4665    (-,-) 
  basic_isa_instance/u_branch_add_95_52_Y_u_branch_add_94_43_cdnadd_30/S  -       CI->S  R     FA1D2          2  2.0    51   178    4844    (-,-) 
  basic_isa_instance/g35737/Z                                             -       A1->Z  R     AN2D2         16 14.4   121   145    4989    (-,-) 
  basic_isa_instance/u_if_u_btb_U_FILE_target_arr_reg[2][1][30]/D         -       -      R     DFCNQD2       16    -     -     0    4989    (-,-) 
#-------------------------------------------------------------------------------------------------------------------------------------------------



Path 38: VIOLATED (-2588 ps) Setup Check with Pin basic_isa_instance/u_if_u_btb_U_FILE_target_arr_reg[2][0][30]/CP->D
          Group: core_clk
     Startpoint: (R) basic_isa_instance/u_mem_wb_rd_wb_reg[4]/CP
          Clock: (R) core_clk
       Endpoint: (R) basic_isa_instance/u_if_u_btb_U_FILE_target_arr_reg[2][0][30]/D
          Clock: (R) core_clk

                     Capture       Launch     
        Clock Edge:+    2500            0     
       Src Latency:+       0            0     
       Net Latency:+       0 (I)        0 (I) 
           Arrival:=    2500            0     
                                              
             Setup:-     100                  
     Required Time:=    2400                  
      Launch Clock:-       0                  
         Data Path:-    4989                  
             Slack:=   -2588                  

#-------------------------------------------------------------------------------------------------------------------------------------------------
#                              Timing Point                               Flags    Arc   Edge   Cell     Fanout Load Trans Delay Arrival Instance 
#                                                                                                               (fF)  (ps)  (ps)   (ps)  Location 
#-------------------------------------------------------------------------------------------------------------------------------------------------
  basic_isa_instance/u_mem_wb_rd_wb_reg[4]/CP                             -       -      R     (arrival)    106    -     0     -       0    (-,-) 
  basic_isa_instance/u_mem_wb_rd_wb_reg[4]/Q                              -       CP->Q  R     DFCND2         3  5.4    64   287     287    (-,-) 
  basic_isa_instance/fopt26924/ZN                                         -       I->ZN  F     INVD2          1  2.1    27    34     321    (-,-) 
  basic_isa_instance/g26622/ZN                                            -       B2->ZN R     OAI22D2        1  2.2    94    84     405    (-,-) 
  basic_isa_instance/g26578/ZN                                            -       A2->ZN F     NR2D2          1  2.6    38    50     455    (-,-) 
  basic_isa_instance/g26574/ZN                                            -       A1->ZN R     ND2D3          1  5.2    43    41     497    (-,-) 
  basic_isa_instance/g26566/ZN                                            -       A1->ZN F     NR2XD4         4 11.2    49    43     540    (-,-) 
  basic_isa_instance/g26565/ZN                                            -       I->ZN  R     CKND2          1  1.7    26    33     573    (-,-) 
  basic_isa_instance/g26560/ZN                                            -       B1->ZN F     INR2D2         1  3.6    36    27     600    (-,-) 
  basic_isa_instance/g26536/ZN                                            -       B->ZN  R     AOI21D4        1  3.3    68    76     676    (-,-) 
  basic_isa_instance/g26392/ZN                                            -       A1->ZN F     OAI21D4        1  3.4    50    49     725    (-,-) 
  basic_isa_instance/g3/ZN                                                -       A1->ZN R     ND2D4          1  3.8    40    38     763    (-,-) 
  basic_isa_instance/g2/ZN                                                -       B1->ZN F     IND2D4        14 17.3    92    72     836    (-,-) 
  basic_isa_instance/g20782/Z                                             -       I1->Z  F     MUX2D2         1  2.7    57   146     982    (-,-) 
  basic_isa_instance/u_branch_add_95_52_Y_u_branch_add_94_43_cdnadd_1/CO  -       B->CO  F     FA1D4          1  1.8    53   231    1213    (-,-) 
  basic_isa_instance/u_branch_add_95_52_Y_u_branch_add_94_43_cdnadd_2/CO  -       CI->CO F     FA1D2          1  1.8    63   120    1333    (-,-) 
  basic_isa_instance/u_branch_add_95_52_Y_u_branch_add_94_43_cdnadd_3/CO  -       CI->CO F     FA1D2          1  1.8    63   123    1457    (-,-) 
  basic_isa_instance/u_branch_add_95_52_Y_u_branch_add_94_43_cdnadd_4/CO  -       CI->CO F     FA1D2          1  1.8    63   123    1580    (-,-) 
  basic_isa_instance/u_branch_add_95_52_Y_u_branch_add_94_43_cdnadd_5/CO  -       CI->CO F     FA1D2          1  1.8    63   123    1703    (-,-) 
  basic_isa_instance/u_branch_add_95_52_Y_u_branch_add_94_43_cdnadd_6/CO  -       CI->CO F     FA1D2          1  1.8    63   123    1827    (-,-) 
  basic_isa_instance/u_branch_add_95_52_Y_u_branch_add_94_43_cdnadd_7/CO  -       CI->CO F     FA1D2          1  1.8    63   123    1950    (-,-) 
  basic_isa_instance/u_branch_add_95_52_Y_u_branch_add_94_43_cdnadd_8/CO  -       CI->CO F     FA1D2          1  1.8    63   123    2074    (-,-) 
  basic_isa_instance/u_branch_add_95_52_Y_u_branch_add_94_43_cdnadd_9/CO  -       CI->CO F     FA1D2          1  1.8    63   123    2197    (-,-) 
  basic_isa_instance/u_branch_add_95_52_Y_u_branch_add_94_43_cdnadd_10/CO -       CI->CO F     FA1D2          1  1.8    63   123    2320    (-,-) 
  basic_isa_instance/u_branch_add_95_52_Y_u_branch_add_94_43_cdnadd_11/CO -       CI->CO F     FA1D2          1  1.8    63   123    2444    (-,-) 
  basic_isa_instance/u_branch_add_95_52_Y_u_branch_add_94_43_cdnadd_12/CO -       CI->CO F     FA1D2          1  1.8    63   123    2567    (-,-) 
  basic_isa_instance/u_branch_add_95_52_Y_u_branch_add_94_43_cdnadd_13/CO -       CI->CO F     FA1D2          1  1.8    63   123    2691    (-,-) 
  basic_isa_instance/u_branch_add_95_52_Y_u_branch_add_94_43_cdnadd_14/CO -       CI->CO F     FA1D2          1  1.8    63   123    2814    (-,-) 
  basic_isa_instance/u_branch_add_95_52_Y_u_branch_add_94_43_cdnadd_15/CO -       CI->CO F     FA1D2          1  1.8    63   123    2937    (-,-) 
  basic_isa_instance/u_branch_add_95_52_Y_u_branch_add_94_43_cdnadd_16/CO -       CI->CO F     FA1D2          1  1.8    63   123    3061    (-,-) 
  basic_isa_instance/u_branch_add_95_52_Y_u_branch_add_94_43_cdnadd_17/CO -       CI->CO F     FA1D2          1  1.8    63   123    3184    (-,-) 
  basic_isa_instance/u_branch_add_95_52_Y_u_branch_add_94_43_cdnadd_18/CO -       CI->CO F     FA1D2          1  1.8    63   123    3308    (-,-) 
  basic_isa_instance/u_branch_add_95_52_Y_u_branch_add_94_43_cdnadd_19/CO -       CI->CO F     FA1D2          1  1.8    63   123    3431    (-,-) 
  basic_isa_instance/u_branch_add_95_52_Y_u_branch_add_94_43_cdnadd_20/CO -       CI->CO F     FA1D2          1  1.8    63   123    3554    (-,-) 
  basic_isa_instance/u_branch_add_95_52_Y_u_branch_add_94_43_cdnadd_21/CO -       CI->CO F     FA1D2          1  1.8    63   123    3678    (-,-) 
  basic_isa_instance/u_branch_add_95_52_Y_u_branch_add_94_43_cdnadd_22/CO -       CI->CO F     FA1D2          1  1.8    63   123    3801    (-,-) 
  basic_isa_instance/u_branch_add_95_52_Y_u_branch_add_94_43_cdnadd_23/CO -       CI->CO F     FA1D2          1  1.8    63   123    3925    (-,-) 
  basic_isa_instance/u_branch_add_95_52_Y_u_branch_add_94_43_cdnadd_24/CO -       CI->CO F     FA1D2          1  1.8    63   123    4048    (-,-) 
  basic_isa_instance/u_branch_add_95_52_Y_u_branch_add_94_43_cdnadd_25/CO -       CI->CO F     FA1D2          1  1.8    63   123    4171    (-,-) 
  basic_isa_instance/u_branch_add_95_52_Y_u_branch_add_94_43_cdnadd_26/CO -       CI->CO F     FA1D2          1  1.8    63   123    4295    (-,-) 
  basic_isa_instance/u_branch_add_95_52_Y_u_branch_add_94_43_cdnadd_27/CO -       CI->CO F     FA1D2          1  1.8    63   123    4418    (-,-) 
  basic_isa_instance/u_branch_add_95_52_Y_u_branch_add_94_43_cdnadd_28/CO -       CI->CO F     FA1D2          1  1.8    63   123    4542    (-,-) 
  basic_isa_instance/u_branch_add_95_52_Y_u_branch_add_94_43_cdnadd_29/CO -       CI->CO F     FA1D2          1  1.8    63   123    4665    (-,-) 
  basic_isa_instance/u_branch_add_95_52_Y_u_branch_add_94_43_cdnadd_30/S  -       CI->S  R     FA1D2          2  2.0    51   178    4844    (-,-) 
  basic_isa_instance/g35737/Z                                             -       A1->Z  R     AN2D2         16 14.4   121   145    4989    (-,-) 
  basic_isa_instance/u_if_u_btb_U_FILE_target_arr_reg[2][0][30]/D         -       -      R     DFCNQD2       16    -     -     0    4989    (-,-) 
#-------------------------------------------------------------------------------------------------------------------------------------------------



Path 39: VIOLATED (-2588 ps) Setup Check with Pin basic_isa_instance/u_if_u_btb_U_FILE_target_arr_reg[1][1][30]/CP->D
          Group: core_clk
     Startpoint: (R) basic_isa_instance/u_mem_wb_rd_wb_reg[4]/CP
          Clock: (R) core_clk
       Endpoint: (R) basic_isa_instance/u_if_u_btb_U_FILE_target_arr_reg[1][1][30]/D
          Clock: (R) core_clk

                     Capture       Launch     
        Clock Edge:+    2500            0     
       Src Latency:+       0            0     
       Net Latency:+       0 (I)        0 (I) 
           Arrival:=    2500            0     
                                              
             Setup:-     100                  
     Required Time:=    2400                  
      Launch Clock:-       0                  
         Data Path:-    4989                  
             Slack:=   -2588                  

#-------------------------------------------------------------------------------------------------------------------------------------------------
#                              Timing Point                               Flags    Arc   Edge   Cell     Fanout Load Trans Delay Arrival Instance 
#                                                                                                               (fF)  (ps)  (ps)   (ps)  Location 
#-------------------------------------------------------------------------------------------------------------------------------------------------
  basic_isa_instance/u_mem_wb_rd_wb_reg[4]/CP                             -       -      R     (arrival)    106    -     0     -       0    (-,-) 
  basic_isa_instance/u_mem_wb_rd_wb_reg[4]/Q                              -       CP->Q  R     DFCND2         3  5.4    64   287     287    (-,-) 
  basic_isa_instance/fopt26924/ZN                                         -       I->ZN  F     INVD2          1  2.1    27    34     321    (-,-) 
  basic_isa_instance/g26622/ZN                                            -       B2->ZN R     OAI22D2        1  2.2    94    84     405    (-,-) 
  basic_isa_instance/g26578/ZN                                            -       A2->ZN F     NR2D2          1  2.6    38    50     455    (-,-) 
  basic_isa_instance/g26574/ZN                                            -       A1->ZN R     ND2D3          1  5.2    43    41     497    (-,-) 
  basic_isa_instance/g26566/ZN                                            -       A1->ZN F     NR2XD4         4 11.2    49    43     540    (-,-) 
  basic_isa_instance/g26565/ZN                                            -       I->ZN  R     CKND2          1  1.7    26    33     573    (-,-) 
  basic_isa_instance/g26560/ZN                                            -       B1->ZN F     INR2D2         1  3.6    36    27     600    (-,-) 
  basic_isa_instance/g26536/ZN                                            -       B->ZN  R     AOI21D4        1  3.3    68    76     676    (-,-) 
  basic_isa_instance/g26392/ZN                                            -       A1->ZN F     OAI21D4        1  3.4    50    49     725    (-,-) 
  basic_isa_instance/g3/ZN                                                -       A1->ZN R     ND2D4          1  3.8    40    38     763    (-,-) 
  basic_isa_instance/g2/ZN                                                -       B1->ZN F     IND2D4        14 17.3    92    72     836    (-,-) 
  basic_isa_instance/g20782/Z                                             -       I1->Z  F     MUX2D2         1  2.7    57   146     982    (-,-) 
  basic_isa_instance/u_branch_add_95_52_Y_u_branch_add_94_43_cdnadd_1/CO  -       B->CO  F     FA1D4          1  1.8    53   231    1213    (-,-) 
  basic_isa_instance/u_branch_add_95_52_Y_u_branch_add_94_43_cdnadd_2/CO  -       CI->CO F     FA1D2          1  1.8    63   120    1333    (-,-) 
  basic_isa_instance/u_branch_add_95_52_Y_u_branch_add_94_43_cdnadd_3/CO  -       CI->CO F     FA1D2          1  1.8    63   123    1457    (-,-) 
  basic_isa_instance/u_branch_add_95_52_Y_u_branch_add_94_43_cdnadd_4/CO  -       CI->CO F     FA1D2          1  1.8    63   123    1580    (-,-) 
  basic_isa_instance/u_branch_add_95_52_Y_u_branch_add_94_43_cdnadd_5/CO  -       CI->CO F     FA1D2          1  1.8    63   123    1703    (-,-) 
  basic_isa_instance/u_branch_add_95_52_Y_u_branch_add_94_43_cdnadd_6/CO  -       CI->CO F     FA1D2          1  1.8    63   123    1827    (-,-) 
  basic_isa_instance/u_branch_add_95_52_Y_u_branch_add_94_43_cdnadd_7/CO  -       CI->CO F     FA1D2          1  1.8    63   123    1950    (-,-) 
  basic_isa_instance/u_branch_add_95_52_Y_u_branch_add_94_43_cdnadd_8/CO  -       CI->CO F     FA1D2          1  1.8    63   123    2074    (-,-) 
  basic_isa_instance/u_branch_add_95_52_Y_u_branch_add_94_43_cdnadd_9/CO  -       CI->CO F     FA1D2          1  1.8    63   123    2197    (-,-) 
  basic_isa_instance/u_branch_add_95_52_Y_u_branch_add_94_43_cdnadd_10/CO -       CI->CO F     FA1D2          1  1.8    63   123    2320    (-,-) 
  basic_isa_instance/u_branch_add_95_52_Y_u_branch_add_94_43_cdnadd_11/CO -       CI->CO F     FA1D2          1  1.8    63   123    2444    (-,-) 
  basic_isa_instance/u_branch_add_95_52_Y_u_branch_add_94_43_cdnadd_12/CO -       CI->CO F     FA1D2          1  1.8    63   123    2567    (-,-) 
  basic_isa_instance/u_branch_add_95_52_Y_u_branch_add_94_43_cdnadd_13/CO -       CI->CO F     FA1D2          1  1.8    63   123    2691    (-,-) 
  basic_isa_instance/u_branch_add_95_52_Y_u_branch_add_94_43_cdnadd_14/CO -       CI->CO F     FA1D2          1  1.8    63   123    2814    (-,-) 
  basic_isa_instance/u_branch_add_95_52_Y_u_branch_add_94_43_cdnadd_15/CO -       CI->CO F     FA1D2          1  1.8    63   123    2937    (-,-) 
  basic_isa_instance/u_branch_add_95_52_Y_u_branch_add_94_43_cdnadd_16/CO -       CI->CO F     FA1D2          1  1.8    63   123    3061    (-,-) 
  basic_isa_instance/u_branch_add_95_52_Y_u_branch_add_94_43_cdnadd_17/CO -       CI->CO F     FA1D2          1  1.8    63   123    3184    (-,-) 
  basic_isa_instance/u_branch_add_95_52_Y_u_branch_add_94_43_cdnadd_18/CO -       CI->CO F     FA1D2          1  1.8    63   123    3308    (-,-) 
  basic_isa_instance/u_branch_add_95_52_Y_u_branch_add_94_43_cdnadd_19/CO -       CI->CO F     FA1D2          1  1.8    63   123    3431    (-,-) 
  basic_isa_instance/u_branch_add_95_52_Y_u_branch_add_94_43_cdnadd_20/CO -       CI->CO F     FA1D2          1  1.8    63   123    3554    (-,-) 
  basic_isa_instance/u_branch_add_95_52_Y_u_branch_add_94_43_cdnadd_21/CO -       CI->CO F     FA1D2          1  1.8    63   123    3678    (-,-) 
  basic_isa_instance/u_branch_add_95_52_Y_u_branch_add_94_43_cdnadd_22/CO -       CI->CO F     FA1D2          1  1.8    63   123    3801    (-,-) 
  basic_isa_instance/u_branch_add_95_52_Y_u_branch_add_94_43_cdnadd_23/CO -       CI->CO F     FA1D2          1  1.8    63   123    3925    (-,-) 
  basic_isa_instance/u_branch_add_95_52_Y_u_branch_add_94_43_cdnadd_24/CO -       CI->CO F     FA1D2          1  1.8    63   123    4048    (-,-) 
  basic_isa_instance/u_branch_add_95_52_Y_u_branch_add_94_43_cdnadd_25/CO -       CI->CO F     FA1D2          1  1.8    63   123    4171    (-,-) 
  basic_isa_instance/u_branch_add_95_52_Y_u_branch_add_94_43_cdnadd_26/CO -       CI->CO F     FA1D2          1  1.8    63   123    4295    (-,-) 
  basic_isa_instance/u_branch_add_95_52_Y_u_branch_add_94_43_cdnadd_27/CO -       CI->CO F     FA1D2          1  1.8    63   123    4418    (-,-) 
  basic_isa_instance/u_branch_add_95_52_Y_u_branch_add_94_43_cdnadd_28/CO -       CI->CO F     FA1D2          1  1.8    63   123    4542    (-,-) 
  basic_isa_instance/u_branch_add_95_52_Y_u_branch_add_94_43_cdnadd_29/CO -       CI->CO F     FA1D2          1  1.8    63   123    4665    (-,-) 
  basic_isa_instance/u_branch_add_95_52_Y_u_branch_add_94_43_cdnadd_30/S  -       CI->S  R     FA1D2          2  2.0    51   178    4844    (-,-) 
  basic_isa_instance/g35737/Z                                             -       A1->Z  R     AN2D2         16 14.4   121   145    4989    (-,-) 
  basic_isa_instance/u_if_u_btb_U_FILE_target_arr_reg[1][1][30]/D         -       -      R     DFCNQD2       16    -     -     0    4989    (-,-) 
#-------------------------------------------------------------------------------------------------------------------------------------------------



Path 40: VIOLATED (-2588 ps) Setup Check with Pin basic_isa_instance/u_if_u_btb_U_FILE_target_arr_reg[1][0][30]/CP->D
          Group: core_clk
     Startpoint: (R) basic_isa_instance/u_mem_wb_rd_wb_reg[4]/CP
          Clock: (R) core_clk
       Endpoint: (R) basic_isa_instance/u_if_u_btb_U_FILE_target_arr_reg[1][0][30]/D
          Clock: (R) core_clk

                     Capture       Launch     
        Clock Edge:+    2500            0     
       Src Latency:+       0            0     
       Net Latency:+       0 (I)        0 (I) 
           Arrival:=    2500            0     
                                              
             Setup:-     100                  
     Required Time:=    2400                  
      Launch Clock:-       0                  
         Data Path:-    4989                  
             Slack:=   -2588                  

#-------------------------------------------------------------------------------------------------------------------------------------------------
#                              Timing Point                               Flags    Arc   Edge   Cell     Fanout Load Trans Delay Arrival Instance 
#                                                                                                               (fF)  (ps)  (ps)   (ps)  Location 
#-------------------------------------------------------------------------------------------------------------------------------------------------
  basic_isa_instance/u_mem_wb_rd_wb_reg[4]/CP                             -       -      R     (arrival)    106    -     0     -       0    (-,-) 
  basic_isa_instance/u_mem_wb_rd_wb_reg[4]/Q                              -       CP->Q  R     DFCND2         3  5.4    64   287     287    (-,-) 
  basic_isa_instance/fopt26924/ZN                                         -       I->ZN  F     INVD2          1  2.1    27    34     321    (-,-) 
  basic_isa_instance/g26622/ZN                                            -       B2->ZN R     OAI22D2        1  2.2    94    84     405    (-,-) 
  basic_isa_instance/g26578/ZN                                            -       A2->ZN F     NR2D2          1  2.6    38    50     455    (-,-) 
  basic_isa_instance/g26574/ZN                                            -       A1->ZN R     ND2D3          1  5.2    43    41     497    (-,-) 
  basic_isa_instance/g26566/ZN                                            -       A1->ZN F     NR2XD4         4 11.2    49    43     540    (-,-) 
  basic_isa_instance/g26565/ZN                                            -       I->ZN  R     CKND2          1  1.7    26    33     573    (-,-) 
  basic_isa_instance/g26560/ZN                                            -       B1->ZN F     INR2D2         1  3.6    36    27     600    (-,-) 
  basic_isa_instance/g26536/ZN                                            -       B->ZN  R     AOI21D4        1  3.3    68    76     676    (-,-) 
  basic_isa_instance/g26392/ZN                                            -       A1->ZN F     OAI21D4        1  3.4    50    49     725    (-,-) 
  basic_isa_instance/g3/ZN                                                -       A1->ZN R     ND2D4          1  3.8    40    38     763    (-,-) 
  basic_isa_instance/g2/ZN                                                -       B1->ZN F     IND2D4        14 17.3    92    72     836    (-,-) 
  basic_isa_instance/g20782/Z                                             -       I1->Z  F     MUX2D2         1  2.7    57   146     982    (-,-) 
  basic_isa_instance/u_branch_add_95_52_Y_u_branch_add_94_43_cdnadd_1/CO  -       B->CO  F     FA1D4          1  1.8    53   231    1213    (-,-) 
  basic_isa_instance/u_branch_add_95_52_Y_u_branch_add_94_43_cdnadd_2/CO  -       CI->CO F     FA1D2          1  1.8    63   120    1333    (-,-) 
  basic_isa_instance/u_branch_add_95_52_Y_u_branch_add_94_43_cdnadd_3/CO  -       CI->CO F     FA1D2          1  1.8    63   123    1457    (-,-) 
  basic_isa_instance/u_branch_add_95_52_Y_u_branch_add_94_43_cdnadd_4/CO  -       CI->CO F     FA1D2          1  1.8    63   123    1580    (-,-) 
  basic_isa_instance/u_branch_add_95_52_Y_u_branch_add_94_43_cdnadd_5/CO  -       CI->CO F     FA1D2          1  1.8    63   123    1703    (-,-) 
  basic_isa_instance/u_branch_add_95_52_Y_u_branch_add_94_43_cdnadd_6/CO  -       CI->CO F     FA1D2          1  1.8    63   123    1827    (-,-) 
  basic_isa_instance/u_branch_add_95_52_Y_u_branch_add_94_43_cdnadd_7/CO  -       CI->CO F     FA1D2          1  1.8    63   123    1950    (-,-) 
  basic_isa_instance/u_branch_add_95_52_Y_u_branch_add_94_43_cdnadd_8/CO  -       CI->CO F     FA1D2          1  1.8    63   123    2074    (-,-) 
  basic_isa_instance/u_branch_add_95_52_Y_u_branch_add_94_43_cdnadd_9/CO  -       CI->CO F     FA1D2          1  1.8    63   123    2197    (-,-) 
  basic_isa_instance/u_branch_add_95_52_Y_u_branch_add_94_43_cdnadd_10/CO -       CI->CO F     FA1D2          1  1.8    63   123    2320    (-,-) 
  basic_isa_instance/u_branch_add_95_52_Y_u_branch_add_94_43_cdnadd_11/CO -       CI->CO F     FA1D2          1  1.8    63   123    2444    (-,-) 
  basic_isa_instance/u_branch_add_95_52_Y_u_branch_add_94_43_cdnadd_12/CO -       CI->CO F     FA1D2          1  1.8    63   123    2567    (-,-) 
  basic_isa_instance/u_branch_add_95_52_Y_u_branch_add_94_43_cdnadd_13/CO -       CI->CO F     FA1D2          1  1.8    63   123    2691    (-,-) 
  basic_isa_instance/u_branch_add_95_52_Y_u_branch_add_94_43_cdnadd_14/CO -       CI->CO F     FA1D2          1  1.8    63   123    2814    (-,-) 
  basic_isa_instance/u_branch_add_95_52_Y_u_branch_add_94_43_cdnadd_15/CO -       CI->CO F     FA1D2          1  1.8    63   123    2937    (-,-) 
  basic_isa_instance/u_branch_add_95_52_Y_u_branch_add_94_43_cdnadd_16/CO -       CI->CO F     FA1D2          1  1.8    63   123    3061    (-,-) 
  basic_isa_instance/u_branch_add_95_52_Y_u_branch_add_94_43_cdnadd_17/CO -       CI->CO F     FA1D2          1  1.8    63   123    3184    (-,-) 
  basic_isa_instance/u_branch_add_95_52_Y_u_branch_add_94_43_cdnadd_18/CO -       CI->CO F     FA1D2          1  1.8    63   123    3308    (-,-) 
  basic_isa_instance/u_branch_add_95_52_Y_u_branch_add_94_43_cdnadd_19/CO -       CI->CO F     FA1D2          1  1.8    63   123    3431    (-,-) 
  basic_isa_instance/u_branch_add_95_52_Y_u_branch_add_94_43_cdnadd_20/CO -       CI->CO F     FA1D2          1  1.8    63   123    3554    (-,-) 
  basic_isa_instance/u_branch_add_95_52_Y_u_branch_add_94_43_cdnadd_21/CO -       CI->CO F     FA1D2          1  1.8    63   123    3678    (-,-) 
  basic_isa_instance/u_branch_add_95_52_Y_u_branch_add_94_43_cdnadd_22/CO -       CI->CO F     FA1D2          1  1.8    63   123    3801    (-,-) 
  basic_isa_instance/u_branch_add_95_52_Y_u_branch_add_94_43_cdnadd_23/CO -       CI->CO F     FA1D2          1  1.8    63   123    3925    (-,-) 
  basic_isa_instance/u_branch_add_95_52_Y_u_branch_add_94_43_cdnadd_24/CO -       CI->CO F     FA1D2          1  1.8    63   123    4048    (-,-) 
  basic_isa_instance/u_branch_add_95_52_Y_u_branch_add_94_43_cdnadd_25/CO -       CI->CO F     FA1D2          1  1.8    63   123    4171    (-,-) 
  basic_isa_instance/u_branch_add_95_52_Y_u_branch_add_94_43_cdnadd_26/CO -       CI->CO F     FA1D2          1  1.8    63   123    4295    (-,-) 
  basic_isa_instance/u_branch_add_95_52_Y_u_branch_add_94_43_cdnadd_27/CO -       CI->CO F     FA1D2          1  1.8    63   123    4418    (-,-) 
  basic_isa_instance/u_branch_add_95_52_Y_u_branch_add_94_43_cdnadd_28/CO -       CI->CO F     FA1D2          1  1.8    63   123    4542    (-,-) 
  basic_isa_instance/u_branch_add_95_52_Y_u_branch_add_94_43_cdnadd_29/CO -       CI->CO F     FA1D2          1  1.8    63   123    4665    (-,-) 
  basic_isa_instance/u_branch_add_95_52_Y_u_branch_add_94_43_cdnadd_30/S  -       CI->S  R     FA1D2          2  2.0    51   178    4844    (-,-) 
  basic_isa_instance/g35737/Z                                             -       A1->Z  R     AN2D2         16 14.4   121   145    4989    (-,-) 
  basic_isa_instance/u_if_u_btb_U_FILE_target_arr_reg[1][0][30]/D         -       -      R     DFCNQD2       16    -     -     0    4989    (-,-) 
#-------------------------------------------------------------------------------------------------------------------------------------------------



Path 41: VIOLATED (-2588 ps) Setup Check with Pin basic_isa_instance/u_if_u_btb_U_FILE_target_arr_reg[0][1][30]/CP->D
          Group: core_clk
     Startpoint: (R) basic_isa_instance/u_mem_wb_rd_wb_reg[4]/CP
          Clock: (R) core_clk
       Endpoint: (R) basic_isa_instance/u_if_u_btb_U_FILE_target_arr_reg[0][1][30]/D
          Clock: (R) core_clk

                     Capture       Launch     
        Clock Edge:+    2500            0     
       Src Latency:+       0            0     
       Net Latency:+       0 (I)        0 (I) 
           Arrival:=    2500            0     
                                              
             Setup:-     100                  
     Required Time:=    2400                  
      Launch Clock:-       0                  
         Data Path:-    4989                  
             Slack:=   -2588                  

#-------------------------------------------------------------------------------------------------------------------------------------------------
#                              Timing Point                               Flags    Arc   Edge   Cell     Fanout Load Trans Delay Arrival Instance 
#                                                                                                               (fF)  (ps)  (ps)   (ps)  Location 
#-------------------------------------------------------------------------------------------------------------------------------------------------
  basic_isa_instance/u_mem_wb_rd_wb_reg[4]/CP                             -       -      R     (arrival)    106    -     0     -       0    (-,-) 
  basic_isa_instance/u_mem_wb_rd_wb_reg[4]/Q                              -       CP->Q  R     DFCND2         3  5.4    64   287     287    (-,-) 
  basic_isa_instance/fopt26924/ZN                                         -       I->ZN  F     INVD2          1  2.1    27    34     321    (-,-) 
  basic_isa_instance/g26622/ZN                                            -       B2->ZN R     OAI22D2        1  2.2    94    84     405    (-,-) 
  basic_isa_instance/g26578/ZN                                            -       A2->ZN F     NR2D2          1  2.6    38    50     455    (-,-) 
  basic_isa_instance/g26574/ZN                                            -       A1->ZN R     ND2D3          1  5.2    43    41     497    (-,-) 
  basic_isa_instance/g26566/ZN                                            -       A1->ZN F     NR2XD4         4 11.2    49    43     540    (-,-) 
  basic_isa_instance/g26565/ZN                                            -       I->ZN  R     CKND2          1  1.7    26    33     573    (-,-) 
  basic_isa_instance/g26560/ZN                                            -       B1->ZN F     INR2D2         1  3.6    36    27     600    (-,-) 
  basic_isa_instance/g26536/ZN                                            -       B->ZN  R     AOI21D4        1  3.3    68    76     676    (-,-) 
  basic_isa_instance/g26392/ZN                                            -       A1->ZN F     OAI21D4        1  3.4    50    49     725    (-,-) 
  basic_isa_instance/g3/ZN                                                -       A1->ZN R     ND2D4          1  3.8    40    38     763    (-,-) 
  basic_isa_instance/g2/ZN                                                -       B1->ZN F     IND2D4        14 17.3    92    72     836    (-,-) 
  basic_isa_instance/g20782/Z                                             -       I1->Z  F     MUX2D2         1  2.7    57   146     982    (-,-) 
  basic_isa_instance/u_branch_add_95_52_Y_u_branch_add_94_43_cdnadd_1/CO  -       B->CO  F     FA1D4          1  1.8    53   231    1213    (-,-) 
  basic_isa_instance/u_branch_add_95_52_Y_u_branch_add_94_43_cdnadd_2/CO  -       CI->CO F     FA1D2          1  1.8    63   120    1333    (-,-) 
  basic_isa_instance/u_branch_add_95_52_Y_u_branch_add_94_43_cdnadd_3/CO  -       CI->CO F     FA1D2          1  1.8    63   123    1457    (-,-) 
  basic_isa_instance/u_branch_add_95_52_Y_u_branch_add_94_43_cdnadd_4/CO  -       CI->CO F     FA1D2          1  1.8    63   123    1580    (-,-) 
  basic_isa_instance/u_branch_add_95_52_Y_u_branch_add_94_43_cdnadd_5/CO  -       CI->CO F     FA1D2          1  1.8    63   123    1703    (-,-) 
  basic_isa_instance/u_branch_add_95_52_Y_u_branch_add_94_43_cdnadd_6/CO  -       CI->CO F     FA1D2          1  1.8    63   123    1827    (-,-) 
  basic_isa_instance/u_branch_add_95_52_Y_u_branch_add_94_43_cdnadd_7/CO  -       CI->CO F     FA1D2          1  1.8    63   123    1950    (-,-) 
  basic_isa_instance/u_branch_add_95_52_Y_u_branch_add_94_43_cdnadd_8/CO  -       CI->CO F     FA1D2          1  1.8    63   123    2074    (-,-) 
  basic_isa_instance/u_branch_add_95_52_Y_u_branch_add_94_43_cdnadd_9/CO  -       CI->CO F     FA1D2          1  1.8    63   123    2197    (-,-) 
  basic_isa_instance/u_branch_add_95_52_Y_u_branch_add_94_43_cdnadd_10/CO -       CI->CO F     FA1D2          1  1.8    63   123    2320    (-,-) 
  basic_isa_instance/u_branch_add_95_52_Y_u_branch_add_94_43_cdnadd_11/CO -       CI->CO F     FA1D2          1  1.8    63   123    2444    (-,-) 
  basic_isa_instance/u_branch_add_95_52_Y_u_branch_add_94_43_cdnadd_12/CO -       CI->CO F     FA1D2          1  1.8    63   123    2567    (-,-) 
  basic_isa_instance/u_branch_add_95_52_Y_u_branch_add_94_43_cdnadd_13/CO -       CI->CO F     FA1D2          1  1.8    63   123    2691    (-,-) 
  basic_isa_instance/u_branch_add_95_52_Y_u_branch_add_94_43_cdnadd_14/CO -       CI->CO F     FA1D2          1  1.8    63   123    2814    (-,-) 
  basic_isa_instance/u_branch_add_95_52_Y_u_branch_add_94_43_cdnadd_15/CO -       CI->CO F     FA1D2          1  1.8    63   123    2937    (-,-) 
  basic_isa_instance/u_branch_add_95_52_Y_u_branch_add_94_43_cdnadd_16/CO -       CI->CO F     FA1D2          1  1.8    63   123    3061    (-,-) 
  basic_isa_instance/u_branch_add_95_52_Y_u_branch_add_94_43_cdnadd_17/CO -       CI->CO F     FA1D2          1  1.8    63   123    3184    (-,-) 
  basic_isa_instance/u_branch_add_95_52_Y_u_branch_add_94_43_cdnadd_18/CO -       CI->CO F     FA1D2          1  1.8    63   123    3308    (-,-) 
  basic_isa_instance/u_branch_add_95_52_Y_u_branch_add_94_43_cdnadd_19/CO -       CI->CO F     FA1D2          1  1.8    63   123    3431    (-,-) 
  basic_isa_instance/u_branch_add_95_52_Y_u_branch_add_94_43_cdnadd_20/CO -       CI->CO F     FA1D2          1  1.8    63   123    3554    (-,-) 
  basic_isa_instance/u_branch_add_95_52_Y_u_branch_add_94_43_cdnadd_21/CO -       CI->CO F     FA1D2          1  1.8    63   123    3678    (-,-) 
  basic_isa_instance/u_branch_add_95_52_Y_u_branch_add_94_43_cdnadd_22/CO -       CI->CO F     FA1D2          1  1.8    63   123    3801    (-,-) 
  basic_isa_instance/u_branch_add_95_52_Y_u_branch_add_94_43_cdnadd_23/CO -       CI->CO F     FA1D2          1  1.8    63   123    3925    (-,-) 
  basic_isa_instance/u_branch_add_95_52_Y_u_branch_add_94_43_cdnadd_24/CO -       CI->CO F     FA1D2          1  1.8    63   123    4048    (-,-) 
  basic_isa_instance/u_branch_add_95_52_Y_u_branch_add_94_43_cdnadd_25/CO -       CI->CO F     FA1D2          1  1.8    63   123    4171    (-,-) 
  basic_isa_instance/u_branch_add_95_52_Y_u_branch_add_94_43_cdnadd_26/CO -       CI->CO F     FA1D2          1  1.8    63   123    4295    (-,-) 
  basic_isa_instance/u_branch_add_95_52_Y_u_branch_add_94_43_cdnadd_27/CO -       CI->CO F     FA1D2          1  1.8    63   123    4418    (-,-) 
  basic_isa_instance/u_branch_add_95_52_Y_u_branch_add_94_43_cdnadd_28/CO -       CI->CO F     FA1D2          1  1.8    63   123    4542    (-,-) 
  basic_isa_instance/u_branch_add_95_52_Y_u_branch_add_94_43_cdnadd_29/CO -       CI->CO F     FA1D2          1  1.8    63   123    4665    (-,-) 
  basic_isa_instance/u_branch_add_95_52_Y_u_branch_add_94_43_cdnadd_30/S  -       CI->S  R     FA1D2          2  2.0    51   178    4844    (-,-) 
  basic_isa_instance/g35737/Z                                             -       A1->Z  R     AN2D2         16 14.4   121   145    4989    (-,-) 
  basic_isa_instance/u_if_u_btb_U_FILE_target_arr_reg[0][1][30]/D         -       -      R     DFCNQD2       16    -     -     0    4989    (-,-) 
#-------------------------------------------------------------------------------------------------------------------------------------------------



Path 42: VIOLATED (-2588 ps) Setup Check with Pin basic_isa_instance/u_if_u_btb_U_FILE_target_arr_reg[0][0][30]/CP->D
          Group: core_clk
     Startpoint: (R) basic_isa_instance/u_mem_wb_rd_wb_reg[4]/CP
          Clock: (R) core_clk
       Endpoint: (R) basic_isa_instance/u_if_u_btb_U_FILE_target_arr_reg[0][0][30]/D
          Clock: (R) core_clk

                     Capture       Launch     
        Clock Edge:+    2500            0     
       Src Latency:+       0            0     
       Net Latency:+       0 (I)        0 (I) 
           Arrival:=    2500            0     
                                              
             Setup:-     100                  
     Required Time:=    2400                  
      Launch Clock:-       0                  
         Data Path:-    4989                  
             Slack:=   -2588                  

#-------------------------------------------------------------------------------------------------------------------------------------------------
#                              Timing Point                               Flags    Arc   Edge   Cell     Fanout Load Trans Delay Arrival Instance 
#                                                                                                               (fF)  (ps)  (ps)   (ps)  Location 
#-------------------------------------------------------------------------------------------------------------------------------------------------
  basic_isa_instance/u_mem_wb_rd_wb_reg[4]/CP                             -       -      R     (arrival)    106    -     0     -       0    (-,-) 
  basic_isa_instance/u_mem_wb_rd_wb_reg[4]/Q                              -       CP->Q  R     DFCND2         3  5.4    64   287     287    (-,-) 
  basic_isa_instance/fopt26924/ZN                                         -       I->ZN  F     INVD2          1  2.1    27    34     321    (-,-) 
  basic_isa_instance/g26622/ZN                                            -       B2->ZN R     OAI22D2        1  2.2    94    84     405    (-,-) 
  basic_isa_instance/g26578/ZN                                            -       A2->ZN F     NR2D2          1  2.6    38    50     455    (-,-) 
  basic_isa_instance/g26574/ZN                                            -       A1->ZN R     ND2D3          1  5.2    43    41     497    (-,-) 
  basic_isa_instance/g26566/ZN                                            -       A1->ZN F     NR2XD4         4 11.2    49    43     540    (-,-) 
  basic_isa_instance/g26565/ZN                                            -       I->ZN  R     CKND2          1  1.7    26    33     573    (-,-) 
  basic_isa_instance/g26560/ZN                                            -       B1->ZN F     INR2D2         1  3.6    36    27     600    (-,-) 
  basic_isa_instance/g26536/ZN                                            -       B->ZN  R     AOI21D4        1  3.3    68    76     676    (-,-) 
  basic_isa_instance/g26392/ZN                                            -       A1->ZN F     OAI21D4        1  3.4    50    49     725    (-,-) 
  basic_isa_instance/g3/ZN                                                -       A1->ZN R     ND2D4          1  3.8    40    38     763    (-,-) 
  basic_isa_instance/g2/ZN                                                -       B1->ZN F     IND2D4        14 17.3    92    72     836    (-,-) 
  basic_isa_instance/g20782/Z                                             -       I1->Z  F     MUX2D2         1  2.7    57   146     982    (-,-) 
  basic_isa_instance/u_branch_add_95_52_Y_u_branch_add_94_43_cdnadd_1/CO  -       B->CO  F     FA1D4          1  1.8    53   231    1213    (-,-) 
  basic_isa_instance/u_branch_add_95_52_Y_u_branch_add_94_43_cdnadd_2/CO  -       CI->CO F     FA1D2          1  1.8    63   120    1333    (-,-) 
  basic_isa_instance/u_branch_add_95_52_Y_u_branch_add_94_43_cdnadd_3/CO  -       CI->CO F     FA1D2          1  1.8    63   123    1457    (-,-) 
  basic_isa_instance/u_branch_add_95_52_Y_u_branch_add_94_43_cdnadd_4/CO  -       CI->CO F     FA1D2          1  1.8    63   123    1580    (-,-) 
  basic_isa_instance/u_branch_add_95_52_Y_u_branch_add_94_43_cdnadd_5/CO  -       CI->CO F     FA1D2          1  1.8    63   123    1703    (-,-) 
  basic_isa_instance/u_branch_add_95_52_Y_u_branch_add_94_43_cdnadd_6/CO  -       CI->CO F     FA1D2          1  1.8    63   123    1827    (-,-) 
  basic_isa_instance/u_branch_add_95_52_Y_u_branch_add_94_43_cdnadd_7/CO  -       CI->CO F     FA1D2          1  1.8    63   123    1950    (-,-) 
  basic_isa_instance/u_branch_add_95_52_Y_u_branch_add_94_43_cdnadd_8/CO  -       CI->CO F     FA1D2          1  1.8    63   123    2074    (-,-) 
  basic_isa_instance/u_branch_add_95_52_Y_u_branch_add_94_43_cdnadd_9/CO  -       CI->CO F     FA1D2          1  1.8    63   123    2197    (-,-) 
  basic_isa_instance/u_branch_add_95_52_Y_u_branch_add_94_43_cdnadd_10/CO -       CI->CO F     FA1D2          1  1.8    63   123    2320    (-,-) 
  basic_isa_instance/u_branch_add_95_52_Y_u_branch_add_94_43_cdnadd_11/CO -       CI->CO F     FA1D2          1  1.8    63   123    2444    (-,-) 
  basic_isa_instance/u_branch_add_95_52_Y_u_branch_add_94_43_cdnadd_12/CO -       CI->CO F     FA1D2          1  1.8    63   123    2567    (-,-) 
  basic_isa_instance/u_branch_add_95_52_Y_u_branch_add_94_43_cdnadd_13/CO -       CI->CO F     FA1D2          1  1.8    63   123    2691    (-,-) 
  basic_isa_instance/u_branch_add_95_52_Y_u_branch_add_94_43_cdnadd_14/CO -       CI->CO F     FA1D2          1  1.8    63   123    2814    (-,-) 
  basic_isa_instance/u_branch_add_95_52_Y_u_branch_add_94_43_cdnadd_15/CO -       CI->CO F     FA1D2          1  1.8    63   123    2937    (-,-) 
  basic_isa_instance/u_branch_add_95_52_Y_u_branch_add_94_43_cdnadd_16/CO -       CI->CO F     FA1D2          1  1.8    63   123    3061    (-,-) 
  basic_isa_instance/u_branch_add_95_52_Y_u_branch_add_94_43_cdnadd_17/CO -       CI->CO F     FA1D2          1  1.8    63   123    3184    (-,-) 
  basic_isa_instance/u_branch_add_95_52_Y_u_branch_add_94_43_cdnadd_18/CO -       CI->CO F     FA1D2          1  1.8    63   123    3308    (-,-) 
  basic_isa_instance/u_branch_add_95_52_Y_u_branch_add_94_43_cdnadd_19/CO -       CI->CO F     FA1D2          1  1.8    63   123    3431    (-,-) 
  basic_isa_instance/u_branch_add_95_52_Y_u_branch_add_94_43_cdnadd_20/CO -       CI->CO F     FA1D2          1  1.8    63   123    3554    (-,-) 
  basic_isa_instance/u_branch_add_95_52_Y_u_branch_add_94_43_cdnadd_21/CO -       CI->CO F     FA1D2          1  1.8    63   123    3678    (-,-) 
  basic_isa_instance/u_branch_add_95_52_Y_u_branch_add_94_43_cdnadd_22/CO -       CI->CO F     FA1D2          1  1.8    63   123    3801    (-,-) 
  basic_isa_instance/u_branch_add_95_52_Y_u_branch_add_94_43_cdnadd_23/CO -       CI->CO F     FA1D2          1  1.8    63   123    3925    (-,-) 
  basic_isa_instance/u_branch_add_95_52_Y_u_branch_add_94_43_cdnadd_24/CO -       CI->CO F     FA1D2          1  1.8    63   123    4048    (-,-) 
  basic_isa_instance/u_branch_add_95_52_Y_u_branch_add_94_43_cdnadd_25/CO -       CI->CO F     FA1D2          1  1.8    63   123    4171    (-,-) 
  basic_isa_instance/u_branch_add_95_52_Y_u_branch_add_94_43_cdnadd_26/CO -       CI->CO F     FA1D2          1  1.8    63   123    4295    (-,-) 
  basic_isa_instance/u_branch_add_95_52_Y_u_branch_add_94_43_cdnadd_27/CO -       CI->CO F     FA1D2          1  1.8    63   123    4418    (-,-) 
  basic_isa_instance/u_branch_add_95_52_Y_u_branch_add_94_43_cdnadd_28/CO -       CI->CO F     FA1D2          1  1.8    63   123    4542    (-,-) 
  basic_isa_instance/u_branch_add_95_52_Y_u_branch_add_94_43_cdnadd_29/CO -       CI->CO F     FA1D2          1  1.8    63   123    4665    (-,-) 
  basic_isa_instance/u_branch_add_95_52_Y_u_branch_add_94_43_cdnadd_30/S  -       CI->S  R     FA1D2          2  2.0    51   178    4844    (-,-) 
  basic_isa_instance/g35737/Z                                             -       A1->Z  R     AN2D2         16 14.4   121   145    4989    (-,-) 
  basic_isa_instance/u_if_u_btb_U_FILE_target_arr_reg[0][0][30]/D         -       -      R     DFCNQD2       16    -     -     0    4989    (-,-) 
#-------------------------------------------------------------------------------------------------------------------------------------------------



Path 43: VIOLATED (-2557 ps) Setup Check with Pin basic_isa_instance/u_if_u_pc_reg_pc_reg[27]/CP->D
          Group: core_clk
     Startpoint: (R) basic_isa_instance/u_mem_wb_rd_wb_reg[4]/CP
          Clock: (R) core_clk
       Endpoint: (F) basic_isa_instance/u_if_u_pc_reg_pc_reg[27]/D
          Clock: (R) core_clk

                     Capture       Launch     
        Clock Edge:+    2500            0     
       Src Latency:+       0            0     
       Net Latency:+       0 (I)        0 (I) 
           Arrival:=    2500            0     
                                              
             Setup:-      41                  
     Required Time:=    2459                  
      Launch Clock:-       0                  
         Data Path:-    5016                  
             Slack:=   -2557                  

#-------------------------------------------------------------------------------------------------------------------------------------------------
#                              Timing Point                               Flags    Arc   Edge   Cell     Fanout Load Trans Delay Arrival Instance 
#                                                                                                               (fF)  (ps)  (ps)   (ps)  Location 
#-------------------------------------------------------------------------------------------------------------------------------------------------
  basic_isa_instance/u_mem_wb_rd_wb_reg[4]/CP                             -       -      R     (arrival)    106    -     0     -       0    (-,-) 
  basic_isa_instance/u_mem_wb_rd_wb_reg[4]/Q                              -       CP->Q  R     DFCND2         3  5.4    64   287     287    (-,-) 
  basic_isa_instance/fopt26924/ZN                                         -       I->ZN  F     INVD2          1  2.1    27    34     321    (-,-) 
  basic_isa_instance/g26622/ZN                                            -       B2->ZN R     OAI22D2        1  2.2    94    84     405    (-,-) 
  basic_isa_instance/g26578/ZN                                            -       A2->ZN F     NR2D2          1  2.6    38    50     455    (-,-) 
  basic_isa_instance/g26574/ZN                                            -       A1->ZN R     ND2D3          1  5.2    43    41     497    (-,-) 
  basic_isa_instance/g26566/ZN                                            -       A1->ZN F     NR2XD4         4 11.2    49    43     540    (-,-) 
  basic_isa_instance/g26565/ZN                                            -       I->ZN  R     CKND2          1  1.7    26    33     573    (-,-) 
  basic_isa_instance/g26560/ZN                                            -       B1->ZN F     INR2D2         1  3.6    36    27     600    (-,-) 
  basic_isa_instance/g26536/ZN                                            -       B->ZN  R     AOI21D4        1  3.3    68    76     676    (-,-) 
  basic_isa_instance/g26392/ZN                                            -       A1->ZN F     OAI21D4        1  3.4    50    49     725    (-,-) 
  basic_isa_instance/g3/ZN                                                -       A1->ZN R     ND2D4          1  3.8    40    38     763    (-,-) 
  basic_isa_instance/g2/ZN                                                -       B1->ZN F     IND2D4        14 17.3    92    72     836    (-,-) 
  basic_isa_instance/g20782/Z                                             -       I1->Z  F     MUX2D2         1  2.7    57   146     982    (-,-) 
  basic_isa_instance/u_branch_add_95_52_Y_u_branch_add_94_43_cdnadd_1/CO  -       B->CO  F     FA1D4          1  1.8    53   231    1213    (-,-) 
  basic_isa_instance/u_branch_add_95_52_Y_u_branch_add_94_43_cdnadd_2/CO  -       CI->CO F     FA1D2          1  1.8    63   120    1333    (-,-) 
  basic_isa_instance/u_branch_add_95_52_Y_u_branch_add_94_43_cdnadd_3/CO  -       CI->CO F     FA1D2          1  1.8    63   123    1457    (-,-) 
  basic_isa_instance/u_branch_add_95_52_Y_u_branch_add_94_43_cdnadd_4/CO  -       CI->CO F     FA1D2          1  1.8    63   123    1580    (-,-) 
  basic_isa_instance/u_branch_add_95_52_Y_u_branch_add_94_43_cdnadd_5/CO  -       CI->CO F     FA1D2          1  1.8    63   123    1703    (-,-) 
  basic_isa_instance/u_branch_add_95_52_Y_u_branch_add_94_43_cdnadd_6/CO  -       CI->CO F     FA1D2          1  1.8    63   123    1827    (-,-) 
  basic_isa_instance/u_branch_add_95_52_Y_u_branch_add_94_43_cdnadd_7/CO  -       CI->CO F     FA1D2          1  1.8    63   123    1950    (-,-) 
  basic_isa_instance/u_branch_add_95_52_Y_u_branch_add_94_43_cdnadd_8/CO  -       CI->CO F     FA1D2          1  1.8    63   123    2074    (-,-) 
  basic_isa_instance/u_branch_add_95_52_Y_u_branch_add_94_43_cdnadd_9/CO  -       CI->CO F     FA1D2          1  1.8    63   123    2197    (-,-) 
  basic_isa_instance/u_branch_add_95_52_Y_u_branch_add_94_43_cdnadd_10/CO -       CI->CO F     FA1D2          1  1.8    63   123    2320    (-,-) 
  basic_isa_instance/u_branch_add_95_52_Y_u_branch_add_94_43_cdnadd_11/CO -       CI->CO F     FA1D2          1  1.8    63   123    2444    (-,-) 
  basic_isa_instance/u_branch_add_95_52_Y_u_branch_add_94_43_cdnadd_12/CO -       CI->CO F     FA1D2          1  1.8    63   123    2567    (-,-) 
  basic_isa_instance/u_branch_add_95_52_Y_u_branch_add_94_43_cdnadd_13/CO -       CI->CO F     FA1D2          1  1.8    63   123    2691    (-,-) 
  basic_isa_instance/u_branch_add_95_52_Y_u_branch_add_94_43_cdnadd_14/CO -       CI->CO F     FA1D2          1  1.8    63   123    2814    (-,-) 
  basic_isa_instance/u_branch_add_95_52_Y_u_branch_add_94_43_cdnadd_15/CO -       CI->CO F     FA1D2          1  1.8    63   123    2937    (-,-) 
  basic_isa_instance/u_branch_add_95_52_Y_u_branch_add_94_43_cdnadd_16/CO -       CI->CO F     FA1D2          1  1.8    63   123    3061    (-,-) 
  basic_isa_instance/u_branch_add_95_52_Y_u_branch_add_94_43_cdnadd_17/CO -       CI->CO F     FA1D2          1  1.8    63   123    3184    (-,-) 
  basic_isa_instance/u_branch_add_95_52_Y_u_branch_add_94_43_cdnadd_18/CO -       CI->CO F     FA1D2          1  1.8    63   123    3308    (-,-) 
  basic_isa_instance/u_branch_add_95_52_Y_u_branch_add_94_43_cdnadd_19/CO -       CI->CO F     FA1D2          1  1.8    63   123    3431    (-,-) 
  basic_isa_instance/u_branch_add_95_52_Y_u_branch_add_94_43_cdnadd_20/CO -       CI->CO F     FA1D2          1  1.8    63   123    3554    (-,-) 
  basic_isa_instance/u_branch_add_95_52_Y_u_branch_add_94_43_cdnadd_21/CO -       CI->CO F     FA1D2          1  1.8    63   123    3678    (-,-) 
  basic_isa_instance/u_branch_add_95_52_Y_u_branch_add_94_43_cdnadd_22/CO -       CI->CO F     FA1D2          1  1.8    63   123    3801    (-,-) 
  basic_isa_instance/u_branch_add_95_52_Y_u_branch_add_94_43_cdnadd_23/CO -       CI->CO F     FA1D2          1  1.8    63   123    3925    (-,-) 
  basic_isa_instance/u_branch_add_95_52_Y_u_branch_add_94_43_cdnadd_24/CO -       CI->CO F     FA1D2          1  1.8    63   123    4048    (-,-) 
  basic_isa_instance/u_branch_add_95_52_Y_u_branch_add_94_43_cdnadd_25/CO -       CI->CO F     FA1D2          1  1.8    63   123    4171    (-,-) 
  basic_isa_instance/u_branch_add_95_52_Y_u_branch_add_94_43_cdnadd_26/CO -       CI->CO F     FA1D2          1  1.8    63   123    4295    (-,-) 
  basic_isa_instance/u_branch_add_95_52_Y_u_branch_add_94_43_cdnadd_27/S  -       CI->S  F     FA1D2          2  1.8    60   151    4446    (-,-) 
  basic_isa_instance/g34679/Z                                             -       C1->Z  F     AO222D2        1  1.0    60   250    4696    (-,-) 
  basic_isa_instance/g34507/Z                                             -       B->Z   F     AO211D2        2  1.8    56   206    4902    (-,-) 
  basic_isa_instance/g41448/Z                                             -       A1->Z  F     AO21D2         1  0.9    41   115    5016    (-,-) 
  basic_isa_instance/u_if_u_pc_reg_pc_reg[27]/D                           -       -      F     DFCSNQD2       1    -     -     0    5016    (-,-) 
#-------------------------------------------------------------------------------------------------------------------------------------------------



Path 44: VIOLATED (-2543 ps) Setup Check with Pin basic_isa_instance/u_if_u_pc_reg_core_to_int_reg[27]/CP->D
          Group: core_clk
     Startpoint: (R) basic_isa_instance/u_mem_wb_rd_wb_reg[4]/CP
          Clock: (R) core_clk
       Endpoint: (F) basic_isa_instance/u_if_u_pc_reg_core_to_int_reg[27]/D
          Clock: (R) core_clk

                     Capture       Launch     
        Clock Edge:+    2500            0     
       Src Latency:+       0            0     
       Net Latency:+       0 (I)        0 (I) 
           Arrival:=    2500            0     
                                              
             Setup:-       8                  
     Required Time:=    2492                  
      Launch Clock:-       0                  
         Data Path:-    5034                  
             Slack:=   -2543                  

#-------------------------------------------------------------------------------------------------------------------------------------------------
#                              Timing Point                               Flags    Arc   Edge   Cell     Fanout Load Trans Delay Arrival Instance 
#                                                                                                               (fF)  (ps)  (ps)   (ps)  Location 
#-------------------------------------------------------------------------------------------------------------------------------------------------
  basic_isa_instance/u_mem_wb_rd_wb_reg[4]/CP                             -       -      R     (arrival)    106    -     0     -       0    (-,-) 
  basic_isa_instance/u_mem_wb_rd_wb_reg[4]/Q                              -       CP->Q  R     DFCND2         3  5.4    64   287     287    (-,-) 
  basic_isa_instance/fopt26924/ZN                                         -       I->ZN  F     INVD2          1  2.1    27    34     321    (-,-) 
  basic_isa_instance/g26622/ZN                                            -       B2->ZN R     OAI22D2        1  2.2    94    84     405    (-,-) 
  basic_isa_instance/g26578/ZN                                            -       A2->ZN F     NR2D2          1  2.6    38    50     455    (-,-) 
  basic_isa_instance/g26574/ZN                                            -       A1->ZN R     ND2D3          1  5.2    43    41     497    (-,-) 
  basic_isa_instance/g26566/ZN                                            -       A1->ZN F     NR2XD4         4 11.2    49    43     540    (-,-) 
  basic_isa_instance/g26565/ZN                                            -       I->ZN  R     CKND2          1  1.7    26    33     573    (-,-) 
  basic_isa_instance/g26560/ZN                                            -       B1->ZN F     INR2D2         1  3.6    36    27     600    (-,-) 
  basic_isa_instance/g26536/ZN                                            -       B->ZN  R     AOI21D4        1  3.3    68    76     676    (-,-) 
  basic_isa_instance/g26392/ZN                                            -       A1->ZN F     OAI21D4        1  3.4    50    49     725    (-,-) 
  basic_isa_instance/g3/ZN                                                -       A1->ZN R     ND2D4          1  3.8    40    38     763    (-,-) 
  basic_isa_instance/g2/ZN                                                -       B1->ZN F     IND2D4        14 17.3    92    72     836    (-,-) 
  basic_isa_instance/g20782/Z                                             -       I1->Z  F     MUX2D2         1  2.7    57   146     982    (-,-) 
  basic_isa_instance/u_branch_add_95_52_Y_u_branch_add_94_43_cdnadd_1/CO  -       B->CO  F     FA1D4          1  1.8    53   231    1213    (-,-) 
  basic_isa_instance/u_branch_add_95_52_Y_u_branch_add_94_43_cdnadd_2/CO  -       CI->CO F     FA1D2          1  1.8    63   120    1333    (-,-) 
  basic_isa_instance/u_branch_add_95_52_Y_u_branch_add_94_43_cdnadd_3/CO  -       CI->CO F     FA1D2          1  1.8    63   123    1457    (-,-) 
  basic_isa_instance/u_branch_add_95_52_Y_u_branch_add_94_43_cdnadd_4/CO  -       CI->CO F     FA1D2          1  1.8    63   123    1580    (-,-) 
  basic_isa_instance/u_branch_add_95_52_Y_u_branch_add_94_43_cdnadd_5/CO  -       CI->CO F     FA1D2          1  1.8    63   123    1703    (-,-) 
  basic_isa_instance/u_branch_add_95_52_Y_u_branch_add_94_43_cdnadd_6/CO  -       CI->CO F     FA1D2          1  1.8    63   123    1827    (-,-) 
  basic_isa_instance/u_branch_add_95_52_Y_u_branch_add_94_43_cdnadd_7/CO  -       CI->CO F     FA1D2          1  1.8    63   123    1950    (-,-) 
  basic_isa_instance/u_branch_add_95_52_Y_u_branch_add_94_43_cdnadd_8/CO  -       CI->CO F     FA1D2          1  1.8    63   123    2074    (-,-) 
  basic_isa_instance/u_branch_add_95_52_Y_u_branch_add_94_43_cdnadd_9/CO  -       CI->CO F     FA1D2          1  1.8    63   123    2197    (-,-) 
  basic_isa_instance/u_branch_add_95_52_Y_u_branch_add_94_43_cdnadd_10/CO -       CI->CO F     FA1D2          1  1.8    63   123    2320    (-,-) 
  basic_isa_instance/u_branch_add_95_52_Y_u_branch_add_94_43_cdnadd_11/CO -       CI->CO F     FA1D2          1  1.8    63   123    2444    (-,-) 
  basic_isa_instance/u_branch_add_95_52_Y_u_branch_add_94_43_cdnadd_12/CO -       CI->CO F     FA1D2          1  1.8    63   123    2567    (-,-) 
  basic_isa_instance/u_branch_add_95_52_Y_u_branch_add_94_43_cdnadd_13/CO -       CI->CO F     FA1D2          1  1.8    63   123    2691    (-,-) 
  basic_isa_instance/u_branch_add_95_52_Y_u_branch_add_94_43_cdnadd_14/CO -       CI->CO F     FA1D2          1  1.8    63   123    2814    (-,-) 
  basic_isa_instance/u_branch_add_95_52_Y_u_branch_add_94_43_cdnadd_15/CO -       CI->CO F     FA1D2          1  1.8    63   123    2937    (-,-) 
  basic_isa_instance/u_branch_add_95_52_Y_u_branch_add_94_43_cdnadd_16/CO -       CI->CO F     FA1D2          1  1.8    63   123    3061    (-,-) 
  basic_isa_instance/u_branch_add_95_52_Y_u_branch_add_94_43_cdnadd_17/CO -       CI->CO F     FA1D2          1  1.8    63   123    3184    (-,-) 
  basic_isa_instance/u_branch_add_95_52_Y_u_branch_add_94_43_cdnadd_18/CO -       CI->CO F     FA1D2          1  1.8    63   123    3308    (-,-) 
  basic_isa_instance/u_branch_add_95_52_Y_u_branch_add_94_43_cdnadd_19/CO -       CI->CO F     FA1D2          1  1.8    63   123    3431    (-,-) 
  basic_isa_instance/u_branch_add_95_52_Y_u_branch_add_94_43_cdnadd_20/CO -       CI->CO F     FA1D2          1  1.8    63   123    3554    (-,-) 
  basic_isa_instance/u_branch_add_95_52_Y_u_branch_add_94_43_cdnadd_21/CO -       CI->CO F     FA1D2          1  1.8    63   123    3678    (-,-) 
  basic_isa_instance/u_branch_add_95_52_Y_u_branch_add_94_43_cdnadd_22/CO -       CI->CO F     FA1D2          1  1.8    63   123    3801    (-,-) 
  basic_isa_instance/u_branch_add_95_52_Y_u_branch_add_94_43_cdnadd_23/CO -       CI->CO F     FA1D2          1  1.8    63   123    3925    (-,-) 
  basic_isa_instance/u_branch_add_95_52_Y_u_branch_add_94_43_cdnadd_24/CO -       CI->CO F     FA1D2          1  1.8    63   123    4048    (-,-) 
  basic_isa_instance/u_branch_add_95_52_Y_u_branch_add_94_43_cdnadd_25/CO -       CI->CO F     FA1D2          1  1.8    63   123    4171    (-,-) 
  basic_isa_instance/u_branch_add_95_52_Y_u_branch_add_94_43_cdnadd_26/CO -       CI->CO F     FA1D2          1  1.8    63   123    4295    (-,-) 
  basic_isa_instance/u_branch_add_95_52_Y_u_branch_add_94_43_cdnadd_27/S  -       CI->S  F     FA1D2          2  1.8    60   151    4446    (-,-) 
  basic_isa_instance/g34679/Z                                             -       C1->Z  F     AO222D2        1  1.0    60   250    4696    (-,-) 
  basic_isa_instance/g34507/Z                                             -       B->Z   F     AO211D2        2  1.8    56   206    4902    (-,-) 
  basic_isa_instance/g25884/Z                                             -       A1->Z  F     AO22D2         1  0.9    43   132    5034    (-,-) 
  basic_isa_instance/u_if_u_pc_reg_core_to_int_reg[27]/D                  -       -      F     DFCNQD2        1    -     -     0    5034    (-,-) 
#-------------------------------------------------------------------------------------------------------------------------------------------------



Path 45: VIOLATED (-2465 ps) Setup Check with Pin basic_isa_instance/u_if_u_btb_U_FILE_target_arr_reg[7][1][29]/CP->D
          Group: core_clk
     Startpoint: (R) basic_isa_instance/u_mem_wb_rd_wb_reg[4]/CP
          Clock: (R) core_clk
       Endpoint: (R) basic_isa_instance/u_if_u_btb_U_FILE_target_arr_reg[7][1][29]/D
          Clock: (R) core_clk

                     Capture       Launch     
        Clock Edge:+    2500            0     
       Src Latency:+       0            0     
       Net Latency:+       0 (I)        0 (I) 
           Arrival:=    2500            0     
                                              
             Setup:-     100                  
     Required Time:=    2400                  
      Launch Clock:-       0                  
         Data Path:-    4865                  
             Slack:=   -2465                  

#-------------------------------------------------------------------------------------------------------------------------------------------------
#                              Timing Point                               Flags    Arc   Edge   Cell     Fanout Load Trans Delay Arrival Instance 
#                                                                                                               (fF)  (ps)  (ps)   (ps)  Location 
#-------------------------------------------------------------------------------------------------------------------------------------------------
  basic_isa_instance/u_mem_wb_rd_wb_reg[4]/CP                             -       -      R     (arrival)    106    -     0     -       0    (-,-) 
  basic_isa_instance/u_mem_wb_rd_wb_reg[4]/Q                              -       CP->Q  R     DFCND2         3  5.4    64   287     287    (-,-) 
  basic_isa_instance/fopt26924/ZN                                         -       I->ZN  F     INVD2          1  2.1    27    34     321    (-,-) 
  basic_isa_instance/g26622/ZN                                            -       B2->ZN R     OAI22D2        1  2.2    94    84     405    (-,-) 
  basic_isa_instance/g26578/ZN                                            -       A2->ZN F     NR2D2          1  2.6    38    50     455    (-,-) 
  basic_isa_instance/g26574/ZN                                            -       A1->ZN R     ND2D3          1  5.2    43    41     497    (-,-) 
  basic_isa_instance/g26566/ZN                                            -       A1->ZN F     NR2XD4         4 11.2    49    43     540    (-,-) 
  basic_isa_instance/g26565/ZN                                            -       I->ZN  R     CKND2          1  1.7    26    33     573    (-,-) 
  basic_isa_instance/g26560/ZN                                            -       B1->ZN F     INR2D2         1  3.6    36    27     600    (-,-) 
  basic_isa_instance/g26536/ZN                                            -       B->ZN  R     AOI21D4        1  3.3    68    76     676    (-,-) 
  basic_isa_instance/g26392/ZN                                            -       A1->ZN F     OAI21D4        1  3.4    50    49     725    (-,-) 
  basic_isa_instance/g3/ZN                                                -       A1->ZN R     ND2D4          1  3.8    40    38     763    (-,-) 
  basic_isa_instance/g2/ZN                                                -       B1->ZN F     IND2D4        14 17.3    92    72     836    (-,-) 
  basic_isa_instance/g20782/Z                                             -       I1->Z  F     MUX2D2         1  2.7    57   146     982    (-,-) 
  basic_isa_instance/u_branch_add_95_52_Y_u_branch_add_94_43_cdnadd_1/CO  -       B->CO  F     FA1D4          1  1.8    53   231    1213    (-,-) 
  basic_isa_instance/u_branch_add_95_52_Y_u_branch_add_94_43_cdnadd_2/CO  -       CI->CO F     FA1D2          1  1.8    63   120    1333    (-,-) 
  basic_isa_instance/u_branch_add_95_52_Y_u_branch_add_94_43_cdnadd_3/CO  -       CI->CO F     FA1D2          1  1.8    63   123    1457    (-,-) 
  basic_isa_instance/u_branch_add_95_52_Y_u_branch_add_94_43_cdnadd_4/CO  -       CI->CO F     FA1D2          1  1.8    63   123    1580    (-,-) 
  basic_isa_instance/u_branch_add_95_52_Y_u_branch_add_94_43_cdnadd_5/CO  -       CI->CO F     FA1D2          1  1.8    63   123    1703    (-,-) 
  basic_isa_instance/u_branch_add_95_52_Y_u_branch_add_94_43_cdnadd_6/CO  -       CI->CO F     FA1D2          1  1.8    63   123    1827    (-,-) 
  basic_isa_instance/u_branch_add_95_52_Y_u_branch_add_94_43_cdnadd_7/CO  -       CI->CO F     FA1D2          1  1.8    63   123    1950    (-,-) 
  basic_isa_instance/u_branch_add_95_52_Y_u_branch_add_94_43_cdnadd_8/CO  -       CI->CO F     FA1D2          1  1.8    63   123    2074    (-,-) 
  basic_isa_instance/u_branch_add_95_52_Y_u_branch_add_94_43_cdnadd_9/CO  -       CI->CO F     FA1D2          1  1.8    63   123    2197    (-,-) 
  basic_isa_instance/u_branch_add_95_52_Y_u_branch_add_94_43_cdnadd_10/CO -       CI->CO F     FA1D2          1  1.8    63   123    2320    (-,-) 
  basic_isa_instance/u_branch_add_95_52_Y_u_branch_add_94_43_cdnadd_11/CO -       CI->CO F     FA1D2          1  1.8    63   123    2444    (-,-) 
  basic_isa_instance/u_branch_add_95_52_Y_u_branch_add_94_43_cdnadd_12/CO -       CI->CO F     FA1D2          1  1.8    63   123    2567    (-,-) 
  basic_isa_instance/u_branch_add_95_52_Y_u_branch_add_94_43_cdnadd_13/CO -       CI->CO F     FA1D2          1  1.8    63   123    2691    (-,-) 
  basic_isa_instance/u_branch_add_95_52_Y_u_branch_add_94_43_cdnadd_14/CO -       CI->CO F     FA1D2          1  1.8    63   123    2814    (-,-) 
  basic_isa_instance/u_branch_add_95_52_Y_u_branch_add_94_43_cdnadd_15/CO -       CI->CO F     FA1D2          1  1.8    63   123    2937    (-,-) 
  basic_isa_instance/u_branch_add_95_52_Y_u_branch_add_94_43_cdnadd_16/CO -       CI->CO F     FA1D2          1  1.8    63   123    3061    (-,-) 
  basic_isa_instance/u_branch_add_95_52_Y_u_branch_add_94_43_cdnadd_17/CO -       CI->CO F     FA1D2          1  1.8    63   123    3184    (-,-) 
  basic_isa_instance/u_branch_add_95_52_Y_u_branch_add_94_43_cdnadd_18/CO -       CI->CO F     FA1D2          1  1.8    63   123    3308    (-,-) 
  basic_isa_instance/u_branch_add_95_52_Y_u_branch_add_94_43_cdnadd_19/CO -       CI->CO F     FA1D2          1  1.8    63   123    3431    (-,-) 
  basic_isa_instance/u_branch_add_95_52_Y_u_branch_add_94_43_cdnadd_20/CO -       CI->CO F     FA1D2          1  1.8    63   123    3554    (-,-) 
  basic_isa_instance/u_branch_add_95_52_Y_u_branch_add_94_43_cdnadd_21/CO -       CI->CO F     FA1D2          1  1.8    63   123    3678    (-,-) 
  basic_isa_instance/u_branch_add_95_52_Y_u_branch_add_94_43_cdnadd_22/CO -       CI->CO F     FA1D2          1  1.8    63   123    3801    (-,-) 
  basic_isa_instance/u_branch_add_95_52_Y_u_branch_add_94_43_cdnadd_23/CO -       CI->CO F     FA1D2          1  1.8    63   123    3925    (-,-) 
  basic_isa_instance/u_branch_add_95_52_Y_u_branch_add_94_43_cdnadd_24/CO -       CI->CO F     FA1D2          1  1.8    63   123    4048    (-,-) 
  basic_isa_instance/u_branch_add_95_52_Y_u_branch_add_94_43_cdnadd_25/CO -       CI->CO F     FA1D2          1  1.8    63   123    4171    (-,-) 
  basic_isa_instance/u_branch_add_95_52_Y_u_branch_add_94_43_cdnadd_26/CO -       CI->CO F     FA1D2          1  1.8    63   123    4295    (-,-) 
  basic_isa_instance/u_branch_add_95_52_Y_u_branch_add_94_43_cdnadd_27/CO -       CI->CO F     FA1D2          1  1.8    63   123    4418    (-,-) 
  basic_isa_instance/u_branch_add_95_52_Y_u_branch_add_94_43_cdnadd_28/CO -       CI->CO F     FA1D2          1  1.8    63   123    4542    (-,-) 
  basic_isa_instance/u_branch_add_95_52_Y_u_branch_add_94_43_cdnadd_29/S  -       CI->S  R     FA1D2          2  2.0    51   178    4720    (-,-) 
  basic_isa_instance/g35722/Z                                             -       A1->Z  R     AN2D2         16 14.4   121   145    4865    (-,-) 
  basic_isa_instance/u_if_u_btb_U_FILE_target_arr_reg[7][1][29]/D         -       -      R     DFCNQD2       16    -     -     0    4865    (-,-) 
#-------------------------------------------------------------------------------------------------------------------------------------------------



Path 46: VIOLATED (-2465 ps) Setup Check with Pin basic_isa_instance/u_if_u_btb_U_FILE_target_arr_reg[7][0][29]/CP->D
          Group: core_clk
     Startpoint: (R) basic_isa_instance/u_mem_wb_rd_wb_reg[4]/CP
          Clock: (R) core_clk
       Endpoint: (R) basic_isa_instance/u_if_u_btb_U_FILE_target_arr_reg[7][0][29]/D
          Clock: (R) core_clk

                     Capture       Launch     
        Clock Edge:+    2500            0     
       Src Latency:+       0            0     
       Net Latency:+       0 (I)        0 (I) 
           Arrival:=    2500            0     
                                              
             Setup:-     100                  
     Required Time:=    2400                  
      Launch Clock:-       0                  
         Data Path:-    4865                  
             Slack:=   -2465                  

#-------------------------------------------------------------------------------------------------------------------------------------------------
#                              Timing Point                               Flags    Arc   Edge   Cell     Fanout Load Trans Delay Arrival Instance 
#                                                                                                               (fF)  (ps)  (ps)   (ps)  Location 
#-------------------------------------------------------------------------------------------------------------------------------------------------
  basic_isa_instance/u_mem_wb_rd_wb_reg[4]/CP                             -       -      R     (arrival)    106    -     0     -       0    (-,-) 
  basic_isa_instance/u_mem_wb_rd_wb_reg[4]/Q                              -       CP->Q  R     DFCND2         3  5.4    64   287     287    (-,-) 
  basic_isa_instance/fopt26924/ZN                                         -       I->ZN  F     INVD2          1  2.1    27    34     321    (-,-) 
  basic_isa_instance/g26622/ZN                                            -       B2->ZN R     OAI22D2        1  2.2    94    84     405    (-,-) 
  basic_isa_instance/g26578/ZN                                            -       A2->ZN F     NR2D2          1  2.6    38    50     455    (-,-) 
  basic_isa_instance/g26574/ZN                                            -       A1->ZN R     ND2D3          1  5.2    43    41     497    (-,-) 
  basic_isa_instance/g26566/ZN                                            -       A1->ZN F     NR2XD4         4 11.2    49    43     540    (-,-) 
  basic_isa_instance/g26565/ZN                                            -       I->ZN  R     CKND2          1  1.7    26    33     573    (-,-) 
  basic_isa_instance/g26560/ZN                                            -       B1->ZN F     INR2D2         1  3.6    36    27     600    (-,-) 
  basic_isa_instance/g26536/ZN                                            -       B->ZN  R     AOI21D4        1  3.3    68    76     676    (-,-) 
  basic_isa_instance/g26392/ZN                                            -       A1->ZN F     OAI21D4        1  3.4    50    49     725    (-,-) 
  basic_isa_instance/g3/ZN                                                -       A1->ZN R     ND2D4          1  3.8    40    38     763    (-,-) 
  basic_isa_instance/g2/ZN                                                -       B1->ZN F     IND2D4        14 17.3    92    72     836    (-,-) 
  basic_isa_instance/g20782/Z                                             -       I1->Z  F     MUX2D2         1  2.7    57   146     982    (-,-) 
  basic_isa_instance/u_branch_add_95_52_Y_u_branch_add_94_43_cdnadd_1/CO  -       B->CO  F     FA1D4          1  1.8    53   231    1213    (-,-) 
  basic_isa_instance/u_branch_add_95_52_Y_u_branch_add_94_43_cdnadd_2/CO  -       CI->CO F     FA1D2          1  1.8    63   120    1333    (-,-) 
  basic_isa_instance/u_branch_add_95_52_Y_u_branch_add_94_43_cdnadd_3/CO  -       CI->CO F     FA1D2          1  1.8    63   123    1457    (-,-) 
  basic_isa_instance/u_branch_add_95_52_Y_u_branch_add_94_43_cdnadd_4/CO  -       CI->CO F     FA1D2          1  1.8    63   123    1580    (-,-) 
  basic_isa_instance/u_branch_add_95_52_Y_u_branch_add_94_43_cdnadd_5/CO  -       CI->CO F     FA1D2          1  1.8    63   123    1703    (-,-) 
  basic_isa_instance/u_branch_add_95_52_Y_u_branch_add_94_43_cdnadd_6/CO  -       CI->CO F     FA1D2          1  1.8    63   123    1827    (-,-) 
  basic_isa_instance/u_branch_add_95_52_Y_u_branch_add_94_43_cdnadd_7/CO  -       CI->CO F     FA1D2          1  1.8    63   123    1950    (-,-) 
  basic_isa_instance/u_branch_add_95_52_Y_u_branch_add_94_43_cdnadd_8/CO  -       CI->CO F     FA1D2          1  1.8    63   123    2074    (-,-) 
  basic_isa_instance/u_branch_add_95_52_Y_u_branch_add_94_43_cdnadd_9/CO  -       CI->CO F     FA1D2          1  1.8    63   123    2197    (-,-) 
  basic_isa_instance/u_branch_add_95_52_Y_u_branch_add_94_43_cdnadd_10/CO -       CI->CO F     FA1D2          1  1.8    63   123    2320    (-,-) 
  basic_isa_instance/u_branch_add_95_52_Y_u_branch_add_94_43_cdnadd_11/CO -       CI->CO F     FA1D2          1  1.8    63   123    2444    (-,-) 
  basic_isa_instance/u_branch_add_95_52_Y_u_branch_add_94_43_cdnadd_12/CO -       CI->CO F     FA1D2          1  1.8    63   123    2567    (-,-) 
  basic_isa_instance/u_branch_add_95_52_Y_u_branch_add_94_43_cdnadd_13/CO -       CI->CO F     FA1D2          1  1.8    63   123    2691    (-,-) 
  basic_isa_instance/u_branch_add_95_52_Y_u_branch_add_94_43_cdnadd_14/CO -       CI->CO F     FA1D2          1  1.8    63   123    2814    (-,-) 
  basic_isa_instance/u_branch_add_95_52_Y_u_branch_add_94_43_cdnadd_15/CO -       CI->CO F     FA1D2          1  1.8    63   123    2937    (-,-) 
  basic_isa_instance/u_branch_add_95_52_Y_u_branch_add_94_43_cdnadd_16/CO -       CI->CO F     FA1D2          1  1.8    63   123    3061    (-,-) 
  basic_isa_instance/u_branch_add_95_52_Y_u_branch_add_94_43_cdnadd_17/CO -       CI->CO F     FA1D2          1  1.8    63   123    3184    (-,-) 
  basic_isa_instance/u_branch_add_95_52_Y_u_branch_add_94_43_cdnadd_18/CO -       CI->CO F     FA1D2          1  1.8    63   123    3308    (-,-) 
  basic_isa_instance/u_branch_add_95_52_Y_u_branch_add_94_43_cdnadd_19/CO -       CI->CO F     FA1D2          1  1.8    63   123    3431    (-,-) 
  basic_isa_instance/u_branch_add_95_52_Y_u_branch_add_94_43_cdnadd_20/CO -       CI->CO F     FA1D2          1  1.8    63   123    3554    (-,-) 
  basic_isa_instance/u_branch_add_95_52_Y_u_branch_add_94_43_cdnadd_21/CO -       CI->CO F     FA1D2          1  1.8    63   123    3678    (-,-) 
  basic_isa_instance/u_branch_add_95_52_Y_u_branch_add_94_43_cdnadd_22/CO -       CI->CO F     FA1D2          1  1.8    63   123    3801    (-,-) 
  basic_isa_instance/u_branch_add_95_52_Y_u_branch_add_94_43_cdnadd_23/CO -       CI->CO F     FA1D2          1  1.8    63   123    3925    (-,-) 
  basic_isa_instance/u_branch_add_95_52_Y_u_branch_add_94_43_cdnadd_24/CO -       CI->CO F     FA1D2          1  1.8    63   123    4048    (-,-) 
  basic_isa_instance/u_branch_add_95_52_Y_u_branch_add_94_43_cdnadd_25/CO -       CI->CO F     FA1D2          1  1.8    63   123    4171    (-,-) 
  basic_isa_instance/u_branch_add_95_52_Y_u_branch_add_94_43_cdnadd_26/CO -       CI->CO F     FA1D2          1  1.8    63   123    4295    (-,-) 
  basic_isa_instance/u_branch_add_95_52_Y_u_branch_add_94_43_cdnadd_27/CO -       CI->CO F     FA1D2          1  1.8    63   123    4418    (-,-) 
  basic_isa_instance/u_branch_add_95_52_Y_u_branch_add_94_43_cdnadd_28/CO -       CI->CO F     FA1D2          1  1.8    63   123    4542    (-,-) 
  basic_isa_instance/u_branch_add_95_52_Y_u_branch_add_94_43_cdnadd_29/S  -       CI->S  R     FA1D2          2  2.0    51   178    4720    (-,-) 
  basic_isa_instance/g35722/Z                                             -       A1->Z  R     AN2D2         16 14.4   121   145    4865    (-,-) 
  basic_isa_instance/u_if_u_btb_U_FILE_target_arr_reg[7][0][29]/D         -       -      R     DFCNQD2       16    -     -     0    4865    (-,-) 
#-------------------------------------------------------------------------------------------------------------------------------------------------



Path 47: VIOLATED (-2465 ps) Setup Check with Pin basic_isa_instance/u_if_u_btb_U_FILE_target_arr_reg[6][1][29]/CP->D
          Group: core_clk
     Startpoint: (R) basic_isa_instance/u_mem_wb_rd_wb_reg[4]/CP
          Clock: (R) core_clk
       Endpoint: (R) basic_isa_instance/u_if_u_btb_U_FILE_target_arr_reg[6][1][29]/D
          Clock: (R) core_clk

                     Capture       Launch     
        Clock Edge:+    2500            0     
       Src Latency:+       0            0     
       Net Latency:+       0 (I)        0 (I) 
           Arrival:=    2500            0     
                                              
             Setup:-     100                  
     Required Time:=    2400                  
      Launch Clock:-       0                  
         Data Path:-    4865                  
             Slack:=   -2465                  

#-------------------------------------------------------------------------------------------------------------------------------------------------
#                              Timing Point                               Flags    Arc   Edge   Cell     Fanout Load Trans Delay Arrival Instance 
#                                                                                                               (fF)  (ps)  (ps)   (ps)  Location 
#-------------------------------------------------------------------------------------------------------------------------------------------------
  basic_isa_instance/u_mem_wb_rd_wb_reg[4]/CP                             -       -      R     (arrival)    106    -     0     -       0    (-,-) 
  basic_isa_instance/u_mem_wb_rd_wb_reg[4]/Q                              -       CP->Q  R     DFCND2         3  5.4    64   287     287    (-,-) 
  basic_isa_instance/fopt26924/ZN                                         -       I->ZN  F     INVD2          1  2.1    27    34     321    (-,-) 
  basic_isa_instance/g26622/ZN                                            -       B2->ZN R     OAI22D2        1  2.2    94    84     405    (-,-) 
  basic_isa_instance/g26578/ZN                                            -       A2->ZN F     NR2D2          1  2.6    38    50     455    (-,-) 
  basic_isa_instance/g26574/ZN                                            -       A1->ZN R     ND2D3          1  5.2    43    41     497    (-,-) 
  basic_isa_instance/g26566/ZN                                            -       A1->ZN F     NR2XD4         4 11.2    49    43     540    (-,-) 
  basic_isa_instance/g26565/ZN                                            -       I->ZN  R     CKND2          1  1.7    26    33     573    (-,-) 
  basic_isa_instance/g26560/ZN                                            -       B1->ZN F     INR2D2         1  3.6    36    27     600    (-,-) 
  basic_isa_instance/g26536/ZN                                            -       B->ZN  R     AOI21D4        1  3.3    68    76     676    (-,-) 
  basic_isa_instance/g26392/ZN                                            -       A1->ZN F     OAI21D4        1  3.4    50    49     725    (-,-) 
  basic_isa_instance/g3/ZN                                                -       A1->ZN R     ND2D4          1  3.8    40    38     763    (-,-) 
  basic_isa_instance/g2/ZN                                                -       B1->ZN F     IND2D4        14 17.3    92    72     836    (-,-) 
  basic_isa_instance/g20782/Z                                             -       I1->Z  F     MUX2D2         1  2.7    57   146     982    (-,-) 
  basic_isa_instance/u_branch_add_95_52_Y_u_branch_add_94_43_cdnadd_1/CO  -       B->CO  F     FA1D4          1  1.8    53   231    1213    (-,-) 
  basic_isa_instance/u_branch_add_95_52_Y_u_branch_add_94_43_cdnadd_2/CO  -       CI->CO F     FA1D2          1  1.8    63   120    1333    (-,-) 
  basic_isa_instance/u_branch_add_95_52_Y_u_branch_add_94_43_cdnadd_3/CO  -       CI->CO F     FA1D2          1  1.8    63   123    1457    (-,-) 
  basic_isa_instance/u_branch_add_95_52_Y_u_branch_add_94_43_cdnadd_4/CO  -       CI->CO F     FA1D2          1  1.8    63   123    1580    (-,-) 
  basic_isa_instance/u_branch_add_95_52_Y_u_branch_add_94_43_cdnadd_5/CO  -       CI->CO F     FA1D2          1  1.8    63   123    1703    (-,-) 
  basic_isa_instance/u_branch_add_95_52_Y_u_branch_add_94_43_cdnadd_6/CO  -       CI->CO F     FA1D2          1  1.8    63   123    1827    (-,-) 
  basic_isa_instance/u_branch_add_95_52_Y_u_branch_add_94_43_cdnadd_7/CO  -       CI->CO F     FA1D2          1  1.8    63   123    1950    (-,-) 
  basic_isa_instance/u_branch_add_95_52_Y_u_branch_add_94_43_cdnadd_8/CO  -       CI->CO F     FA1D2          1  1.8    63   123    2074    (-,-) 
  basic_isa_instance/u_branch_add_95_52_Y_u_branch_add_94_43_cdnadd_9/CO  -       CI->CO F     FA1D2          1  1.8    63   123    2197    (-,-) 
  basic_isa_instance/u_branch_add_95_52_Y_u_branch_add_94_43_cdnadd_10/CO -       CI->CO F     FA1D2          1  1.8    63   123    2320    (-,-) 
  basic_isa_instance/u_branch_add_95_52_Y_u_branch_add_94_43_cdnadd_11/CO -       CI->CO F     FA1D2          1  1.8    63   123    2444    (-,-) 
  basic_isa_instance/u_branch_add_95_52_Y_u_branch_add_94_43_cdnadd_12/CO -       CI->CO F     FA1D2          1  1.8    63   123    2567    (-,-) 
  basic_isa_instance/u_branch_add_95_52_Y_u_branch_add_94_43_cdnadd_13/CO -       CI->CO F     FA1D2          1  1.8    63   123    2691    (-,-) 
  basic_isa_instance/u_branch_add_95_52_Y_u_branch_add_94_43_cdnadd_14/CO -       CI->CO F     FA1D2          1  1.8    63   123    2814    (-,-) 
  basic_isa_instance/u_branch_add_95_52_Y_u_branch_add_94_43_cdnadd_15/CO -       CI->CO F     FA1D2          1  1.8    63   123    2937    (-,-) 
  basic_isa_instance/u_branch_add_95_52_Y_u_branch_add_94_43_cdnadd_16/CO -       CI->CO F     FA1D2          1  1.8    63   123    3061    (-,-) 
  basic_isa_instance/u_branch_add_95_52_Y_u_branch_add_94_43_cdnadd_17/CO -       CI->CO F     FA1D2          1  1.8    63   123    3184    (-,-) 
  basic_isa_instance/u_branch_add_95_52_Y_u_branch_add_94_43_cdnadd_18/CO -       CI->CO F     FA1D2          1  1.8    63   123    3308    (-,-) 
  basic_isa_instance/u_branch_add_95_52_Y_u_branch_add_94_43_cdnadd_19/CO -       CI->CO F     FA1D2          1  1.8    63   123    3431    (-,-) 
  basic_isa_instance/u_branch_add_95_52_Y_u_branch_add_94_43_cdnadd_20/CO -       CI->CO F     FA1D2          1  1.8    63   123    3554    (-,-) 
  basic_isa_instance/u_branch_add_95_52_Y_u_branch_add_94_43_cdnadd_21/CO -       CI->CO F     FA1D2          1  1.8    63   123    3678    (-,-) 
  basic_isa_instance/u_branch_add_95_52_Y_u_branch_add_94_43_cdnadd_22/CO -       CI->CO F     FA1D2          1  1.8    63   123    3801    (-,-) 
  basic_isa_instance/u_branch_add_95_52_Y_u_branch_add_94_43_cdnadd_23/CO -       CI->CO F     FA1D2          1  1.8    63   123    3925    (-,-) 
  basic_isa_instance/u_branch_add_95_52_Y_u_branch_add_94_43_cdnadd_24/CO -       CI->CO F     FA1D2          1  1.8    63   123    4048    (-,-) 
  basic_isa_instance/u_branch_add_95_52_Y_u_branch_add_94_43_cdnadd_25/CO -       CI->CO F     FA1D2          1  1.8    63   123    4171    (-,-) 
  basic_isa_instance/u_branch_add_95_52_Y_u_branch_add_94_43_cdnadd_26/CO -       CI->CO F     FA1D2          1  1.8    63   123    4295    (-,-) 
  basic_isa_instance/u_branch_add_95_52_Y_u_branch_add_94_43_cdnadd_27/CO -       CI->CO F     FA1D2          1  1.8    63   123    4418    (-,-) 
  basic_isa_instance/u_branch_add_95_52_Y_u_branch_add_94_43_cdnadd_28/CO -       CI->CO F     FA1D2          1  1.8    63   123    4542    (-,-) 
  basic_isa_instance/u_branch_add_95_52_Y_u_branch_add_94_43_cdnadd_29/S  -       CI->S  R     FA1D2          2  2.0    51   178    4720    (-,-) 
  basic_isa_instance/g35722/Z                                             -       A1->Z  R     AN2D2         16 14.4   121   145    4865    (-,-) 
  basic_isa_instance/u_if_u_btb_U_FILE_target_arr_reg[6][1][29]/D         -       -      R     DFCNQD2       16    -     -     0    4865    (-,-) 
#-------------------------------------------------------------------------------------------------------------------------------------------------



Path 48: VIOLATED (-2465 ps) Setup Check with Pin basic_isa_instance/u_if_u_btb_U_FILE_target_arr_reg[6][0][29]/CP->D
          Group: core_clk
     Startpoint: (R) basic_isa_instance/u_mem_wb_rd_wb_reg[4]/CP
          Clock: (R) core_clk
       Endpoint: (R) basic_isa_instance/u_if_u_btb_U_FILE_target_arr_reg[6][0][29]/D
          Clock: (R) core_clk

                     Capture       Launch     
        Clock Edge:+    2500            0     
       Src Latency:+       0            0     
       Net Latency:+       0 (I)        0 (I) 
           Arrival:=    2500            0     
                                              
             Setup:-     100                  
     Required Time:=    2400                  
      Launch Clock:-       0                  
         Data Path:-    4865                  
             Slack:=   -2465                  

#-------------------------------------------------------------------------------------------------------------------------------------------------
#                              Timing Point                               Flags    Arc   Edge   Cell     Fanout Load Trans Delay Arrival Instance 
#                                                                                                               (fF)  (ps)  (ps)   (ps)  Location 
#-------------------------------------------------------------------------------------------------------------------------------------------------
  basic_isa_instance/u_mem_wb_rd_wb_reg[4]/CP                             -       -      R     (arrival)    106    -     0     -       0    (-,-) 
  basic_isa_instance/u_mem_wb_rd_wb_reg[4]/Q                              -       CP->Q  R     DFCND2         3  5.4    64   287     287    (-,-) 
  basic_isa_instance/fopt26924/ZN                                         -       I->ZN  F     INVD2          1  2.1    27    34     321    (-,-) 
  basic_isa_instance/g26622/ZN                                            -       B2->ZN R     OAI22D2        1  2.2    94    84     405    (-,-) 
  basic_isa_instance/g26578/ZN                                            -       A2->ZN F     NR2D2          1  2.6    38    50     455    (-,-) 
  basic_isa_instance/g26574/ZN                                            -       A1->ZN R     ND2D3          1  5.2    43    41     497    (-,-) 
  basic_isa_instance/g26566/ZN                                            -       A1->ZN F     NR2XD4         4 11.2    49    43     540    (-,-) 
  basic_isa_instance/g26565/ZN                                            -       I->ZN  R     CKND2          1  1.7    26    33     573    (-,-) 
  basic_isa_instance/g26560/ZN                                            -       B1->ZN F     INR2D2         1  3.6    36    27     600    (-,-) 
  basic_isa_instance/g26536/ZN                                            -       B->ZN  R     AOI21D4        1  3.3    68    76     676    (-,-) 
  basic_isa_instance/g26392/ZN                                            -       A1->ZN F     OAI21D4        1  3.4    50    49     725    (-,-) 
  basic_isa_instance/g3/ZN                                                -       A1->ZN R     ND2D4          1  3.8    40    38     763    (-,-) 
  basic_isa_instance/g2/ZN                                                -       B1->ZN F     IND2D4        14 17.3    92    72     836    (-,-) 
  basic_isa_instance/g20782/Z                                             -       I1->Z  F     MUX2D2         1  2.7    57   146     982    (-,-) 
  basic_isa_instance/u_branch_add_95_52_Y_u_branch_add_94_43_cdnadd_1/CO  -       B->CO  F     FA1D4          1  1.8    53   231    1213    (-,-) 
  basic_isa_instance/u_branch_add_95_52_Y_u_branch_add_94_43_cdnadd_2/CO  -       CI->CO F     FA1D2          1  1.8    63   120    1333    (-,-) 
  basic_isa_instance/u_branch_add_95_52_Y_u_branch_add_94_43_cdnadd_3/CO  -       CI->CO F     FA1D2          1  1.8    63   123    1457    (-,-) 
  basic_isa_instance/u_branch_add_95_52_Y_u_branch_add_94_43_cdnadd_4/CO  -       CI->CO F     FA1D2          1  1.8    63   123    1580    (-,-) 
  basic_isa_instance/u_branch_add_95_52_Y_u_branch_add_94_43_cdnadd_5/CO  -       CI->CO F     FA1D2          1  1.8    63   123    1703    (-,-) 
  basic_isa_instance/u_branch_add_95_52_Y_u_branch_add_94_43_cdnadd_6/CO  -       CI->CO F     FA1D2          1  1.8    63   123    1827    (-,-) 
  basic_isa_instance/u_branch_add_95_52_Y_u_branch_add_94_43_cdnadd_7/CO  -       CI->CO F     FA1D2          1  1.8    63   123    1950    (-,-) 
  basic_isa_instance/u_branch_add_95_52_Y_u_branch_add_94_43_cdnadd_8/CO  -       CI->CO F     FA1D2          1  1.8    63   123    2074    (-,-) 
  basic_isa_instance/u_branch_add_95_52_Y_u_branch_add_94_43_cdnadd_9/CO  -       CI->CO F     FA1D2          1  1.8    63   123    2197    (-,-) 
  basic_isa_instance/u_branch_add_95_52_Y_u_branch_add_94_43_cdnadd_10/CO -       CI->CO F     FA1D2          1  1.8    63   123    2320    (-,-) 
  basic_isa_instance/u_branch_add_95_52_Y_u_branch_add_94_43_cdnadd_11/CO -       CI->CO F     FA1D2          1  1.8    63   123    2444    (-,-) 
  basic_isa_instance/u_branch_add_95_52_Y_u_branch_add_94_43_cdnadd_12/CO -       CI->CO F     FA1D2          1  1.8    63   123    2567    (-,-) 
  basic_isa_instance/u_branch_add_95_52_Y_u_branch_add_94_43_cdnadd_13/CO -       CI->CO F     FA1D2          1  1.8    63   123    2691    (-,-) 
  basic_isa_instance/u_branch_add_95_52_Y_u_branch_add_94_43_cdnadd_14/CO -       CI->CO F     FA1D2          1  1.8    63   123    2814    (-,-) 
  basic_isa_instance/u_branch_add_95_52_Y_u_branch_add_94_43_cdnadd_15/CO -       CI->CO F     FA1D2          1  1.8    63   123    2937    (-,-) 
  basic_isa_instance/u_branch_add_95_52_Y_u_branch_add_94_43_cdnadd_16/CO -       CI->CO F     FA1D2          1  1.8    63   123    3061    (-,-) 
  basic_isa_instance/u_branch_add_95_52_Y_u_branch_add_94_43_cdnadd_17/CO -       CI->CO F     FA1D2          1  1.8    63   123    3184    (-,-) 
  basic_isa_instance/u_branch_add_95_52_Y_u_branch_add_94_43_cdnadd_18/CO -       CI->CO F     FA1D2          1  1.8    63   123    3308    (-,-) 
  basic_isa_instance/u_branch_add_95_52_Y_u_branch_add_94_43_cdnadd_19/CO -       CI->CO F     FA1D2          1  1.8    63   123    3431    (-,-) 
  basic_isa_instance/u_branch_add_95_52_Y_u_branch_add_94_43_cdnadd_20/CO -       CI->CO F     FA1D2          1  1.8    63   123    3554    (-,-) 
  basic_isa_instance/u_branch_add_95_52_Y_u_branch_add_94_43_cdnadd_21/CO -       CI->CO F     FA1D2          1  1.8    63   123    3678    (-,-) 
  basic_isa_instance/u_branch_add_95_52_Y_u_branch_add_94_43_cdnadd_22/CO -       CI->CO F     FA1D2          1  1.8    63   123    3801    (-,-) 
  basic_isa_instance/u_branch_add_95_52_Y_u_branch_add_94_43_cdnadd_23/CO -       CI->CO F     FA1D2          1  1.8    63   123    3925    (-,-) 
  basic_isa_instance/u_branch_add_95_52_Y_u_branch_add_94_43_cdnadd_24/CO -       CI->CO F     FA1D2          1  1.8    63   123    4048    (-,-) 
  basic_isa_instance/u_branch_add_95_52_Y_u_branch_add_94_43_cdnadd_25/CO -       CI->CO F     FA1D2          1  1.8    63   123    4171    (-,-) 
  basic_isa_instance/u_branch_add_95_52_Y_u_branch_add_94_43_cdnadd_26/CO -       CI->CO F     FA1D2          1  1.8    63   123    4295    (-,-) 
  basic_isa_instance/u_branch_add_95_52_Y_u_branch_add_94_43_cdnadd_27/CO -       CI->CO F     FA1D2          1  1.8    63   123    4418    (-,-) 
  basic_isa_instance/u_branch_add_95_52_Y_u_branch_add_94_43_cdnadd_28/CO -       CI->CO F     FA1D2          1  1.8    63   123    4542    (-,-) 
  basic_isa_instance/u_branch_add_95_52_Y_u_branch_add_94_43_cdnadd_29/S  -       CI->S  R     FA1D2          2  2.0    51   178    4720    (-,-) 
  basic_isa_instance/g35722/Z                                             -       A1->Z  R     AN2D2         16 14.4   121   145    4865    (-,-) 
  basic_isa_instance/u_if_u_btb_U_FILE_target_arr_reg[6][0][29]/D         -       -      R     DFCNQD2       16    -     -     0    4865    (-,-) 
#-------------------------------------------------------------------------------------------------------------------------------------------------



Path 49: VIOLATED (-2465 ps) Setup Check with Pin basic_isa_instance/u_if_u_btb_U_FILE_target_arr_reg[5][1][29]/CP->D
          Group: core_clk
     Startpoint: (R) basic_isa_instance/u_mem_wb_rd_wb_reg[4]/CP
          Clock: (R) core_clk
       Endpoint: (R) basic_isa_instance/u_if_u_btb_U_FILE_target_arr_reg[5][1][29]/D
          Clock: (R) core_clk

                     Capture       Launch     
        Clock Edge:+    2500            0     
       Src Latency:+       0            0     
       Net Latency:+       0 (I)        0 (I) 
           Arrival:=    2500            0     
                                              
             Setup:-     100                  
     Required Time:=    2400                  
      Launch Clock:-       0                  
         Data Path:-    4865                  
             Slack:=   -2465                  

#-------------------------------------------------------------------------------------------------------------------------------------------------
#                              Timing Point                               Flags    Arc   Edge   Cell     Fanout Load Trans Delay Arrival Instance 
#                                                                                                               (fF)  (ps)  (ps)   (ps)  Location 
#-------------------------------------------------------------------------------------------------------------------------------------------------
  basic_isa_instance/u_mem_wb_rd_wb_reg[4]/CP                             -       -      R     (arrival)    106    -     0     -       0    (-,-) 
  basic_isa_instance/u_mem_wb_rd_wb_reg[4]/Q                              -       CP->Q  R     DFCND2         3  5.4    64   287     287    (-,-) 
  basic_isa_instance/fopt26924/ZN                                         -       I->ZN  F     INVD2          1  2.1    27    34     321    (-,-) 
  basic_isa_instance/g26622/ZN                                            -       B2->ZN R     OAI22D2        1  2.2    94    84     405    (-,-) 
  basic_isa_instance/g26578/ZN                                            -       A2->ZN F     NR2D2          1  2.6    38    50     455    (-,-) 
  basic_isa_instance/g26574/ZN                                            -       A1->ZN R     ND2D3          1  5.2    43    41     497    (-,-) 
  basic_isa_instance/g26566/ZN                                            -       A1->ZN F     NR2XD4         4 11.2    49    43     540    (-,-) 
  basic_isa_instance/g26565/ZN                                            -       I->ZN  R     CKND2          1  1.7    26    33     573    (-,-) 
  basic_isa_instance/g26560/ZN                                            -       B1->ZN F     INR2D2         1  3.6    36    27     600    (-,-) 
  basic_isa_instance/g26536/ZN                                            -       B->ZN  R     AOI21D4        1  3.3    68    76     676    (-,-) 
  basic_isa_instance/g26392/ZN                                            -       A1->ZN F     OAI21D4        1  3.4    50    49     725    (-,-) 
  basic_isa_instance/g3/ZN                                                -       A1->ZN R     ND2D4          1  3.8    40    38     763    (-,-) 
  basic_isa_instance/g2/ZN                                                -       B1->ZN F     IND2D4        14 17.3    92    72     836    (-,-) 
  basic_isa_instance/g20782/Z                                             -       I1->Z  F     MUX2D2         1  2.7    57   146     982    (-,-) 
  basic_isa_instance/u_branch_add_95_52_Y_u_branch_add_94_43_cdnadd_1/CO  -       B->CO  F     FA1D4          1  1.8    53   231    1213    (-,-) 
  basic_isa_instance/u_branch_add_95_52_Y_u_branch_add_94_43_cdnadd_2/CO  -       CI->CO F     FA1D2          1  1.8    63   120    1333    (-,-) 
  basic_isa_instance/u_branch_add_95_52_Y_u_branch_add_94_43_cdnadd_3/CO  -       CI->CO F     FA1D2          1  1.8    63   123    1457    (-,-) 
  basic_isa_instance/u_branch_add_95_52_Y_u_branch_add_94_43_cdnadd_4/CO  -       CI->CO F     FA1D2          1  1.8    63   123    1580    (-,-) 
  basic_isa_instance/u_branch_add_95_52_Y_u_branch_add_94_43_cdnadd_5/CO  -       CI->CO F     FA1D2          1  1.8    63   123    1703    (-,-) 
  basic_isa_instance/u_branch_add_95_52_Y_u_branch_add_94_43_cdnadd_6/CO  -       CI->CO F     FA1D2          1  1.8    63   123    1827    (-,-) 
  basic_isa_instance/u_branch_add_95_52_Y_u_branch_add_94_43_cdnadd_7/CO  -       CI->CO F     FA1D2          1  1.8    63   123    1950    (-,-) 
  basic_isa_instance/u_branch_add_95_52_Y_u_branch_add_94_43_cdnadd_8/CO  -       CI->CO F     FA1D2          1  1.8    63   123    2074    (-,-) 
  basic_isa_instance/u_branch_add_95_52_Y_u_branch_add_94_43_cdnadd_9/CO  -       CI->CO F     FA1D2          1  1.8    63   123    2197    (-,-) 
  basic_isa_instance/u_branch_add_95_52_Y_u_branch_add_94_43_cdnadd_10/CO -       CI->CO F     FA1D2          1  1.8    63   123    2320    (-,-) 
  basic_isa_instance/u_branch_add_95_52_Y_u_branch_add_94_43_cdnadd_11/CO -       CI->CO F     FA1D2          1  1.8    63   123    2444    (-,-) 
  basic_isa_instance/u_branch_add_95_52_Y_u_branch_add_94_43_cdnadd_12/CO -       CI->CO F     FA1D2          1  1.8    63   123    2567    (-,-) 
  basic_isa_instance/u_branch_add_95_52_Y_u_branch_add_94_43_cdnadd_13/CO -       CI->CO F     FA1D2          1  1.8    63   123    2691    (-,-) 
  basic_isa_instance/u_branch_add_95_52_Y_u_branch_add_94_43_cdnadd_14/CO -       CI->CO F     FA1D2          1  1.8    63   123    2814    (-,-) 
  basic_isa_instance/u_branch_add_95_52_Y_u_branch_add_94_43_cdnadd_15/CO -       CI->CO F     FA1D2          1  1.8    63   123    2937    (-,-) 
  basic_isa_instance/u_branch_add_95_52_Y_u_branch_add_94_43_cdnadd_16/CO -       CI->CO F     FA1D2          1  1.8    63   123    3061    (-,-) 
  basic_isa_instance/u_branch_add_95_52_Y_u_branch_add_94_43_cdnadd_17/CO -       CI->CO F     FA1D2          1  1.8    63   123    3184    (-,-) 
  basic_isa_instance/u_branch_add_95_52_Y_u_branch_add_94_43_cdnadd_18/CO -       CI->CO F     FA1D2          1  1.8    63   123    3308    (-,-) 
  basic_isa_instance/u_branch_add_95_52_Y_u_branch_add_94_43_cdnadd_19/CO -       CI->CO F     FA1D2          1  1.8    63   123    3431    (-,-) 
  basic_isa_instance/u_branch_add_95_52_Y_u_branch_add_94_43_cdnadd_20/CO -       CI->CO F     FA1D2          1  1.8    63   123    3554    (-,-) 
  basic_isa_instance/u_branch_add_95_52_Y_u_branch_add_94_43_cdnadd_21/CO -       CI->CO F     FA1D2          1  1.8    63   123    3678    (-,-) 
  basic_isa_instance/u_branch_add_95_52_Y_u_branch_add_94_43_cdnadd_22/CO -       CI->CO F     FA1D2          1  1.8    63   123    3801    (-,-) 
  basic_isa_instance/u_branch_add_95_52_Y_u_branch_add_94_43_cdnadd_23/CO -       CI->CO F     FA1D2          1  1.8    63   123    3925    (-,-) 
  basic_isa_instance/u_branch_add_95_52_Y_u_branch_add_94_43_cdnadd_24/CO -       CI->CO F     FA1D2          1  1.8    63   123    4048    (-,-) 
  basic_isa_instance/u_branch_add_95_52_Y_u_branch_add_94_43_cdnadd_25/CO -       CI->CO F     FA1D2          1  1.8    63   123    4171    (-,-) 
  basic_isa_instance/u_branch_add_95_52_Y_u_branch_add_94_43_cdnadd_26/CO -       CI->CO F     FA1D2          1  1.8    63   123    4295    (-,-) 
  basic_isa_instance/u_branch_add_95_52_Y_u_branch_add_94_43_cdnadd_27/CO -       CI->CO F     FA1D2          1  1.8    63   123    4418    (-,-) 
  basic_isa_instance/u_branch_add_95_52_Y_u_branch_add_94_43_cdnadd_28/CO -       CI->CO F     FA1D2          1  1.8    63   123    4542    (-,-) 
  basic_isa_instance/u_branch_add_95_52_Y_u_branch_add_94_43_cdnadd_29/S  -       CI->S  R     FA1D2          2  2.0    51   178    4720    (-,-) 
  basic_isa_instance/g35722/Z                                             -       A1->Z  R     AN2D2         16 14.4   121   145    4865    (-,-) 
  basic_isa_instance/u_if_u_btb_U_FILE_target_arr_reg[5][1][29]/D         -       -      R     DFCNQD2       16    -     -     0    4865    (-,-) 
#-------------------------------------------------------------------------------------------------------------------------------------------------



Path 50: VIOLATED (-2465 ps) Setup Check with Pin basic_isa_instance/u_if_u_btb_U_FILE_target_arr_reg[5][0][29]/CP->D
          Group: core_clk
     Startpoint: (R) basic_isa_instance/u_mem_wb_rd_wb_reg[4]/CP
          Clock: (R) core_clk
       Endpoint: (R) basic_isa_instance/u_if_u_btb_U_FILE_target_arr_reg[5][0][29]/D
          Clock: (R) core_clk

                     Capture       Launch     
        Clock Edge:+    2500            0     
       Src Latency:+       0            0     
       Net Latency:+       0 (I)        0 (I) 
           Arrival:=    2500            0     
                                              
             Setup:-     100                  
     Required Time:=    2400                  
      Launch Clock:-       0                  
         Data Path:-    4865                  
             Slack:=   -2465                  

#-------------------------------------------------------------------------------------------------------------------------------------------------
#                              Timing Point                               Flags    Arc   Edge   Cell     Fanout Load Trans Delay Arrival Instance 
#                                                                                                               (fF)  (ps)  (ps)   (ps)  Location 
#-------------------------------------------------------------------------------------------------------------------------------------------------
  basic_isa_instance/u_mem_wb_rd_wb_reg[4]/CP                             -       -      R     (arrival)    106    -     0     -       0    (-,-) 
  basic_isa_instance/u_mem_wb_rd_wb_reg[4]/Q                              -       CP->Q  R     DFCND2         3  5.4    64   287     287    (-,-) 
  basic_isa_instance/fopt26924/ZN                                         -       I->ZN  F     INVD2          1  2.1    27    34     321    (-,-) 
  basic_isa_instance/g26622/ZN                                            -       B2->ZN R     OAI22D2        1  2.2    94    84     405    (-,-) 
  basic_isa_instance/g26578/ZN                                            -       A2->ZN F     NR2D2          1  2.6    38    50     455    (-,-) 
  basic_isa_instance/g26574/ZN                                            -       A1->ZN R     ND2D3          1  5.2    43    41     497    (-,-) 
  basic_isa_instance/g26566/ZN                                            -       A1->ZN F     NR2XD4         4 11.2    49    43     540    (-,-) 
  basic_isa_instance/g26565/ZN                                            -       I->ZN  R     CKND2          1  1.7    26    33     573    (-,-) 
  basic_isa_instance/g26560/ZN                                            -       B1->ZN F     INR2D2         1  3.6    36    27     600    (-,-) 
  basic_isa_instance/g26536/ZN                                            -       B->ZN  R     AOI21D4        1  3.3    68    76     676    (-,-) 
  basic_isa_instance/g26392/ZN                                            -       A1->ZN F     OAI21D4        1  3.4    50    49     725    (-,-) 
  basic_isa_instance/g3/ZN                                                -       A1->ZN R     ND2D4          1  3.8    40    38     763    (-,-) 
  basic_isa_instance/g2/ZN                                                -       B1->ZN F     IND2D4        14 17.3    92    72     836    (-,-) 
  basic_isa_instance/g20782/Z                                             -       I1->Z  F     MUX2D2         1  2.7    57   146     982    (-,-) 
  basic_isa_instance/u_branch_add_95_52_Y_u_branch_add_94_43_cdnadd_1/CO  -       B->CO  F     FA1D4          1  1.8    53   231    1213    (-,-) 
  basic_isa_instance/u_branch_add_95_52_Y_u_branch_add_94_43_cdnadd_2/CO  -       CI->CO F     FA1D2          1  1.8    63   120    1333    (-,-) 
  basic_isa_instance/u_branch_add_95_52_Y_u_branch_add_94_43_cdnadd_3/CO  -       CI->CO F     FA1D2          1  1.8    63   123    1457    (-,-) 
  basic_isa_instance/u_branch_add_95_52_Y_u_branch_add_94_43_cdnadd_4/CO  -       CI->CO F     FA1D2          1  1.8    63   123    1580    (-,-) 
  basic_isa_instance/u_branch_add_95_52_Y_u_branch_add_94_43_cdnadd_5/CO  -       CI->CO F     FA1D2          1  1.8    63   123    1703    (-,-) 
  basic_isa_instance/u_branch_add_95_52_Y_u_branch_add_94_43_cdnadd_6/CO  -       CI->CO F     FA1D2          1  1.8    63   123    1827    (-,-) 
  basic_isa_instance/u_branch_add_95_52_Y_u_branch_add_94_43_cdnadd_7/CO  -       CI->CO F     FA1D2          1  1.8    63   123    1950    (-,-) 
  basic_isa_instance/u_branch_add_95_52_Y_u_branch_add_94_43_cdnadd_8/CO  -       CI->CO F     FA1D2          1  1.8    63   123    2074    (-,-) 
  basic_isa_instance/u_branch_add_95_52_Y_u_branch_add_94_43_cdnadd_9/CO  -       CI->CO F     FA1D2          1  1.8    63   123    2197    (-,-) 
  basic_isa_instance/u_branch_add_95_52_Y_u_branch_add_94_43_cdnadd_10/CO -       CI->CO F     FA1D2          1  1.8    63   123    2320    (-,-) 
  basic_isa_instance/u_branch_add_95_52_Y_u_branch_add_94_43_cdnadd_11/CO -       CI->CO F     FA1D2          1  1.8    63   123    2444    (-,-) 
  basic_isa_instance/u_branch_add_95_52_Y_u_branch_add_94_43_cdnadd_12/CO -       CI->CO F     FA1D2          1  1.8    63   123    2567    (-,-) 
  basic_isa_instance/u_branch_add_95_52_Y_u_branch_add_94_43_cdnadd_13/CO -       CI->CO F     FA1D2          1  1.8    63   123    2691    (-,-) 
  basic_isa_instance/u_branch_add_95_52_Y_u_branch_add_94_43_cdnadd_14/CO -       CI->CO F     FA1D2          1  1.8    63   123    2814    (-,-) 
  basic_isa_instance/u_branch_add_95_52_Y_u_branch_add_94_43_cdnadd_15/CO -       CI->CO F     FA1D2          1  1.8    63   123    2937    (-,-) 
  basic_isa_instance/u_branch_add_95_52_Y_u_branch_add_94_43_cdnadd_16/CO -       CI->CO F     FA1D2          1  1.8    63   123    3061    (-,-) 
  basic_isa_instance/u_branch_add_95_52_Y_u_branch_add_94_43_cdnadd_17/CO -       CI->CO F     FA1D2          1  1.8    63   123    3184    (-,-) 
  basic_isa_instance/u_branch_add_95_52_Y_u_branch_add_94_43_cdnadd_18/CO -       CI->CO F     FA1D2          1  1.8    63   123    3308    (-,-) 
  basic_isa_instance/u_branch_add_95_52_Y_u_branch_add_94_43_cdnadd_19/CO -       CI->CO F     FA1D2          1  1.8    63   123    3431    (-,-) 
  basic_isa_instance/u_branch_add_95_52_Y_u_branch_add_94_43_cdnadd_20/CO -       CI->CO F     FA1D2          1  1.8    63   123    3554    (-,-) 
  basic_isa_instance/u_branch_add_95_52_Y_u_branch_add_94_43_cdnadd_21/CO -       CI->CO F     FA1D2          1  1.8    63   123    3678    (-,-) 
  basic_isa_instance/u_branch_add_95_52_Y_u_branch_add_94_43_cdnadd_22/CO -       CI->CO F     FA1D2          1  1.8    63   123    3801    (-,-) 
  basic_isa_instance/u_branch_add_95_52_Y_u_branch_add_94_43_cdnadd_23/CO -       CI->CO F     FA1D2          1  1.8    63   123    3925    (-,-) 
  basic_isa_instance/u_branch_add_95_52_Y_u_branch_add_94_43_cdnadd_24/CO -       CI->CO F     FA1D2          1  1.8    63   123    4048    (-,-) 
  basic_isa_instance/u_branch_add_95_52_Y_u_branch_add_94_43_cdnadd_25/CO -       CI->CO F     FA1D2          1  1.8    63   123    4171    (-,-) 
  basic_isa_instance/u_branch_add_95_52_Y_u_branch_add_94_43_cdnadd_26/CO -       CI->CO F     FA1D2          1  1.8    63   123    4295    (-,-) 
  basic_isa_instance/u_branch_add_95_52_Y_u_branch_add_94_43_cdnadd_27/CO -       CI->CO F     FA1D2          1  1.8    63   123    4418    (-,-) 
  basic_isa_instance/u_branch_add_95_52_Y_u_branch_add_94_43_cdnadd_28/CO -       CI->CO F     FA1D2          1  1.8    63   123    4542    (-,-) 
  basic_isa_instance/u_branch_add_95_52_Y_u_branch_add_94_43_cdnadd_29/S  -       CI->S  R     FA1D2          2  2.0    51   178    4720    (-,-) 
  basic_isa_instance/g35722/Z                                             -       A1->Z  R     AN2D2         16 14.4   121   145    4865    (-,-) 
  basic_isa_instance/u_if_u_btb_U_FILE_target_arr_reg[5][0][29]/D         -       -      R     DFCNQD2       16    -     -     0    4865    (-,-) 
#-------------------------------------------------------------------------------------------------------------------------------------------------

