============================================================
  Generated by:           Genus(TM) Synthesis Solution 17.22-s017_1
  Generated on:           Mar 01 2023  09:17:13 pm
  Module:                 pinaka
  Operating conditions:   WCCOM (balanced_tree)
  Wireload mode:          segmented
  Area mode:              timing library
============================================================


Path 1: VIOLATED (-9995740 ps) Clock Gating Setup Check at pin clk_rst_bypass_top_instance/g740/in_0
          Group: core_clk
     Startpoint: (F) clk_rst_bypass_top_instance/mem_rc_clk_mux_i_scan_mode_test_clk_0_clksel_latch_reg/ena
          Clock: (F) rc_clk
       Endpoint: (R) clk_rst_bypass_top_instance/g740/in_0
          Clock: (R) core_clk

                      Capture         Launch     
        Clock Edge:+  10002500      10000000     
       Src Latency:+         0             0     
       Net Latency:+         0 (I)         0 (I) 
           Arrival:=  10002500      10000000     
                                                 
      Output Delay:-         0                   
     Required Time:=  10002500                   
      Launch Clock:-  10000000                   
         Data Path:-   9998240                   
             Slack:=  -9995740                   

Exceptions/Constraints:
  output_delay              0              clk_gating_check_104 

#-----------------------------------------------------------------------------------------------------------------------------------------------------------------------------
#                                     Timing Point                                       Flags    Arc    Edge       Cell         Fanout Load Trans  Delay   Arrival  Instance 
#                                                                                                                                       (fF)  (ps)   (ps)     (ps)   Location 
#-----------------------------------------------------------------------------------------------------------------------------------------------------------------------------
  clk_rst_bypass_top_instance/mem_rc_clk_mux_i_scan_mode_test_clk_0_clksel_latch_reg/ena -       -       F     (arrival)              -    -     -       -   9999500    (-,-) 
  clk_rst_bypass_top_instance/mem_rc_clk_mux_i_scan_mode_test_clk_0_clksel_latch_reg/q   (u)     -       R     unmapped_latch         1  2.9     0 9998705  19998205    (-,-) 
  clk_rst_bypass_top_instance/g766/z                                                     (u)     in_1->z R     unmapped_complex2      1  2.9     0      35  19998240    (-,-) 
  clk_rst_bypass_top_instance/g740/in_0                                                  (b)     -       R     unmapped_and2          -    -     -       0  19998240    (-,-) 
#-----------------------------------------------------------------------------------------------------------------------------------------------------------------------------

(u) : Net has unmapped pin(s).
(b) : Timing paths are broken.



Path 2: VIOLATED (-9990740 ps) Clock Gating Setup Check at pin clk_rst_bypass_top_instance/g765/in_0
          Group: ctrl_bypass_debug_clk
     Startpoint: (F) clk_rst_bypass_top_instance/debug_rc_clk_mux_i_scan_mode_test_clk_0_clksel_latch_reg/ena
          Clock: (F) rc_clk
       Endpoint: (R) clk_rst_bypass_top_instance/g765/in_0
          Clock: (R) ctrl_bypass_debug_clk

                      Capture         Launch     
        Clock Edge:+  10005000      10000000     
       Src Latency:+         0             0     
       Net Latency:+         0 (I)         0 (I) 
           Arrival:=  10005000      10000000     
                                                 
      Output Delay:-         0                   
     Required Time:=  10005000                   
      Launch Clock:-  10000000                   
         Data Path:-   9995740                   
             Slack:=  -9990740                   

Exceptions/Constraints:
  output_delay              0              clk_gating_check_100 

#-------------------------------------------------------------------------------------------------------------------------------------------------------------------------------
#                                      Timing Point                                        Flags    Arc    Edge       Cell         Fanout Load Trans  Delay   Arrival  Instance 
#                                                                                                                                         (fF)  (ps)   (ps)     (ps)   Location 
#-------------------------------------------------------------------------------------------------------------------------------------------------------------------------------
  clk_rst_bypass_top_instance/debug_rc_clk_mux_i_scan_mode_test_clk_0_clksel_latch_reg/ena -       -       F     (arrival)              -    -     -       -   9999500    (-,-) 
  clk_rst_bypass_top_instance/debug_rc_clk_mux_i_scan_mode_test_clk_0_clksel_latch_reg/q   (u)     -       R     unmapped_latch         1  2.9     0 9996205  19995705    (-,-) 
  clk_rst_bypass_top_instance/g773/z                                                       (u)     in_1->z R     unmapped_complex2      1  2.9     0      35  19995740    (-,-) 
  clk_rst_bypass_top_instance/g765/in_0                                                    (b)     -       R     unmapped_and2          -    -     -       0  19995740    (-,-) 
#-------------------------------------------------------------------------------------------------------------------------------------------------------------------------------

(u) : Net has unmapped pin(s).
(b) : Timing paths are broken.



Path 3: VIOLATED (-172 ps) Setup Check with Pin basic_isa_instance/u_id_ex_imm_ex_reg[30]/clk->d
          Group: core_clk
     Startpoint: (R) basic_isa_instance/u_ex_mem_inst_mem_o_reg[9]/clk
          Clock: (R) core_clk
       Endpoint: (R) basic_isa_instance/u_id_ex_imm_ex_reg[30]/d
          Clock: (R) core_clk

                     Capture       Launch     
        Clock Edge:+    2500            0     
       Src Latency:+       0            0     
       Net Latency:+       0 (I)        0 (I) 
           Arrival:=    2500            0     
                                              
             Setup:-      90                  
     Required Time:=    2410                  
      Launch Clock:-       0                  
         Data Path:-    2582                  
             Slack:=    -172                  

#-----------------------------------------------------------------------------------------------------------------------------------------------------------------------------
#                                       Timing Point                                         Flags    Arc    Edge       Cell         Fanout Load Trans Delay Arrival Instance 
#                                                                                                                                           (fF)  (ps)  (ps)   (ps)  Location 
#-----------------------------------------------------------------------------------------------------------------------------------------------------------------------------
  basic_isa_instance/u_ex_mem_inst_mem_o_reg[9]/clk                                          -       -       R     (arrival)            139    -     0     -       0    (-,-) 
  basic_isa_instance/u_ex_mem_inst_mem_o_reg[9]/q                                            (u)     clk->q  F     unmapped_d_flop        7 18.9     0   326     326    (-,-) 
  basic_isa_instance/g5881/z                                                                 (u)     in_1->z F     unmapped_or2           1  2.7     0    35     362    (-,-) 
  basic_isa_instance/g5736/z                                                                 (u)     in_1->z F     unmapped_or2           1  2.7     0    35     396    (-,-) 
  basic_isa_instance/g5720/z                                                                 (u)     in_1->z F     unmapped_or2           1  2.7     0    35     432    (-,-) 
  basic_isa_instance/g5710/z                                                                 (u)     in_0->z R     unmapped_nand2         2  5.8     0    42     473    (-,-) 
  basic_isa_instance/g5705/z                                                                 (u)     in_0->z R     unmapped_complex2      1  2.9     0    35     508    (-,-) 
  basic_isa_instance/g5699/z                                                                 (u)     in_0->z R     unmapped_or2          34 17.4     0    85     594    (-,-) 
  basic_isa_instance/g5691/z                                                                 (u)     in_0->z F     unmapped_complex2      1  2.7     0    35     628    (-,-) 
  basic_isa_instance/g5923/z                                                                 (u)     in_1->z R     unmapped_nor2         33 17.4     0    85     714    (-,-) 
  basic_isa_instance/g20037/z                                                                (u)     in_1->z R     unmapped_complex2     32 17.4     0    85     799    (-,-) 
  basic_isa_instance/g20193/z                                                                (u)     in_1->z R     unmapped_complex2      1  2.9     0    35     834    (-,-) 
  basic_isa_instance/u_exe_g4888/z                                                           (u)     in_1->z F     unmapped_complex2      2  5.4     0    42     876    (-,-) 
  basic_isa_instance/u_exe_g4868/z                                                           (u)     in_0->z R     unmapped_nand2         1  2.9     0    35     911    (-,-) 
  basic_isa_instance/u_exe_g4755/z                                                           (u)     in_0->z F     unmapped_nand2        12 32.4     0    84     995    (-,-) 
  basic_isa_instance/u_exe_u_alu_top_u_arith_sub_88_27_Y_u_alu_top_u_arith_add_87_27/g2324/z (u)     in_1->z R     unmapped_nand2         1  2.9     0    35    1030    (-,-) 
  basic_isa_instance/u_exe_u_alu_top_u_arith_sub_88_27_Y_u_alu_top_u_arith_add_87_27/g2222/z (u)     in_1->z F     unmapped_nand2         1  2.7     0    35    1065    (-,-) 
  basic_isa_instance/u_exe_u_alu_top_u_arith_sub_88_27_Y_u_alu_top_u_arith_add_87_27/g2146/z (u)     in_1->z F     unmapped_complex2      3  8.1     0    48    1113    (-,-) 
  basic_isa_instance/u_exe_u_alu_top_u_arith_sub_88_27_Y_u_alu_top_u_arith_add_87_27/g552/z  (u)     in_0->z R     unmapped_complex2      1  2.9     0    35    1148    (-,-) 
  basic_isa_instance/u_exe_u_alu_top_u_arith_sub_88_27_Y_u_alu_top_u_arith_add_87_27/g106/z  (u)     in_1->z F     unmapped_nand2         4 10.8     0    53    1201    (-,-) 
  basic_isa_instance/u_exe_u_alu_top_u_arith_sub_88_27_Y_u_alu_top_u_arith_add_87_27/g2071/z (u)     in_0->z R     unmapped_complex2      1  2.9     0    35    1236    (-,-) 
  basic_isa_instance/u_exe_u_alu_top_u_arith_sub_88_27_Y_u_alu_top_u_arith_add_87_27/g2053/z (u)     in_0->z F     unmapped_complex2      6 16.2     0    62    1298    (-,-) 
  basic_isa_instance/u_exe_u_alu_top_u_arith_sub_88_27_Y_u_alu_top_u_arith_add_87_27/g636/z  (u)     in_0->z R     unmapped_complex2      1  2.9     0    35    1333    (-,-) 
  basic_isa_instance/u_exe_u_alu_top_u_arith_sub_88_27_Y_u_alu_top_u_arith_add_87_27/g2018/z (u)     in_0->z F     unmapped_complex2     10 27.0     0    77    1410    (-,-) 
  basic_isa_instance/u_exe_u_alu_top_u_arith_sub_88_27_Y_u_alu_top_u_arith_add_87_27/g1999/z (u)     in_0->z R     unmapped_complex2      1  2.9     0    35    1445    (-,-) 
  basic_isa_instance/u_exe_u_alu_top_u_arith_sub_88_27_Y_u_alu_top_u_arith_add_87_27/g1992/z (u)     in_0->z F     unmapped_complex2     17 13.5     0    79    1523    (-,-) 
  basic_isa_instance/u_exe_u_alu_top_u_arith_sub_88_27_Y_u_alu_top_u_arith_add_87_27/g667/z  (u)     in_0->z R     unmapped_complex2      1  2.9     0    35    1558    (-,-) 
  basic_isa_instance/u_exe_u_alu_top_u_arith_sub_88_27_Y_u_alu_top_u_arith_add_87_27/g1946/z (u)     in_0->z F     unmapped_complex2      2  5.4     0    42    1600    (-,-) 
  basic_isa_instance/u_exe_u_alu_top_u_arith_sub_88_27_Y_u_alu_top_u_arith_add_87_27/g1933/z (u)     in_0->z F     unmapped_or2           1  2.7     0    35    1635    (-,-) 
  basic_isa_instance/u_exe_u_alu_top_u_arith_sub_88_27_Y_u_alu_top_u_arith_add_87_27/g1934/z (u)     in_1->z R     unmapped_nand2         2  5.8     0    42    1677    (-,-) 
  basic_isa_instance/u_exe_g15831/z                                                          (u)     in_1->z R     unmapped_or2           1  2.9     0    35    1712    (-,-) 
  basic_isa_instance/u_exe_g15658/z                                                          (u)     in_1->z R     unmapped_or2           1  2.9     0    35    1747    (-,-) 
  basic_isa_instance/u_exe_g15303/z                                                          (u)     in_0->z F     unmapped_nand2         1  2.7     0    35    1782    (-,-) 
  basic_isa_instance/u_exe_g14001/z                                                          (u)     in_1->z R     unmapped_complex2      1  2.9     0    35    1817    (-,-) 
  basic_isa_instance/u_exe_g13990/z                                                          (u)     in_1->z R     unmapped_or2           1  2.9     0    35    1852    (-,-) 
  basic_isa_instance/u_exe_g15914/z                                                          (u)     in_1->z F     unmapped_nor2          2  5.4     0    42    1894    (-,-) 
  basic_isa_instance/g7610/z                                                                 (u)     in_1->z F     unmapped_or2           1  2.7     0    35    1929    (-,-) 
  basic_isa_instance/g7459/z                                                                 (u)     in_1->z R     unmapped_complex2      1  2.9     0    35    1964    (-,-) 
  basic_isa_instance/g7372/z                                                                 (u)     in_0->z R     unmapped_complex2      1  2.9     0    35    1999    (-,-) 
  basic_isa_instance/g7158/z                                                                 (u)     in_1->z R     unmapped_or2          40 20.3     0    91    2090    (-,-) 
  basic_isa_instance/g12324/z                                                                (u)     in_1->z R     unmapped_or2          10 29.0     0    77    2167    (-,-) 
  basic_isa_instance/g15904/z                                                                (u)     in_0->z R     unmapped_complex2      5 14.5     0    57    2224    (-,-) 
  basic_isa_instance/g17670/z                                                                (u)     in_0->z F     unmapped_complex2      2  5.4     0    42    2266    (-,-) 
  basic_isa_instance/g13428/z                                                                (u)     in_1->z F     unmapped_or2           1  2.7     0    35    2301    (-,-) 
  basic_isa_instance/g17293/z                                                                (u)     in_1->z R     unmapped_nand2         4 11.6     0    53    2354    (-,-) 
  basic_isa_instance/g17233/z                                                                (u)     in_0->z R     unmapped_complex2      2  5.8     0    42    2396    (-,-) 
  basic_isa_instance/g13263/z                                                                (u)     in_0->z R     unmapped_or2           8 23.2     0    70    2466    (-,-) 
  basic_isa_instance/g16022/z                                                                (u)     in_0->z F     unmapped_complex2     11 29.7     0    81    2546    (-,-) 
  basic_isa_instance/g15976/z                                                                (u)     in_0->z R     unmapped_nand2         1  2.9     0    35    2582    (-,-) 
  basic_isa_instance/u_id_ex_imm_ex_reg[30]/d                                                -       -       R     unmapped_d_flop        1    -     -     0    2582    (-,-) 
#-----------------------------------------------------------------------------------------------------------------------------------------------------------------------------

(u) : Net has unmapped pin(s).



Path 4: VIOLATED (-172 ps) Setup Check with Pin basic_isa_instance/u_id_ex_imm_ex_reg[29]/clk->d
          Group: core_clk
     Startpoint: (R) basic_isa_instance/u_ex_mem_inst_mem_o_reg[9]/clk
          Clock: (R) core_clk
       Endpoint: (R) basic_isa_instance/u_id_ex_imm_ex_reg[29]/d
          Clock: (R) core_clk

                     Capture       Launch     
        Clock Edge:+    2500            0     
       Src Latency:+       0            0     
       Net Latency:+       0 (I)        0 (I) 
           Arrival:=    2500            0     
                                              
             Setup:-      90                  
     Required Time:=    2410                  
      Launch Clock:-       0                  
         Data Path:-    2582                  
             Slack:=    -172                  

#-----------------------------------------------------------------------------------------------------------------------------------------------------------------------------
#                                       Timing Point                                         Flags    Arc    Edge       Cell         Fanout Load Trans Delay Arrival Instance 
#                                                                                                                                           (fF)  (ps)  (ps)   (ps)  Location 
#-----------------------------------------------------------------------------------------------------------------------------------------------------------------------------
  basic_isa_instance/u_ex_mem_inst_mem_o_reg[9]/clk                                          -       -       R     (arrival)            139    -     0     -       0    (-,-) 
  basic_isa_instance/u_ex_mem_inst_mem_o_reg[9]/q                                            (u)     clk->q  F     unmapped_d_flop        7 18.9     0   326     326    (-,-) 
  basic_isa_instance/g5881/z                                                                 (u)     in_1->z F     unmapped_or2           1  2.7     0    35     362    (-,-) 
  basic_isa_instance/g5736/z                                                                 (u)     in_1->z F     unmapped_or2           1  2.7     0    35     396    (-,-) 
  basic_isa_instance/g5720/z                                                                 (u)     in_1->z F     unmapped_or2           1  2.7     0    35     432    (-,-) 
  basic_isa_instance/g5710/z                                                                 (u)     in_0->z R     unmapped_nand2         2  5.8     0    42     473    (-,-) 
  basic_isa_instance/g5705/z                                                                 (u)     in_0->z R     unmapped_complex2      1  2.9     0    35     508    (-,-) 
  basic_isa_instance/g5699/z                                                                 (u)     in_0->z R     unmapped_or2          34 17.4     0    85     594    (-,-) 
  basic_isa_instance/g5691/z                                                                 (u)     in_0->z F     unmapped_complex2      1  2.7     0    35     628    (-,-) 
  basic_isa_instance/g5923/z                                                                 (u)     in_1->z R     unmapped_nor2         33 17.4     0    85     714    (-,-) 
  basic_isa_instance/g20037/z                                                                (u)     in_1->z R     unmapped_complex2     32 17.4     0    85     799    (-,-) 
  basic_isa_instance/g20193/z                                                                (u)     in_1->z R     unmapped_complex2      1  2.9     0    35     834    (-,-) 
  basic_isa_instance/u_exe_g4888/z                                                           (u)     in_1->z F     unmapped_complex2      2  5.4     0    42     876    (-,-) 
  basic_isa_instance/u_exe_g4868/z                                                           (u)     in_0->z R     unmapped_nand2         1  2.9     0    35     911    (-,-) 
  basic_isa_instance/u_exe_g4755/z                                                           (u)     in_0->z F     unmapped_nand2        12 32.4     0    84     995    (-,-) 
  basic_isa_instance/u_exe_u_alu_top_u_arith_sub_88_27_Y_u_alu_top_u_arith_add_87_27/g2324/z (u)     in_1->z R     unmapped_nand2         1  2.9     0    35    1030    (-,-) 
  basic_isa_instance/u_exe_u_alu_top_u_arith_sub_88_27_Y_u_alu_top_u_arith_add_87_27/g2222/z (u)     in_1->z F     unmapped_nand2         1  2.7     0    35    1065    (-,-) 
  basic_isa_instance/u_exe_u_alu_top_u_arith_sub_88_27_Y_u_alu_top_u_arith_add_87_27/g2146/z (u)     in_1->z F     unmapped_complex2      3  8.1     0    48    1113    (-,-) 
  basic_isa_instance/u_exe_u_alu_top_u_arith_sub_88_27_Y_u_alu_top_u_arith_add_87_27/g552/z  (u)     in_0->z R     unmapped_complex2      1  2.9     0    35    1148    (-,-) 
  basic_isa_instance/u_exe_u_alu_top_u_arith_sub_88_27_Y_u_alu_top_u_arith_add_87_27/g106/z  (u)     in_1->z F     unmapped_nand2         4 10.8     0    53    1201    (-,-) 
  basic_isa_instance/u_exe_u_alu_top_u_arith_sub_88_27_Y_u_alu_top_u_arith_add_87_27/g2071/z (u)     in_0->z R     unmapped_complex2      1  2.9     0    35    1236    (-,-) 
  basic_isa_instance/u_exe_u_alu_top_u_arith_sub_88_27_Y_u_alu_top_u_arith_add_87_27/g2053/z (u)     in_0->z F     unmapped_complex2      6 16.2     0    62    1298    (-,-) 
  basic_isa_instance/u_exe_u_alu_top_u_arith_sub_88_27_Y_u_alu_top_u_arith_add_87_27/g636/z  (u)     in_0->z R     unmapped_complex2      1  2.9     0    35    1333    (-,-) 
  basic_isa_instance/u_exe_u_alu_top_u_arith_sub_88_27_Y_u_alu_top_u_arith_add_87_27/g2018/z (u)     in_0->z F     unmapped_complex2     10 27.0     0    77    1410    (-,-) 
  basic_isa_instance/u_exe_u_alu_top_u_arith_sub_88_27_Y_u_alu_top_u_arith_add_87_27/g1999/z (u)     in_0->z R     unmapped_complex2      1  2.9     0    35    1445    (-,-) 
  basic_isa_instance/u_exe_u_alu_top_u_arith_sub_88_27_Y_u_alu_top_u_arith_add_87_27/g1992/z (u)     in_0->z F     unmapped_complex2     17 13.5     0    79    1523    (-,-) 
  basic_isa_instance/u_exe_u_alu_top_u_arith_sub_88_27_Y_u_alu_top_u_arith_add_87_27/g667/z  (u)     in_0->z R     unmapped_complex2      1  2.9     0    35    1558    (-,-) 
  basic_isa_instance/u_exe_u_alu_top_u_arith_sub_88_27_Y_u_alu_top_u_arith_add_87_27/g1946/z (u)     in_0->z F     unmapped_complex2      2  5.4     0    42    1600    (-,-) 
  basic_isa_instance/u_exe_u_alu_top_u_arith_sub_88_27_Y_u_alu_top_u_arith_add_87_27/g1933/z (u)     in_0->z F     unmapped_or2           1  2.7     0    35    1635    (-,-) 
  basic_isa_instance/u_exe_u_alu_top_u_arith_sub_88_27_Y_u_alu_top_u_arith_add_87_27/g1934/z (u)     in_1->z R     unmapped_nand2         2  5.8     0    42    1677    (-,-) 
  basic_isa_instance/u_exe_g15831/z                                                          (u)     in_1->z R     unmapped_or2           1  2.9     0    35    1712    (-,-) 
  basic_isa_instance/u_exe_g15658/z                                                          (u)     in_1->z R     unmapped_or2           1  2.9     0    35    1747    (-,-) 
  basic_isa_instance/u_exe_g15303/z                                                          (u)     in_0->z F     unmapped_nand2         1  2.7     0    35    1782    (-,-) 
  basic_isa_instance/u_exe_g14001/z                                                          (u)     in_1->z R     unmapped_complex2      1  2.9     0    35    1817    (-,-) 
  basic_isa_instance/u_exe_g13990/z                                                          (u)     in_1->z R     unmapped_or2           1  2.9     0    35    1852    (-,-) 
  basic_isa_instance/u_exe_g15914/z                                                          (u)     in_1->z F     unmapped_nor2          2  5.4     0    42    1894    (-,-) 
  basic_isa_instance/g7610/z                                                                 (u)     in_1->z F     unmapped_or2           1  2.7     0    35    1929    (-,-) 
  basic_isa_instance/g7459/z                                                                 (u)     in_1->z R     unmapped_complex2      1  2.9     0    35    1964    (-,-) 
  basic_isa_instance/g7372/z                                                                 (u)     in_0->z R     unmapped_complex2      1  2.9     0    35    1999    (-,-) 
  basic_isa_instance/g7158/z                                                                 (u)     in_1->z R     unmapped_or2          40 20.3     0    91    2090    (-,-) 
  basic_isa_instance/g12324/z                                                                (u)     in_1->z R     unmapped_or2          10 29.0     0    77    2167    (-,-) 
  basic_isa_instance/g15904/z                                                                (u)     in_0->z R     unmapped_complex2      5 14.5     0    57    2224    (-,-) 
  basic_isa_instance/g17670/z                                                                (u)     in_0->z F     unmapped_complex2      2  5.4     0    42    2266    (-,-) 
  basic_isa_instance/g13428/z                                                                (u)     in_1->z F     unmapped_or2           1  2.7     0    35    2301    (-,-) 
  basic_isa_instance/g17293/z                                                                (u)     in_1->z R     unmapped_nand2         4 11.6     0    53    2354    (-,-) 
  basic_isa_instance/g17233/z                                                                (u)     in_0->z R     unmapped_complex2      2  5.8     0    42    2396    (-,-) 
  basic_isa_instance/g13263/z                                                                (u)     in_0->z R     unmapped_or2           8 23.2     0    70    2466    (-,-) 
  basic_isa_instance/g16022/z                                                                (u)     in_0->z F     unmapped_complex2     11 29.7     0    81    2546    (-,-) 
  basic_isa_instance/g15978/z                                                                (u)     in_0->z R     unmapped_nand2         1  2.9     0    35    2582    (-,-) 
  basic_isa_instance/u_id_ex_imm_ex_reg[29]/d                                                -       -       R     unmapped_d_flop        1    -     -     0    2582    (-,-) 
#-----------------------------------------------------------------------------------------------------------------------------------------------------------------------------

(u) : Net has unmapped pin(s).



Path 5: VIOLATED (-172 ps) Setup Check with Pin basic_isa_instance/u_id_ex_imm_ex_reg[28]/clk->d
          Group: core_clk
     Startpoint: (R) basic_isa_instance/u_ex_mem_inst_mem_o_reg[9]/clk
          Clock: (R) core_clk
       Endpoint: (R) basic_isa_instance/u_id_ex_imm_ex_reg[28]/d
          Clock: (R) core_clk

                     Capture       Launch     
        Clock Edge:+    2500            0     
       Src Latency:+       0            0     
       Net Latency:+       0 (I)        0 (I) 
           Arrival:=    2500            0     
                                              
             Setup:-      90                  
     Required Time:=    2410                  
      Launch Clock:-       0                  
         Data Path:-    2582                  
             Slack:=    -172                  

#-----------------------------------------------------------------------------------------------------------------------------------------------------------------------------
#                                       Timing Point                                         Flags    Arc    Edge       Cell         Fanout Load Trans Delay Arrival Instance 
#                                                                                                                                           (fF)  (ps)  (ps)   (ps)  Location 
#-----------------------------------------------------------------------------------------------------------------------------------------------------------------------------
  basic_isa_instance/u_ex_mem_inst_mem_o_reg[9]/clk                                          -       -       R     (arrival)            139    -     0     -       0    (-,-) 
  basic_isa_instance/u_ex_mem_inst_mem_o_reg[9]/q                                            (u)     clk->q  F     unmapped_d_flop        7 18.9     0   326     326    (-,-) 
  basic_isa_instance/g5881/z                                                                 (u)     in_1->z F     unmapped_or2           1  2.7     0    35     362    (-,-) 
  basic_isa_instance/g5736/z                                                                 (u)     in_1->z F     unmapped_or2           1  2.7     0    35     396    (-,-) 
  basic_isa_instance/g5720/z                                                                 (u)     in_1->z F     unmapped_or2           1  2.7     0    35     432    (-,-) 
  basic_isa_instance/g5710/z                                                                 (u)     in_0->z R     unmapped_nand2         2  5.8     0    42     473    (-,-) 
  basic_isa_instance/g5705/z                                                                 (u)     in_0->z R     unmapped_complex2      1  2.9     0    35     508    (-,-) 
  basic_isa_instance/g5699/z                                                                 (u)     in_0->z R     unmapped_or2          34 17.4     0    85     594    (-,-) 
  basic_isa_instance/g5691/z                                                                 (u)     in_0->z F     unmapped_complex2      1  2.7     0    35     628    (-,-) 
  basic_isa_instance/g5923/z                                                                 (u)     in_1->z R     unmapped_nor2         33 17.4     0    85     714    (-,-) 
  basic_isa_instance/g20037/z                                                                (u)     in_1->z R     unmapped_complex2     32 17.4     0    85     799    (-,-) 
  basic_isa_instance/g20193/z                                                                (u)     in_1->z R     unmapped_complex2      1  2.9     0    35     834    (-,-) 
  basic_isa_instance/u_exe_g4888/z                                                           (u)     in_1->z F     unmapped_complex2      2  5.4     0    42     876    (-,-) 
  basic_isa_instance/u_exe_g4868/z                                                           (u)     in_0->z R     unmapped_nand2         1  2.9     0    35     911    (-,-) 
  basic_isa_instance/u_exe_g4755/z                                                           (u)     in_0->z F     unmapped_nand2        12 32.4     0    84     995    (-,-) 
  basic_isa_instance/u_exe_u_alu_top_u_arith_sub_88_27_Y_u_alu_top_u_arith_add_87_27/g2324/z (u)     in_1->z R     unmapped_nand2         1  2.9     0    35    1030    (-,-) 
  basic_isa_instance/u_exe_u_alu_top_u_arith_sub_88_27_Y_u_alu_top_u_arith_add_87_27/g2222/z (u)     in_1->z F     unmapped_nand2         1  2.7     0    35    1065    (-,-) 
  basic_isa_instance/u_exe_u_alu_top_u_arith_sub_88_27_Y_u_alu_top_u_arith_add_87_27/g2146/z (u)     in_1->z F     unmapped_complex2      3  8.1     0    48    1113    (-,-) 
  basic_isa_instance/u_exe_u_alu_top_u_arith_sub_88_27_Y_u_alu_top_u_arith_add_87_27/g552/z  (u)     in_0->z R     unmapped_complex2      1  2.9     0    35    1148    (-,-) 
  basic_isa_instance/u_exe_u_alu_top_u_arith_sub_88_27_Y_u_alu_top_u_arith_add_87_27/g106/z  (u)     in_1->z F     unmapped_nand2         4 10.8     0    53    1201    (-,-) 
  basic_isa_instance/u_exe_u_alu_top_u_arith_sub_88_27_Y_u_alu_top_u_arith_add_87_27/g2071/z (u)     in_0->z R     unmapped_complex2      1  2.9     0    35    1236    (-,-) 
  basic_isa_instance/u_exe_u_alu_top_u_arith_sub_88_27_Y_u_alu_top_u_arith_add_87_27/g2053/z (u)     in_0->z F     unmapped_complex2      6 16.2     0    62    1298    (-,-) 
  basic_isa_instance/u_exe_u_alu_top_u_arith_sub_88_27_Y_u_alu_top_u_arith_add_87_27/g636/z  (u)     in_0->z R     unmapped_complex2      1  2.9     0    35    1333    (-,-) 
  basic_isa_instance/u_exe_u_alu_top_u_arith_sub_88_27_Y_u_alu_top_u_arith_add_87_27/g2018/z (u)     in_0->z F     unmapped_complex2     10 27.0     0    77    1410    (-,-) 
  basic_isa_instance/u_exe_u_alu_top_u_arith_sub_88_27_Y_u_alu_top_u_arith_add_87_27/g1999/z (u)     in_0->z R     unmapped_complex2      1  2.9     0    35    1445    (-,-) 
  basic_isa_instance/u_exe_u_alu_top_u_arith_sub_88_27_Y_u_alu_top_u_arith_add_87_27/g1992/z (u)     in_0->z F     unmapped_complex2     17 13.5     0    79    1523    (-,-) 
  basic_isa_instance/u_exe_u_alu_top_u_arith_sub_88_27_Y_u_alu_top_u_arith_add_87_27/g667/z  (u)     in_0->z R     unmapped_complex2      1  2.9     0    35    1558    (-,-) 
  basic_isa_instance/u_exe_u_alu_top_u_arith_sub_88_27_Y_u_alu_top_u_arith_add_87_27/g1946/z (u)     in_0->z F     unmapped_complex2      2  5.4     0    42    1600    (-,-) 
  basic_isa_instance/u_exe_u_alu_top_u_arith_sub_88_27_Y_u_alu_top_u_arith_add_87_27/g1933/z (u)     in_0->z F     unmapped_or2           1  2.7     0    35    1635    (-,-) 
  basic_isa_instance/u_exe_u_alu_top_u_arith_sub_88_27_Y_u_alu_top_u_arith_add_87_27/g1934/z (u)     in_1->z R     unmapped_nand2         2  5.8     0    42    1677    (-,-) 
  basic_isa_instance/u_exe_g15831/z                                                          (u)     in_1->z R     unmapped_or2           1  2.9     0    35    1712    (-,-) 
  basic_isa_instance/u_exe_g15658/z                                                          (u)     in_1->z R     unmapped_or2           1  2.9     0    35    1747    (-,-) 
  basic_isa_instance/u_exe_g15303/z                                                          (u)     in_0->z F     unmapped_nand2         1  2.7     0    35    1782    (-,-) 
  basic_isa_instance/u_exe_g14001/z                                                          (u)     in_1->z R     unmapped_complex2      1  2.9     0    35    1817    (-,-) 
  basic_isa_instance/u_exe_g13990/z                                                          (u)     in_1->z R     unmapped_or2           1  2.9     0    35    1852    (-,-) 
  basic_isa_instance/u_exe_g15914/z                                                          (u)     in_1->z F     unmapped_nor2          2  5.4     0    42    1894    (-,-) 
  basic_isa_instance/g7610/z                                                                 (u)     in_1->z F     unmapped_or2           1  2.7     0    35    1929    (-,-) 
  basic_isa_instance/g7459/z                                                                 (u)     in_1->z R     unmapped_complex2      1  2.9     0    35    1964    (-,-) 
  basic_isa_instance/g7372/z                                                                 (u)     in_0->z R     unmapped_complex2      1  2.9     0    35    1999    (-,-) 
  basic_isa_instance/g7158/z                                                                 (u)     in_1->z R     unmapped_or2          40 20.3     0    91    2090    (-,-) 
  basic_isa_instance/g12324/z                                                                (u)     in_1->z R     unmapped_or2          10 29.0     0    77    2167    (-,-) 
  basic_isa_instance/g15904/z                                                                (u)     in_0->z R     unmapped_complex2      5 14.5     0    57    2224    (-,-) 
  basic_isa_instance/g17670/z                                                                (u)     in_0->z F     unmapped_complex2      2  5.4     0    42    2266    (-,-) 
  basic_isa_instance/g13428/z                                                                (u)     in_1->z F     unmapped_or2           1  2.7     0    35    2301    (-,-) 
  basic_isa_instance/g17293/z                                                                (u)     in_1->z R     unmapped_nand2         4 11.6     0    53    2354    (-,-) 
  basic_isa_instance/g17233/z                                                                (u)     in_0->z R     unmapped_complex2      2  5.8     0    42    2396    (-,-) 
  basic_isa_instance/g13263/z                                                                (u)     in_0->z R     unmapped_or2           8 23.2     0    70    2466    (-,-) 
  basic_isa_instance/g16022/z                                                                (u)     in_0->z F     unmapped_complex2     11 29.7     0    81    2546    (-,-) 
  basic_isa_instance/g15984/z                                                                (u)     in_0->z R     unmapped_nand2         1  2.9     0    35    2582    (-,-) 
  basic_isa_instance/u_id_ex_imm_ex_reg[28]/d                                                -       -       R     unmapped_d_flop        1    -     -     0    2582    (-,-) 
#-----------------------------------------------------------------------------------------------------------------------------------------------------------------------------

(u) : Net has unmapped pin(s).



Path 6: VIOLATED (-172 ps) Setup Check with Pin basic_isa_instance/u_id_ex_imm_ex_reg[27]/clk->d
          Group: core_clk
     Startpoint: (R) basic_isa_instance/u_ex_mem_inst_mem_o_reg[9]/clk
          Clock: (R) core_clk
       Endpoint: (R) basic_isa_instance/u_id_ex_imm_ex_reg[27]/d
          Clock: (R) core_clk

                     Capture       Launch     
        Clock Edge:+    2500            0     
       Src Latency:+       0            0     
       Net Latency:+       0 (I)        0 (I) 
           Arrival:=    2500            0     
                                              
             Setup:-      90                  
     Required Time:=    2410                  
      Launch Clock:-       0                  
         Data Path:-    2582                  
             Slack:=    -172                  

#-----------------------------------------------------------------------------------------------------------------------------------------------------------------------------
#                                       Timing Point                                         Flags    Arc    Edge       Cell         Fanout Load Trans Delay Arrival Instance 
#                                                                                                                                           (fF)  (ps)  (ps)   (ps)  Location 
#-----------------------------------------------------------------------------------------------------------------------------------------------------------------------------
  basic_isa_instance/u_ex_mem_inst_mem_o_reg[9]/clk                                          -       -       R     (arrival)            139    -     0     -       0    (-,-) 
  basic_isa_instance/u_ex_mem_inst_mem_o_reg[9]/q                                            (u)     clk->q  F     unmapped_d_flop        7 18.9     0   326     326    (-,-) 
  basic_isa_instance/g5881/z                                                                 (u)     in_1->z F     unmapped_or2           1  2.7     0    35     362    (-,-) 
  basic_isa_instance/g5736/z                                                                 (u)     in_1->z F     unmapped_or2           1  2.7     0    35     396    (-,-) 
  basic_isa_instance/g5720/z                                                                 (u)     in_1->z F     unmapped_or2           1  2.7     0    35     432    (-,-) 
  basic_isa_instance/g5710/z                                                                 (u)     in_0->z R     unmapped_nand2         2  5.8     0    42     473    (-,-) 
  basic_isa_instance/g5705/z                                                                 (u)     in_0->z R     unmapped_complex2      1  2.9     0    35     508    (-,-) 
  basic_isa_instance/g5699/z                                                                 (u)     in_0->z R     unmapped_or2          34 17.4     0    85     594    (-,-) 
  basic_isa_instance/g5691/z                                                                 (u)     in_0->z F     unmapped_complex2      1  2.7     0    35     628    (-,-) 
  basic_isa_instance/g5923/z                                                                 (u)     in_1->z R     unmapped_nor2         33 17.4     0    85     714    (-,-) 
  basic_isa_instance/g20037/z                                                                (u)     in_1->z R     unmapped_complex2     32 17.4     0    85     799    (-,-) 
  basic_isa_instance/g20193/z                                                                (u)     in_1->z R     unmapped_complex2      1  2.9     0    35     834    (-,-) 
  basic_isa_instance/u_exe_g4888/z                                                           (u)     in_1->z F     unmapped_complex2      2  5.4     0    42     876    (-,-) 
  basic_isa_instance/u_exe_g4868/z                                                           (u)     in_0->z R     unmapped_nand2         1  2.9     0    35     911    (-,-) 
  basic_isa_instance/u_exe_g4755/z                                                           (u)     in_0->z F     unmapped_nand2        12 32.4     0    84     995    (-,-) 
  basic_isa_instance/u_exe_u_alu_top_u_arith_sub_88_27_Y_u_alu_top_u_arith_add_87_27/g2324/z (u)     in_1->z R     unmapped_nand2         1  2.9     0    35    1030    (-,-) 
  basic_isa_instance/u_exe_u_alu_top_u_arith_sub_88_27_Y_u_alu_top_u_arith_add_87_27/g2222/z (u)     in_1->z F     unmapped_nand2         1  2.7     0    35    1065    (-,-) 
  basic_isa_instance/u_exe_u_alu_top_u_arith_sub_88_27_Y_u_alu_top_u_arith_add_87_27/g2146/z (u)     in_1->z F     unmapped_complex2      3  8.1     0    48    1113    (-,-) 
  basic_isa_instance/u_exe_u_alu_top_u_arith_sub_88_27_Y_u_alu_top_u_arith_add_87_27/g552/z  (u)     in_0->z R     unmapped_complex2      1  2.9     0    35    1148    (-,-) 
  basic_isa_instance/u_exe_u_alu_top_u_arith_sub_88_27_Y_u_alu_top_u_arith_add_87_27/g106/z  (u)     in_1->z F     unmapped_nand2         4 10.8     0    53    1201    (-,-) 
  basic_isa_instance/u_exe_u_alu_top_u_arith_sub_88_27_Y_u_alu_top_u_arith_add_87_27/g2071/z (u)     in_0->z R     unmapped_complex2      1  2.9     0    35    1236    (-,-) 
  basic_isa_instance/u_exe_u_alu_top_u_arith_sub_88_27_Y_u_alu_top_u_arith_add_87_27/g2053/z (u)     in_0->z F     unmapped_complex2      6 16.2     0    62    1298    (-,-) 
  basic_isa_instance/u_exe_u_alu_top_u_arith_sub_88_27_Y_u_alu_top_u_arith_add_87_27/g636/z  (u)     in_0->z R     unmapped_complex2      1  2.9     0    35    1333    (-,-) 
  basic_isa_instance/u_exe_u_alu_top_u_arith_sub_88_27_Y_u_alu_top_u_arith_add_87_27/g2018/z (u)     in_0->z F     unmapped_complex2     10 27.0     0    77    1410    (-,-) 
  basic_isa_instance/u_exe_u_alu_top_u_arith_sub_88_27_Y_u_alu_top_u_arith_add_87_27/g1999/z (u)     in_0->z R     unmapped_complex2      1  2.9     0    35    1445    (-,-) 
  basic_isa_instance/u_exe_u_alu_top_u_arith_sub_88_27_Y_u_alu_top_u_arith_add_87_27/g1992/z (u)     in_0->z F     unmapped_complex2     17 13.5     0    79    1523    (-,-) 
  basic_isa_instance/u_exe_u_alu_top_u_arith_sub_88_27_Y_u_alu_top_u_arith_add_87_27/g667/z  (u)     in_0->z R     unmapped_complex2      1  2.9     0    35    1558    (-,-) 
  basic_isa_instance/u_exe_u_alu_top_u_arith_sub_88_27_Y_u_alu_top_u_arith_add_87_27/g1946/z (u)     in_0->z F     unmapped_complex2      2  5.4     0    42    1600    (-,-) 
  basic_isa_instance/u_exe_u_alu_top_u_arith_sub_88_27_Y_u_alu_top_u_arith_add_87_27/g1933/z (u)     in_0->z F     unmapped_or2           1  2.7     0    35    1635    (-,-) 
  basic_isa_instance/u_exe_u_alu_top_u_arith_sub_88_27_Y_u_alu_top_u_arith_add_87_27/g1934/z (u)     in_1->z R     unmapped_nand2         2  5.8     0    42    1677    (-,-) 
  basic_isa_instance/u_exe_g15831/z                                                          (u)     in_1->z R     unmapped_or2           1  2.9     0    35    1712    (-,-) 
  basic_isa_instance/u_exe_g15658/z                                                          (u)     in_1->z R     unmapped_or2           1  2.9     0    35    1747    (-,-) 
  basic_isa_instance/u_exe_g15303/z                                                          (u)     in_0->z F     unmapped_nand2         1  2.7     0    35    1782    (-,-) 
  basic_isa_instance/u_exe_g14001/z                                                          (u)     in_1->z R     unmapped_complex2      1  2.9     0    35    1817    (-,-) 
  basic_isa_instance/u_exe_g13990/z                                                          (u)     in_1->z R     unmapped_or2           1  2.9     0    35    1852    (-,-) 
  basic_isa_instance/u_exe_g15914/z                                                          (u)     in_1->z F     unmapped_nor2          2  5.4     0    42    1894    (-,-) 
  basic_isa_instance/g7610/z                                                                 (u)     in_1->z F     unmapped_or2           1  2.7     0    35    1929    (-,-) 
  basic_isa_instance/g7459/z                                                                 (u)     in_1->z R     unmapped_complex2      1  2.9     0    35    1964    (-,-) 
  basic_isa_instance/g7372/z                                                                 (u)     in_0->z R     unmapped_complex2      1  2.9     0    35    1999    (-,-) 
  basic_isa_instance/g7158/z                                                                 (u)     in_1->z R     unmapped_or2          40 20.3     0    91    2090    (-,-) 
  basic_isa_instance/g12324/z                                                                (u)     in_1->z R     unmapped_or2          10 29.0     0    77    2167    (-,-) 
  basic_isa_instance/g15904/z                                                                (u)     in_0->z R     unmapped_complex2      5 14.5     0    57    2224    (-,-) 
  basic_isa_instance/g17670/z                                                                (u)     in_0->z F     unmapped_complex2      2  5.4     0    42    2266    (-,-) 
  basic_isa_instance/g13428/z                                                                (u)     in_1->z F     unmapped_or2           1  2.7     0    35    2301    (-,-) 
  basic_isa_instance/g17293/z                                                                (u)     in_1->z R     unmapped_nand2         4 11.6     0    53    2354    (-,-) 
  basic_isa_instance/g17233/z                                                                (u)     in_0->z R     unmapped_complex2      2  5.8     0    42    2396    (-,-) 
  basic_isa_instance/g13263/z                                                                (u)     in_0->z R     unmapped_or2           8 23.2     0    70    2466    (-,-) 
  basic_isa_instance/g16022/z                                                                (u)     in_0->z F     unmapped_complex2     11 29.7     0    81    2546    (-,-) 
  basic_isa_instance/g15983/z                                                                (u)     in_0->z R     unmapped_nand2         1  2.9     0    35    2582    (-,-) 
  basic_isa_instance/u_id_ex_imm_ex_reg[27]/d                                                -       -       R     unmapped_d_flop        1    -     -     0    2582    (-,-) 
#-----------------------------------------------------------------------------------------------------------------------------------------------------------------------------

(u) : Net has unmapped pin(s).



Path 7: VIOLATED (-172 ps) Setup Check with Pin basic_isa_instance/u_id_ex_imm_ex_reg[26]/clk->d
          Group: core_clk
     Startpoint: (R) basic_isa_instance/u_ex_mem_inst_mem_o_reg[9]/clk
          Clock: (R) core_clk
       Endpoint: (R) basic_isa_instance/u_id_ex_imm_ex_reg[26]/d
          Clock: (R) core_clk

                     Capture       Launch     
        Clock Edge:+    2500            0     
       Src Latency:+       0            0     
       Net Latency:+       0 (I)        0 (I) 
           Arrival:=    2500            0     
                                              
             Setup:-      90                  
     Required Time:=    2410                  
      Launch Clock:-       0                  
         Data Path:-    2582                  
             Slack:=    -172                  

#-----------------------------------------------------------------------------------------------------------------------------------------------------------------------------
#                                       Timing Point                                         Flags    Arc    Edge       Cell         Fanout Load Trans Delay Arrival Instance 
#                                                                                                                                           (fF)  (ps)  (ps)   (ps)  Location 
#-----------------------------------------------------------------------------------------------------------------------------------------------------------------------------
  basic_isa_instance/u_ex_mem_inst_mem_o_reg[9]/clk                                          -       -       R     (arrival)            139    -     0     -       0    (-,-) 
  basic_isa_instance/u_ex_mem_inst_mem_o_reg[9]/q                                            (u)     clk->q  F     unmapped_d_flop        7 18.9     0   326     326    (-,-) 
  basic_isa_instance/g5881/z                                                                 (u)     in_1->z F     unmapped_or2           1  2.7     0    35     362    (-,-) 
  basic_isa_instance/g5736/z                                                                 (u)     in_1->z F     unmapped_or2           1  2.7     0    35     396    (-,-) 
  basic_isa_instance/g5720/z                                                                 (u)     in_1->z F     unmapped_or2           1  2.7     0    35     432    (-,-) 
  basic_isa_instance/g5710/z                                                                 (u)     in_0->z R     unmapped_nand2         2  5.8     0    42     473    (-,-) 
  basic_isa_instance/g5705/z                                                                 (u)     in_0->z R     unmapped_complex2      1  2.9     0    35     508    (-,-) 
  basic_isa_instance/g5699/z                                                                 (u)     in_0->z R     unmapped_or2          34 17.4     0    85     594    (-,-) 
  basic_isa_instance/g5691/z                                                                 (u)     in_0->z F     unmapped_complex2      1  2.7     0    35     628    (-,-) 
  basic_isa_instance/g5923/z                                                                 (u)     in_1->z R     unmapped_nor2         33 17.4     0    85     714    (-,-) 
  basic_isa_instance/g20037/z                                                                (u)     in_1->z R     unmapped_complex2     32 17.4     0    85     799    (-,-) 
  basic_isa_instance/g20193/z                                                                (u)     in_1->z R     unmapped_complex2      1  2.9     0    35     834    (-,-) 
  basic_isa_instance/u_exe_g4888/z                                                           (u)     in_1->z F     unmapped_complex2      2  5.4     0    42     876    (-,-) 
  basic_isa_instance/u_exe_g4868/z                                                           (u)     in_0->z R     unmapped_nand2         1  2.9     0    35     911    (-,-) 
  basic_isa_instance/u_exe_g4755/z                                                           (u)     in_0->z F     unmapped_nand2        12 32.4     0    84     995    (-,-) 
  basic_isa_instance/u_exe_u_alu_top_u_arith_sub_88_27_Y_u_alu_top_u_arith_add_87_27/g2324/z (u)     in_1->z R     unmapped_nand2         1  2.9     0    35    1030    (-,-) 
  basic_isa_instance/u_exe_u_alu_top_u_arith_sub_88_27_Y_u_alu_top_u_arith_add_87_27/g2222/z (u)     in_1->z F     unmapped_nand2         1  2.7     0    35    1065    (-,-) 
  basic_isa_instance/u_exe_u_alu_top_u_arith_sub_88_27_Y_u_alu_top_u_arith_add_87_27/g2146/z (u)     in_1->z F     unmapped_complex2      3  8.1     0    48    1113    (-,-) 
  basic_isa_instance/u_exe_u_alu_top_u_arith_sub_88_27_Y_u_alu_top_u_arith_add_87_27/g552/z  (u)     in_0->z R     unmapped_complex2      1  2.9     0    35    1148    (-,-) 
  basic_isa_instance/u_exe_u_alu_top_u_arith_sub_88_27_Y_u_alu_top_u_arith_add_87_27/g106/z  (u)     in_1->z F     unmapped_nand2         4 10.8     0    53    1201    (-,-) 
  basic_isa_instance/u_exe_u_alu_top_u_arith_sub_88_27_Y_u_alu_top_u_arith_add_87_27/g2071/z (u)     in_0->z R     unmapped_complex2      1  2.9     0    35    1236    (-,-) 
  basic_isa_instance/u_exe_u_alu_top_u_arith_sub_88_27_Y_u_alu_top_u_arith_add_87_27/g2053/z (u)     in_0->z F     unmapped_complex2      6 16.2     0    62    1298    (-,-) 
  basic_isa_instance/u_exe_u_alu_top_u_arith_sub_88_27_Y_u_alu_top_u_arith_add_87_27/g636/z  (u)     in_0->z R     unmapped_complex2      1  2.9     0    35    1333    (-,-) 
  basic_isa_instance/u_exe_u_alu_top_u_arith_sub_88_27_Y_u_alu_top_u_arith_add_87_27/g2018/z (u)     in_0->z F     unmapped_complex2     10 27.0     0    77    1410    (-,-) 
  basic_isa_instance/u_exe_u_alu_top_u_arith_sub_88_27_Y_u_alu_top_u_arith_add_87_27/g1999/z (u)     in_0->z R     unmapped_complex2      1  2.9     0    35    1445    (-,-) 
  basic_isa_instance/u_exe_u_alu_top_u_arith_sub_88_27_Y_u_alu_top_u_arith_add_87_27/g1992/z (u)     in_0->z F     unmapped_complex2     17 13.5     0    79    1523    (-,-) 
  basic_isa_instance/u_exe_u_alu_top_u_arith_sub_88_27_Y_u_alu_top_u_arith_add_87_27/g667/z  (u)     in_0->z R     unmapped_complex2      1  2.9     0    35    1558    (-,-) 
  basic_isa_instance/u_exe_u_alu_top_u_arith_sub_88_27_Y_u_alu_top_u_arith_add_87_27/g1946/z (u)     in_0->z F     unmapped_complex2      2  5.4     0    42    1600    (-,-) 
  basic_isa_instance/u_exe_u_alu_top_u_arith_sub_88_27_Y_u_alu_top_u_arith_add_87_27/g1933/z (u)     in_0->z F     unmapped_or2           1  2.7     0    35    1635    (-,-) 
  basic_isa_instance/u_exe_u_alu_top_u_arith_sub_88_27_Y_u_alu_top_u_arith_add_87_27/g1934/z (u)     in_1->z R     unmapped_nand2         2  5.8     0    42    1677    (-,-) 
  basic_isa_instance/u_exe_g15831/z                                                          (u)     in_1->z R     unmapped_or2           1  2.9     0    35    1712    (-,-) 
  basic_isa_instance/u_exe_g15658/z                                                          (u)     in_1->z R     unmapped_or2           1  2.9     0    35    1747    (-,-) 
  basic_isa_instance/u_exe_g15303/z                                                          (u)     in_0->z F     unmapped_nand2         1  2.7     0    35    1782    (-,-) 
  basic_isa_instance/u_exe_g14001/z                                                          (u)     in_1->z R     unmapped_complex2      1  2.9     0    35    1817    (-,-) 
  basic_isa_instance/u_exe_g13990/z                                                          (u)     in_1->z R     unmapped_or2           1  2.9     0    35    1852    (-,-) 
  basic_isa_instance/u_exe_g15914/z                                                          (u)     in_1->z F     unmapped_nor2          2  5.4     0    42    1894    (-,-) 
  basic_isa_instance/g7610/z                                                                 (u)     in_1->z F     unmapped_or2           1  2.7     0    35    1929    (-,-) 
  basic_isa_instance/g7459/z                                                                 (u)     in_1->z R     unmapped_complex2      1  2.9     0    35    1964    (-,-) 
  basic_isa_instance/g7372/z                                                                 (u)     in_0->z R     unmapped_complex2      1  2.9     0    35    1999    (-,-) 
  basic_isa_instance/g7158/z                                                                 (u)     in_1->z R     unmapped_or2          40 20.3     0    91    2090    (-,-) 
  basic_isa_instance/g12324/z                                                                (u)     in_1->z R     unmapped_or2          10 29.0     0    77    2167    (-,-) 
  basic_isa_instance/g15904/z                                                                (u)     in_0->z R     unmapped_complex2      5 14.5     0    57    2224    (-,-) 
  basic_isa_instance/g17670/z                                                                (u)     in_0->z F     unmapped_complex2      2  5.4     0    42    2266    (-,-) 
  basic_isa_instance/g13428/z                                                                (u)     in_1->z F     unmapped_or2           1  2.7     0    35    2301    (-,-) 
  basic_isa_instance/g17293/z                                                                (u)     in_1->z R     unmapped_nand2         4 11.6     0    53    2354    (-,-) 
  basic_isa_instance/g17233/z                                                                (u)     in_0->z R     unmapped_complex2      2  5.8     0    42    2396    (-,-) 
  basic_isa_instance/g13263/z                                                                (u)     in_0->z R     unmapped_or2           8 23.2     0    70    2466    (-,-) 
  basic_isa_instance/g16022/z                                                                (u)     in_0->z F     unmapped_complex2     11 29.7     0    81    2546    (-,-) 
  basic_isa_instance/g15986/z                                                                (u)     in_0->z R     unmapped_nand2         1  2.9     0    35    2582    (-,-) 
  basic_isa_instance/u_id_ex_imm_ex_reg[26]/d                                                -       -       R     unmapped_d_flop        1    -     -     0    2582    (-,-) 
#-----------------------------------------------------------------------------------------------------------------------------------------------------------------------------

(u) : Net has unmapped pin(s).



Path 8: VIOLATED (-172 ps) Setup Check with Pin basic_isa_instance/u_id_ex_imm_ex_reg[25]/clk->d
          Group: core_clk
     Startpoint: (R) basic_isa_instance/u_ex_mem_inst_mem_o_reg[9]/clk
          Clock: (R) core_clk
       Endpoint: (R) basic_isa_instance/u_id_ex_imm_ex_reg[25]/d
          Clock: (R) core_clk

                     Capture       Launch     
        Clock Edge:+    2500            0     
       Src Latency:+       0            0     
       Net Latency:+       0 (I)        0 (I) 
           Arrival:=    2500            0     
                                              
             Setup:-      90                  
     Required Time:=    2410                  
      Launch Clock:-       0                  
         Data Path:-    2582                  
             Slack:=    -172                  

#-----------------------------------------------------------------------------------------------------------------------------------------------------------------------------
#                                       Timing Point                                         Flags    Arc    Edge       Cell         Fanout Load Trans Delay Arrival Instance 
#                                                                                                                                           (fF)  (ps)  (ps)   (ps)  Location 
#-----------------------------------------------------------------------------------------------------------------------------------------------------------------------------
  basic_isa_instance/u_ex_mem_inst_mem_o_reg[9]/clk                                          -       -       R     (arrival)            139    -     0     -       0    (-,-) 
  basic_isa_instance/u_ex_mem_inst_mem_o_reg[9]/q                                            (u)     clk->q  F     unmapped_d_flop        7 18.9     0   326     326    (-,-) 
  basic_isa_instance/g5881/z                                                                 (u)     in_1->z F     unmapped_or2           1  2.7     0    35     362    (-,-) 
  basic_isa_instance/g5736/z                                                                 (u)     in_1->z F     unmapped_or2           1  2.7     0    35     396    (-,-) 
  basic_isa_instance/g5720/z                                                                 (u)     in_1->z F     unmapped_or2           1  2.7     0    35     432    (-,-) 
  basic_isa_instance/g5710/z                                                                 (u)     in_0->z R     unmapped_nand2         2  5.8     0    42     473    (-,-) 
  basic_isa_instance/g5705/z                                                                 (u)     in_0->z R     unmapped_complex2      1  2.9     0    35     508    (-,-) 
  basic_isa_instance/g5699/z                                                                 (u)     in_0->z R     unmapped_or2          34 17.4     0    85     594    (-,-) 
  basic_isa_instance/g5691/z                                                                 (u)     in_0->z F     unmapped_complex2      1  2.7     0    35     628    (-,-) 
  basic_isa_instance/g5923/z                                                                 (u)     in_1->z R     unmapped_nor2         33 17.4     0    85     714    (-,-) 
  basic_isa_instance/g20037/z                                                                (u)     in_1->z R     unmapped_complex2     32 17.4     0    85     799    (-,-) 
  basic_isa_instance/g20193/z                                                                (u)     in_1->z R     unmapped_complex2      1  2.9     0    35     834    (-,-) 
  basic_isa_instance/u_exe_g4888/z                                                           (u)     in_1->z F     unmapped_complex2      2  5.4     0    42     876    (-,-) 
  basic_isa_instance/u_exe_g4868/z                                                           (u)     in_0->z R     unmapped_nand2         1  2.9     0    35     911    (-,-) 
  basic_isa_instance/u_exe_g4755/z                                                           (u)     in_0->z F     unmapped_nand2        12 32.4     0    84     995    (-,-) 
  basic_isa_instance/u_exe_u_alu_top_u_arith_sub_88_27_Y_u_alu_top_u_arith_add_87_27/g2324/z (u)     in_1->z R     unmapped_nand2         1  2.9     0    35    1030    (-,-) 
  basic_isa_instance/u_exe_u_alu_top_u_arith_sub_88_27_Y_u_alu_top_u_arith_add_87_27/g2222/z (u)     in_1->z F     unmapped_nand2         1  2.7     0    35    1065    (-,-) 
  basic_isa_instance/u_exe_u_alu_top_u_arith_sub_88_27_Y_u_alu_top_u_arith_add_87_27/g2146/z (u)     in_1->z F     unmapped_complex2      3  8.1     0    48    1113    (-,-) 
  basic_isa_instance/u_exe_u_alu_top_u_arith_sub_88_27_Y_u_alu_top_u_arith_add_87_27/g552/z  (u)     in_0->z R     unmapped_complex2      1  2.9     0    35    1148    (-,-) 
  basic_isa_instance/u_exe_u_alu_top_u_arith_sub_88_27_Y_u_alu_top_u_arith_add_87_27/g106/z  (u)     in_1->z F     unmapped_nand2         4 10.8     0    53    1201    (-,-) 
  basic_isa_instance/u_exe_u_alu_top_u_arith_sub_88_27_Y_u_alu_top_u_arith_add_87_27/g2071/z (u)     in_0->z R     unmapped_complex2      1  2.9     0    35    1236    (-,-) 
  basic_isa_instance/u_exe_u_alu_top_u_arith_sub_88_27_Y_u_alu_top_u_arith_add_87_27/g2053/z (u)     in_0->z F     unmapped_complex2      6 16.2     0    62    1298    (-,-) 
  basic_isa_instance/u_exe_u_alu_top_u_arith_sub_88_27_Y_u_alu_top_u_arith_add_87_27/g636/z  (u)     in_0->z R     unmapped_complex2      1  2.9     0    35    1333    (-,-) 
  basic_isa_instance/u_exe_u_alu_top_u_arith_sub_88_27_Y_u_alu_top_u_arith_add_87_27/g2018/z (u)     in_0->z F     unmapped_complex2     10 27.0     0    77    1410    (-,-) 
  basic_isa_instance/u_exe_u_alu_top_u_arith_sub_88_27_Y_u_alu_top_u_arith_add_87_27/g1999/z (u)     in_0->z R     unmapped_complex2      1  2.9     0    35    1445    (-,-) 
  basic_isa_instance/u_exe_u_alu_top_u_arith_sub_88_27_Y_u_alu_top_u_arith_add_87_27/g1992/z (u)     in_0->z F     unmapped_complex2     17 13.5     0    79    1523    (-,-) 
  basic_isa_instance/u_exe_u_alu_top_u_arith_sub_88_27_Y_u_alu_top_u_arith_add_87_27/g667/z  (u)     in_0->z R     unmapped_complex2      1  2.9     0    35    1558    (-,-) 
  basic_isa_instance/u_exe_u_alu_top_u_arith_sub_88_27_Y_u_alu_top_u_arith_add_87_27/g1946/z (u)     in_0->z F     unmapped_complex2      2  5.4     0    42    1600    (-,-) 
  basic_isa_instance/u_exe_u_alu_top_u_arith_sub_88_27_Y_u_alu_top_u_arith_add_87_27/g1933/z (u)     in_0->z F     unmapped_or2           1  2.7     0    35    1635    (-,-) 
  basic_isa_instance/u_exe_u_alu_top_u_arith_sub_88_27_Y_u_alu_top_u_arith_add_87_27/g1934/z (u)     in_1->z R     unmapped_nand2         2  5.8     0    42    1677    (-,-) 
  basic_isa_instance/u_exe_g15831/z                                                          (u)     in_1->z R     unmapped_or2           1  2.9     0    35    1712    (-,-) 
  basic_isa_instance/u_exe_g15658/z                                                          (u)     in_1->z R     unmapped_or2           1  2.9     0    35    1747    (-,-) 
  basic_isa_instance/u_exe_g15303/z                                                          (u)     in_0->z F     unmapped_nand2         1  2.7     0    35    1782    (-,-) 
  basic_isa_instance/u_exe_g14001/z                                                          (u)     in_1->z R     unmapped_complex2      1  2.9     0    35    1817    (-,-) 
  basic_isa_instance/u_exe_g13990/z                                                          (u)     in_1->z R     unmapped_or2           1  2.9     0    35    1852    (-,-) 
  basic_isa_instance/u_exe_g15914/z                                                          (u)     in_1->z F     unmapped_nor2          2  5.4     0    42    1894    (-,-) 
  basic_isa_instance/g7610/z                                                                 (u)     in_1->z F     unmapped_or2           1  2.7     0    35    1929    (-,-) 
  basic_isa_instance/g7459/z                                                                 (u)     in_1->z R     unmapped_complex2      1  2.9     0    35    1964    (-,-) 
  basic_isa_instance/g7372/z                                                                 (u)     in_0->z R     unmapped_complex2      1  2.9     0    35    1999    (-,-) 
  basic_isa_instance/g7158/z                                                                 (u)     in_1->z R     unmapped_or2          40 20.3     0    91    2090    (-,-) 
  basic_isa_instance/g12324/z                                                                (u)     in_1->z R     unmapped_or2          10 29.0     0    77    2167    (-,-) 
  basic_isa_instance/g15904/z                                                                (u)     in_0->z R     unmapped_complex2      5 14.5     0    57    2224    (-,-) 
  basic_isa_instance/g17670/z                                                                (u)     in_0->z F     unmapped_complex2      2  5.4     0    42    2266    (-,-) 
  basic_isa_instance/g13428/z                                                                (u)     in_1->z F     unmapped_or2           1  2.7     0    35    2301    (-,-) 
  basic_isa_instance/g17293/z                                                                (u)     in_1->z R     unmapped_nand2         4 11.6     0    53    2354    (-,-) 
  basic_isa_instance/g17233/z                                                                (u)     in_0->z R     unmapped_complex2      2  5.8     0    42    2396    (-,-) 
  basic_isa_instance/g13263/z                                                                (u)     in_0->z R     unmapped_or2           8 23.2     0    70    2466    (-,-) 
  basic_isa_instance/g16022/z                                                                (u)     in_0->z F     unmapped_complex2     11 29.7     0    81    2546    (-,-) 
  basic_isa_instance/g15970/z                                                                (u)     in_0->z R     unmapped_nand2         1  2.9     0    35    2582    (-,-) 
  basic_isa_instance/u_id_ex_imm_ex_reg[25]/d                                                -       -       R     unmapped_d_flop        1    -     -     0    2582    (-,-) 
#-----------------------------------------------------------------------------------------------------------------------------------------------------------------------------

(u) : Net has unmapped pin(s).



Path 9: VIOLATED (-172 ps) Setup Check with Pin basic_isa_instance/u_id_ex_imm_ex_reg[24]/clk->d
          Group: core_clk
     Startpoint: (R) basic_isa_instance/u_ex_mem_inst_mem_o_reg[9]/clk
          Clock: (R) core_clk
       Endpoint: (R) basic_isa_instance/u_id_ex_imm_ex_reg[24]/d
          Clock: (R) core_clk

                     Capture       Launch     
        Clock Edge:+    2500            0     
       Src Latency:+       0            0     
       Net Latency:+       0 (I)        0 (I) 
           Arrival:=    2500            0     
                                              
             Setup:-      90                  
     Required Time:=    2410                  
      Launch Clock:-       0                  
         Data Path:-    2582                  
             Slack:=    -172                  

#-----------------------------------------------------------------------------------------------------------------------------------------------------------------------------
#                                       Timing Point                                         Flags    Arc    Edge       Cell         Fanout Load Trans Delay Arrival Instance 
#                                                                                                                                           (fF)  (ps)  (ps)   (ps)  Location 
#-----------------------------------------------------------------------------------------------------------------------------------------------------------------------------
  basic_isa_instance/u_ex_mem_inst_mem_o_reg[9]/clk                                          -       -       R     (arrival)            139    -     0     -       0    (-,-) 
  basic_isa_instance/u_ex_mem_inst_mem_o_reg[9]/q                                            (u)     clk->q  F     unmapped_d_flop        7 18.9     0   326     326    (-,-) 
  basic_isa_instance/g5881/z                                                                 (u)     in_1->z F     unmapped_or2           1  2.7     0    35     362    (-,-) 
  basic_isa_instance/g5736/z                                                                 (u)     in_1->z F     unmapped_or2           1  2.7     0    35     396    (-,-) 
  basic_isa_instance/g5720/z                                                                 (u)     in_1->z F     unmapped_or2           1  2.7     0    35     432    (-,-) 
  basic_isa_instance/g5710/z                                                                 (u)     in_0->z R     unmapped_nand2         2  5.8     0    42     473    (-,-) 
  basic_isa_instance/g5705/z                                                                 (u)     in_0->z R     unmapped_complex2      1  2.9     0    35     508    (-,-) 
  basic_isa_instance/g5699/z                                                                 (u)     in_0->z R     unmapped_or2          34 17.4     0    85     594    (-,-) 
  basic_isa_instance/g5691/z                                                                 (u)     in_0->z F     unmapped_complex2      1  2.7     0    35     628    (-,-) 
  basic_isa_instance/g5923/z                                                                 (u)     in_1->z R     unmapped_nor2         33 17.4     0    85     714    (-,-) 
  basic_isa_instance/g20037/z                                                                (u)     in_1->z R     unmapped_complex2     32 17.4     0    85     799    (-,-) 
  basic_isa_instance/g20193/z                                                                (u)     in_1->z R     unmapped_complex2      1  2.9     0    35     834    (-,-) 
  basic_isa_instance/u_exe_g4888/z                                                           (u)     in_1->z F     unmapped_complex2      2  5.4     0    42     876    (-,-) 
  basic_isa_instance/u_exe_g4868/z                                                           (u)     in_0->z R     unmapped_nand2         1  2.9     0    35     911    (-,-) 
  basic_isa_instance/u_exe_g4755/z                                                           (u)     in_0->z F     unmapped_nand2        12 32.4     0    84     995    (-,-) 
  basic_isa_instance/u_exe_u_alu_top_u_arith_sub_88_27_Y_u_alu_top_u_arith_add_87_27/g2324/z (u)     in_1->z R     unmapped_nand2         1  2.9     0    35    1030    (-,-) 
  basic_isa_instance/u_exe_u_alu_top_u_arith_sub_88_27_Y_u_alu_top_u_arith_add_87_27/g2222/z (u)     in_1->z F     unmapped_nand2         1  2.7     0    35    1065    (-,-) 
  basic_isa_instance/u_exe_u_alu_top_u_arith_sub_88_27_Y_u_alu_top_u_arith_add_87_27/g2146/z (u)     in_1->z F     unmapped_complex2      3  8.1     0    48    1113    (-,-) 
  basic_isa_instance/u_exe_u_alu_top_u_arith_sub_88_27_Y_u_alu_top_u_arith_add_87_27/g552/z  (u)     in_0->z R     unmapped_complex2      1  2.9     0    35    1148    (-,-) 
  basic_isa_instance/u_exe_u_alu_top_u_arith_sub_88_27_Y_u_alu_top_u_arith_add_87_27/g106/z  (u)     in_1->z F     unmapped_nand2         4 10.8     0    53    1201    (-,-) 
  basic_isa_instance/u_exe_u_alu_top_u_arith_sub_88_27_Y_u_alu_top_u_arith_add_87_27/g2071/z (u)     in_0->z R     unmapped_complex2      1  2.9     0    35    1236    (-,-) 
  basic_isa_instance/u_exe_u_alu_top_u_arith_sub_88_27_Y_u_alu_top_u_arith_add_87_27/g2053/z (u)     in_0->z F     unmapped_complex2      6 16.2     0    62    1298    (-,-) 
  basic_isa_instance/u_exe_u_alu_top_u_arith_sub_88_27_Y_u_alu_top_u_arith_add_87_27/g636/z  (u)     in_0->z R     unmapped_complex2      1  2.9     0    35    1333    (-,-) 
  basic_isa_instance/u_exe_u_alu_top_u_arith_sub_88_27_Y_u_alu_top_u_arith_add_87_27/g2018/z (u)     in_0->z F     unmapped_complex2     10 27.0     0    77    1410    (-,-) 
  basic_isa_instance/u_exe_u_alu_top_u_arith_sub_88_27_Y_u_alu_top_u_arith_add_87_27/g1999/z (u)     in_0->z R     unmapped_complex2      1  2.9     0    35    1445    (-,-) 
  basic_isa_instance/u_exe_u_alu_top_u_arith_sub_88_27_Y_u_alu_top_u_arith_add_87_27/g1992/z (u)     in_0->z F     unmapped_complex2     17 13.5     0    79    1523    (-,-) 
  basic_isa_instance/u_exe_u_alu_top_u_arith_sub_88_27_Y_u_alu_top_u_arith_add_87_27/g667/z  (u)     in_0->z R     unmapped_complex2      1  2.9     0    35    1558    (-,-) 
  basic_isa_instance/u_exe_u_alu_top_u_arith_sub_88_27_Y_u_alu_top_u_arith_add_87_27/g1946/z (u)     in_0->z F     unmapped_complex2      2  5.4     0    42    1600    (-,-) 
  basic_isa_instance/u_exe_u_alu_top_u_arith_sub_88_27_Y_u_alu_top_u_arith_add_87_27/g1933/z (u)     in_0->z F     unmapped_or2           1  2.7     0    35    1635    (-,-) 
  basic_isa_instance/u_exe_u_alu_top_u_arith_sub_88_27_Y_u_alu_top_u_arith_add_87_27/g1934/z (u)     in_1->z R     unmapped_nand2         2  5.8     0    42    1677    (-,-) 
  basic_isa_instance/u_exe_g15831/z                                                          (u)     in_1->z R     unmapped_or2           1  2.9     0    35    1712    (-,-) 
  basic_isa_instance/u_exe_g15658/z                                                          (u)     in_1->z R     unmapped_or2           1  2.9     0    35    1747    (-,-) 
  basic_isa_instance/u_exe_g15303/z                                                          (u)     in_0->z F     unmapped_nand2         1  2.7     0    35    1782    (-,-) 
  basic_isa_instance/u_exe_g14001/z                                                          (u)     in_1->z R     unmapped_complex2      1  2.9     0    35    1817    (-,-) 
  basic_isa_instance/u_exe_g13990/z                                                          (u)     in_1->z R     unmapped_or2           1  2.9     0    35    1852    (-,-) 
  basic_isa_instance/u_exe_g15914/z                                                          (u)     in_1->z F     unmapped_nor2          2  5.4     0    42    1894    (-,-) 
  basic_isa_instance/g7610/z                                                                 (u)     in_1->z F     unmapped_or2           1  2.7     0    35    1929    (-,-) 
  basic_isa_instance/g7459/z                                                                 (u)     in_1->z R     unmapped_complex2      1  2.9     0    35    1964    (-,-) 
  basic_isa_instance/g7372/z                                                                 (u)     in_0->z R     unmapped_complex2      1  2.9     0    35    1999    (-,-) 
  basic_isa_instance/g7158/z                                                                 (u)     in_1->z R     unmapped_or2          40 20.3     0    91    2090    (-,-) 
  basic_isa_instance/g12324/z                                                                (u)     in_1->z R     unmapped_or2          10 29.0     0    77    2167    (-,-) 
  basic_isa_instance/g15904/z                                                                (u)     in_0->z R     unmapped_complex2      5 14.5     0    57    2224    (-,-) 
  basic_isa_instance/g17670/z                                                                (u)     in_0->z F     unmapped_complex2      2  5.4     0    42    2266    (-,-) 
  basic_isa_instance/g13428/z                                                                (u)     in_1->z F     unmapped_or2           1  2.7     0    35    2301    (-,-) 
  basic_isa_instance/g17293/z                                                                (u)     in_1->z R     unmapped_nand2         4 11.6     0    53    2354    (-,-) 
  basic_isa_instance/g17233/z                                                                (u)     in_0->z R     unmapped_complex2      2  5.8     0    42    2396    (-,-) 
  basic_isa_instance/g13263/z                                                                (u)     in_0->z R     unmapped_or2           8 23.2     0    70    2466    (-,-) 
  basic_isa_instance/g16022/z                                                                (u)     in_0->z F     unmapped_complex2     11 29.7     0    81    2546    (-,-) 
  basic_isa_instance/g15980/z                                                                (u)     in_0->z R     unmapped_nand2         1  2.9     0    35    2582    (-,-) 
  basic_isa_instance/u_id_ex_imm_ex_reg[24]/d                                                -       -       R     unmapped_d_flop        1    -     -     0    2582    (-,-) 
#-----------------------------------------------------------------------------------------------------------------------------------------------------------------------------

(u) : Net has unmapped pin(s).



Path 10: VIOLATED (-172 ps) Setup Check with Pin basic_isa_instance/u_id_ex_imm_ex_reg[23]/clk->d
          Group: core_clk
     Startpoint: (R) basic_isa_instance/u_ex_mem_inst_mem_o_reg[9]/clk
          Clock: (R) core_clk
       Endpoint: (R) basic_isa_instance/u_id_ex_imm_ex_reg[23]/d
          Clock: (R) core_clk

                     Capture       Launch     
        Clock Edge:+    2500            0     
       Src Latency:+       0            0     
       Net Latency:+       0 (I)        0 (I) 
           Arrival:=    2500            0     
                                              
             Setup:-      90                  
     Required Time:=    2410                  
      Launch Clock:-       0                  
         Data Path:-    2582                  
             Slack:=    -172                  

#-----------------------------------------------------------------------------------------------------------------------------------------------------------------------------
#                                       Timing Point                                         Flags    Arc    Edge       Cell         Fanout Load Trans Delay Arrival Instance 
#                                                                                                                                           (fF)  (ps)  (ps)   (ps)  Location 
#-----------------------------------------------------------------------------------------------------------------------------------------------------------------------------
  basic_isa_instance/u_ex_mem_inst_mem_o_reg[9]/clk                                          -       -       R     (arrival)            139    -     0     -       0    (-,-) 
  basic_isa_instance/u_ex_mem_inst_mem_o_reg[9]/q                                            (u)     clk->q  F     unmapped_d_flop        7 18.9     0   326     326    (-,-) 
  basic_isa_instance/g5881/z                                                                 (u)     in_1->z F     unmapped_or2           1  2.7     0    35     362    (-,-) 
  basic_isa_instance/g5736/z                                                                 (u)     in_1->z F     unmapped_or2           1  2.7     0    35     396    (-,-) 
  basic_isa_instance/g5720/z                                                                 (u)     in_1->z F     unmapped_or2           1  2.7     0    35     432    (-,-) 
  basic_isa_instance/g5710/z                                                                 (u)     in_0->z R     unmapped_nand2         2  5.8     0    42     473    (-,-) 
  basic_isa_instance/g5705/z                                                                 (u)     in_0->z R     unmapped_complex2      1  2.9     0    35     508    (-,-) 
  basic_isa_instance/g5699/z                                                                 (u)     in_0->z R     unmapped_or2          34 17.4     0    85     594    (-,-) 
  basic_isa_instance/g5691/z                                                                 (u)     in_0->z F     unmapped_complex2      1  2.7     0    35     628    (-,-) 
  basic_isa_instance/g5923/z                                                                 (u)     in_1->z R     unmapped_nor2         33 17.4     0    85     714    (-,-) 
  basic_isa_instance/g20037/z                                                                (u)     in_1->z R     unmapped_complex2     32 17.4     0    85     799    (-,-) 
  basic_isa_instance/g20193/z                                                                (u)     in_1->z R     unmapped_complex2      1  2.9     0    35     834    (-,-) 
  basic_isa_instance/u_exe_g4888/z                                                           (u)     in_1->z F     unmapped_complex2      2  5.4     0    42     876    (-,-) 
  basic_isa_instance/u_exe_g4868/z                                                           (u)     in_0->z R     unmapped_nand2         1  2.9     0    35     911    (-,-) 
  basic_isa_instance/u_exe_g4755/z                                                           (u)     in_0->z F     unmapped_nand2        12 32.4     0    84     995    (-,-) 
  basic_isa_instance/u_exe_u_alu_top_u_arith_sub_88_27_Y_u_alu_top_u_arith_add_87_27/g2324/z (u)     in_1->z R     unmapped_nand2         1  2.9     0    35    1030    (-,-) 
  basic_isa_instance/u_exe_u_alu_top_u_arith_sub_88_27_Y_u_alu_top_u_arith_add_87_27/g2222/z (u)     in_1->z F     unmapped_nand2         1  2.7     0    35    1065    (-,-) 
  basic_isa_instance/u_exe_u_alu_top_u_arith_sub_88_27_Y_u_alu_top_u_arith_add_87_27/g2146/z (u)     in_1->z F     unmapped_complex2      3  8.1     0    48    1113    (-,-) 
  basic_isa_instance/u_exe_u_alu_top_u_arith_sub_88_27_Y_u_alu_top_u_arith_add_87_27/g552/z  (u)     in_0->z R     unmapped_complex2      1  2.9     0    35    1148    (-,-) 
  basic_isa_instance/u_exe_u_alu_top_u_arith_sub_88_27_Y_u_alu_top_u_arith_add_87_27/g106/z  (u)     in_1->z F     unmapped_nand2         4 10.8     0    53    1201    (-,-) 
  basic_isa_instance/u_exe_u_alu_top_u_arith_sub_88_27_Y_u_alu_top_u_arith_add_87_27/g2071/z (u)     in_0->z R     unmapped_complex2      1  2.9     0    35    1236    (-,-) 
  basic_isa_instance/u_exe_u_alu_top_u_arith_sub_88_27_Y_u_alu_top_u_arith_add_87_27/g2053/z (u)     in_0->z F     unmapped_complex2      6 16.2     0    62    1298    (-,-) 
  basic_isa_instance/u_exe_u_alu_top_u_arith_sub_88_27_Y_u_alu_top_u_arith_add_87_27/g636/z  (u)     in_0->z R     unmapped_complex2      1  2.9     0    35    1333    (-,-) 
  basic_isa_instance/u_exe_u_alu_top_u_arith_sub_88_27_Y_u_alu_top_u_arith_add_87_27/g2018/z (u)     in_0->z F     unmapped_complex2     10 27.0     0    77    1410    (-,-) 
  basic_isa_instance/u_exe_u_alu_top_u_arith_sub_88_27_Y_u_alu_top_u_arith_add_87_27/g1999/z (u)     in_0->z R     unmapped_complex2      1  2.9     0    35    1445    (-,-) 
  basic_isa_instance/u_exe_u_alu_top_u_arith_sub_88_27_Y_u_alu_top_u_arith_add_87_27/g1992/z (u)     in_0->z F     unmapped_complex2     17 13.5     0    79    1523    (-,-) 
  basic_isa_instance/u_exe_u_alu_top_u_arith_sub_88_27_Y_u_alu_top_u_arith_add_87_27/g667/z  (u)     in_0->z R     unmapped_complex2      1  2.9     0    35    1558    (-,-) 
  basic_isa_instance/u_exe_u_alu_top_u_arith_sub_88_27_Y_u_alu_top_u_arith_add_87_27/g1946/z (u)     in_0->z F     unmapped_complex2      2  5.4     0    42    1600    (-,-) 
  basic_isa_instance/u_exe_u_alu_top_u_arith_sub_88_27_Y_u_alu_top_u_arith_add_87_27/g1933/z (u)     in_0->z F     unmapped_or2           1  2.7     0    35    1635    (-,-) 
  basic_isa_instance/u_exe_u_alu_top_u_arith_sub_88_27_Y_u_alu_top_u_arith_add_87_27/g1934/z (u)     in_1->z R     unmapped_nand2         2  5.8     0    42    1677    (-,-) 
  basic_isa_instance/u_exe_g15831/z                                                          (u)     in_1->z R     unmapped_or2           1  2.9     0    35    1712    (-,-) 
  basic_isa_instance/u_exe_g15658/z                                                          (u)     in_1->z R     unmapped_or2           1  2.9     0    35    1747    (-,-) 
  basic_isa_instance/u_exe_g15303/z                                                          (u)     in_0->z F     unmapped_nand2         1  2.7     0    35    1782    (-,-) 
  basic_isa_instance/u_exe_g14001/z                                                          (u)     in_1->z R     unmapped_complex2      1  2.9     0    35    1817    (-,-) 
  basic_isa_instance/u_exe_g13990/z                                                          (u)     in_1->z R     unmapped_or2           1  2.9     0    35    1852    (-,-) 
  basic_isa_instance/u_exe_g15914/z                                                          (u)     in_1->z F     unmapped_nor2          2  5.4     0    42    1894    (-,-) 
  basic_isa_instance/g7610/z                                                                 (u)     in_1->z F     unmapped_or2           1  2.7     0    35    1929    (-,-) 
  basic_isa_instance/g7459/z                                                                 (u)     in_1->z R     unmapped_complex2      1  2.9     0    35    1964    (-,-) 
  basic_isa_instance/g7372/z                                                                 (u)     in_0->z R     unmapped_complex2      1  2.9     0    35    1999    (-,-) 
  basic_isa_instance/g7158/z                                                                 (u)     in_1->z R     unmapped_or2          40 20.3     0    91    2090    (-,-) 
  basic_isa_instance/g12324/z                                                                (u)     in_1->z R     unmapped_or2          10 29.0     0    77    2167    (-,-) 
  basic_isa_instance/g15904/z                                                                (u)     in_0->z R     unmapped_complex2      5 14.5     0    57    2224    (-,-) 
  basic_isa_instance/g17670/z                                                                (u)     in_0->z F     unmapped_complex2      2  5.4     0    42    2266    (-,-) 
  basic_isa_instance/g13428/z                                                                (u)     in_1->z F     unmapped_or2           1  2.7     0    35    2301    (-,-) 
  basic_isa_instance/g17293/z                                                                (u)     in_1->z R     unmapped_nand2         4 11.6     0    53    2354    (-,-) 
  basic_isa_instance/g17233/z                                                                (u)     in_0->z R     unmapped_complex2      2  5.8     0    42    2396    (-,-) 
  basic_isa_instance/g13263/z                                                                (u)     in_0->z R     unmapped_or2           8 23.2     0    70    2466    (-,-) 
  basic_isa_instance/g16022/z                                                                (u)     in_0->z F     unmapped_complex2     11 29.7     0    81    2546    (-,-) 
  basic_isa_instance/g15981/z                                                                (u)     in_0->z R     unmapped_nand2         1  2.9     0    35    2582    (-,-) 
  basic_isa_instance/u_id_ex_imm_ex_reg[23]/d                                                -       -       R     unmapped_d_flop        1    -     -     0    2582    (-,-) 
#-----------------------------------------------------------------------------------------------------------------------------------------------------------------------------

(u) : Net has unmapped pin(s).



Path 11: VIOLATED (-172 ps) Setup Check with Pin basic_isa_instance/u_id_ex_imm_ex_reg[22]/clk->d
          Group: core_clk
     Startpoint: (R) basic_isa_instance/u_ex_mem_inst_mem_o_reg[9]/clk
          Clock: (R) core_clk
       Endpoint: (R) basic_isa_instance/u_id_ex_imm_ex_reg[22]/d
          Clock: (R) core_clk

                     Capture       Launch     
        Clock Edge:+    2500            0     
       Src Latency:+       0            0     
       Net Latency:+       0 (I)        0 (I) 
           Arrival:=    2500            0     
                                              
             Setup:-      90                  
     Required Time:=    2410                  
      Launch Clock:-       0                  
         Data Path:-    2582                  
             Slack:=    -172                  

#-----------------------------------------------------------------------------------------------------------------------------------------------------------------------------
#                                       Timing Point                                         Flags    Arc    Edge       Cell         Fanout Load Trans Delay Arrival Instance 
#                                                                                                                                           (fF)  (ps)  (ps)   (ps)  Location 
#-----------------------------------------------------------------------------------------------------------------------------------------------------------------------------
  basic_isa_instance/u_ex_mem_inst_mem_o_reg[9]/clk                                          -       -       R     (arrival)            139    -     0     -       0    (-,-) 
  basic_isa_instance/u_ex_mem_inst_mem_o_reg[9]/q                                            (u)     clk->q  F     unmapped_d_flop        7 18.9     0   326     326    (-,-) 
  basic_isa_instance/g5881/z                                                                 (u)     in_1->z F     unmapped_or2           1  2.7     0    35     362    (-,-) 
  basic_isa_instance/g5736/z                                                                 (u)     in_1->z F     unmapped_or2           1  2.7     0    35     396    (-,-) 
  basic_isa_instance/g5720/z                                                                 (u)     in_1->z F     unmapped_or2           1  2.7     0    35     432    (-,-) 
  basic_isa_instance/g5710/z                                                                 (u)     in_0->z R     unmapped_nand2         2  5.8     0    42     473    (-,-) 
  basic_isa_instance/g5705/z                                                                 (u)     in_0->z R     unmapped_complex2      1  2.9     0    35     508    (-,-) 
  basic_isa_instance/g5699/z                                                                 (u)     in_0->z R     unmapped_or2          34 17.4     0    85     594    (-,-) 
  basic_isa_instance/g5691/z                                                                 (u)     in_0->z F     unmapped_complex2      1  2.7     0    35     628    (-,-) 
  basic_isa_instance/g5923/z                                                                 (u)     in_1->z R     unmapped_nor2         33 17.4     0    85     714    (-,-) 
  basic_isa_instance/g20037/z                                                                (u)     in_1->z R     unmapped_complex2     32 17.4     0    85     799    (-,-) 
  basic_isa_instance/g20193/z                                                                (u)     in_1->z R     unmapped_complex2      1  2.9     0    35     834    (-,-) 
  basic_isa_instance/u_exe_g4888/z                                                           (u)     in_1->z F     unmapped_complex2      2  5.4     0    42     876    (-,-) 
  basic_isa_instance/u_exe_g4868/z                                                           (u)     in_0->z R     unmapped_nand2         1  2.9     0    35     911    (-,-) 
  basic_isa_instance/u_exe_g4755/z                                                           (u)     in_0->z F     unmapped_nand2        12 32.4     0    84     995    (-,-) 
  basic_isa_instance/u_exe_u_alu_top_u_arith_sub_88_27_Y_u_alu_top_u_arith_add_87_27/g2324/z (u)     in_1->z R     unmapped_nand2         1  2.9     0    35    1030    (-,-) 
  basic_isa_instance/u_exe_u_alu_top_u_arith_sub_88_27_Y_u_alu_top_u_arith_add_87_27/g2222/z (u)     in_1->z F     unmapped_nand2         1  2.7     0    35    1065    (-,-) 
  basic_isa_instance/u_exe_u_alu_top_u_arith_sub_88_27_Y_u_alu_top_u_arith_add_87_27/g2146/z (u)     in_1->z F     unmapped_complex2      3  8.1     0    48    1113    (-,-) 
  basic_isa_instance/u_exe_u_alu_top_u_arith_sub_88_27_Y_u_alu_top_u_arith_add_87_27/g552/z  (u)     in_0->z R     unmapped_complex2      1  2.9     0    35    1148    (-,-) 
  basic_isa_instance/u_exe_u_alu_top_u_arith_sub_88_27_Y_u_alu_top_u_arith_add_87_27/g106/z  (u)     in_1->z F     unmapped_nand2         4 10.8     0    53    1201    (-,-) 
  basic_isa_instance/u_exe_u_alu_top_u_arith_sub_88_27_Y_u_alu_top_u_arith_add_87_27/g2071/z (u)     in_0->z R     unmapped_complex2      1  2.9     0    35    1236    (-,-) 
  basic_isa_instance/u_exe_u_alu_top_u_arith_sub_88_27_Y_u_alu_top_u_arith_add_87_27/g2053/z (u)     in_0->z F     unmapped_complex2      6 16.2     0    62    1298    (-,-) 
  basic_isa_instance/u_exe_u_alu_top_u_arith_sub_88_27_Y_u_alu_top_u_arith_add_87_27/g636/z  (u)     in_0->z R     unmapped_complex2      1  2.9     0    35    1333    (-,-) 
  basic_isa_instance/u_exe_u_alu_top_u_arith_sub_88_27_Y_u_alu_top_u_arith_add_87_27/g2018/z (u)     in_0->z F     unmapped_complex2     10 27.0     0    77    1410    (-,-) 
  basic_isa_instance/u_exe_u_alu_top_u_arith_sub_88_27_Y_u_alu_top_u_arith_add_87_27/g1999/z (u)     in_0->z R     unmapped_complex2      1  2.9     0    35    1445    (-,-) 
  basic_isa_instance/u_exe_u_alu_top_u_arith_sub_88_27_Y_u_alu_top_u_arith_add_87_27/g1992/z (u)     in_0->z F     unmapped_complex2     17 13.5     0    79    1523    (-,-) 
  basic_isa_instance/u_exe_u_alu_top_u_arith_sub_88_27_Y_u_alu_top_u_arith_add_87_27/g667/z  (u)     in_0->z R     unmapped_complex2      1  2.9     0    35    1558    (-,-) 
  basic_isa_instance/u_exe_u_alu_top_u_arith_sub_88_27_Y_u_alu_top_u_arith_add_87_27/g1946/z (u)     in_0->z F     unmapped_complex2      2  5.4     0    42    1600    (-,-) 
  basic_isa_instance/u_exe_u_alu_top_u_arith_sub_88_27_Y_u_alu_top_u_arith_add_87_27/g1933/z (u)     in_0->z F     unmapped_or2           1  2.7     0    35    1635    (-,-) 
  basic_isa_instance/u_exe_u_alu_top_u_arith_sub_88_27_Y_u_alu_top_u_arith_add_87_27/g1934/z (u)     in_1->z R     unmapped_nand2         2  5.8     0    42    1677    (-,-) 
  basic_isa_instance/u_exe_g15831/z                                                          (u)     in_1->z R     unmapped_or2           1  2.9     0    35    1712    (-,-) 
  basic_isa_instance/u_exe_g15658/z                                                          (u)     in_1->z R     unmapped_or2           1  2.9     0    35    1747    (-,-) 
  basic_isa_instance/u_exe_g15303/z                                                          (u)     in_0->z F     unmapped_nand2         1  2.7     0    35    1782    (-,-) 
  basic_isa_instance/u_exe_g14001/z                                                          (u)     in_1->z R     unmapped_complex2      1  2.9     0    35    1817    (-,-) 
  basic_isa_instance/u_exe_g13990/z                                                          (u)     in_1->z R     unmapped_or2           1  2.9     0    35    1852    (-,-) 
  basic_isa_instance/u_exe_g15914/z                                                          (u)     in_1->z F     unmapped_nor2          2  5.4     0    42    1894    (-,-) 
  basic_isa_instance/g7610/z                                                                 (u)     in_1->z F     unmapped_or2           1  2.7     0    35    1929    (-,-) 
  basic_isa_instance/g7459/z                                                                 (u)     in_1->z R     unmapped_complex2      1  2.9     0    35    1964    (-,-) 
  basic_isa_instance/g7372/z                                                                 (u)     in_0->z R     unmapped_complex2      1  2.9     0    35    1999    (-,-) 
  basic_isa_instance/g7158/z                                                                 (u)     in_1->z R     unmapped_or2          40 20.3     0    91    2090    (-,-) 
  basic_isa_instance/g12324/z                                                                (u)     in_1->z R     unmapped_or2          10 29.0     0    77    2167    (-,-) 
  basic_isa_instance/g15904/z                                                                (u)     in_0->z R     unmapped_complex2      5 14.5     0    57    2224    (-,-) 
  basic_isa_instance/g17670/z                                                                (u)     in_0->z F     unmapped_complex2      2  5.4     0    42    2266    (-,-) 
  basic_isa_instance/g13428/z                                                                (u)     in_1->z F     unmapped_or2           1  2.7     0    35    2301    (-,-) 
  basic_isa_instance/g17293/z                                                                (u)     in_1->z R     unmapped_nand2         4 11.6     0    53    2354    (-,-) 
  basic_isa_instance/g17233/z                                                                (u)     in_0->z R     unmapped_complex2      2  5.8     0    42    2396    (-,-) 
  basic_isa_instance/g13263/z                                                                (u)     in_0->z R     unmapped_or2           8 23.2     0    70    2466    (-,-) 
  basic_isa_instance/g16022/z                                                                (u)     in_0->z F     unmapped_complex2     11 29.7     0    81    2546    (-,-) 
  basic_isa_instance/g15988/z                                                                (u)     in_0->z R     unmapped_nand2         1  2.9     0    35    2582    (-,-) 
  basic_isa_instance/u_id_ex_imm_ex_reg[22]/d                                                -       -       R     unmapped_d_flop        1    -     -     0    2582    (-,-) 
#-----------------------------------------------------------------------------------------------------------------------------------------------------------------------------

(u) : Net has unmapped pin(s).



Path 12: VIOLATED (-172 ps) Setup Check with Pin basic_isa_instance/u_id_ex_imm_ex_reg[21]/clk->d
          Group: core_clk
     Startpoint: (R) basic_isa_instance/u_ex_mem_inst_mem_o_reg[9]/clk
          Clock: (R) core_clk
       Endpoint: (R) basic_isa_instance/u_id_ex_imm_ex_reg[21]/d
          Clock: (R) core_clk

                     Capture       Launch     
        Clock Edge:+    2500            0     
       Src Latency:+       0            0     
       Net Latency:+       0 (I)        0 (I) 
           Arrival:=    2500            0     
                                              
             Setup:-      90                  
     Required Time:=    2410                  
      Launch Clock:-       0                  
         Data Path:-    2582                  
             Slack:=    -172                  

#-----------------------------------------------------------------------------------------------------------------------------------------------------------------------------
#                                       Timing Point                                         Flags    Arc    Edge       Cell         Fanout Load Trans Delay Arrival Instance 
#                                                                                                                                           (fF)  (ps)  (ps)   (ps)  Location 
#-----------------------------------------------------------------------------------------------------------------------------------------------------------------------------
  basic_isa_instance/u_ex_mem_inst_mem_o_reg[9]/clk                                          -       -       R     (arrival)            139    -     0     -       0    (-,-) 
  basic_isa_instance/u_ex_mem_inst_mem_o_reg[9]/q                                            (u)     clk->q  F     unmapped_d_flop        7 18.9     0   326     326    (-,-) 
  basic_isa_instance/g5881/z                                                                 (u)     in_1->z F     unmapped_or2           1  2.7     0    35     362    (-,-) 
  basic_isa_instance/g5736/z                                                                 (u)     in_1->z F     unmapped_or2           1  2.7     0    35     396    (-,-) 
  basic_isa_instance/g5720/z                                                                 (u)     in_1->z F     unmapped_or2           1  2.7     0    35     432    (-,-) 
  basic_isa_instance/g5710/z                                                                 (u)     in_0->z R     unmapped_nand2         2  5.8     0    42     473    (-,-) 
  basic_isa_instance/g5705/z                                                                 (u)     in_0->z R     unmapped_complex2      1  2.9     0    35     508    (-,-) 
  basic_isa_instance/g5699/z                                                                 (u)     in_0->z R     unmapped_or2          34 17.4     0    85     594    (-,-) 
  basic_isa_instance/g5691/z                                                                 (u)     in_0->z F     unmapped_complex2      1  2.7     0    35     628    (-,-) 
  basic_isa_instance/g5923/z                                                                 (u)     in_1->z R     unmapped_nor2         33 17.4     0    85     714    (-,-) 
  basic_isa_instance/g20037/z                                                                (u)     in_1->z R     unmapped_complex2     32 17.4     0    85     799    (-,-) 
  basic_isa_instance/g20193/z                                                                (u)     in_1->z R     unmapped_complex2      1  2.9     0    35     834    (-,-) 
  basic_isa_instance/u_exe_g4888/z                                                           (u)     in_1->z F     unmapped_complex2      2  5.4     0    42     876    (-,-) 
  basic_isa_instance/u_exe_g4868/z                                                           (u)     in_0->z R     unmapped_nand2         1  2.9     0    35     911    (-,-) 
  basic_isa_instance/u_exe_g4755/z                                                           (u)     in_0->z F     unmapped_nand2        12 32.4     0    84     995    (-,-) 
  basic_isa_instance/u_exe_u_alu_top_u_arith_sub_88_27_Y_u_alu_top_u_arith_add_87_27/g2324/z (u)     in_1->z R     unmapped_nand2         1  2.9     0    35    1030    (-,-) 
  basic_isa_instance/u_exe_u_alu_top_u_arith_sub_88_27_Y_u_alu_top_u_arith_add_87_27/g2222/z (u)     in_1->z F     unmapped_nand2         1  2.7     0    35    1065    (-,-) 
  basic_isa_instance/u_exe_u_alu_top_u_arith_sub_88_27_Y_u_alu_top_u_arith_add_87_27/g2146/z (u)     in_1->z F     unmapped_complex2      3  8.1     0    48    1113    (-,-) 
  basic_isa_instance/u_exe_u_alu_top_u_arith_sub_88_27_Y_u_alu_top_u_arith_add_87_27/g552/z  (u)     in_0->z R     unmapped_complex2      1  2.9     0    35    1148    (-,-) 
  basic_isa_instance/u_exe_u_alu_top_u_arith_sub_88_27_Y_u_alu_top_u_arith_add_87_27/g106/z  (u)     in_1->z F     unmapped_nand2         4 10.8     0    53    1201    (-,-) 
  basic_isa_instance/u_exe_u_alu_top_u_arith_sub_88_27_Y_u_alu_top_u_arith_add_87_27/g2071/z (u)     in_0->z R     unmapped_complex2      1  2.9     0    35    1236    (-,-) 
  basic_isa_instance/u_exe_u_alu_top_u_arith_sub_88_27_Y_u_alu_top_u_arith_add_87_27/g2053/z (u)     in_0->z F     unmapped_complex2      6 16.2     0    62    1298    (-,-) 
  basic_isa_instance/u_exe_u_alu_top_u_arith_sub_88_27_Y_u_alu_top_u_arith_add_87_27/g636/z  (u)     in_0->z R     unmapped_complex2      1  2.9     0    35    1333    (-,-) 
  basic_isa_instance/u_exe_u_alu_top_u_arith_sub_88_27_Y_u_alu_top_u_arith_add_87_27/g2018/z (u)     in_0->z F     unmapped_complex2     10 27.0     0    77    1410    (-,-) 
  basic_isa_instance/u_exe_u_alu_top_u_arith_sub_88_27_Y_u_alu_top_u_arith_add_87_27/g1999/z (u)     in_0->z R     unmapped_complex2      1  2.9     0    35    1445    (-,-) 
  basic_isa_instance/u_exe_u_alu_top_u_arith_sub_88_27_Y_u_alu_top_u_arith_add_87_27/g1992/z (u)     in_0->z F     unmapped_complex2     17 13.5     0    79    1523    (-,-) 
  basic_isa_instance/u_exe_u_alu_top_u_arith_sub_88_27_Y_u_alu_top_u_arith_add_87_27/g667/z  (u)     in_0->z R     unmapped_complex2      1  2.9     0    35    1558    (-,-) 
  basic_isa_instance/u_exe_u_alu_top_u_arith_sub_88_27_Y_u_alu_top_u_arith_add_87_27/g1946/z (u)     in_0->z F     unmapped_complex2      2  5.4     0    42    1600    (-,-) 
  basic_isa_instance/u_exe_u_alu_top_u_arith_sub_88_27_Y_u_alu_top_u_arith_add_87_27/g1933/z (u)     in_0->z F     unmapped_or2           1  2.7     0    35    1635    (-,-) 
  basic_isa_instance/u_exe_u_alu_top_u_arith_sub_88_27_Y_u_alu_top_u_arith_add_87_27/g1934/z (u)     in_1->z R     unmapped_nand2         2  5.8     0    42    1677    (-,-) 
  basic_isa_instance/u_exe_g15831/z                                                          (u)     in_1->z R     unmapped_or2           1  2.9     0    35    1712    (-,-) 
  basic_isa_instance/u_exe_g15658/z                                                          (u)     in_1->z R     unmapped_or2           1  2.9     0    35    1747    (-,-) 
  basic_isa_instance/u_exe_g15303/z                                                          (u)     in_0->z F     unmapped_nand2         1  2.7     0    35    1782    (-,-) 
  basic_isa_instance/u_exe_g14001/z                                                          (u)     in_1->z R     unmapped_complex2      1  2.9     0    35    1817    (-,-) 
  basic_isa_instance/u_exe_g13990/z                                                          (u)     in_1->z R     unmapped_or2           1  2.9     0    35    1852    (-,-) 
  basic_isa_instance/u_exe_g15914/z                                                          (u)     in_1->z F     unmapped_nor2          2  5.4     0    42    1894    (-,-) 
  basic_isa_instance/g7610/z                                                                 (u)     in_1->z F     unmapped_or2           1  2.7     0    35    1929    (-,-) 
  basic_isa_instance/g7459/z                                                                 (u)     in_1->z R     unmapped_complex2      1  2.9     0    35    1964    (-,-) 
  basic_isa_instance/g7372/z                                                                 (u)     in_0->z R     unmapped_complex2      1  2.9     0    35    1999    (-,-) 
  basic_isa_instance/g7158/z                                                                 (u)     in_1->z R     unmapped_or2          40 20.3     0    91    2090    (-,-) 
  basic_isa_instance/g12324/z                                                                (u)     in_1->z R     unmapped_or2          10 29.0     0    77    2167    (-,-) 
  basic_isa_instance/g15904/z                                                                (u)     in_0->z R     unmapped_complex2      5 14.5     0    57    2224    (-,-) 
  basic_isa_instance/g17670/z                                                                (u)     in_0->z F     unmapped_complex2      2  5.4     0    42    2266    (-,-) 
  basic_isa_instance/g13428/z                                                                (u)     in_1->z F     unmapped_or2           1  2.7     0    35    2301    (-,-) 
  basic_isa_instance/g17293/z                                                                (u)     in_1->z R     unmapped_nand2         4 11.6     0    53    2354    (-,-) 
  basic_isa_instance/g17233/z                                                                (u)     in_0->z R     unmapped_complex2      2  5.8     0    42    2396    (-,-) 
  basic_isa_instance/g13263/z                                                                (u)     in_0->z R     unmapped_or2           8 23.2     0    70    2466    (-,-) 
  basic_isa_instance/g16022/z                                                                (u)     in_0->z F     unmapped_complex2     11 29.7     0    81    2546    (-,-) 
  basic_isa_instance/g15973/z                                                                (u)     in_0->z R     unmapped_nand2         1  2.9     0    35    2582    (-,-) 
  basic_isa_instance/u_id_ex_imm_ex_reg[21]/d                                                -       -       R     unmapped_d_flop        1    -     -     0    2582    (-,-) 
#-----------------------------------------------------------------------------------------------------------------------------------------------------------------------------

(u) : Net has unmapped pin(s).



Path 13: VIOLATED (-172 ps) Setup Check with Pin basic_isa_instance/u_id_ex_imm_ex_reg[20]/clk->d
          Group: core_clk
     Startpoint: (R) basic_isa_instance/u_ex_mem_inst_mem_o_reg[9]/clk
          Clock: (R) core_clk
       Endpoint: (R) basic_isa_instance/u_id_ex_imm_ex_reg[20]/d
          Clock: (R) core_clk

                     Capture       Launch     
        Clock Edge:+    2500            0     
       Src Latency:+       0            0     
       Net Latency:+       0 (I)        0 (I) 
           Arrival:=    2500            0     
                                              
             Setup:-      90                  
     Required Time:=    2410                  
      Launch Clock:-       0                  
         Data Path:-    2582                  
             Slack:=    -172                  

#-----------------------------------------------------------------------------------------------------------------------------------------------------------------------------
#                                       Timing Point                                         Flags    Arc    Edge       Cell         Fanout Load Trans Delay Arrival Instance 
#                                                                                                                                           (fF)  (ps)  (ps)   (ps)  Location 
#-----------------------------------------------------------------------------------------------------------------------------------------------------------------------------
  basic_isa_instance/u_ex_mem_inst_mem_o_reg[9]/clk                                          -       -       R     (arrival)            139    -     0     -       0    (-,-) 
  basic_isa_instance/u_ex_mem_inst_mem_o_reg[9]/q                                            (u)     clk->q  F     unmapped_d_flop        7 18.9     0   326     326    (-,-) 
  basic_isa_instance/g5881/z                                                                 (u)     in_1->z F     unmapped_or2           1  2.7     0    35     362    (-,-) 
  basic_isa_instance/g5736/z                                                                 (u)     in_1->z F     unmapped_or2           1  2.7     0    35     396    (-,-) 
  basic_isa_instance/g5720/z                                                                 (u)     in_1->z F     unmapped_or2           1  2.7     0    35     432    (-,-) 
  basic_isa_instance/g5710/z                                                                 (u)     in_0->z R     unmapped_nand2         2  5.8     0    42     473    (-,-) 
  basic_isa_instance/g5705/z                                                                 (u)     in_0->z R     unmapped_complex2      1  2.9     0    35     508    (-,-) 
  basic_isa_instance/g5699/z                                                                 (u)     in_0->z R     unmapped_or2          34 17.4     0    85     594    (-,-) 
  basic_isa_instance/g5691/z                                                                 (u)     in_0->z F     unmapped_complex2      1  2.7     0    35     628    (-,-) 
  basic_isa_instance/g5923/z                                                                 (u)     in_1->z R     unmapped_nor2         33 17.4     0    85     714    (-,-) 
  basic_isa_instance/g20037/z                                                                (u)     in_1->z R     unmapped_complex2     32 17.4     0    85     799    (-,-) 
  basic_isa_instance/g20193/z                                                                (u)     in_1->z R     unmapped_complex2      1  2.9     0    35     834    (-,-) 
  basic_isa_instance/u_exe_g4888/z                                                           (u)     in_1->z F     unmapped_complex2      2  5.4     0    42     876    (-,-) 
  basic_isa_instance/u_exe_g4868/z                                                           (u)     in_0->z R     unmapped_nand2         1  2.9     0    35     911    (-,-) 
  basic_isa_instance/u_exe_g4755/z                                                           (u)     in_0->z F     unmapped_nand2        12 32.4     0    84     995    (-,-) 
  basic_isa_instance/u_exe_u_alu_top_u_arith_sub_88_27_Y_u_alu_top_u_arith_add_87_27/g2324/z (u)     in_1->z R     unmapped_nand2         1  2.9     0    35    1030    (-,-) 
  basic_isa_instance/u_exe_u_alu_top_u_arith_sub_88_27_Y_u_alu_top_u_arith_add_87_27/g2222/z (u)     in_1->z F     unmapped_nand2         1  2.7     0    35    1065    (-,-) 
  basic_isa_instance/u_exe_u_alu_top_u_arith_sub_88_27_Y_u_alu_top_u_arith_add_87_27/g2146/z (u)     in_1->z F     unmapped_complex2      3  8.1     0    48    1113    (-,-) 
  basic_isa_instance/u_exe_u_alu_top_u_arith_sub_88_27_Y_u_alu_top_u_arith_add_87_27/g552/z  (u)     in_0->z R     unmapped_complex2      1  2.9     0    35    1148    (-,-) 
  basic_isa_instance/u_exe_u_alu_top_u_arith_sub_88_27_Y_u_alu_top_u_arith_add_87_27/g106/z  (u)     in_1->z F     unmapped_nand2         4 10.8     0    53    1201    (-,-) 
  basic_isa_instance/u_exe_u_alu_top_u_arith_sub_88_27_Y_u_alu_top_u_arith_add_87_27/g2071/z (u)     in_0->z R     unmapped_complex2      1  2.9     0    35    1236    (-,-) 
  basic_isa_instance/u_exe_u_alu_top_u_arith_sub_88_27_Y_u_alu_top_u_arith_add_87_27/g2053/z (u)     in_0->z F     unmapped_complex2      6 16.2     0    62    1298    (-,-) 
  basic_isa_instance/u_exe_u_alu_top_u_arith_sub_88_27_Y_u_alu_top_u_arith_add_87_27/g636/z  (u)     in_0->z R     unmapped_complex2      1  2.9     0    35    1333    (-,-) 
  basic_isa_instance/u_exe_u_alu_top_u_arith_sub_88_27_Y_u_alu_top_u_arith_add_87_27/g2018/z (u)     in_0->z F     unmapped_complex2     10 27.0     0    77    1410    (-,-) 
  basic_isa_instance/u_exe_u_alu_top_u_arith_sub_88_27_Y_u_alu_top_u_arith_add_87_27/g1999/z (u)     in_0->z R     unmapped_complex2      1  2.9     0    35    1445    (-,-) 
  basic_isa_instance/u_exe_u_alu_top_u_arith_sub_88_27_Y_u_alu_top_u_arith_add_87_27/g1992/z (u)     in_0->z F     unmapped_complex2     17 13.5     0    79    1523    (-,-) 
  basic_isa_instance/u_exe_u_alu_top_u_arith_sub_88_27_Y_u_alu_top_u_arith_add_87_27/g667/z  (u)     in_0->z R     unmapped_complex2      1  2.9     0    35    1558    (-,-) 
  basic_isa_instance/u_exe_u_alu_top_u_arith_sub_88_27_Y_u_alu_top_u_arith_add_87_27/g1946/z (u)     in_0->z F     unmapped_complex2      2  5.4     0    42    1600    (-,-) 
  basic_isa_instance/u_exe_u_alu_top_u_arith_sub_88_27_Y_u_alu_top_u_arith_add_87_27/g1933/z (u)     in_0->z F     unmapped_or2           1  2.7     0    35    1635    (-,-) 
  basic_isa_instance/u_exe_u_alu_top_u_arith_sub_88_27_Y_u_alu_top_u_arith_add_87_27/g1934/z (u)     in_1->z R     unmapped_nand2         2  5.8     0    42    1677    (-,-) 
  basic_isa_instance/u_exe_g15831/z                                                          (u)     in_1->z R     unmapped_or2           1  2.9     0    35    1712    (-,-) 
  basic_isa_instance/u_exe_g15658/z                                                          (u)     in_1->z R     unmapped_or2           1  2.9     0    35    1747    (-,-) 
  basic_isa_instance/u_exe_g15303/z                                                          (u)     in_0->z F     unmapped_nand2         1  2.7     0    35    1782    (-,-) 
  basic_isa_instance/u_exe_g14001/z                                                          (u)     in_1->z R     unmapped_complex2      1  2.9     0    35    1817    (-,-) 
  basic_isa_instance/u_exe_g13990/z                                                          (u)     in_1->z R     unmapped_or2           1  2.9     0    35    1852    (-,-) 
  basic_isa_instance/u_exe_g15914/z                                                          (u)     in_1->z F     unmapped_nor2          2  5.4     0    42    1894    (-,-) 
  basic_isa_instance/g7610/z                                                                 (u)     in_1->z F     unmapped_or2           1  2.7     0    35    1929    (-,-) 
  basic_isa_instance/g7459/z                                                                 (u)     in_1->z R     unmapped_complex2      1  2.9     0    35    1964    (-,-) 
  basic_isa_instance/g7372/z                                                                 (u)     in_0->z R     unmapped_complex2      1  2.9     0    35    1999    (-,-) 
  basic_isa_instance/g7158/z                                                                 (u)     in_1->z R     unmapped_or2          40 20.3     0    91    2090    (-,-) 
  basic_isa_instance/g12324/z                                                                (u)     in_1->z R     unmapped_or2          10 29.0     0    77    2167    (-,-) 
  basic_isa_instance/g15904/z                                                                (u)     in_0->z R     unmapped_complex2      5 14.5     0    57    2224    (-,-) 
  basic_isa_instance/g17670/z                                                                (u)     in_0->z F     unmapped_complex2      2  5.4     0    42    2266    (-,-) 
  basic_isa_instance/g13428/z                                                                (u)     in_1->z F     unmapped_or2           1  2.7     0    35    2301    (-,-) 
  basic_isa_instance/g17293/z                                                                (u)     in_1->z R     unmapped_nand2         4 11.6     0    53    2354    (-,-) 
  basic_isa_instance/g17233/z                                                                (u)     in_0->z R     unmapped_complex2      2  5.8     0    42    2396    (-,-) 
  basic_isa_instance/g13263/z                                                                (u)     in_0->z R     unmapped_or2           8 23.2     0    70    2466    (-,-) 
  basic_isa_instance/g16022/z                                                                (u)     in_0->z F     unmapped_complex2     11 29.7     0    81    2546    (-,-) 
  basic_isa_instance/g15967/z                                                                (u)     in_0->z R     unmapped_nand2         1  2.9     0    35    2582    (-,-) 
  basic_isa_instance/u_id_ex_imm_ex_reg[20]/d                                                -       -       R     unmapped_d_flop        1    -     -     0    2582    (-,-) 
#-----------------------------------------------------------------------------------------------------------------------------------------------------------------------------

(u) : Net has unmapped pin(s).



Path 14: VIOLATED (-152 ps) Setup Check with Pin clk_rst_ctrl_top_instance/i_sys_clk_rst_gen_i_clk_int_div_peripheral_t_ff1_q_reg/clk->d
          Group: pll_clk
     Startpoint: (R) clk_rst_ctrl_top_instance/i_sys_clk_rst_gen_i_clk_int_div_peripheral_t_ff2_q_reg/clk
          Clock: (F) pll_clk
       Endpoint: (R) clk_rst_ctrl_top_instance/i_sys_clk_rst_gen_i_clk_int_div_peripheral_t_ff1_q_reg/d
          Clock: (R) pll_clk

                     Capture       Launch     
        Clock Edge:+    2500         1250     
       Src Latency:+       0            0     
       Net Latency:+       0 (I)        0 (I) 
           Arrival:=    2500         1250     
                                              
             Setup:-     129                  
       Uncertainty:-     500                  
     Required Time:=    1871                  
      Launch Clock:-    1250                  
         Data Path:-     773                  
             Slack:=    -152                  

#-----------------------------------------------------------------------------------------------------------------------------------------------------------------------
#                                    Timing Point                                      Flags    Arc    Edge       Cell         Fanout Load Trans Delay Arrival Instance 
#                                                                                                                                     (fF)  (ps)  (ps)   (ps)  Location 
#-----------------------------------------------------------------------------------------------------------------------------------------------------------------------
  clk_rst_ctrl_top_instance/i_sys_clk_rst_gen_i_clk_int_div_peripheral_t_ff2_q_reg/clk -       -       R     (arrival)              3    -     0     -    1250    (-,-) 
  clk_rst_ctrl_top_instance/i_sys_clk_rst_gen_i_clk_int_div_peripheral_t_ff2_q_reg/q   (u)     clk->q  F     unmapped_d_flop        6 16.2     0   348    1598    (-,-) 
  clk_rst_ctrl_top_instance/i_sys_clk_rst_gen_i_clk_int_div_peripheral_g6578/z         (u)     in_1->z R     unmapped_complex2      1  2.9     0    35    1634    (-,-) 
  clk_rst_ctrl_top_instance/i_sys_clk_rst_gen_i_clk_int_div_peripheral_g6563/z         (u)     in_1->z R     unmapped_complex2      1  2.9     0    35    1668    (-,-) 
  clk_rst_ctrl_top_instance/i_sys_clk_rst_gen_i_clk_int_div_peripheral_g6657/z         (u)     in_1->z F     unmapped_complex2      2  5.4     0    42    1710    (-,-) 
  clk_rst_ctrl_top_instance/i_sys_clk_rst_gen_i_clk_int_div_peripheral_g6532/z         (u)     in_1->z F     unmapped_or2           1  2.7     0    35    1745    (-,-) 
  clk_rst_ctrl_top_instance/i_sys_clk_rst_gen_i_clk_int_div_peripheral_g6528/z         (u)     in_1->z F     unmapped_or2           4  9.0     0    48    1793    (-,-) 
  clk_rst_ctrl_top_instance/i_sys_clk_rst_gen_i_clk_int_div_peripheral_g6515/z         (u)     in_0->z R     unmapped_complex2      1  2.9     0    35    1828    (-,-) 
  clk_rst_ctrl_top_instance/i_sys_clk_rst_gen_i_clk_int_div_peripheral_g6669/z         (u)     in_0->z R     unmapped_complex2      2  5.8     0    42    1870    (-,-) 
  clk_rst_ctrl_top_instance/i_sys_clk_rst_gen_i_clk_int_div_peripheral_g6498/z         (u)     in_1->z R     unmapped_complex2      3  8.7     0    48    1918    (-,-) 
  clk_rst_ctrl_top_instance/i_sys_clk_rst_gen_i_clk_int_div_peripheral_g6495/z         (u)     in_0->z F     unmapped_nand2         1  2.7     0    35    1953    (-,-) 
  clk_rst_ctrl_top_instance/i_sys_clk_rst_gen_i_clk_int_div_peripheral_g6496/z         (u)     in_1->z R     unmapped_nand2         1  2.9     0    35    1988    (-,-) 
  clk_rst_ctrl_top_instance/i_sys_clk_rst_gen_i_clk_int_div_peripheral_g6645/z         (u)     in_0->z R     unmapped_and2          1  2.9     0    35    2023    (-,-) 
  clk_rst_ctrl_top_instance/i_sys_clk_rst_gen_i_clk_int_div_peripheral_t_ff1_q_reg/d   -       -       R     unmapped_d_flop        1    -     -     0    2023    (-,-) 
#-----------------------------------------------------------------------------------------------------------------------------------------------------------------------

(u) : Net has unmapped pin(s).



Path 15: VIOLATED (-152 ps) Setup Check with Pin clk_rst_ctrl_top_instance/i_sys_clk_rst_gen_i_clk_int_div_debug_t_ff1_q_reg/clk->d
          Group: pll_clk
     Startpoint: (R) clk_rst_ctrl_top_instance/i_sys_clk_rst_gen_i_clk_int_div_debug_t_ff2_q_reg/clk
          Clock: (F) pll_clk
       Endpoint: (R) clk_rst_ctrl_top_instance/i_sys_clk_rst_gen_i_clk_int_div_debug_t_ff1_q_reg/d
          Clock: (R) pll_clk

                     Capture       Launch     
        Clock Edge:+    2500         1250     
       Src Latency:+       0            0     
       Net Latency:+       0 (I)        0 (I) 
           Arrival:=    2500         1250     
                                              
             Setup:-     129                  
       Uncertainty:-     500                  
     Required Time:=    1871                  
      Launch Clock:-    1250                  
         Data Path:-     773                  
             Slack:=    -152                  

#------------------------------------------------------------------------------------------------------------------------------------------------------------------
#                                  Timing Point                                   Flags    Arc    Edge       Cell         Fanout Load Trans Delay Arrival Instance 
#                                                                                                                                (fF)  (ps)  (ps)   (ps)  Location 
#------------------------------------------------------------------------------------------------------------------------------------------------------------------
  clk_rst_ctrl_top_instance/i_sys_clk_rst_gen_i_clk_int_div_debug_t_ff2_q_reg/clk -       -       R     (arrival)              3    -     0     -    1250    (-,-) 
  clk_rst_ctrl_top_instance/i_sys_clk_rst_gen_i_clk_int_div_debug_t_ff2_q_reg/q   (u)     clk->q  F     unmapped_d_flop        6 16.2     0   348    1598    (-,-) 
  clk_rst_ctrl_top_instance/i_sys_clk_rst_gen_i_clk_int_div_debug_g6578/z         (u)     in_1->z R     unmapped_complex2      1  2.9     0    35    1634    (-,-) 
  clk_rst_ctrl_top_instance/i_sys_clk_rst_gen_i_clk_int_div_debug_g6563/z         (u)     in_1->z R     unmapped_complex2      1  2.9     0    35    1668    (-,-) 
  clk_rst_ctrl_top_instance/i_sys_clk_rst_gen_i_clk_int_div_debug_g6657/z         (u)     in_1->z F     unmapped_complex2      2  5.4     0    42    1710    (-,-) 
  clk_rst_ctrl_top_instance/i_sys_clk_rst_gen_i_clk_int_div_debug_g6532/z         (u)     in_1->z F     unmapped_or2           1  2.7     0    35    1745    (-,-) 
  clk_rst_ctrl_top_instance/i_sys_clk_rst_gen_i_clk_int_div_debug_g6528/z         (u)     in_1->z F     unmapped_or2           4  9.0     0    48    1793    (-,-) 
  clk_rst_ctrl_top_instance/i_sys_clk_rst_gen_i_clk_int_div_debug_g6515/z         (u)     in_0->z R     unmapped_complex2      1  2.9     0    35    1828    (-,-) 
  clk_rst_ctrl_top_instance/i_sys_clk_rst_gen_i_clk_int_div_debug_g6669/z         (u)     in_0->z R     unmapped_complex2      2  5.8     0    42    1870    (-,-) 
  clk_rst_ctrl_top_instance/i_sys_clk_rst_gen_i_clk_int_div_debug_g6498/z         (u)     in_1->z R     unmapped_complex2      3  8.7     0    48    1918    (-,-) 
  clk_rst_ctrl_top_instance/i_sys_clk_rst_gen_i_clk_int_div_debug_g6495/z         (u)     in_0->z F     unmapped_nand2         1  2.7     0    35    1953    (-,-) 
  clk_rst_ctrl_top_instance/i_sys_clk_rst_gen_i_clk_int_div_debug_g6496/z         (u)     in_1->z R     unmapped_nand2         1  2.9     0    35    1988    (-,-) 
  clk_rst_ctrl_top_instance/i_sys_clk_rst_gen_i_clk_int_div_debug_g6645/z         (u)     in_0->z R     unmapped_and2          1  2.9     0    35    2023    (-,-) 
  clk_rst_ctrl_top_instance/i_sys_clk_rst_gen_i_clk_int_div_debug_t_ff1_q_reg/d   -       -       R     unmapped_d_flop        1    -     -     0    2023    (-,-) 
#------------------------------------------------------------------------------------------------------------------------------------------------------------------

(u) : Net has unmapped pin(s).



Path 16: VIOLATED (-144 ps) Setup Check with Pin basic_isa_instance/u_id_ex_imm_ex_reg[4]/clk->d
          Group: core_clk
     Startpoint: (R) basic_isa_instance/u_ex_mem_inst_mem_o_reg[9]/clk
          Clock: (R) core_clk
       Endpoint: (R) basic_isa_instance/u_id_ex_imm_ex_reg[4]/d
          Clock: (R) core_clk

                     Capture       Launch     
        Clock Edge:+    2500            0     
       Src Latency:+       0            0     
       Net Latency:+       0 (I)        0 (I) 
           Arrival:=    2500            0     
                                              
             Setup:-      90                  
     Required Time:=    2410                  
      Launch Clock:-       0                  
         Data Path:-    2554                  
             Slack:=    -144                  

#-----------------------------------------------------------------------------------------------------------------------------------------------------------------------------
#                                       Timing Point                                         Flags    Arc    Edge       Cell         Fanout Load Trans Delay Arrival Instance 
#                                                                                                                                           (fF)  (ps)  (ps)   (ps)  Location 
#-----------------------------------------------------------------------------------------------------------------------------------------------------------------------------
  basic_isa_instance/u_ex_mem_inst_mem_o_reg[9]/clk                                          -       -       R     (arrival)            139    -     0     -       0    (-,-) 
  basic_isa_instance/u_ex_mem_inst_mem_o_reg[9]/q                                            (u)     clk->q  F     unmapped_d_flop        7 18.9     0   326     326    (-,-) 
  basic_isa_instance/g5881/z                                                                 (u)     in_1->z F     unmapped_or2           1  2.7     0    35     362    (-,-) 
  basic_isa_instance/g5736/z                                                                 (u)     in_1->z F     unmapped_or2           1  2.7     0    35     396    (-,-) 
  basic_isa_instance/g5720/z                                                                 (u)     in_1->z F     unmapped_or2           1  2.7     0    35     432    (-,-) 
  basic_isa_instance/g5710/z                                                                 (u)     in_0->z R     unmapped_nand2         2  5.8     0    42     473    (-,-) 
  basic_isa_instance/g5705/z                                                                 (u)     in_0->z R     unmapped_complex2      1  2.9     0    35     508    (-,-) 
  basic_isa_instance/g5699/z                                                                 (u)     in_0->z R     unmapped_or2          34 17.4     0    85     594    (-,-) 
  basic_isa_instance/g5691/z                                                                 (u)     in_0->z F     unmapped_complex2      1  2.7     0    35     628    (-,-) 
  basic_isa_instance/g5923/z                                                                 (u)     in_1->z R     unmapped_nor2         33 17.4     0    85     714    (-,-) 
  basic_isa_instance/g20037/z                                                                (u)     in_1->z R     unmapped_complex2     32 17.4     0    85     799    (-,-) 
  basic_isa_instance/g20193/z                                                                (u)     in_1->z R     unmapped_complex2      1  2.9     0    35     834    (-,-) 
  basic_isa_instance/u_exe_g4888/z                                                           (u)     in_1->z F     unmapped_complex2      2  5.4     0    42     876    (-,-) 
  basic_isa_instance/u_exe_g4868/z                                                           (u)     in_0->z R     unmapped_nand2         1  2.9     0    35     911    (-,-) 
  basic_isa_instance/u_exe_g4755/z                                                           (u)     in_0->z F     unmapped_nand2        12 32.4     0    84     995    (-,-) 
  basic_isa_instance/u_exe_u_alu_top_u_arith_sub_88_27_Y_u_alu_top_u_arith_add_87_27/g2324/z (u)     in_1->z R     unmapped_nand2         1  2.9     0    35    1030    (-,-) 
  basic_isa_instance/u_exe_u_alu_top_u_arith_sub_88_27_Y_u_alu_top_u_arith_add_87_27/g2222/z (u)     in_1->z F     unmapped_nand2         1  2.7     0    35    1065    (-,-) 
  basic_isa_instance/u_exe_u_alu_top_u_arith_sub_88_27_Y_u_alu_top_u_arith_add_87_27/g2146/z (u)     in_1->z F     unmapped_complex2      3  8.1     0    48    1113    (-,-) 
  basic_isa_instance/u_exe_u_alu_top_u_arith_sub_88_27_Y_u_alu_top_u_arith_add_87_27/g552/z  (u)     in_0->z R     unmapped_complex2      1  2.9     0    35    1148    (-,-) 
  basic_isa_instance/u_exe_u_alu_top_u_arith_sub_88_27_Y_u_alu_top_u_arith_add_87_27/g106/z  (u)     in_1->z F     unmapped_nand2         4 10.8     0    53    1201    (-,-) 
  basic_isa_instance/u_exe_u_alu_top_u_arith_sub_88_27_Y_u_alu_top_u_arith_add_87_27/g2071/z (u)     in_0->z R     unmapped_complex2      1  2.9     0    35    1236    (-,-) 
  basic_isa_instance/u_exe_u_alu_top_u_arith_sub_88_27_Y_u_alu_top_u_arith_add_87_27/g2053/z (u)     in_0->z F     unmapped_complex2      6 16.2     0    62    1298    (-,-) 
  basic_isa_instance/u_exe_u_alu_top_u_arith_sub_88_27_Y_u_alu_top_u_arith_add_87_27/g636/z  (u)     in_0->z R     unmapped_complex2      1  2.9     0    35    1333    (-,-) 
  basic_isa_instance/u_exe_u_alu_top_u_arith_sub_88_27_Y_u_alu_top_u_arith_add_87_27/g2018/z (u)     in_0->z F     unmapped_complex2     10 27.0     0    77    1410    (-,-) 
  basic_isa_instance/u_exe_u_alu_top_u_arith_sub_88_27_Y_u_alu_top_u_arith_add_87_27/g1999/z (u)     in_0->z R     unmapped_complex2      1  2.9     0    35    1445    (-,-) 
  basic_isa_instance/u_exe_u_alu_top_u_arith_sub_88_27_Y_u_alu_top_u_arith_add_87_27/g1992/z (u)     in_0->z F     unmapped_complex2     17 13.5     0    79    1523    (-,-) 
  basic_isa_instance/u_exe_u_alu_top_u_arith_sub_88_27_Y_u_alu_top_u_arith_add_87_27/g667/z  (u)     in_0->z R     unmapped_complex2      1  2.9     0    35    1558    (-,-) 
  basic_isa_instance/u_exe_u_alu_top_u_arith_sub_88_27_Y_u_alu_top_u_arith_add_87_27/g1946/z (u)     in_0->z F     unmapped_complex2      2  5.4     0    42    1600    (-,-) 
  basic_isa_instance/u_exe_u_alu_top_u_arith_sub_88_27_Y_u_alu_top_u_arith_add_87_27/g1933/z (u)     in_0->z F     unmapped_or2           1  2.7     0    35    1635    (-,-) 
  basic_isa_instance/u_exe_u_alu_top_u_arith_sub_88_27_Y_u_alu_top_u_arith_add_87_27/g1934/z (u)     in_1->z R     unmapped_nand2         2  5.8     0    42    1677    (-,-) 
  basic_isa_instance/u_exe_g15831/z                                                          (u)     in_1->z R     unmapped_or2           1  2.9     0    35    1712    (-,-) 
  basic_isa_instance/u_exe_g15658/z                                                          (u)     in_1->z R     unmapped_or2           1  2.9     0    35    1747    (-,-) 
  basic_isa_instance/u_exe_g15303/z                                                          (u)     in_0->z F     unmapped_nand2         1  2.7     0    35    1782    (-,-) 
  basic_isa_instance/u_exe_g14001/z                                                          (u)     in_1->z R     unmapped_complex2      1  2.9     0    35    1817    (-,-) 
  basic_isa_instance/u_exe_g13990/z                                                          (u)     in_1->z R     unmapped_or2           1  2.9     0    35    1852    (-,-) 
  basic_isa_instance/u_exe_g15914/z                                                          (u)     in_1->z F     unmapped_nor2          2  5.4     0    42    1894    (-,-) 
  basic_isa_instance/g7610/z                                                                 (u)     in_1->z F     unmapped_or2           1  2.7     0    35    1929    (-,-) 
  basic_isa_instance/g7459/z                                                                 (u)     in_1->z R     unmapped_complex2      1  2.9     0    35    1964    (-,-) 
  basic_isa_instance/g7372/z                                                                 (u)     in_0->z R     unmapped_complex2      1  2.9     0    35    1999    (-,-) 
  basic_isa_instance/g7158/z                                                                 (u)     in_1->z R     unmapped_or2          40 20.3     0    91    2090    (-,-) 
  basic_isa_instance/g12324/z                                                                (u)     in_1->z R     unmapped_or2          10 29.0     0    77    2167    (-,-) 
  basic_isa_instance/g15904/z                                                                (u)     in_0->z R     unmapped_complex2      5 14.5     0    57    2224    (-,-) 
  basic_isa_instance/g17670/z                                                                (u)     in_0->z F     unmapped_complex2      2  5.4     0    42    2266    (-,-) 
  basic_isa_instance/g13428/z                                                                (u)     in_1->z F     unmapped_or2           1  2.7     0    35    2301    (-,-) 
  basic_isa_instance/g17293/z                                                                (u)     in_1->z R     unmapped_nand2         4 11.6     0    53    2354    (-,-) 
  basic_isa_instance/g17233/z                                                                (u)     in_0->z R     unmapped_complex2      2  5.8     0    42    2396    (-,-) 
  basic_isa_instance/g16321/z                                                                (u)     in_0->z F     unmapped_nand2         4 10.8     0    53    2449    (-,-) 
  basic_isa_instance/g16071/z                                                                (u)     in_0->z F     unmapped_complex2      1  2.7     0    35    2484    (-,-) 
  basic_isa_instance/g15936/z                                                                (u)     in_1->z R     unmapped_nand2         1  2.9     0    35    2519    (-,-) 
  basic_isa_instance/g15917/z                                                                (u)     in_1->z R     unmapped_complex2      1  2.9     0    35    2554    (-,-) 
  basic_isa_instance/u_id_ex_imm_ex_reg[4]/d                                                 -       -       R     unmapped_d_flop        1    -     -     0    2554    (-,-) 
#-----------------------------------------------------------------------------------------------------------------------------------------------------------------------------

(u) : Net has unmapped pin(s).



Path 17: VIOLATED (-144 ps) Setup Check with Pin basic_isa_instance/u_id_ex_imm_ex_reg[3]/clk->d
          Group: core_clk
     Startpoint: (R) basic_isa_instance/u_ex_mem_inst_mem_o_reg[9]/clk
          Clock: (R) core_clk
       Endpoint: (R) basic_isa_instance/u_id_ex_imm_ex_reg[3]/d
          Clock: (R) core_clk

                     Capture       Launch     
        Clock Edge:+    2500            0     
       Src Latency:+       0            0     
       Net Latency:+       0 (I)        0 (I) 
           Arrival:=    2500            0     
                                              
             Setup:-      90                  
     Required Time:=    2410                  
      Launch Clock:-       0                  
         Data Path:-    2554                  
             Slack:=    -144                  

#-----------------------------------------------------------------------------------------------------------------------------------------------------------------------------
#                                       Timing Point                                         Flags    Arc    Edge       Cell         Fanout Load Trans Delay Arrival Instance 
#                                                                                                                                           (fF)  (ps)  (ps)   (ps)  Location 
#-----------------------------------------------------------------------------------------------------------------------------------------------------------------------------
  basic_isa_instance/u_ex_mem_inst_mem_o_reg[9]/clk                                          -       -       R     (arrival)            139    -     0     -       0    (-,-) 
  basic_isa_instance/u_ex_mem_inst_mem_o_reg[9]/q                                            (u)     clk->q  F     unmapped_d_flop        7 18.9     0   326     326    (-,-) 
  basic_isa_instance/g5881/z                                                                 (u)     in_1->z F     unmapped_or2           1  2.7     0    35     362    (-,-) 
  basic_isa_instance/g5736/z                                                                 (u)     in_1->z F     unmapped_or2           1  2.7     0    35     396    (-,-) 
  basic_isa_instance/g5720/z                                                                 (u)     in_1->z F     unmapped_or2           1  2.7     0    35     432    (-,-) 
  basic_isa_instance/g5710/z                                                                 (u)     in_0->z R     unmapped_nand2         2  5.8     0    42     473    (-,-) 
  basic_isa_instance/g5705/z                                                                 (u)     in_0->z R     unmapped_complex2      1  2.9     0    35     508    (-,-) 
  basic_isa_instance/g5699/z                                                                 (u)     in_0->z R     unmapped_or2          34 17.4     0    85     594    (-,-) 
  basic_isa_instance/g5691/z                                                                 (u)     in_0->z F     unmapped_complex2      1  2.7     0    35     628    (-,-) 
  basic_isa_instance/g5923/z                                                                 (u)     in_1->z R     unmapped_nor2         33 17.4     0    85     714    (-,-) 
  basic_isa_instance/g20037/z                                                                (u)     in_1->z R     unmapped_complex2     32 17.4     0    85     799    (-,-) 
  basic_isa_instance/g20193/z                                                                (u)     in_1->z R     unmapped_complex2      1  2.9     0    35     834    (-,-) 
  basic_isa_instance/u_exe_g4888/z                                                           (u)     in_1->z F     unmapped_complex2      2  5.4     0    42     876    (-,-) 
  basic_isa_instance/u_exe_g4868/z                                                           (u)     in_0->z R     unmapped_nand2         1  2.9     0    35     911    (-,-) 
  basic_isa_instance/u_exe_g4755/z                                                           (u)     in_0->z F     unmapped_nand2        12 32.4     0    84     995    (-,-) 
  basic_isa_instance/u_exe_u_alu_top_u_arith_sub_88_27_Y_u_alu_top_u_arith_add_87_27/g2324/z (u)     in_1->z R     unmapped_nand2         1  2.9     0    35    1030    (-,-) 
  basic_isa_instance/u_exe_u_alu_top_u_arith_sub_88_27_Y_u_alu_top_u_arith_add_87_27/g2222/z (u)     in_1->z F     unmapped_nand2         1  2.7     0    35    1065    (-,-) 
  basic_isa_instance/u_exe_u_alu_top_u_arith_sub_88_27_Y_u_alu_top_u_arith_add_87_27/g2146/z (u)     in_1->z F     unmapped_complex2      3  8.1     0    48    1113    (-,-) 
  basic_isa_instance/u_exe_u_alu_top_u_arith_sub_88_27_Y_u_alu_top_u_arith_add_87_27/g552/z  (u)     in_0->z R     unmapped_complex2      1  2.9     0    35    1148    (-,-) 
  basic_isa_instance/u_exe_u_alu_top_u_arith_sub_88_27_Y_u_alu_top_u_arith_add_87_27/g106/z  (u)     in_1->z F     unmapped_nand2         4 10.8     0    53    1201    (-,-) 
  basic_isa_instance/u_exe_u_alu_top_u_arith_sub_88_27_Y_u_alu_top_u_arith_add_87_27/g2071/z (u)     in_0->z R     unmapped_complex2      1  2.9     0    35    1236    (-,-) 
  basic_isa_instance/u_exe_u_alu_top_u_arith_sub_88_27_Y_u_alu_top_u_arith_add_87_27/g2053/z (u)     in_0->z F     unmapped_complex2      6 16.2     0    62    1298    (-,-) 
  basic_isa_instance/u_exe_u_alu_top_u_arith_sub_88_27_Y_u_alu_top_u_arith_add_87_27/g636/z  (u)     in_0->z R     unmapped_complex2      1  2.9     0    35    1333    (-,-) 
  basic_isa_instance/u_exe_u_alu_top_u_arith_sub_88_27_Y_u_alu_top_u_arith_add_87_27/g2018/z (u)     in_0->z F     unmapped_complex2     10 27.0     0    77    1410    (-,-) 
  basic_isa_instance/u_exe_u_alu_top_u_arith_sub_88_27_Y_u_alu_top_u_arith_add_87_27/g1999/z (u)     in_0->z R     unmapped_complex2      1  2.9     0    35    1445    (-,-) 
  basic_isa_instance/u_exe_u_alu_top_u_arith_sub_88_27_Y_u_alu_top_u_arith_add_87_27/g1992/z (u)     in_0->z F     unmapped_complex2     17 13.5     0    79    1523    (-,-) 
  basic_isa_instance/u_exe_u_alu_top_u_arith_sub_88_27_Y_u_alu_top_u_arith_add_87_27/g667/z  (u)     in_0->z R     unmapped_complex2      1  2.9     0    35    1558    (-,-) 
  basic_isa_instance/u_exe_u_alu_top_u_arith_sub_88_27_Y_u_alu_top_u_arith_add_87_27/g1946/z (u)     in_0->z F     unmapped_complex2      2  5.4     0    42    1600    (-,-) 
  basic_isa_instance/u_exe_u_alu_top_u_arith_sub_88_27_Y_u_alu_top_u_arith_add_87_27/g1933/z (u)     in_0->z F     unmapped_or2           1  2.7     0    35    1635    (-,-) 
  basic_isa_instance/u_exe_u_alu_top_u_arith_sub_88_27_Y_u_alu_top_u_arith_add_87_27/g1934/z (u)     in_1->z R     unmapped_nand2         2  5.8     0    42    1677    (-,-) 
  basic_isa_instance/u_exe_g15831/z                                                          (u)     in_1->z R     unmapped_or2           1  2.9     0    35    1712    (-,-) 
  basic_isa_instance/u_exe_g15658/z                                                          (u)     in_1->z R     unmapped_or2           1  2.9     0    35    1747    (-,-) 
  basic_isa_instance/u_exe_g15303/z                                                          (u)     in_0->z F     unmapped_nand2         1  2.7     0    35    1782    (-,-) 
  basic_isa_instance/u_exe_g14001/z                                                          (u)     in_1->z R     unmapped_complex2      1  2.9     0    35    1817    (-,-) 
  basic_isa_instance/u_exe_g13990/z                                                          (u)     in_1->z R     unmapped_or2           1  2.9     0    35    1852    (-,-) 
  basic_isa_instance/u_exe_g15914/z                                                          (u)     in_1->z F     unmapped_nor2          2  5.4     0    42    1894    (-,-) 
  basic_isa_instance/g7610/z                                                                 (u)     in_1->z F     unmapped_or2           1  2.7     0    35    1929    (-,-) 
  basic_isa_instance/g7459/z                                                                 (u)     in_1->z R     unmapped_complex2      1  2.9     0    35    1964    (-,-) 
  basic_isa_instance/g7372/z                                                                 (u)     in_0->z R     unmapped_complex2      1  2.9     0    35    1999    (-,-) 
  basic_isa_instance/g7158/z                                                                 (u)     in_1->z R     unmapped_or2          40 20.3     0    91    2090    (-,-) 
  basic_isa_instance/g12324/z                                                                (u)     in_1->z R     unmapped_or2          10 29.0     0    77    2167    (-,-) 
  basic_isa_instance/g15904/z                                                                (u)     in_0->z R     unmapped_complex2      5 14.5     0    57    2224    (-,-) 
  basic_isa_instance/g17670/z                                                                (u)     in_0->z F     unmapped_complex2      2  5.4     0    42    2266    (-,-) 
  basic_isa_instance/g13428/z                                                                (u)     in_1->z F     unmapped_or2           1  2.7     0    35    2301    (-,-) 
  basic_isa_instance/g17293/z                                                                (u)     in_1->z R     unmapped_nand2         4 11.6     0    53    2354    (-,-) 
  basic_isa_instance/g17233/z                                                                (u)     in_0->z R     unmapped_complex2      2  5.8     0    42    2396    (-,-) 
  basic_isa_instance/g16321/z                                                                (u)     in_0->z F     unmapped_nand2         4 10.8     0    53    2449    (-,-) 
  basic_isa_instance/g16067/z                                                                (u)     in_0->z F     unmapped_complex2      1  2.7     0    35    2484    (-,-) 
  basic_isa_instance/g15947/z                                                                (u)     in_1->z R     unmapped_nand2         1  2.9     0    35    2519    (-,-) 
  basic_isa_instance/g15920/z                                                                (u)     in_1->z R     unmapped_complex2      1  2.9     0    35    2554    (-,-) 
  basic_isa_instance/u_id_ex_imm_ex_reg[3]/d                                                 -       -       R     unmapped_d_flop        1    -     -     0    2554    (-,-) 
#-----------------------------------------------------------------------------------------------------------------------------------------------------------------------------

(u) : Net has unmapped pin(s).



Path 18: VIOLATED (-144 ps) Setup Check with Pin basic_isa_instance/u_id_ex_imm_ex_reg[2]/clk->d
          Group: core_clk
     Startpoint: (R) basic_isa_instance/u_ex_mem_inst_mem_o_reg[9]/clk
          Clock: (R) core_clk
       Endpoint: (R) basic_isa_instance/u_id_ex_imm_ex_reg[2]/d
          Clock: (R) core_clk

                     Capture       Launch     
        Clock Edge:+    2500            0     
       Src Latency:+       0            0     
       Net Latency:+       0 (I)        0 (I) 
           Arrival:=    2500            0     
                                              
             Setup:-      90                  
     Required Time:=    2410                  
      Launch Clock:-       0                  
         Data Path:-    2554                  
             Slack:=    -144                  

#-----------------------------------------------------------------------------------------------------------------------------------------------------------------------------
#                                       Timing Point                                         Flags    Arc    Edge       Cell         Fanout Load Trans Delay Arrival Instance 
#                                                                                                                                           (fF)  (ps)  (ps)   (ps)  Location 
#-----------------------------------------------------------------------------------------------------------------------------------------------------------------------------
  basic_isa_instance/u_ex_mem_inst_mem_o_reg[9]/clk                                          -       -       R     (arrival)            139    -     0     -       0    (-,-) 
  basic_isa_instance/u_ex_mem_inst_mem_o_reg[9]/q                                            (u)     clk->q  F     unmapped_d_flop        7 18.9     0   326     326    (-,-) 
  basic_isa_instance/g5881/z                                                                 (u)     in_1->z F     unmapped_or2           1  2.7     0    35     362    (-,-) 
  basic_isa_instance/g5736/z                                                                 (u)     in_1->z F     unmapped_or2           1  2.7     0    35     396    (-,-) 
  basic_isa_instance/g5720/z                                                                 (u)     in_1->z F     unmapped_or2           1  2.7     0    35     432    (-,-) 
  basic_isa_instance/g5710/z                                                                 (u)     in_0->z R     unmapped_nand2         2  5.8     0    42     473    (-,-) 
  basic_isa_instance/g5705/z                                                                 (u)     in_0->z R     unmapped_complex2      1  2.9     0    35     508    (-,-) 
  basic_isa_instance/g5699/z                                                                 (u)     in_0->z R     unmapped_or2          34 17.4     0    85     594    (-,-) 
  basic_isa_instance/g5691/z                                                                 (u)     in_0->z F     unmapped_complex2      1  2.7     0    35     628    (-,-) 
  basic_isa_instance/g5923/z                                                                 (u)     in_1->z R     unmapped_nor2         33 17.4     0    85     714    (-,-) 
  basic_isa_instance/g20037/z                                                                (u)     in_1->z R     unmapped_complex2     32 17.4     0    85     799    (-,-) 
  basic_isa_instance/g20193/z                                                                (u)     in_1->z R     unmapped_complex2      1  2.9     0    35     834    (-,-) 
  basic_isa_instance/u_exe_g4888/z                                                           (u)     in_1->z F     unmapped_complex2      2  5.4     0    42     876    (-,-) 
  basic_isa_instance/u_exe_g4868/z                                                           (u)     in_0->z R     unmapped_nand2         1  2.9     0    35     911    (-,-) 
  basic_isa_instance/u_exe_g4755/z                                                           (u)     in_0->z F     unmapped_nand2        12 32.4     0    84     995    (-,-) 
  basic_isa_instance/u_exe_u_alu_top_u_arith_sub_88_27_Y_u_alu_top_u_arith_add_87_27/g2324/z (u)     in_1->z R     unmapped_nand2         1  2.9     0    35    1030    (-,-) 
  basic_isa_instance/u_exe_u_alu_top_u_arith_sub_88_27_Y_u_alu_top_u_arith_add_87_27/g2222/z (u)     in_1->z F     unmapped_nand2         1  2.7     0    35    1065    (-,-) 
  basic_isa_instance/u_exe_u_alu_top_u_arith_sub_88_27_Y_u_alu_top_u_arith_add_87_27/g2146/z (u)     in_1->z F     unmapped_complex2      3  8.1     0    48    1113    (-,-) 
  basic_isa_instance/u_exe_u_alu_top_u_arith_sub_88_27_Y_u_alu_top_u_arith_add_87_27/g552/z  (u)     in_0->z R     unmapped_complex2      1  2.9     0    35    1148    (-,-) 
  basic_isa_instance/u_exe_u_alu_top_u_arith_sub_88_27_Y_u_alu_top_u_arith_add_87_27/g106/z  (u)     in_1->z F     unmapped_nand2         4 10.8     0    53    1201    (-,-) 
  basic_isa_instance/u_exe_u_alu_top_u_arith_sub_88_27_Y_u_alu_top_u_arith_add_87_27/g2071/z (u)     in_0->z R     unmapped_complex2      1  2.9     0    35    1236    (-,-) 
  basic_isa_instance/u_exe_u_alu_top_u_arith_sub_88_27_Y_u_alu_top_u_arith_add_87_27/g2053/z (u)     in_0->z F     unmapped_complex2      6 16.2     0    62    1298    (-,-) 
  basic_isa_instance/u_exe_u_alu_top_u_arith_sub_88_27_Y_u_alu_top_u_arith_add_87_27/g636/z  (u)     in_0->z R     unmapped_complex2      1  2.9     0    35    1333    (-,-) 
  basic_isa_instance/u_exe_u_alu_top_u_arith_sub_88_27_Y_u_alu_top_u_arith_add_87_27/g2018/z (u)     in_0->z F     unmapped_complex2     10 27.0     0    77    1410    (-,-) 
  basic_isa_instance/u_exe_u_alu_top_u_arith_sub_88_27_Y_u_alu_top_u_arith_add_87_27/g1999/z (u)     in_0->z R     unmapped_complex2      1  2.9     0    35    1445    (-,-) 
  basic_isa_instance/u_exe_u_alu_top_u_arith_sub_88_27_Y_u_alu_top_u_arith_add_87_27/g1992/z (u)     in_0->z F     unmapped_complex2     17 13.5     0    79    1523    (-,-) 
  basic_isa_instance/u_exe_u_alu_top_u_arith_sub_88_27_Y_u_alu_top_u_arith_add_87_27/g667/z  (u)     in_0->z R     unmapped_complex2      1  2.9     0    35    1558    (-,-) 
  basic_isa_instance/u_exe_u_alu_top_u_arith_sub_88_27_Y_u_alu_top_u_arith_add_87_27/g1946/z (u)     in_0->z F     unmapped_complex2      2  5.4     0    42    1600    (-,-) 
  basic_isa_instance/u_exe_u_alu_top_u_arith_sub_88_27_Y_u_alu_top_u_arith_add_87_27/g1933/z (u)     in_0->z F     unmapped_or2           1  2.7     0    35    1635    (-,-) 
  basic_isa_instance/u_exe_u_alu_top_u_arith_sub_88_27_Y_u_alu_top_u_arith_add_87_27/g1934/z (u)     in_1->z R     unmapped_nand2         2  5.8     0    42    1677    (-,-) 
  basic_isa_instance/u_exe_g15831/z                                                          (u)     in_1->z R     unmapped_or2           1  2.9     0    35    1712    (-,-) 
  basic_isa_instance/u_exe_g15658/z                                                          (u)     in_1->z R     unmapped_or2           1  2.9     0    35    1747    (-,-) 
  basic_isa_instance/u_exe_g15303/z                                                          (u)     in_0->z F     unmapped_nand2         1  2.7     0    35    1782    (-,-) 
  basic_isa_instance/u_exe_g14001/z                                                          (u)     in_1->z R     unmapped_complex2      1  2.9     0    35    1817    (-,-) 
  basic_isa_instance/u_exe_g13990/z                                                          (u)     in_1->z R     unmapped_or2           1  2.9     0    35    1852    (-,-) 
  basic_isa_instance/u_exe_g15914/z                                                          (u)     in_1->z F     unmapped_nor2          2  5.4     0    42    1894    (-,-) 
  basic_isa_instance/g7610/z                                                                 (u)     in_1->z F     unmapped_or2           1  2.7     0    35    1929    (-,-) 
  basic_isa_instance/g7459/z                                                                 (u)     in_1->z R     unmapped_complex2      1  2.9     0    35    1964    (-,-) 
  basic_isa_instance/g7372/z                                                                 (u)     in_0->z R     unmapped_complex2      1  2.9     0    35    1999    (-,-) 
  basic_isa_instance/g7158/z                                                                 (u)     in_1->z R     unmapped_or2          40 20.3     0    91    2090    (-,-) 
  basic_isa_instance/g12324/z                                                                (u)     in_1->z R     unmapped_or2          10 29.0     0    77    2167    (-,-) 
  basic_isa_instance/g15904/z                                                                (u)     in_0->z R     unmapped_complex2      5 14.5     0    57    2224    (-,-) 
  basic_isa_instance/g17670/z                                                                (u)     in_0->z F     unmapped_complex2      2  5.4     0    42    2266    (-,-) 
  basic_isa_instance/g13428/z                                                                (u)     in_1->z F     unmapped_or2           1  2.7     0    35    2301    (-,-) 
  basic_isa_instance/g17293/z                                                                (u)     in_1->z R     unmapped_nand2         4 11.6     0    53    2354    (-,-) 
  basic_isa_instance/g17233/z                                                                (u)     in_0->z R     unmapped_complex2      2  5.8     0    42    2396    (-,-) 
  basic_isa_instance/g16321/z                                                                (u)     in_0->z F     unmapped_nand2         4 10.8     0    53    2449    (-,-) 
  basic_isa_instance/g16050/z                                                                (u)     in_0->z F     unmapped_complex2      1  2.7     0    35    2484    (-,-) 
  basic_isa_instance/g15952/z                                                                (u)     in_1->z R     unmapped_nand2         1  2.9     0    35    2519    (-,-) 
  basic_isa_instance/g15919/z                                                                (u)     in_1->z R     unmapped_complex2      1  2.9     0    35    2554    (-,-) 
  basic_isa_instance/u_id_ex_imm_ex_reg[2]/d                                                 -       -       R     unmapped_d_flop        1    -     -     0    2554    (-,-) 
#-----------------------------------------------------------------------------------------------------------------------------------------------------------------------------

(u) : Net has unmapped pin(s).



Path 19: VIOLATED (-144 ps) Setup Check with Pin basic_isa_instance/u_id_ex_imm_ex_reg[1]/clk->d
          Group: core_clk
     Startpoint: (R) basic_isa_instance/u_ex_mem_inst_mem_o_reg[9]/clk
          Clock: (R) core_clk
       Endpoint: (R) basic_isa_instance/u_id_ex_imm_ex_reg[1]/d
          Clock: (R) core_clk

                     Capture       Launch     
        Clock Edge:+    2500            0     
       Src Latency:+       0            0     
       Net Latency:+       0 (I)        0 (I) 
           Arrival:=    2500            0     
                                              
             Setup:-      90                  
     Required Time:=    2410                  
      Launch Clock:-       0                  
         Data Path:-    2554                  
             Slack:=    -144                  

#-----------------------------------------------------------------------------------------------------------------------------------------------------------------------------
#                                       Timing Point                                         Flags    Arc    Edge       Cell         Fanout Load Trans Delay Arrival Instance 
#                                                                                                                                           (fF)  (ps)  (ps)   (ps)  Location 
#-----------------------------------------------------------------------------------------------------------------------------------------------------------------------------
  basic_isa_instance/u_ex_mem_inst_mem_o_reg[9]/clk                                          -       -       R     (arrival)            139    -     0     -       0    (-,-) 
  basic_isa_instance/u_ex_mem_inst_mem_o_reg[9]/q                                            (u)     clk->q  F     unmapped_d_flop        7 18.9     0   326     326    (-,-) 
  basic_isa_instance/g5881/z                                                                 (u)     in_1->z F     unmapped_or2           1  2.7     0    35     362    (-,-) 
  basic_isa_instance/g5736/z                                                                 (u)     in_1->z F     unmapped_or2           1  2.7     0    35     396    (-,-) 
  basic_isa_instance/g5720/z                                                                 (u)     in_1->z F     unmapped_or2           1  2.7     0    35     432    (-,-) 
  basic_isa_instance/g5710/z                                                                 (u)     in_0->z R     unmapped_nand2         2  5.8     0    42     473    (-,-) 
  basic_isa_instance/g5705/z                                                                 (u)     in_0->z R     unmapped_complex2      1  2.9     0    35     508    (-,-) 
  basic_isa_instance/g5699/z                                                                 (u)     in_0->z R     unmapped_or2          34 17.4     0    85     594    (-,-) 
  basic_isa_instance/g5691/z                                                                 (u)     in_0->z F     unmapped_complex2      1  2.7     0    35     628    (-,-) 
  basic_isa_instance/g5923/z                                                                 (u)     in_1->z R     unmapped_nor2         33 17.4     0    85     714    (-,-) 
  basic_isa_instance/g20037/z                                                                (u)     in_1->z R     unmapped_complex2     32 17.4     0    85     799    (-,-) 
  basic_isa_instance/g20193/z                                                                (u)     in_1->z R     unmapped_complex2      1  2.9     0    35     834    (-,-) 
  basic_isa_instance/u_exe_g4888/z                                                           (u)     in_1->z F     unmapped_complex2      2  5.4     0    42     876    (-,-) 
  basic_isa_instance/u_exe_g4868/z                                                           (u)     in_0->z R     unmapped_nand2         1  2.9     0    35     911    (-,-) 
  basic_isa_instance/u_exe_g4755/z                                                           (u)     in_0->z F     unmapped_nand2        12 32.4     0    84     995    (-,-) 
  basic_isa_instance/u_exe_u_alu_top_u_arith_sub_88_27_Y_u_alu_top_u_arith_add_87_27/g2324/z (u)     in_1->z R     unmapped_nand2         1  2.9     0    35    1030    (-,-) 
  basic_isa_instance/u_exe_u_alu_top_u_arith_sub_88_27_Y_u_alu_top_u_arith_add_87_27/g2222/z (u)     in_1->z F     unmapped_nand2         1  2.7     0    35    1065    (-,-) 
  basic_isa_instance/u_exe_u_alu_top_u_arith_sub_88_27_Y_u_alu_top_u_arith_add_87_27/g2146/z (u)     in_1->z F     unmapped_complex2      3  8.1     0    48    1113    (-,-) 
  basic_isa_instance/u_exe_u_alu_top_u_arith_sub_88_27_Y_u_alu_top_u_arith_add_87_27/g552/z  (u)     in_0->z R     unmapped_complex2      1  2.9     0    35    1148    (-,-) 
  basic_isa_instance/u_exe_u_alu_top_u_arith_sub_88_27_Y_u_alu_top_u_arith_add_87_27/g106/z  (u)     in_1->z F     unmapped_nand2         4 10.8     0    53    1201    (-,-) 
  basic_isa_instance/u_exe_u_alu_top_u_arith_sub_88_27_Y_u_alu_top_u_arith_add_87_27/g2071/z (u)     in_0->z R     unmapped_complex2      1  2.9     0    35    1236    (-,-) 
  basic_isa_instance/u_exe_u_alu_top_u_arith_sub_88_27_Y_u_alu_top_u_arith_add_87_27/g2053/z (u)     in_0->z F     unmapped_complex2      6 16.2     0    62    1298    (-,-) 
  basic_isa_instance/u_exe_u_alu_top_u_arith_sub_88_27_Y_u_alu_top_u_arith_add_87_27/g636/z  (u)     in_0->z R     unmapped_complex2      1  2.9     0    35    1333    (-,-) 
  basic_isa_instance/u_exe_u_alu_top_u_arith_sub_88_27_Y_u_alu_top_u_arith_add_87_27/g2018/z (u)     in_0->z F     unmapped_complex2     10 27.0     0    77    1410    (-,-) 
  basic_isa_instance/u_exe_u_alu_top_u_arith_sub_88_27_Y_u_alu_top_u_arith_add_87_27/g1999/z (u)     in_0->z R     unmapped_complex2      1  2.9     0    35    1445    (-,-) 
  basic_isa_instance/u_exe_u_alu_top_u_arith_sub_88_27_Y_u_alu_top_u_arith_add_87_27/g1992/z (u)     in_0->z F     unmapped_complex2     17 13.5     0    79    1523    (-,-) 
  basic_isa_instance/u_exe_u_alu_top_u_arith_sub_88_27_Y_u_alu_top_u_arith_add_87_27/g667/z  (u)     in_0->z R     unmapped_complex2      1  2.9     0    35    1558    (-,-) 
  basic_isa_instance/u_exe_u_alu_top_u_arith_sub_88_27_Y_u_alu_top_u_arith_add_87_27/g1946/z (u)     in_0->z F     unmapped_complex2      2  5.4     0    42    1600    (-,-) 
  basic_isa_instance/u_exe_u_alu_top_u_arith_sub_88_27_Y_u_alu_top_u_arith_add_87_27/g1933/z (u)     in_0->z F     unmapped_or2           1  2.7     0    35    1635    (-,-) 
  basic_isa_instance/u_exe_u_alu_top_u_arith_sub_88_27_Y_u_alu_top_u_arith_add_87_27/g1934/z (u)     in_1->z R     unmapped_nand2         2  5.8     0    42    1677    (-,-) 
  basic_isa_instance/u_exe_g15831/z                                                          (u)     in_1->z R     unmapped_or2           1  2.9     0    35    1712    (-,-) 
  basic_isa_instance/u_exe_g15658/z                                                          (u)     in_1->z R     unmapped_or2           1  2.9     0    35    1747    (-,-) 
  basic_isa_instance/u_exe_g15303/z                                                          (u)     in_0->z F     unmapped_nand2         1  2.7     0    35    1782    (-,-) 
  basic_isa_instance/u_exe_g14001/z                                                          (u)     in_1->z R     unmapped_complex2      1  2.9     0    35    1817    (-,-) 
  basic_isa_instance/u_exe_g13990/z                                                          (u)     in_1->z R     unmapped_or2           1  2.9     0    35    1852    (-,-) 
  basic_isa_instance/u_exe_g15914/z                                                          (u)     in_1->z F     unmapped_nor2          2  5.4     0    42    1894    (-,-) 
  basic_isa_instance/g7610/z                                                                 (u)     in_1->z F     unmapped_or2           1  2.7     0    35    1929    (-,-) 
  basic_isa_instance/g7459/z                                                                 (u)     in_1->z R     unmapped_complex2      1  2.9     0    35    1964    (-,-) 
  basic_isa_instance/g7372/z                                                                 (u)     in_0->z R     unmapped_complex2      1  2.9     0    35    1999    (-,-) 
  basic_isa_instance/g7158/z                                                                 (u)     in_1->z R     unmapped_or2          40 20.3     0    91    2090    (-,-) 
  basic_isa_instance/g12324/z                                                                (u)     in_1->z R     unmapped_or2          10 29.0     0    77    2167    (-,-) 
  basic_isa_instance/g15904/z                                                                (u)     in_0->z R     unmapped_complex2      5 14.5     0    57    2224    (-,-) 
  basic_isa_instance/g17670/z                                                                (u)     in_0->z F     unmapped_complex2      2  5.4     0    42    2266    (-,-) 
  basic_isa_instance/g13428/z                                                                (u)     in_1->z F     unmapped_or2           1  2.7     0    35    2301    (-,-) 
  basic_isa_instance/g17293/z                                                                (u)     in_1->z R     unmapped_nand2         4 11.6     0    53    2354    (-,-) 
  basic_isa_instance/g17233/z                                                                (u)     in_0->z R     unmapped_complex2      2  5.8     0    42    2396    (-,-) 
  basic_isa_instance/g16321/z                                                                (u)     in_0->z F     unmapped_nand2         4 10.8     0    53    2449    (-,-) 
  basic_isa_instance/g16048/z                                                                (u)     in_0->z F     unmapped_complex2      1  2.7     0    35    2484    (-,-) 
  basic_isa_instance/g15958/z                                                                (u)     in_1->z R     unmapped_nand2         1  2.9     0    35    2519    (-,-) 
  basic_isa_instance/g15921/z                                                                (u)     in_1->z R     unmapped_complex2      1  2.9     0    35    2554    (-,-) 
  basic_isa_instance/u_id_ex_imm_ex_reg[1]/d                                                 -       -       R     unmapped_d_flop        1    -     -     0    2554    (-,-) 
#-----------------------------------------------------------------------------------------------------------------------------------------------------------------------------

(u) : Net has unmapped pin(s).



Path 20: VIOLATED (-126 ps) Setup Check with Pin basic_isa_instance/u_id_ex_imm_ex_reg[31]/clk->d
          Group: core_clk
     Startpoint: (R) basic_isa_instance/u_ex_mem_inst_mem_o_reg[9]/clk
          Clock: (R) core_clk
       Endpoint: (R) basic_isa_instance/u_id_ex_imm_ex_reg[31]/d
          Clock: (R) core_clk

                     Capture       Launch     
        Clock Edge:+    2500            0     
       Src Latency:+       0            0     
       Net Latency:+       0 (I)        0 (I) 
           Arrival:=    2500            0     
                                              
             Setup:-      90                  
     Required Time:=    2410                  
      Launch Clock:-       0                  
         Data Path:-    2536                  
             Slack:=    -126                  

#-----------------------------------------------------------------------------------------------------------------------------------------------------------------------------
#                                       Timing Point                                         Flags    Arc    Edge       Cell         Fanout Load Trans Delay Arrival Instance 
#                                                                                                                                           (fF)  (ps)  (ps)   (ps)  Location 
#-----------------------------------------------------------------------------------------------------------------------------------------------------------------------------
  basic_isa_instance/u_ex_mem_inst_mem_o_reg[9]/clk                                          -       -       R     (arrival)            139    -     0     -       0    (-,-) 
  basic_isa_instance/u_ex_mem_inst_mem_o_reg[9]/q                                            (u)     clk->q  F     unmapped_d_flop        7 18.9     0   326     326    (-,-) 
  basic_isa_instance/g5881/z                                                                 (u)     in_1->z F     unmapped_or2           1  2.7     0    35     362    (-,-) 
  basic_isa_instance/g5736/z                                                                 (u)     in_1->z F     unmapped_or2           1  2.7     0    35     396    (-,-) 
  basic_isa_instance/g5720/z                                                                 (u)     in_1->z F     unmapped_or2           1  2.7     0    35     432    (-,-) 
  basic_isa_instance/g5710/z                                                                 (u)     in_0->z R     unmapped_nand2         2  5.8     0    42     473    (-,-) 
  basic_isa_instance/g5705/z                                                                 (u)     in_0->z R     unmapped_complex2      1  2.9     0    35     508    (-,-) 
  basic_isa_instance/g5699/z                                                                 (u)     in_0->z R     unmapped_or2          34 17.4     0    85     594    (-,-) 
  basic_isa_instance/g5691/z                                                                 (u)     in_0->z F     unmapped_complex2      1  2.7     0    35     628    (-,-) 
  basic_isa_instance/g5923/z                                                                 (u)     in_1->z R     unmapped_nor2         33 17.4     0    85     714    (-,-) 
  basic_isa_instance/g20037/z                                                                (u)     in_1->z R     unmapped_complex2     32 17.4     0    85     799    (-,-) 
  basic_isa_instance/g20193/z                                                                (u)     in_1->z R     unmapped_complex2      1  2.9     0    35     834    (-,-) 
  basic_isa_instance/u_exe_g4888/z                                                           (u)     in_1->z F     unmapped_complex2      2  5.4     0    42     876    (-,-) 
  basic_isa_instance/u_exe_g4868/z                                                           (u)     in_0->z R     unmapped_nand2         1  2.9     0    35     911    (-,-) 
  basic_isa_instance/u_exe_g4755/z                                                           (u)     in_0->z F     unmapped_nand2        12 32.4     0    84     995    (-,-) 
  basic_isa_instance/u_exe_u_alu_top_u_arith_sub_88_27_Y_u_alu_top_u_arith_add_87_27/g2324/z (u)     in_1->z R     unmapped_nand2         1  2.9     0    35    1030    (-,-) 
  basic_isa_instance/u_exe_u_alu_top_u_arith_sub_88_27_Y_u_alu_top_u_arith_add_87_27/g2222/z (u)     in_1->z F     unmapped_nand2         1  2.7     0    35    1065    (-,-) 
  basic_isa_instance/u_exe_u_alu_top_u_arith_sub_88_27_Y_u_alu_top_u_arith_add_87_27/g2146/z (u)     in_1->z F     unmapped_complex2      3  8.1     0    48    1113    (-,-) 
  basic_isa_instance/u_exe_u_alu_top_u_arith_sub_88_27_Y_u_alu_top_u_arith_add_87_27/g552/z  (u)     in_0->z R     unmapped_complex2      1  2.9     0    35    1148    (-,-) 
  basic_isa_instance/u_exe_u_alu_top_u_arith_sub_88_27_Y_u_alu_top_u_arith_add_87_27/g106/z  (u)     in_1->z F     unmapped_nand2         4 10.8     0    53    1201    (-,-) 
  basic_isa_instance/u_exe_u_alu_top_u_arith_sub_88_27_Y_u_alu_top_u_arith_add_87_27/g2071/z (u)     in_0->z R     unmapped_complex2      1  2.9     0    35    1236    (-,-) 
  basic_isa_instance/u_exe_u_alu_top_u_arith_sub_88_27_Y_u_alu_top_u_arith_add_87_27/g2053/z (u)     in_0->z F     unmapped_complex2      6 16.2     0    62    1298    (-,-) 
  basic_isa_instance/u_exe_u_alu_top_u_arith_sub_88_27_Y_u_alu_top_u_arith_add_87_27/g636/z  (u)     in_0->z R     unmapped_complex2      1  2.9     0    35    1333    (-,-) 
  basic_isa_instance/u_exe_u_alu_top_u_arith_sub_88_27_Y_u_alu_top_u_arith_add_87_27/g2018/z (u)     in_0->z F     unmapped_complex2     10 27.0     0    77    1410    (-,-) 
  basic_isa_instance/u_exe_u_alu_top_u_arith_sub_88_27_Y_u_alu_top_u_arith_add_87_27/g1999/z (u)     in_0->z R     unmapped_complex2      1  2.9     0    35    1445    (-,-) 
  basic_isa_instance/u_exe_u_alu_top_u_arith_sub_88_27_Y_u_alu_top_u_arith_add_87_27/g1992/z (u)     in_0->z F     unmapped_complex2     17 13.5     0    79    1523    (-,-) 
  basic_isa_instance/u_exe_u_alu_top_u_arith_sub_88_27_Y_u_alu_top_u_arith_add_87_27/g667/z  (u)     in_0->z R     unmapped_complex2      1  2.9     0    35    1558    (-,-) 
  basic_isa_instance/u_exe_u_alu_top_u_arith_sub_88_27_Y_u_alu_top_u_arith_add_87_27/g1946/z (u)     in_0->z F     unmapped_complex2      2  5.4     0    42    1600    (-,-) 
  basic_isa_instance/u_exe_u_alu_top_u_arith_sub_88_27_Y_u_alu_top_u_arith_add_87_27/g1933/z (u)     in_0->z F     unmapped_or2           1  2.7     0    35    1635    (-,-) 
  basic_isa_instance/u_exe_u_alu_top_u_arith_sub_88_27_Y_u_alu_top_u_arith_add_87_27/g1934/z (u)     in_1->z R     unmapped_nand2         2  5.8     0    42    1677    (-,-) 
  basic_isa_instance/u_exe_g15831/z                                                          (u)     in_1->z R     unmapped_or2           1  2.9     0    35    1712    (-,-) 
  basic_isa_instance/u_exe_g15658/z                                                          (u)     in_1->z R     unmapped_or2           1  2.9     0    35    1747    (-,-) 
  basic_isa_instance/u_exe_g15303/z                                                          (u)     in_0->z F     unmapped_nand2         1  2.7     0    35    1782    (-,-) 
  basic_isa_instance/u_exe_g14001/z                                                          (u)     in_1->z R     unmapped_complex2      1  2.9     0    35    1817    (-,-) 
  basic_isa_instance/u_exe_g13990/z                                                          (u)     in_1->z R     unmapped_or2           1  2.9     0    35    1852    (-,-) 
  basic_isa_instance/u_exe_g15914/z                                                          (u)     in_1->z F     unmapped_nor2          2  5.4     0    42    1894    (-,-) 
  basic_isa_instance/g7610/z                                                                 (u)     in_1->z F     unmapped_or2           1  2.7     0    35    1929    (-,-) 
  basic_isa_instance/g7459/z                                                                 (u)     in_1->z R     unmapped_complex2      1  2.9     0    35    1964    (-,-) 
  basic_isa_instance/g7372/z                                                                 (u)     in_0->z R     unmapped_complex2      1  2.9     0    35    1999    (-,-) 
  basic_isa_instance/g7158/z                                                                 (u)     in_1->z R     unmapped_or2          40 20.3     0    91    2090    (-,-) 
  basic_isa_instance/g12324/z                                                                (u)     in_1->z R     unmapped_or2          10 29.0     0    77    2167    (-,-) 
  basic_isa_instance/g15904/z                                                                (u)     in_0->z R     unmapped_complex2      5 14.5     0    57    2224    (-,-) 
  basic_isa_instance/g17670/z                                                                (u)     in_0->z F     unmapped_complex2      2  5.4     0    42    2266    (-,-) 
  basic_isa_instance/g13428/z                                                                (u)     in_1->z F     unmapped_or2           1  2.7     0    35    2301    (-,-) 
  basic_isa_instance/g17293/z                                                                (u)     in_1->z R     unmapped_nand2         4 11.6     0    53    2354    (-,-) 
  basic_isa_instance/g17233/z                                                                (u)     in_0->z R     unmapped_complex2      2  5.8     0    42    2396    (-,-) 
  basic_isa_instance/g13263/z                                                                (u)     in_0->z R     unmapped_or2           8 23.2     0    70    2466    (-,-) 
  basic_isa_instance/g13434/z                                                                (u)     in_0->z R     unmapped_complex2      1  2.9     0    35    2501    (-,-) 
  basic_isa_instance/g19421/z                                                                (u)     in_0->z R     unmapped_complex2      1  2.9     0    35    2536    (-,-) 
  basic_isa_instance/u_id_ex_imm_ex_reg[31]/d                                                -       -       R     unmapped_d_flop        1    -     -     0    2536    (-,-) 
#-----------------------------------------------------------------------------------------------------------------------------------------------------------------------------

(u) : Net has unmapped pin(s).



Path 21: VIOLATED (-123 ps) Setup Check with Pin basic_isa_instance/u_id_ex_imm_ex_reg[0]/clk->d
          Group: core_clk
     Startpoint: (R) basic_isa_instance/u_ex_mem_inst_mem_o_reg[9]/clk
          Clock: (R) core_clk
       Endpoint: (R) basic_isa_instance/u_id_ex_imm_ex_reg[0]/d
          Clock: (R) core_clk

                     Capture       Launch     
        Clock Edge:+    2500            0     
       Src Latency:+       0            0     
       Net Latency:+       0 (I)        0 (I) 
           Arrival:=    2500            0     
                                              
             Setup:-      90                  
     Required Time:=    2410                  
      Launch Clock:-       0                  
         Data Path:-    2533                  
             Slack:=    -123                  

#-----------------------------------------------------------------------------------------------------------------------------------------------------------------------------
#                                       Timing Point                                         Flags    Arc    Edge       Cell         Fanout Load Trans Delay Arrival Instance 
#                                                                                                                                           (fF)  (ps)  (ps)   (ps)  Location 
#-----------------------------------------------------------------------------------------------------------------------------------------------------------------------------
  basic_isa_instance/u_ex_mem_inst_mem_o_reg[9]/clk                                          -       -       R     (arrival)            139    -     0     -       0    (-,-) 
  basic_isa_instance/u_ex_mem_inst_mem_o_reg[9]/q                                            (u)     clk->q  R     unmapped_d_flop        7 20.3     0   326     326    (-,-) 
  basic_isa_instance/g5881/z                                                                 (u)     in_1->z R     unmapped_or2           1  2.9     0    35     362    (-,-) 
  basic_isa_instance/g5736/z                                                                 (u)     in_1->z R     unmapped_or2           1  2.9     0    35     396    (-,-) 
  basic_isa_instance/g5720/z                                                                 (u)     in_1->z R     unmapped_or2           1  2.9     0    35     432    (-,-) 
  basic_isa_instance/g5710/z                                                                 (u)     in_0->z F     unmapped_nand2         2  5.4     0    42     473    (-,-) 
  basic_isa_instance/g5705/z                                                                 (u)     in_0->z F     unmapped_complex2      1  2.7     0    35     508    (-,-) 
  basic_isa_instance/g5699/z                                                                 (u)     in_0->z F     unmapped_or2          34 16.2     0    85     594    (-,-) 
  basic_isa_instance/g5691/z                                                                 (u)     in_0->z R     unmapped_complex2      1  2.9     0    35     628    (-,-) 
  basic_isa_instance/g5923/z                                                                 (u)     in_1->z F     unmapped_nor2         33 16.2     0    85     714    (-,-) 
  basic_isa_instance/g20037/z                                                                (u)     in_1->z F     unmapped_complex2     32 16.2     0    85     799    (-,-) 
  basic_isa_instance/g20193/z                                                                (u)     in_1->z F     unmapped_complex2      1  2.7     0    35     834    (-,-) 
  basic_isa_instance/u_exe_g4888/z                                                           (u)     in_1->z R     unmapped_complex2      2  5.8     0    42     876    (-,-) 
  basic_isa_instance/u_exe_g4868/z                                                           (u)     in_0->z F     unmapped_nand2         1  2.7     0    35     911    (-,-) 
  basic_isa_instance/u_exe_g4755/z                                                           (u)     in_0->z R     unmapped_nand2        12 34.8     0    84     995    (-,-) 
  basic_isa_instance/u_exe_u_alu_top_u_arith_sub_88_27_Y_u_alu_top_u_arith_add_87_27/g2324/z (u)     in_1->z F     unmapped_nand2         1  2.7     0    35    1030    (-,-) 
  basic_isa_instance/u_exe_u_alu_top_u_arith_sub_88_27_Y_u_alu_top_u_arith_add_87_27/g2222/z (u)     in_1->z R     unmapped_nand2         1  2.9     0    35    1065    (-,-) 
  basic_isa_instance/u_exe_u_alu_top_u_arith_sub_88_27_Y_u_alu_top_u_arith_add_87_27/g2146/z (u)     in_1->z R     unmapped_complex2      3  8.7     0    48    1113    (-,-) 
  basic_isa_instance/u_exe_u_alu_top_u_arith_sub_88_27_Y_u_alu_top_u_arith_add_87_27/g552/z  (u)     in_0->z F     unmapped_complex2      1  2.7     0    35    1148    (-,-) 
  basic_isa_instance/u_exe_u_alu_top_u_arith_sub_88_27_Y_u_alu_top_u_arith_add_87_27/g106/z  (u)     in_1->z R     unmapped_nand2         4 11.6     0    53    1201    (-,-) 
  basic_isa_instance/u_exe_u_alu_top_u_arith_sub_88_27_Y_u_alu_top_u_arith_add_87_27/g2071/z (u)     in_0->z F     unmapped_complex2      1  2.7     0    35    1236    (-,-) 
  basic_isa_instance/u_exe_u_alu_top_u_arith_sub_88_27_Y_u_alu_top_u_arith_add_87_27/g2053/z (u)     in_0->z R     unmapped_complex2      6 17.4     0    62    1298    (-,-) 
  basic_isa_instance/u_exe_u_alu_top_u_arith_sub_88_27_Y_u_alu_top_u_arith_add_87_27/g636/z  (u)     in_0->z F     unmapped_complex2      1  2.7     0    35    1333    (-,-) 
  basic_isa_instance/u_exe_u_alu_top_u_arith_sub_88_27_Y_u_alu_top_u_arith_add_87_27/g2018/z (u)     in_0->z R     unmapped_complex2     10 29.0     0    77    1410    (-,-) 
  basic_isa_instance/u_exe_u_alu_top_u_arith_sub_88_27_Y_u_alu_top_u_arith_add_87_27/g1999/z (u)     in_0->z F     unmapped_complex2      1  2.7     0    35    1445    (-,-) 
  basic_isa_instance/u_exe_u_alu_top_u_arith_sub_88_27_Y_u_alu_top_u_arith_add_87_27/g1992/z (u)     in_0->z R     unmapped_complex2     17 14.5     0    79    1523    (-,-) 
  basic_isa_instance/u_exe_u_alu_top_u_arith_sub_88_27_Y_u_alu_top_u_arith_add_87_27/g667/z  (u)     in_0->z F     unmapped_complex2      1  2.7     0    35    1558    (-,-) 
  basic_isa_instance/u_exe_u_alu_top_u_arith_sub_88_27_Y_u_alu_top_u_arith_add_87_27/g1946/z (u)     in_0->z R     unmapped_complex2      2  5.8     0    42    1600    (-,-) 
  basic_isa_instance/u_exe_u_alu_top_u_arith_sub_88_27_Y_u_alu_top_u_arith_add_87_27/g1933/z (u)     in_0->z R     unmapped_or2           1  2.9     0    35    1635    (-,-) 
  basic_isa_instance/u_exe_u_alu_top_u_arith_sub_88_27_Y_u_alu_top_u_arith_add_87_27/g1934/z (u)     in_1->z F     unmapped_nand2         2  5.4     0    42    1677    (-,-) 
  basic_isa_instance/u_exe_g15831/z                                                          (u)     in_1->z F     unmapped_or2           1  2.7     0    35    1712    (-,-) 
  basic_isa_instance/u_exe_g15658/z                                                          (u)     in_1->z F     unmapped_or2           1  2.7     0    35    1747    (-,-) 
  basic_isa_instance/u_exe_g15303/z                                                          (u)     in_0->z R     unmapped_nand2         1  2.9     0    35    1782    (-,-) 
  basic_isa_instance/u_exe_g14001/z                                                          (u)     in_1->z F     unmapped_complex2      1  2.7     0    35    1817    (-,-) 
  basic_isa_instance/u_exe_g13990/z                                                          (u)     in_1->z F     unmapped_or2           1  2.7     0    35    1852    (-,-) 
  basic_isa_instance/u_exe_g15914/z                                                          (u)     in_1->z R     unmapped_nor2          2  5.8     0    42    1894    (-,-) 
  basic_isa_instance/g7610/z                                                                 (u)     in_1->z R     unmapped_or2           1  2.9     0    35    1929    (-,-) 
  basic_isa_instance/g7459/z                                                                 (u)     in_1->z F     unmapped_complex2      1  2.7     0    35    1964    (-,-) 
  basic_isa_instance/g7372/z                                                                 (u)     in_0->z F     unmapped_complex2      1  2.7     0    35    1999    (-,-) 
  basic_isa_instance/g7158/z                                                                 (u)     in_1->z F     unmapped_or2          40 18.9     0    91    2090    (-,-) 
  basic_isa_instance/g12324/z                                                                (u)     in_1->z F     unmapped_or2          10 27.0     0    77    2167    (-,-) 
  basic_isa_instance/g16369/z                                                                (u)     in_1->z F     unmapped_or2           1  2.7     0    35    2202    (-,-) 
  basic_isa_instance/g16366/z                                                                (u)     in_0->z R     unmapped_complex2    151 17.4     0   109    2311    (-,-) 
  basic_isa_instance/g20072/z                                                                (u)     in_0->z F     unmapped_complex2      4 10.8     0    53    2364    (-,-) 
  basic_isa_instance/g16008/z                                                                (u)     in_1->z F     unmapped_complex2      2  5.4     0    42    2406    (-,-) 
  basic_isa_instance/g15977/z                                                                (u)     in_1->z F     unmapped_or2           5 13.5     0    57    2463    (-,-) 
  basic_isa_instance/g15929/z                                                                (u)     in_0->z F     unmapped_complex2      1  2.7     0    35    2498    (-,-) 
  basic_isa_instance/g15916/z                                                                (u)     in_0->z R     unmapped_complex2      1  2.9     0    35    2533    (-,-) 
  basic_isa_instance/u_id_ex_imm_ex_reg[0]/d                                                 -       -       R     unmapped_d_flop        1    -     -     0    2533    (-,-) 
#-----------------------------------------------------------------------------------------------------------------------------------------------------------------------------

(u) : Net has unmapped pin(s).



Path 22: VIOLATED (-107 ps) Setup Check with Pin basic_isa_instance/u_id_ex_wb_reg_file_ex_reg/clk->d
          Group: core_clk
     Startpoint: (R) basic_isa_instance/u_ex_mem_inst_mem_o_reg[9]/clk
          Clock: (R) core_clk
       Endpoint: (R) basic_isa_instance/u_id_ex_wb_reg_file_ex_reg/d
          Clock: (R) core_clk

                     Capture       Launch     
        Clock Edge:+    2500            0     
       Src Latency:+       0            0     
       Net Latency:+       0 (I)        0 (I) 
           Arrival:=    2500            0     
                                              
             Setup:-      90                  
     Required Time:=    2410                  
      Launch Clock:-       0                  
         Data Path:-    2517                  
             Slack:=    -107                  

#-----------------------------------------------------------------------------------------------------------------------------------------------------------------------------
#                                       Timing Point                                         Flags    Arc    Edge       Cell         Fanout Load Trans Delay Arrival Instance 
#                                                                                                                                           (fF)  (ps)  (ps)   (ps)  Location 
#-----------------------------------------------------------------------------------------------------------------------------------------------------------------------------
  basic_isa_instance/u_ex_mem_inst_mem_o_reg[9]/clk                                          -       -       R     (arrival)            139    -     0     -       0    (-,-) 
  basic_isa_instance/u_ex_mem_inst_mem_o_reg[9]/q                                            (u)     clk->q  R     unmapped_d_flop        7 20.3     0   326     326    (-,-) 
  basic_isa_instance/g5881/z                                                                 (u)     in_1->z R     unmapped_or2           1  2.9     0    35     362    (-,-) 
  basic_isa_instance/g5736/z                                                                 (u)     in_1->z R     unmapped_or2           1  2.9     0    35     396    (-,-) 
  basic_isa_instance/g5720/z                                                                 (u)     in_1->z R     unmapped_or2           1  2.9     0    35     432    (-,-) 
  basic_isa_instance/g5710/z                                                                 (u)     in_0->z F     unmapped_nand2         2  5.4     0    42     473    (-,-) 
  basic_isa_instance/g5705/z                                                                 (u)     in_0->z F     unmapped_complex2      1  2.7     0    35     508    (-,-) 
  basic_isa_instance/g5699/z                                                                 (u)     in_0->z F     unmapped_or2          34 16.2     0    85     594    (-,-) 
  basic_isa_instance/g5691/z                                                                 (u)     in_0->z R     unmapped_complex2      1  2.9     0    35     628    (-,-) 
  basic_isa_instance/g5923/z                                                                 (u)     in_1->z F     unmapped_nor2         33 16.2     0    85     714    (-,-) 
  basic_isa_instance/g20037/z                                                                (u)     in_1->z F     unmapped_complex2     32 16.2     0    85     799    (-,-) 
  basic_isa_instance/g20193/z                                                                (u)     in_1->z F     unmapped_complex2      1  2.7     0    35     834    (-,-) 
  basic_isa_instance/u_exe_g4888/z                                                           (u)     in_1->z R     unmapped_complex2      2  5.8     0    42     876    (-,-) 
  basic_isa_instance/u_exe_g4868/z                                                           (u)     in_0->z F     unmapped_nand2         1  2.7     0    35     911    (-,-) 
  basic_isa_instance/u_exe_g4755/z                                                           (u)     in_0->z R     unmapped_nand2        12 34.8     0    84     995    (-,-) 
  basic_isa_instance/u_exe_u_alu_top_u_arith_sub_88_27_Y_u_alu_top_u_arith_add_87_27/g2324/z (u)     in_1->z F     unmapped_nand2         1  2.7     0    35    1030    (-,-) 
  basic_isa_instance/u_exe_u_alu_top_u_arith_sub_88_27_Y_u_alu_top_u_arith_add_87_27/g2222/z (u)     in_1->z R     unmapped_nand2         1  2.9     0    35    1065    (-,-) 
  basic_isa_instance/u_exe_u_alu_top_u_arith_sub_88_27_Y_u_alu_top_u_arith_add_87_27/g2146/z (u)     in_1->z R     unmapped_complex2      3  8.7     0    48    1113    (-,-) 
  basic_isa_instance/u_exe_u_alu_top_u_arith_sub_88_27_Y_u_alu_top_u_arith_add_87_27/g552/z  (u)     in_0->z F     unmapped_complex2      1  2.7     0    35    1148    (-,-) 
  basic_isa_instance/u_exe_u_alu_top_u_arith_sub_88_27_Y_u_alu_top_u_arith_add_87_27/g106/z  (u)     in_1->z R     unmapped_nand2         4 11.6     0    53    1201    (-,-) 
  basic_isa_instance/u_exe_u_alu_top_u_arith_sub_88_27_Y_u_alu_top_u_arith_add_87_27/g2071/z (u)     in_0->z F     unmapped_complex2      1  2.7     0    35    1236    (-,-) 
  basic_isa_instance/u_exe_u_alu_top_u_arith_sub_88_27_Y_u_alu_top_u_arith_add_87_27/g2053/z (u)     in_0->z R     unmapped_complex2      6 17.4     0    62    1298    (-,-) 
  basic_isa_instance/u_exe_u_alu_top_u_arith_sub_88_27_Y_u_alu_top_u_arith_add_87_27/g636/z  (u)     in_0->z F     unmapped_complex2      1  2.7     0    35    1333    (-,-) 
  basic_isa_instance/u_exe_u_alu_top_u_arith_sub_88_27_Y_u_alu_top_u_arith_add_87_27/g2018/z (u)     in_0->z R     unmapped_complex2     10 29.0     0    77    1410    (-,-) 
  basic_isa_instance/u_exe_u_alu_top_u_arith_sub_88_27_Y_u_alu_top_u_arith_add_87_27/g1999/z (u)     in_0->z F     unmapped_complex2      1  2.7     0    35    1445    (-,-) 
  basic_isa_instance/u_exe_u_alu_top_u_arith_sub_88_27_Y_u_alu_top_u_arith_add_87_27/g1992/z (u)     in_0->z R     unmapped_complex2     17 14.5     0    79    1523    (-,-) 
  basic_isa_instance/u_exe_u_alu_top_u_arith_sub_88_27_Y_u_alu_top_u_arith_add_87_27/g667/z  (u)     in_0->z F     unmapped_complex2      1  2.7     0    35    1558    (-,-) 
  basic_isa_instance/u_exe_u_alu_top_u_arith_sub_88_27_Y_u_alu_top_u_arith_add_87_27/g1946/z (u)     in_0->z R     unmapped_complex2      2  5.8     0    42    1600    (-,-) 
  basic_isa_instance/u_exe_u_alu_top_u_arith_sub_88_27_Y_u_alu_top_u_arith_add_87_27/g1933/z (u)     in_0->z R     unmapped_or2           1  2.9     0    35    1635    (-,-) 
  basic_isa_instance/u_exe_u_alu_top_u_arith_sub_88_27_Y_u_alu_top_u_arith_add_87_27/g1934/z (u)     in_1->z F     unmapped_nand2         2  5.4     0    42    1677    (-,-) 
  basic_isa_instance/u_exe_g15831/z                                                          (u)     in_1->z F     unmapped_or2           1  2.7     0    35    1712    (-,-) 
  basic_isa_instance/u_exe_g15658/z                                                          (u)     in_1->z F     unmapped_or2           1  2.7     0    35    1747    (-,-) 
  basic_isa_instance/u_exe_g15303/z                                                          (u)     in_0->z R     unmapped_nand2         1  2.9     0    35    1782    (-,-) 
  basic_isa_instance/u_exe_g14001/z                                                          (u)     in_1->z F     unmapped_complex2      1  2.7     0    35    1817    (-,-) 
  basic_isa_instance/u_exe_g13990/z                                                          (u)     in_1->z F     unmapped_or2           1  2.7     0    35    1852    (-,-) 
  basic_isa_instance/u_exe_g15914/z                                                          (u)     in_1->z R     unmapped_nor2          2  5.8     0    42    1894    (-,-) 
  basic_isa_instance/g7610/z                                                                 (u)     in_1->z R     unmapped_or2           1  2.9     0    35    1929    (-,-) 
  basic_isa_instance/g7459/z                                                                 (u)     in_1->z F     unmapped_complex2      1  2.7     0    35    1964    (-,-) 
  basic_isa_instance/g7372/z                                                                 (u)     in_0->z F     unmapped_complex2      1  2.7     0    35    1999    (-,-) 
  basic_isa_instance/g7158/z                                                                 (u)     in_1->z F     unmapped_or2          40 18.9     0    91    2090    (-,-) 
  basic_isa_instance/g12324/z                                                                (u)     in_1->z F     unmapped_or2          10 27.0     0    77    2167    (-,-) 
  basic_isa_instance/g16369/z                                                                (u)     in_1->z F     unmapped_or2           1  2.7     0    35    2202    (-,-) 
  basic_isa_instance/g16366/z                                                                (u)     in_0->z R     unmapped_complex2    151 17.4     0   109    2311    (-,-) 
  basic_isa_instance/g16157/z                                                                (u)     in_0->z F     unmapped_nand2         2  5.4     0    42    2353    (-,-) 
  basic_isa_instance/g16005/z                                                                (u)     in_1->z F     unmapped_or2           2  5.4     0    42    2394    (-,-) 
  basic_isa_instance/g15979/z                                                                (u)     in_0->z F     unmapped_complex2      4 10.8     0    53    2447    (-,-) 
  basic_isa_instance/g15928/z                                                                (u)     in_0->z R     unmapped_complex2      1  2.9     0    35    2482    (-,-) 
  basic_isa_instance/g15918/z                                                                (u)     in_0->z R     unmapped_complex2      1  2.9     0    35    2517    (-,-) 
  basic_isa_instance/u_id_ex_wb_reg_file_ex_reg/d                                            -       -       R     unmapped_d_flop        1    -     -     0    2517    (-,-) 
#-----------------------------------------------------------------------------------------------------------------------------------------------------------------------------

(u) : Net has unmapped pin(s).



Path 23: VIOLATED (-107 ps) Setup Check with Pin basic_isa_instance/u_id_ex_alu_ctrl_ex_reg[0]/clk->d
          Group: core_clk
     Startpoint: (R) basic_isa_instance/u_ex_mem_inst_mem_o_reg[9]/clk
          Clock: (R) core_clk
       Endpoint: (R) basic_isa_instance/u_id_ex_alu_ctrl_ex_reg[0]/d
          Clock: (R) core_clk

                     Capture       Launch     
        Clock Edge:+    2500            0     
       Src Latency:+       0            0     
       Net Latency:+       0 (I)        0 (I) 
           Arrival:=    2500            0     
                                              
             Setup:-      90                  
     Required Time:=    2410                  
      Launch Clock:-       0                  
         Data Path:-    2517                  
             Slack:=    -107                  

#-----------------------------------------------------------------------------------------------------------------------------------------------------------------------------
#                                       Timing Point                                         Flags    Arc    Edge       Cell         Fanout Load Trans Delay Arrival Instance 
#                                                                                                                                           (fF)  (ps)  (ps)   (ps)  Location 
#-----------------------------------------------------------------------------------------------------------------------------------------------------------------------------
  basic_isa_instance/u_ex_mem_inst_mem_o_reg[9]/clk                                          -       -       R     (arrival)            139    -     0     -       0    (-,-) 
  basic_isa_instance/u_ex_mem_inst_mem_o_reg[9]/q                                            (u)     clk->q  R     unmapped_d_flop        7 20.3     0   326     326    (-,-) 
  basic_isa_instance/g5881/z                                                                 (u)     in_1->z R     unmapped_or2           1  2.9     0    35     362    (-,-) 
  basic_isa_instance/g5736/z                                                                 (u)     in_1->z R     unmapped_or2           1  2.9     0    35     396    (-,-) 
  basic_isa_instance/g5720/z                                                                 (u)     in_1->z R     unmapped_or2           1  2.9     0    35     432    (-,-) 
  basic_isa_instance/g5710/z                                                                 (u)     in_0->z F     unmapped_nand2         2  5.4     0    42     473    (-,-) 
  basic_isa_instance/g5705/z                                                                 (u)     in_0->z F     unmapped_complex2      1  2.7     0    35     508    (-,-) 
  basic_isa_instance/g5699/z                                                                 (u)     in_0->z F     unmapped_or2          34 16.2     0    85     594    (-,-) 
  basic_isa_instance/g5691/z                                                                 (u)     in_0->z R     unmapped_complex2      1  2.9     0    35     628    (-,-) 
  basic_isa_instance/g5923/z                                                                 (u)     in_1->z F     unmapped_nor2         33 16.2     0    85     714    (-,-) 
  basic_isa_instance/g20037/z                                                                (u)     in_1->z F     unmapped_complex2     32 16.2     0    85     799    (-,-) 
  basic_isa_instance/g20193/z                                                                (u)     in_1->z F     unmapped_complex2      1  2.7     0    35     834    (-,-) 
  basic_isa_instance/u_exe_g4888/z                                                           (u)     in_1->z R     unmapped_complex2      2  5.8     0    42     876    (-,-) 
  basic_isa_instance/u_exe_g4868/z                                                           (u)     in_0->z F     unmapped_nand2         1  2.7     0    35     911    (-,-) 
  basic_isa_instance/u_exe_g4755/z                                                           (u)     in_0->z R     unmapped_nand2        12 34.8     0    84     995    (-,-) 
  basic_isa_instance/u_exe_u_alu_top_u_arith_sub_88_27_Y_u_alu_top_u_arith_add_87_27/g2324/z (u)     in_1->z F     unmapped_nand2         1  2.7     0    35    1030    (-,-) 
  basic_isa_instance/u_exe_u_alu_top_u_arith_sub_88_27_Y_u_alu_top_u_arith_add_87_27/g2222/z (u)     in_1->z R     unmapped_nand2         1  2.9     0    35    1065    (-,-) 
  basic_isa_instance/u_exe_u_alu_top_u_arith_sub_88_27_Y_u_alu_top_u_arith_add_87_27/g2146/z (u)     in_1->z R     unmapped_complex2      3  8.7     0    48    1113    (-,-) 
  basic_isa_instance/u_exe_u_alu_top_u_arith_sub_88_27_Y_u_alu_top_u_arith_add_87_27/g552/z  (u)     in_0->z F     unmapped_complex2      1  2.7     0    35    1148    (-,-) 
  basic_isa_instance/u_exe_u_alu_top_u_arith_sub_88_27_Y_u_alu_top_u_arith_add_87_27/g106/z  (u)     in_1->z R     unmapped_nand2         4 11.6     0    53    1201    (-,-) 
  basic_isa_instance/u_exe_u_alu_top_u_arith_sub_88_27_Y_u_alu_top_u_arith_add_87_27/g2071/z (u)     in_0->z F     unmapped_complex2      1  2.7     0    35    1236    (-,-) 
  basic_isa_instance/u_exe_u_alu_top_u_arith_sub_88_27_Y_u_alu_top_u_arith_add_87_27/g2053/z (u)     in_0->z R     unmapped_complex2      6 17.4     0    62    1298    (-,-) 
  basic_isa_instance/u_exe_u_alu_top_u_arith_sub_88_27_Y_u_alu_top_u_arith_add_87_27/g636/z  (u)     in_0->z F     unmapped_complex2      1  2.7     0    35    1333    (-,-) 
  basic_isa_instance/u_exe_u_alu_top_u_arith_sub_88_27_Y_u_alu_top_u_arith_add_87_27/g2018/z (u)     in_0->z R     unmapped_complex2     10 29.0     0    77    1410    (-,-) 
  basic_isa_instance/u_exe_u_alu_top_u_arith_sub_88_27_Y_u_alu_top_u_arith_add_87_27/g1999/z (u)     in_0->z F     unmapped_complex2      1  2.7     0    35    1445    (-,-) 
  basic_isa_instance/u_exe_u_alu_top_u_arith_sub_88_27_Y_u_alu_top_u_arith_add_87_27/g1992/z (u)     in_0->z R     unmapped_complex2     17 14.5     0    79    1523    (-,-) 
  basic_isa_instance/u_exe_u_alu_top_u_arith_sub_88_27_Y_u_alu_top_u_arith_add_87_27/g667/z  (u)     in_0->z F     unmapped_complex2      1  2.7     0    35    1558    (-,-) 
  basic_isa_instance/u_exe_u_alu_top_u_arith_sub_88_27_Y_u_alu_top_u_arith_add_87_27/g1946/z (u)     in_0->z R     unmapped_complex2      2  5.8     0    42    1600    (-,-) 
  basic_isa_instance/u_exe_u_alu_top_u_arith_sub_88_27_Y_u_alu_top_u_arith_add_87_27/g1933/z (u)     in_0->z R     unmapped_or2           1  2.9     0    35    1635    (-,-) 
  basic_isa_instance/u_exe_u_alu_top_u_arith_sub_88_27_Y_u_alu_top_u_arith_add_87_27/g1934/z (u)     in_1->z F     unmapped_nand2         2  5.4     0    42    1677    (-,-) 
  basic_isa_instance/u_exe_g15831/z                                                          (u)     in_1->z F     unmapped_or2           1  2.7     0    35    1712    (-,-) 
  basic_isa_instance/u_exe_g15658/z                                                          (u)     in_1->z F     unmapped_or2           1  2.7     0    35    1747    (-,-) 
  basic_isa_instance/u_exe_g15303/z                                                          (u)     in_0->z R     unmapped_nand2         1  2.9     0    35    1782    (-,-) 
  basic_isa_instance/u_exe_g14001/z                                                          (u)     in_1->z F     unmapped_complex2      1  2.7     0    35    1817    (-,-) 
  basic_isa_instance/u_exe_g13990/z                                                          (u)     in_1->z F     unmapped_or2           1  2.7     0    35    1852    (-,-) 
  basic_isa_instance/u_exe_g15914/z                                                          (u)     in_1->z R     unmapped_nor2          2  5.8     0    42    1894    (-,-) 
  basic_isa_instance/g7610/z                                                                 (u)     in_1->z R     unmapped_or2           1  2.9     0    35    1929    (-,-) 
  basic_isa_instance/g7459/z                                                                 (u)     in_1->z F     unmapped_complex2      1  2.7     0    35    1964    (-,-) 
  basic_isa_instance/g7372/z                                                                 (u)     in_0->z F     unmapped_complex2      1  2.7     0    35    1999    (-,-) 
  basic_isa_instance/g7158/z                                                                 (u)     in_1->z F     unmapped_or2          40 18.9     0    91    2090    (-,-) 
  basic_isa_instance/g12324/z                                                                (u)     in_1->z F     unmapped_or2          10 27.0     0    77    2167    (-,-) 
  basic_isa_instance/g16369/z                                                                (u)     in_1->z F     unmapped_or2           1  2.7     0    35    2202    (-,-) 
  basic_isa_instance/g16366/z                                                                (u)     in_0->z R     unmapped_complex2    151 17.4     0   109    2311    (-,-) 
  basic_isa_instance/g16157/z                                                                (u)     in_0->z F     unmapped_nand2         2  5.4     0    42    2353    (-,-) 
  basic_isa_instance/g16005/z                                                                (u)     in_1->z F     unmapped_or2           2  5.4     0    42    2394    (-,-) 
  basic_isa_instance/g15979/z                                                                (u)     in_0->z F     unmapped_complex2      4 10.8     0    53    2447    (-,-) 
  basic_isa_instance/g15923/z                                                                (u)     in_0->z F     unmapped_or2           1  2.7     0    35    2482    (-,-) 
  basic_isa_instance/g15915/z                                                                (u)     in_1->z R     unmapped_complex2      1  2.9     0    35    2517    (-,-) 
  basic_isa_instance/u_id_ex_alu_ctrl_ex_reg[0]/d                                            -       -       R     unmapped_d_flop        1    -     -     0    2517    (-,-) 
#-----------------------------------------------------------------------------------------------------------------------------------------------------------------------------

(u) : Net has unmapped pin(s).



Path 24: VIOLATED (-102 ps) Setup Check with Pin clk_rst_ctrl_top_instance/i_sys_clk_rst_gen_i_clk_int_div_peripheral_t_ff2_q_reg/clk->d
          Group: pll_clk
     Startpoint: (R) clk_rst_ctrl_top_instance/i_sys_clk_rst_gen_i_clk_int_div_peripheral_clk_div_bypass_en_q_reg/clk
          Clock: (R) pll_clk
       Endpoint: (R) clk_rst_ctrl_top_instance/i_sys_clk_rst_gen_i_clk_int_div_peripheral_t_ff2_q_reg/d
          Clock: (F) pll_clk

                     Capture       Launch     
        Clock Edge:+    1250            0     
       Src Latency:+       0            0     
       Net Latency:+       0 (I)        0 (I) 
           Arrival:=    1250            0     
                                              
             Setup:-     129                  
       Uncertainty:-     500                  
     Required Time:=     621                  
      Launch Clock:-       0                  
         Data Path:-     724                  
             Slack:=    -102                  

#-----------------------------------------------------------------------------------------------------------------------------------------------------------------------------------
#                                          Timing Point                                            Flags    Arc    Edge       Cell         Fanout Load Trans Delay Arrival Instance 
#                                                                                                                                                 (fF)  (ps)  (ps)   (ps)  Location 
#-----------------------------------------------------------------------------------------------------------------------------------------------------------------------------------
  clk_rst_ctrl_top_instance/i_sys_clk_rst_gen_i_clk_int_div_peripheral_clk_div_bypass_en_q_reg/clk -       -       R     (arrival)              4    -     0     -       0    (-,-) 
  clk_rst_ctrl_top_instance/i_sys_clk_rst_gen_i_clk_int_div_peripheral_clk_div_bypass_en_q_reg/q   (u)     clk->q  F     unmapped_d_flop        9 24.3     0   334     334    (-,-) 
  clk_rst_ctrl_top_instance/i_sys_clk_rst_gen_i_clk_int_div_peripheral_g6609/z                     (u)     in_0->z F     unmapped_complex2      3  8.1     0    48     382    (-,-) 
  clk_rst_ctrl_top_instance/i_sys_clk_rst_gen_i_clk_int_div_peripheral_g6577/z                     (u)     in_1->z R     unmapped_nand2         1  2.9     0    35     417    (-,-) 
  clk_rst_ctrl_top_instance/i_sys_clk_rst_gen_i_clk_int_div_peripheral_g6555/z                     (u)     in_1->z R     unmapped_or2           1  2.9     0    35     452    (-,-) 
  clk_rst_ctrl_top_instance/i_sys_clk_rst_gen_i_clk_int_div_peripheral_g6658/z                     (u)     in_0->z F     unmapped_complex2      1  2.7     0    35     487    (-,-) 
  clk_rst_ctrl_top_instance/i_sys_clk_rst_gen_i_clk_int_div_peripheral_g6530/z                     (u)     in_1->z F     unmapped_complex2      1  2.7     0    35     522    (-,-) 
  clk_rst_ctrl_top_instance/i_sys_clk_rst_gen_i_clk_int_div_peripheral_g6524/z                     (u)     in_0->z F     unmapped_complex2      1  2.7     0    35     557    (-,-) 
  clk_rst_ctrl_top_instance/i_sys_clk_rst_gen_i_clk_int_div_peripheral_g6664/z                     (u)     in_0->z R     unmapped_complex2      6 17.4     0    62     619    (-,-) 
  clk_rst_ctrl_top_instance/i_sys_clk_rst_gen_i_clk_int_div_peripheral_g6668/z                     (u)     in_1->z F     unmapped_complex2      1  2.7     0    35     654    (-,-) 
  clk_rst_ctrl_top_instance/i_sys_clk_rst_gen_i_clk_int_div_peripheral_g6497/z                     (u)     in_0->z F     unmapped_or2           1  2.7     0    35     689    (-,-) 
  clk_rst_ctrl_top_instance/i_sys_clk_rst_gen_i_clk_int_div_peripheral_g6493/z                     (u)     in_1->z R     unmapped_nand2         1  2.9     0    35     724    (-,-) 
  clk_rst_ctrl_top_instance/i_sys_clk_rst_gen_i_clk_int_div_peripheral_t_ff2_q_reg/d               -       -       R     unmapped_d_flop        1    -     -     0     724    (-,-) 
#-----------------------------------------------------------------------------------------------------------------------------------------------------------------------------------

(u) : Net has unmapped pin(s).



Path 25: VIOLATED (-102 ps) Setup Check with Pin clk_rst_ctrl_top_instance/i_sys_clk_rst_gen_i_clk_int_div_debug_t_ff2_q_reg/clk->d
          Group: pll_clk
     Startpoint: (R) clk_rst_ctrl_top_instance/i_sys_clk_rst_gen_i_clk_int_div_debug_clk_div_bypass_en_q_reg/clk
          Clock: (R) pll_clk
       Endpoint: (R) clk_rst_ctrl_top_instance/i_sys_clk_rst_gen_i_clk_int_div_debug_t_ff2_q_reg/d
          Clock: (F) pll_clk

                     Capture       Launch     
        Clock Edge:+    1250            0     
       Src Latency:+       0            0     
       Net Latency:+       0 (I)        0 (I) 
           Arrival:=    1250            0     
                                              
             Setup:-     129                  
       Uncertainty:-     500                  
     Required Time:=     621                  
      Launch Clock:-       0                  
         Data Path:-     724                  
             Slack:=    -102                  

#------------------------------------------------------------------------------------------------------------------------------------------------------------------------------
#                                        Timing Point                                         Flags    Arc    Edge       Cell         Fanout Load Trans Delay Arrival Instance 
#                                                                                                                                            (fF)  (ps)  (ps)   (ps)  Location 
#------------------------------------------------------------------------------------------------------------------------------------------------------------------------------
  clk_rst_ctrl_top_instance/i_sys_clk_rst_gen_i_clk_int_div_debug_clk_div_bypass_en_q_reg/clk -       -       R     (arrival)              4    -     0     -       0    (-,-) 
  clk_rst_ctrl_top_instance/i_sys_clk_rst_gen_i_clk_int_div_debug_clk_div_bypass_en_q_reg/q   (u)     clk->q  F     unmapped_d_flop        9 24.3     0   334     334    (-,-) 
  clk_rst_ctrl_top_instance/i_sys_clk_rst_gen_i_clk_int_div_debug_g6609/z                     (u)     in_0->z F     unmapped_complex2      3  8.1     0    48     382    (-,-) 
  clk_rst_ctrl_top_instance/i_sys_clk_rst_gen_i_clk_int_div_debug_g6577/z                     (u)     in_1->z R     unmapped_nand2         1  2.9     0    35     417    (-,-) 
  clk_rst_ctrl_top_instance/i_sys_clk_rst_gen_i_clk_int_div_debug_g6555/z                     (u)     in_1->z R     unmapped_or2           1  2.9     0    35     452    (-,-) 
  clk_rst_ctrl_top_instance/i_sys_clk_rst_gen_i_clk_int_div_debug_g6658/z                     (u)     in_0->z F     unmapped_complex2      1  2.7     0    35     487    (-,-) 
  clk_rst_ctrl_top_instance/i_sys_clk_rst_gen_i_clk_int_div_debug_g6530/z                     (u)     in_1->z F     unmapped_complex2      1  2.7     0    35     522    (-,-) 
  clk_rst_ctrl_top_instance/i_sys_clk_rst_gen_i_clk_int_div_debug_g6524/z                     (u)     in_0->z F     unmapped_complex2      1  2.7     0    35     557    (-,-) 
  clk_rst_ctrl_top_instance/i_sys_clk_rst_gen_i_clk_int_div_debug_g6664/z                     (u)     in_0->z R     unmapped_complex2      6 17.4     0    62     619    (-,-) 
  clk_rst_ctrl_top_instance/i_sys_clk_rst_gen_i_clk_int_div_debug_g6668/z                     (u)     in_1->z F     unmapped_complex2      1  2.7     0    35     654    (-,-) 
  clk_rst_ctrl_top_instance/i_sys_clk_rst_gen_i_clk_int_div_debug_g6497/z                     (u)     in_0->z F     unmapped_or2           1  2.7     0    35     689    (-,-) 
  clk_rst_ctrl_top_instance/i_sys_clk_rst_gen_i_clk_int_div_debug_g6493/z                     (u)     in_1->z R     unmapped_nand2         1  2.9     0    35     724    (-,-) 
  clk_rst_ctrl_top_instance/i_sys_clk_rst_gen_i_clk_int_div_debug_t_ff2_q_reg/d               -       -       R     unmapped_d_flop        1    -     -     0     724    (-,-) 
#------------------------------------------------------------------------------------------------------------------------------------------------------------------------------

(u) : Net has unmapped pin(s).



Path 26: VIOLATED (-91 ps) Setup Check with Pin basic_isa_instance/u_id_ex_imm_ex_reg[10]/clk->d
          Group: core_clk
     Startpoint: (R) basic_isa_instance/u_ex_mem_inst_mem_o_reg[9]/clk
          Clock: (R) core_clk
       Endpoint: (R) basic_isa_instance/u_id_ex_imm_ex_reg[10]/d
          Clock: (R) core_clk

                     Capture       Launch     
        Clock Edge:+    2500            0     
       Src Latency:+       0            0     
       Net Latency:+       0 (I)        0 (I) 
           Arrival:=    2500            0     
                                              
             Setup:-      90                  
     Required Time:=    2410                  
      Launch Clock:-       0                  
         Data Path:-    2501                  
             Slack:=     -91                  

#-----------------------------------------------------------------------------------------------------------------------------------------------------------------------------
#                                       Timing Point                                         Flags    Arc    Edge       Cell         Fanout Load Trans Delay Arrival Instance 
#                                                                                                                                           (fF)  (ps)  (ps)   (ps)  Location 
#-----------------------------------------------------------------------------------------------------------------------------------------------------------------------------
  basic_isa_instance/u_ex_mem_inst_mem_o_reg[9]/clk                                          -       -       R     (arrival)            139    -     0     -       0    (-,-) 
  basic_isa_instance/u_ex_mem_inst_mem_o_reg[9]/q                                            (u)     clk->q  F     unmapped_d_flop        7 18.9     0   326     326    (-,-) 
  basic_isa_instance/g5881/z                                                                 (u)     in_1->z F     unmapped_or2           1  2.7     0    35     362    (-,-) 
  basic_isa_instance/g5736/z                                                                 (u)     in_1->z F     unmapped_or2           1  2.7     0    35     396    (-,-) 
  basic_isa_instance/g5720/z                                                                 (u)     in_1->z F     unmapped_or2           1  2.7     0    35     432    (-,-) 
  basic_isa_instance/g5710/z                                                                 (u)     in_0->z R     unmapped_nand2         2  5.8     0    42     473    (-,-) 
  basic_isa_instance/g5705/z                                                                 (u)     in_0->z R     unmapped_complex2      1  2.9     0    35     508    (-,-) 
  basic_isa_instance/g5699/z                                                                 (u)     in_0->z R     unmapped_or2          34 17.4     0    85     594    (-,-) 
  basic_isa_instance/g5691/z                                                                 (u)     in_0->z F     unmapped_complex2      1  2.7     0    35     628    (-,-) 
  basic_isa_instance/g5923/z                                                                 (u)     in_1->z R     unmapped_nor2         33 17.4     0    85     714    (-,-) 
  basic_isa_instance/g20037/z                                                                (u)     in_1->z R     unmapped_complex2     32 17.4     0    85     799    (-,-) 
  basic_isa_instance/g20193/z                                                                (u)     in_1->z R     unmapped_complex2      1  2.9     0    35     834    (-,-) 
  basic_isa_instance/u_exe_g4888/z                                                           (u)     in_1->z F     unmapped_complex2      2  5.4     0    42     876    (-,-) 
  basic_isa_instance/u_exe_g4868/z                                                           (u)     in_0->z R     unmapped_nand2         1  2.9     0    35     911    (-,-) 
  basic_isa_instance/u_exe_g4755/z                                                           (u)     in_0->z F     unmapped_nand2        12 32.4     0    84     995    (-,-) 
  basic_isa_instance/u_exe_u_alu_top_u_arith_sub_88_27_Y_u_alu_top_u_arith_add_87_27/g2324/z (u)     in_1->z R     unmapped_nand2         1  2.9     0    35    1030    (-,-) 
  basic_isa_instance/u_exe_u_alu_top_u_arith_sub_88_27_Y_u_alu_top_u_arith_add_87_27/g2222/z (u)     in_1->z F     unmapped_nand2         1  2.7     0    35    1065    (-,-) 
  basic_isa_instance/u_exe_u_alu_top_u_arith_sub_88_27_Y_u_alu_top_u_arith_add_87_27/g2146/z (u)     in_1->z F     unmapped_complex2      3  8.1     0    48    1113    (-,-) 
  basic_isa_instance/u_exe_u_alu_top_u_arith_sub_88_27_Y_u_alu_top_u_arith_add_87_27/g552/z  (u)     in_0->z R     unmapped_complex2      1  2.9     0    35    1148    (-,-) 
  basic_isa_instance/u_exe_u_alu_top_u_arith_sub_88_27_Y_u_alu_top_u_arith_add_87_27/g106/z  (u)     in_1->z F     unmapped_nand2         4 10.8     0    53    1201    (-,-) 
  basic_isa_instance/u_exe_u_alu_top_u_arith_sub_88_27_Y_u_alu_top_u_arith_add_87_27/g2071/z (u)     in_0->z R     unmapped_complex2      1  2.9     0    35    1236    (-,-) 
  basic_isa_instance/u_exe_u_alu_top_u_arith_sub_88_27_Y_u_alu_top_u_arith_add_87_27/g2053/z (u)     in_0->z F     unmapped_complex2      6 16.2     0    62    1298    (-,-) 
  basic_isa_instance/u_exe_u_alu_top_u_arith_sub_88_27_Y_u_alu_top_u_arith_add_87_27/g636/z  (u)     in_0->z R     unmapped_complex2      1  2.9     0    35    1333    (-,-) 
  basic_isa_instance/u_exe_u_alu_top_u_arith_sub_88_27_Y_u_alu_top_u_arith_add_87_27/g2018/z (u)     in_0->z F     unmapped_complex2     10 27.0     0    77    1410    (-,-) 
  basic_isa_instance/u_exe_u_alu_top_u_arith_sub_88_27_Y_u_alu_top_u_arith_add_87_27/g1999/z (u)     in_0->z R     unmapped_complex2      1  2.9     0    35    1445    (-,-) 
  basic_isa_instance/u_exe_u_alu_top_u_arith_sub_88_27_Y_u_alu_top_u_arith_add_87_27/g1992/z (u)     in_0->z F     unmapped_complex2     17 13.5     0    79    1523    (-,-) 
  basic_isa_instance/u_exe_u_alu_top_u_arith_sub_88_27_Y_u_alu_top_u_arith_add_87_27/g667/z  (u)     in_0->z R     unmapped_complex2      1  2.9     0    35    1558    (-,-) 
  basic_isa_instance/u_exe_u_alu_top_u_arith_sub_88_27_Y_u_alu_top_u_arith_add_87_27/g1946/z (u)     in_0->z F     unmapped_complex2      2  5.4     0    42    1600    (-,-) 
  basic_isa_instance/u_exe_u_alu_top_u_arith_sub_88_27_Y_u_alu_top_u_arith_add_87_27/g1933/z (u)     in_0->z F     unmapped_or2           1  2.7     0    35    1635    (-,-) 
  basic_isa_instance/u_exe_u_alu_top_u_arith_sub_88_27_Y_u_alu_top_u_arith_add_87_27/g1934/z (u)     in_1->z R     unmapped_nand2         2  5.8     0    42    1677    (-,-) 
  basic_isa_instance/u_exe_g15831/z                                                          (u)     in_1->z R     unmapped_or2           1  2.9     0    35    1712    (-,-) 
  basic_isa_instance/u_exe_g15658/z                                                          (u)     in_1->z R     unmapped_or2           1  2.9     0    35    1747    (-,-) 
  basic_isa_instance/u_exe_g15303/z                                                          (u)     in_0->z F     unmapped_nand2         1  2.7     0    35    1782    (-,-) 
  basic_isa_instance/u_exe_g14001/z                                                          (u)     in_1->z R     unmapped_complex2      1  2.9     0    35    1817    (-,-) 
  basic_isa_instance/u_exe_g13990/z                                                          (u)     in_1->z R     unmapped_or2           1  2.9     0    35    1852    (-,-) 
  basic_isa_instance/u_exe_g15914/z                                                          (u)     in_1->z F     unmapped_nor2          2  5.4     0    42    1894    (-,-) 
  basic_isa_instance/g7610/z                                                                 (u)     in_1->z F     unmapped_or2           1  2.7     0    35    1929    (-,-) 
  basic_isa_instance/g7459/z                                                                 (u)     in_1->z R     unmapped_complex2      1  2.9     0    35    1964    (-,-) 
  basic_isa_instance/g7372/z                                                                 (u)     in_0->z R     unmapped_complex2      1  2.9     0    35    1999    (-,-) 
  basic_isa_instance/g7158/z                                                                 (u)     in_1->z R     unmapped_or2          40 20.3     0    91    2090    (-,-) 
  basic_isa_instance/g12324/z                                                                (u)     in_1->z R     unmapped_or2          10 29.0     0    77    2167    (-,-) 
  basic_isa_instance/g15904/z                                                                (u)     in_0->z R     unmapped_complex2      5 14.5     0    57    2224    (-,-) 
  basic_isa_instance/g17670/z                                                                (u)     in_0->z F     unmapped_complex2      2  5.4     0    42    2266    (-,-) 
  basic_isa_instance/g13428/z                                                                (u)     in_1->z F     unmapped_or2           1  2.7     0    35    2301    (-,-) 
  basic_isa_instance/g17293/z                                                                (u)     in_1->z R     unmapped_nand2         4 11.6     0    53    2354    (-,-) 
  basic_isa_instance/g17233/z                                                                (u)     in_0->z R     unmapped_complex2      2  5.8     0    42    2396    (-,-) 
  basic_isa_instance/g13263/z                                                                (u)     in_0->z R     unmapped_or2           8 23.2     0    70    2466    (-,-) 
  basic_isa_instance/g19424/z                                                                (u)     in_0->z R     unmapped_complex2      1  2.9     0    35    2501    (-,-) 
  basic_isa_instance/u_id_ex_imm_ex_reg[10]/d                                                -       -       R     unmapped_d_flop        1    -     -     0    2501    (-,-) 
#-----------------------------------------------------------------------------------------------------------------------------------------------------------------------------

(u) : Net has unmapped pin(s).



Path 27: VIOLATED (-91 ps) Setup Check with Pin basic_isa_instance/u_id_ex_imm_ex_reg[9]/clk->d
          Group: core_clk
     Startpoint: (R) basic_isa_instance/u_ex_mem_inst_mem_o_reg[9]/clk
          Clock: (R) core_clk
       Endpoint: (R) basic_isa_instance/u_id_ex_imm_ex_reg[9]/d
          Clock: (R) core_clk

                     Capture       Launch     
        Clock Edge:+    2500            0     
       Src Latency:+       0            0     
       Net Latency:+       0 (I)        0 (I) 
           Arrival:=    2500            0     
                                              
             Setup:-      90                  
     Required Time:=    2410                  
      Launch Clock:-       0                  
         Data Path:-    2501                  
             Slack:=     -91                  

#-----------------------------------------------------------------------------------------------------------------------------------------------------------------------------
#                                       Timing Point                                         Flags    Arc    Edge       Cell         Fanout Load Trans Delay Arrival Instance 
#                                                                                                                                           (fF)  (ps)  (ps)   (ps)  Location 
#-----------------------------------------------------------------------------------------------------------------------------------------------------------------------------
  basic_isa_instance/u_ex_mem_inst_mem_o_reg[9]/clk                                          -       -       R     (arrival)            139    -     0     -       0    (-,-) 
  basic_isa_instance/u_ex_mem_inst_mem_o_reg[9]/q                                            (u)     clk->q  F     unmapped_d_flop        7 18.9     0   326     326    (-,-) 
  basic_isa_instance/g5881/z                                                                 (u)     in_1->z F     unmapped_or2           1  2.7     0    35     362    (-,-) 
  basic_isa_instance/g5736/z                                                                 (u)     in_1->z F     unmapped_or2           1  2.7     0    35     396    (-,-) 
  basic_isa_instance/g5720/z                                                                 (u)     in_1->z F     unmapped_or2           1  2.7     0    35     432    (-,-) 
  basic_isa_instance/g5710/z                                                                 (u)     in_0->z R     unmapped_nand2         2  5.8     0    42     473    (-,-) 
  basic_isa_instance/g5705/z                                                                 (u)     in_0->z R     unmapped_complex2      1  2.9     0    35     508    (-,-) 
  basic_isa_instance/g5699/z                                                                 (u)     in_0->z R     unmapped_or2          34 17.4     0    85     594    (-,-) 
  basic_isa_instance/g5691/z                                                                 (u)     in_0->z F     unmapped_complex2      1  2.7     0    35     628    (-,-) 
  basic_isa_instance/g5923/z                                                                 (u)     in_1->z R     unmapped_nor2         33 17.4     0    85     714    (-,-) 
  basic_isa_instance/g20037/z                                                                (u)     in_1->z R     unmapped_complex2     32 17.4     0    85     799    (-,-) 
  basic_isa_instance/g20193/z                                                                (u)     in_1->z R     unmapped_complex2      1  2.9     0    35     834    (-,-) 
  basic_isa_instance/u_exe_g4888/z                                                           (u)     in_1->z F     unmapped_complex2      2  5.4     0    42     876    (-,-) 
  basic_isa_instance/u_exe_g4868/z                                                           (u)     in_0->z R     unmapped_nand2         1  2.9     0    35     911    (-,-) 
  basic_isa_instance/u_exe_g4755/z                                                           (u)     in_0->z F     unmapped_nand2        12 32.4     0    84     995    (-,-) 
  basic_isa_instance/u_exe_u_alu_top_u_arith_sub_88_27_Y_u_alu_top_u_arith_add_87_27/g2324/z (u)     in_1->z R     unmapped_nand2         1  2.9     0    35    1030    (-,-) 
  basic_isa_instance/u_exe_u_alu_top_u_arith_sub_88_27_Y_u_alu_top_u_arith_add_87_27/g2222/z (u)     in_1->z F     unmapped_nand2         1  2.7     0    35    1065    (-,-) 
  basic_isa_instance/u_exe_u_alu_top_u_arith_sub_88_27_Y_u_alu_top_u_arith_add_87_27/g2146/z (u)     in_1->z F     unmapped_complex2      3  8.1     0    48    1113    (-,-) 
  basic_isa_instance/u_exe_u_alu_top_u_arith_sub_88_27_Y_u_alu_top_u_arith_add_87_27/g552/z  (u)     in_0->z R     unmapped_complex2      1  2.9     0    35    1148    (-,-) 
  basic_isa_instance/u_exe_u_alu_top_u_arith_sub_88_27_Y_u_alu_top_u_arith_add_87_27/g106/z  (u)     in_1->z F     unmapped_nand2         4 10.8     0    53    1201    (-,-) 
  basic_isa_instance/u_exe_u_alu_top_u_arith_sub_88_27_Y_u_alu_top_u_arith_add_87_27/g2071/z (u)     in_0->z R     unmapped_complex2      1  2.9     0    35    1236    (-,-) 
  basic_isa_instance/u_exe_u_alu_top_u_arith_sub_88_27_Y_u_alu_top_u_arith_add_87_27/g2053/z (u)     in_0->z F     unmapped_complex2      6 16.2     0    62    1298    (-,-) 
  basic_isa_instance/u_exe_u_alu_top_u_arith_sub_88_27_Y_u_alu_top_u_arith_add_87_27/g636/z  (u)     in_0->z R     unmapped_complex2      1  2.9     0    35    1333    (-,-) 
  basic_isa_instance/u_exe_u_alu_top_u_arith_sub_88_27_Y_u_alu_top_u_arith_add_87_27/g2018/z (u)     in_0->z F     unmapped_complex2     10 27.0     0    77    1410    (-,-) 
  basic_isa_instance/u_exe_u_alu_top_u_arith_sub_88_27_Y_u_alu_top_u_arith_add_87_27/g1999/z (u)     in_0->z R     unmapped_complex2      1  2.9     0    35    1445    (-,-) 
  basic_isa_instance/u_exe_u_alu_top_u_arith_sub_88_27_Y_u_alu_top_u_arith_add_87_27/g1992/z (u)     in_0->z F     unmapped_complex2     17 13.5     0    79    1523    (-,-) 
  basic_isa_instance/u_exe_u_alu_top_u_arith_sub_88_27_Y_u_alu_top_u_arith_add_87_27/g667/z  (u)     in_0->z R     unmapped_complex2      1  2.9     0    35    1558    (-,-) 
  basic_isa_instance/u_exe_u_alu_top_u_arith_sub_88_27_Y_u_alu_top_u_arith_add_87_27/g1946/z (u)     in_0->z F     unmapped_complex2      2  5.4     0    42    1600    (-,-) 
  basic_isa_instance/u_exe_u_alu_top_u_arith_sub_88_27_Y_u_alu_top_u_arith_add_87_27/g1933/z (u)     in_0->z F     unmapped_or2           1  2.7     0    35    1635    (-,-) 
  basic_isa_instance/u_exe_u_alu_top_u_arith_sub_88_27_Y_u_alu_top_u_arith_add_87_27/g1934/z (u)     in_1->z R     unmapped_nand2         2  5.8     0    42    1677    (-,-) 
  basic_isa_instance/u_exe_g15831/z                                                          (u)     in_1->z R     unmapped_or2           1  2.9     0    35    1712    (-,-) 
  basic_isa_instance/u_exe_g15658/z                                                          (u)     in_1->z R     unmapped_or2           1  2.9     0    35    1747    (-,-) 
  basic_isa_instance/u_exe_g15303/z                                                          (u)     in_0->z F     unmapped_nand2         1  2.7     0    35    1782    (-,-) 
  basic_isa_instance/u_exe_g14001/z                                                          (u)     in_1->z R     unmapped_complex2      1  2.9     0    35    1817    (-,-) 
  basic_isa_instance/u_exe_g13990/z                                                          (u)     in_1->z R     unmapped_or2           1  2.9     0    35    1852    (-,-) 
  basic_isa_instance/u_exe_g15914/z                                                          (u)     in_1->z F     unmapped_nor2          2  5.4     0    42    1894    (-,-) 
  basic_isa_instance/g7610/z                                                                 (u)     in_1->z F     unmapped_or2           1  2.7     0    35    1929    (-,-) 
  basic_isa_instance/g7459/z                                                                 (u)     in_1->z R     unmapped_complex2      1  2.9     0    35    1964    (-,-) 
  basic_isa_instance/g7372/z                                                                 (u)     in_0->z R     unmapped_complex2      1  2.9     0    35    1999    (-,-) 
  basic_isa_instance/g7158/z                                                                 (u)     in_1->z R     unmapped_or2          40 20.3     0    91    2090    (-,-) 
  basic_isa_instance/g12324/z                                                                (u)     in_1->z R     unmapped_or2          10 29.0     0    77    2167    (-,-) 
  basic_isa_instance/g15904/z                                                                (u)     in_0->z R     unmapped_complex2      5 14.5     0    57    2224    (-,-) 
  basic_isa_instance/g17670/z                                                                (u)     in_0->z F     unmapped_complex2      2  5.4     0    42    2266    (-,-) 
  basic_isa_instance/g13428/z                                                                (u)     in_1->z F     unmapped_or2           1  2.7     0    35    2301    (-,-) 
  basic_isa_instance/g17293/z                                                                (u)     in_1->z R     unmapped_nand2         4 11.6     0    53    2354    (-,-) 
  basic_isa_instance/g17233/z                                                                (u)     in_0->z R     unmapped_complex2      2  5.8     0    42    2396    (-,-) 
  basic_isa_instance/g13263/z                                                                (u)     in_0->z R     unmapped_or2           8 23.2     0    70    2466    (-,-) 
  basic_isa_instance/g19426/z                                                                (u)     in_0->z R     unmapped_complex2      1  2.9     0    35    2501    (-,-) 
  basic_isa_instance/u_id_ex_imm_ex_reg[9]/d                                                 -       -       R     unmapped_d_flop        1    -     -     0    2501    (-,-) 
#-----------------------------------------------------------------------------------------------------------------------------------------------------------------------------

(u) : Net has unmapped pin(s).



Path 28: VIOLATED (-91 ps) Setup Check with Pin basic_isa_instance/u_id_ex_imm_ex_reg[8]/clk->d
          Group: core_clk
     Startpoint: (R) basic_isa_instance/u_ex_mem_inst_mem_o_reg[9]/clk
          Clock: (R) core_clk
       Endpoint: (R) basic_isa_instance/u_id_ex_imm_ex_reg[8]/d
          Clock: (R) core_clk

                     Capture       Launch     
        Clock Edge:+    2500            0     
       Src Latency:+       0            0     
       Net Latency:+       0 (I)        0 (I) 
           Arrival:=    2500            0     
                                              
             Setup:-      90                  
     Required Time:=    2410                  
      Launch Clock:-       0                  
         Data Path:-    2501                  
             Slack:=     -91                  

#-----------------------------------------------------------------------------------------------------------------------------------------------------------------------------
#                                       Timing Point                                         Flags    Arc    Edge       Cell         Fanout Load Trans Delay Arrival Instance 
#                                                                                                                                           (fF)  (ps)  (ps)   (ps)  Location 
#-----------------------------------------------------------------------------------------------------------------------------------------------------------------------------
  basic_isa_instance/u_ex_mem_inst_mem_o_reg[9]/clk                                          -       -       R     (arrival)            139    -     0     -       0    (-,-) 
  basic_isa_instance/u_ex_mem_inst_mem_o_reg[9]/q                                            (u)     clk->q  F     unmapped_d_flop        7 18.9     0   326     326    (-,-) 
  basic_isa_instance/g5881/z                                                                 (u)     in_1->z F     unmapped_or2           1  2.7     0    35     362    (-,-) 
  basic_isa_instance/g5736/z                                                                 (u)     in_1->z F     unmapped_or2           1  2.7     0    35     396    (-,-) 
  basic_isa_instance/g5720/z                                                                 (u)     in_1->z F     unmapped_or2           1  2.7     0    35     432    (-,-) 
  basic_isa_instance/g5710/z                                                                 (u)     in_0->z R     unmapped_nand2         2  5.8     0    42     473    (-,-) 
  basic_isa_instance/g5705/z                                                                 (u)     in_0->z R     unmapped_complex2      1  2.9     0    35     508    (-,-) 
  basic_isa_instance/g5699/z                                                                 (u)     in_0->z R     unmapped_or2          34 17.4     0    85     594    (-,-) 
  basic_isa_instance/g5691/z                                                                 (u)     in_0->z F     unmapped_complex2      1  2.7     0    35     628    (-,-) 
  basic_isa_instance/g5923/z                                                                 (u)     in_1->z R     unmapped_nor2         33 17.4     0    85     714    (-,-) 
  basic_isa_instance/g20037/z                                                                (u)     in_1->z R     unmapped_complex2     32 17.4     0    85     799    (-,-) 
  basic_isa_instance/g20193/z                                                                (u)     in_1->z R     unmapped_complex2      1  2.9     0    35     834    (-,-) 
  basic_isa_instance/u_exe_g4888/z                                                           (u)     in_1->z F     unmapped_complex2      2  5.4     0    42     876    (-,-) 
  basic_isa_instance/u_exe_g4868/z                                                           (u)     in_0->z R     unmapped_nand2         1  2.9     0    35     911    (-,-) 
  basic_isa_instance/u_exe_g4755/z                                                           (u)     in_0->z F     unmapped_nand2        12 32.4     0    84     995    (-,-) 
  basic_isa_instance/u_exe_u_alu_top_u_arith_sub_88_27_Y_u_alu_top_u_arith_add_87_27/g2324/z (u)     in_1->z R     unmapped_nand2         1  2.9     0    35    1030    (-,-) 
  basic_isa_instance/u_exe_u_alu_top_u_arith_sub_88_27_Y_u_alu_top_u_arith_add_87_27/g2222/z (u)     in_1->z F     unmapped_nand2         1  2.7     0    35    1065    (-,-) 
  basic_isa_instance/u_exe_u_alu_top_u_arith_sub_88_27_Y_u_alu_top_u_arith_add_87_27/g2146/z (u)     in_1->z F     unmapped_complex2      3  8.1     0    48    1113    (-,-) 
  basic_isa_instance/u_exe_u_alu_top_u_arith_sub_88_27_Y_u_alu_top_u_arith_add_87_27/g552/z  (u)     in_0->z R     unmapped_complex2      1  2.9     0    35    1148    (-,-) 
  basic_isa_instance/u_exe_u_alu_top_u_arith_sub_88_27_Y_u_alu_top_u_arith_add_87_27/g106/z  (u)     in_1->z F     unmapped_nand2         4 10.8     0    53    1201    (-,-) 
  basic_isa_instance/u_exe_u_alu_top_u_arith_sub_88_27_Y_u_alu_top_u_arith_add_87_27/g2071/z (u)     in_0->z R     unmapped_complex2      1  2.9     0    35    1236    (-,-) 
  basic_isa_instance/u_exe_u_alu_top_u_arith_sub_88_27_Y_u_alu_top_u_arith_add_87_27/g2053/z (u)     in_0->z F     unmapped_complex2      6 16.2     0    62    1298    (-,-) 
  basic_isa_instance/u_exe_u_alu_top_u_arith_sub_88_27_Y_u_alu_top_u_arith_add_87_27/g636/z  (u)     in_0->z R     unmapped_complex2      1  2.9     0    35    1333    (-,-) 
  basic_isa_instance/u_exe_u_alu_top_u_arith_sub_88_27_Y_u_alu_top_u_arith_add_87_27/g2018/z (u)     in_0->z F     unmapped_complex2     10 27.0     0    77    1410    (-,-) 
  basic_isa_instance/u_exe_u_alu_top_u_arith_sub_88_27_Y_u_alu_top_u_arith_add_87_27/g1999/z (u)     in_0->z R     unmapped_complex2      1  2.9     0    35    1445    (-,-) 
  basic_isa_instance/u_exe_u_alu_top_u_arith_sub_88_27_Y_u_alu_top_u_arith_add_87_27/g1992/z (u)     in_0->z F     unmapped_complex2     17 13.5     0    79    1523    (-,-) 
  basic_isa_instance/u_exe_u_alu_top_u_arith_sub_88_27_Y_u_alu_top_u_arith_add_87_27/g667/z  (u)     in_0->z R     unmapped_complex2      1  2.9     0    35    1558    (-,-) 
  basic_isa_instance/u_exe_u_alu_top_u_arith_sub_88_27_Y_u_alu_top_u_arith_add_87_27/g1946/z (u)     in_0->z F     unmapped_complex2      2  5.4     0    42    1600    (-,-) 
  basic_isa_instance/u_exe_u_alu_top_u_arith_sub_88_27_Y_u_alu_top_u_arith_add_87_27/g1933/z (u)     in_0->z F     unmapped_or2           1  2.7     0    35    1635    (-,-) 
  basic_isa_instance/u_exe_u_alu_top_u_arith_sub_88_27_Y_u_alu_top_u_arith_add_87_27/g1934/z (u)     in_1->z R     unmapped_nand2         2  5.8     0    42    1677    (-,-) 
  basic_isa_instance/u_exe_g15831/z                                                          (u)     in_1->z R     unmapped_or2           1  2.9     0    35    1712    (-,-) 
  basic_isa_instance/u_exe_g15658/z                                                          (u)     in_1->z R     unmapped_or2           1  2.9     0    35    1747    (-,-) 
  basic_isa_instance/u_exe_g15303/z                                                          (u)     in_0->z F     unmapped_nand2         1  2.7     0    35    1782    (-,-) 
  basic_isa_instance/u_exe_g14001/z                                                          (u)     in_1->z R     unmapped_complex2      1  2.9     0    35    1817    (-,-) 
  basic_isa_instance/u_exe_g13990/z                                                          (u)     in_1->z R     unmapped_or2           1  2.9     0    35    1852    (-,-) 
  basic_isa_instance/u_exe_g15914/z                                                          (u)     in_1->z F     unmapped_nor2          2  5.4     0    42    1894    (-,-) 
  basic_isa_instance/g7610/z                                                                 (u)     in_1->z F     unmapped_or2           1  2.7     0    35    1929    (-,-) 
  basic_isa_instance/g7459/z                                                                 (u)     in_1->z R     unmapped_complex2      1  2.9     0    35    1964    (-,-) 
  basic_isa_instance/g7372/z                                                                 (u)     in_0->z R     unmapped_complex2      1  2.9     0    35    1999    (-,-) 
  basic_isa_instance/g7158/z                                                                 (u)     in_1->z R     unmapped_or2          40 20.3     0    91    2090    (-,-) 
  basic_isa_instance/g12324/z                                                                (u)     in_1->z R     unmapped_or2          10 29.0     0    77    2167    (-,-) 
  basic_isa_instance/g15904/z                                                                (u)     in_0->z R     unmapped_complex2      5 14.5     0    57    2224    (-,-) 
  basic_isa_instance/g17670/z                                                                (u)     in_0->z F     unmapped_complex2      2  5.4     0    42    2266    (-,-) 
  basic_isa_instance/g13428/z                                                                (u)     in_1->z F     unmapped_or2           1  2.7     0    35    2301    (-,-) 
  basic_isa_instance/g17293/z                                                                (u)     in_1->z R     unmapped_nand2         4 11.6     0    53    2354    (-,-) 
  basic_isa_instance/g17233/z                                                                (u)     in_0->z R     unmapped_complex2      2  5.8     0    42    2396    (-,-) 
  basic_isa_instance/g13263/z                                                                (u)     in_0->z R     unmapped_or2           8 23.2     0    70    2466    (-,-) 
  basic_isa_instance/g19425/z                                                                (u)     in_0->z R     unmapped_complex2      1  2.9     0    35    2501    (-,-) 
  basic_isa_instance/u_id_ex_imm_ex_reg[8]/d                                                 -       -       R     unmapped_d_flop        1    -     -     0    2501    (-,-) 
#-----------------------------------------------------------------------------------------------------------------------------------------------------------------------------

(u) : Net has unmapped pin(s).



Path 29: VIOLATED (-91 ps) Setup Check with Pin basic_isa_instance/u_id_ex_imm_ex_reg[7]/clk->d
          Group: core_clk
     Startpoint: (R) basic_isa_instance/u_ex_mem_inst_mem_o_reg[9]/clk
          Clock: (R) core_clk
       Endpoint: (R) basic_isa_instance/u_id_ex_imm_ex_reg[7]/d
          Clock: (R) core_clk

                     Capture       Launch     
        Clock Edge:+    2500            0     
       Src Latency:+       0            0     
       Net Latency:+       0 (I)        0 (I) 
           Arrival:=    2500            0     
                                              
             Setup:-      90                  
     Required Time:=    2410                  
      Launch Clock:-       0                  
         Data Path:-    2501                  
             Slack:=     -91                  

#-----------------------------------------------------------------------------------------------------------------------------------------------------------------------------
#                                       Timing Point                                         Flags    Arc    Edge       Cell         Fanout Load Trans Delay Arrival Instance 
#                                                                                                                                           (fF)  (ps)  (ps)   (ps)  Location 
#-----------------------------------------------------------------------------------------------------------------------------------------------------------------------------
  basic_isa_instance/u_ex_mem_inst_mem_o_reg[9]/clk                                          -       -       R     (arrival)            139    -     0     -       0    (-,-) 
  basic_isa_instance/u_ex_mem_inst_mem_o_reg[9]/q                                            (u)     clk->q  F     unmapped_d_flop        7 18.9     0   326     326    (-,-) 
  basic_isa_instance/g5881/z                                                                 (u)     in_1->z F     unmapped_or2           1  2.7     0    35     362    (-,-) 
  basic_isa_instance/g5736/z                                                                 (u)     in_1->z F     unmapped_or2           1  2.7     0    35     396    (-,-) 
  basic_isa_instance/g5720/z                                                                 (u)     in_1->z F     unmapped_or2           1  2.7     0    35     432    (-,-) 
  basic_isa_instance/g5710/z                                                                 (u)     in_0->z R     unmapped_nand2         2  5.8     0    42     473    (-,-) 
  basic_isa_instance/g5705/z                                                                 (u)     in_0->z R     unmapped_complex2      1  2.9     0    35     508    (-,-) 
  basic_isa_instance/g5699/z                                                                 (u)     in_0->z R     unmapped_or2          34 17.4     0    85     594    (-,-) 
  basic_isa_instance/g5691/z                                                                 (u)     in_0->z F     unmapped_complex2      1  2.7     0    35     628    (-,-) 
  basic_isa_instance/g5923/z                                                                 (u)     in_1->z R     unmapped_nor2         33 17.4     0    85     714    (-,-) 
  basic_isa_instance/g20037/z                                                                (u)     in_1->z R     unmapped_complex2     32 17.4     0    85     799    (-,-) 
  basic_isa_instance/g20193/z                                                                (u)     in_1->z R     unmapped_complex2      1  2.9     0    35     834    (-,-) 
  basic_isa_instance/u_exe_g4888/z                                                           (u)     in_1->z F     unmapped_complex2      2  5.4     0    42     876    (-,-) 
  basic_isa_instance/u_exe_g4868/z                                                           (u)     in_0->z R     unmapped_nand2         1  2.9     0    35     911    (-,-) 
  basic_isa_instance/u_exe_g4755/z                                                           (u)     in_0->z F     unmapped_nand2        12 32.4     0    84     995    (-,-) 
  basic_isa_instance/u_exe_u_alu_top_u_arith_sub_88_27_Y_u_alu_top_u_arith_add_87_27/g2324/z (u)     in_1->z R     unmapped_nand2         1  2.9     0    35    1030    (-,-) 
  basic_isa_instance/u_exe_u_alu_top_u_arith_sub_88_27_Y_u_alu_top_u_arith_add_87_27/g2222/z (u)     in_1->z F     unmapped_nand2         1  2.7     0    35    1065    (-,-) 
  basic_isa_instance/u_exe_u_alu_top_u_arith_sub_88_27_Y_u_alu_top_u_arith_add_87_27/g2146/z (u)     in_1->z F     unmapped_complex2      3  8.1     0    48    1113    (-,-) 
  basic_isa_instance/u_exe_u_alu_top_u_arith_sub_88_27_Y_u_alu_top_u_arith_add_87_27/g552/z  (u)     in_0->z R     unmapped_complex2      1  2.9     0    35    1148    (-,-) 
  basic_isa_instance/u_exe_u_alu_top_u_arith_sub_88_27_Y_u_alu_top_u_arith_add_87_27/g106/z  (u)     in_1->z F     unmapped_nand2         4 10.8     0    53    1201    (-,-) 
  basic_isa_instance/u_exe_u_alu_top_u_arith_sub_88_27_Y_u_alu_top_u_arith_add_87_27/g2071/z (u)     in_0->z R     unmapped_complex2      1  2.9     0    35    1236    (-,-) 
  basic_isa_instance/u_exe_u_alu_top_u_arith_sub_88_27_Y_u_alu_top_u_arith_add_87_27/g2053/z (u)     in_0->z F     unmapped_complex2      6 16.2     0    62    1298    (-,-) 
  basic_isa_instance/u_exe_u_alu_top_u_arith_sub_88_27_Y_u_alu_top_u_arith_add_87_27/g636/z  (u)     in_0->z R     unmapped_complex2      1  2.9     0    35    1333    (-,-) 
  basic_isa_instance/u_exe_u_alu_top_u_arith_sub_88_27_Y_u_alu_top_u_arith_add_87_27/g2018/z (u)     in_0->z F     unmapped_complex2     10 27.0     0    77    1410    (-,-) 
  basic_isa_instance/u_exe_u_alu_top_u_arith_sub_88_27_Y_u_alu_top_u_arith_add_87_27/g1999/z (u)     in_0->z R     unmapped_complex2      1  2.9     0    35    1445    (-,-) 
  basic_isa_instance/u_exe_u_alu_top_u_arith_sub_88_27_Y_u_alu_top_u_arith_add_87_27/g1992/z (u)     in_0->z F     unmapped_complex2     17 13.5     0    79    1523    (-,-) 
  basic_isa_instance/u_exe_u_alu_top_u_arith_sub_88_27_Y_u_alu_top_u_arith_add_87_27/g667/z  (u)     in_0->z R     unmapped_complex2      1  2.9     0    35    1558    (-,-) 
  basic_isa_instance/u_exe_u_alu_top_u_arith_sub_88_27_Y_u_alu_top_u_arith_add_87_27/g1946/z (u)     in_0->z F     unmapped_complex2      2  5.4     0    42    1600    (-,-) 
  basic_isa_instance/u_exe_u_alu_top_u_arith_sub_88_27_Y_u_alu_top_u_arith_add_87_27/g1933/z (u)     in_0->z F     unmapped_or2           1  2.7     0    35    1635    (-,-) 
  basic_isa_instance/u_exe_u_alu_top_u_arith_sub_88_27_Y_u_alu_top_u_arith_add_87_27/g1934/z (u)     in_1->z R     unmapped_nand2         2  5.8     0    42    1677    (-,-) 
  basic_isa_instance/u_exe_g15831/z                                                          (u)     in_1->z R     unmapped_or2           1  2.9     0    35    1712    (-,-) 
  basic_isa_instance/u_exe_g15658/z                                                          (u)     in_1->z R     unmapped_or2           1  2.9     0    35    1747    (-,-) 
  basic_isa_instance/u_exe_g15303/z                                                          (u)     in_0->z F     unmapped_nand2         1  2.7     0    35    1782    (-,-) 
  basic_isa_instance/u_exe_g14001/z                                                          (u)     in_1->z R     unmapped_complex2      1  2.9     0    35    1817    (-,-) 
  basic_isa_instance/u_exe_g13990/z                                                          (u)     in_1->z R     unmapped_or2           1  2.9     0    35    1852    (-,-) 
  basic_isa_instance/u_exe_g15914/z                                                          (u)     in_1->z F     unmapped_nor2          2  5.4     0    42    1894    (-,-) 
  basic_isa_instance/g7610/z                                                                 (u)     in_1->z F     unmapped_or2           1  2.7     0    35    1929    (-,-) 
  basic_isa_instance/g7459/z                                                                 (u)     in_1->z R     unmapped_complex2      1  2.9     0    35    1964    (-,-) 
  basic_isa_instance/g7372/z                                                                 (u)     in_0->z R     unmapped_complex2      1  2.9     0    35    1999    (-,-) 
  basic_isa_instance/g7158/z                                                                 (u)     in_1->z R     unmapped_or2          40 20.3     0    91    2090    (-,-) 
  basic_isa_instance/g12324/z                                                                (u)     in_1->z R     unmapped_or2          10 29.0     0    77    2167    (-,-) 
  basic_isa_instance/g15904/z                                                                (u)     in_0->z R     unmapped_complex2      5 14.5     0    57    2224    (-,-) 
  basic_isa_instance/g17670/z                                                                (u)     in_0->z F     unmapped_complex2      2  5.4     0    42    2266    (-,-) 
  basic_isa_instance/g13428/z                                                                (u)     in_1->z F     unmapped_or2           1  2.7     0    35    2301    (-,-) 
  basic_isa_instance/g17293/z                                                                (u)     in_1->z R     unmapped_nand2         4 11.6     0    53    2354    (-,-) 
  basic_isa_instance/g17233/z                                                                (u)     in_0->z R     unmapped_complex2      2  5.8     0    42    2396    (-,-) 
  basic_isa_instance/g13263/z                                                                (u)     in_0->z R     unmapped_or2           8 23.2     0    70    2466    (-,-) 
  basic_isa_instance/g19422/z                                                                (u)     in_0->z R     unmapped_complex2      1  2.9     0    35    2501    (-,-) 
  basic_isa_instance/u_id_ex_imm_ex_reg[7]/d                                                 -       -       R     unmapped_d_flop        1    -     -     0    2501    (-,-) 
#-----------------------------------------------------------------------------------------------------------------------------------------------------------------------------

(u) : Net has unmapped pin(s).



Path 30: VIOLATED (-91 ps) Setup Check with Pin basic_isa_instance/u_id_ex_imm_ex_reg[6]/clk->d
          Group: core_clk
     Startpoint: (R) basic_isa_instance/u_ex_mem_inst_mem_o_reg[9]/clk
          Clock: (R) core_clk
       Endpoint: (R) basic_isa_instance/u_id_ex_imm_ex_reg[6]/d
          Clock: (R) core_clk

                     Capture       Launch     
        Clock Edge:+    2500            0     
       Src Latency:+       0            0     
       Net Latency:+       0 (I)        0 (I) 
           Arrival:=    2500            0     
                                              
             Setup:-      90                  
     Required Time:=    2410                  
      Launch Clock:-       0                  
         Data Path:-    2501                  
             Slack:=     -91                  

#-----------------------------------------------------------------------------------------------------------------------------------------------------------------------------
#                                       Timing Point                                         Flags    Arc    Edge       Cell         Fanout Load Trans Delay Arrival Instance 
#                                                                                                                                           (fF)  (ps)  (ps)   (ps)  Location 
#-----------------------------------------------------------------------------------------------------------------------------------------------------------------------------
  basic_isa_instance/u_ex_mem_inst_mem_o_reg[9]/clk                                          -       -       R     (arrival)            139    -     0     -       0    (-,-) 
  basic_isa_instance/u_ex_mem_inst_mem_o_reg[9]/q                                            (u)     clk->q  F     unmapped_d_flop        7 18.9     0   326     326    (-,-) 
  basic_isa_instance/g5881/z                                                                 (u)     in_1->z F     unmapped_or2           1  2.7     0    35     362    (-,-) 
  basic_isa_instance/g5736/z                                                                 (u)     in_1->z F     unmapped_or2           1  2.7     0    35     396    (-,-) 
  basic_isa_instance/g5720/z                                                                 (u)     in_1->z F     unmapped_or2           1  2.7     0    35     432    (-,-) 
  basic_isa_instance/g5710/z                                                                 (u)     in_0->z R     unmapped_nand2         2  5.8     0    42     473    (-,-) 
  basic_isa_instance/g5705/z                                                                 (u)     in_0->z R     unmapped_complex2      1  2.9     0    35     508    (-,-) 
  basic_isa_instance/g5699/z                                                                 (u)     in_0->z R     unmapped_or2          34 17.4     0    85     594    (-,-) 
  basic_isa_instance/g5691/z                                                                 (u)     in_0->z F     unmapped_complex2      1  2.7     0    35     628    (-,-) 
  basic_isa_instance/g5923/z                                                                 (u)     in_1->z R     unmapped_nor2         33 17.4     0    85     714    (-,-) 
  basic_isa_instance/g20037/z                                                                (u)     in_1->z R     unmapped_complex2     32 17.4     0    85     799    (-,-) 
  basic_isa_instance/g20193/z                                                                (u)     in_1->z R     unmapped_complex2      1  2.9     0    35     834    (-,-) 
  basic_isa_instance/u_exe_g4888/z                                                           (u)     in_1->z F     unmapped_complex2      2  5.4     0    42     876    (-,-) 
  basic_isa_instance/u_exe_g4868/z                                                           (u)     in_0->z R     unmapped_nand2         1  2.9     0    35     911    (-,-) 
  basic_isa_instance/u_exe_g4755/z                                                           (u)     in_0->z F     unmapped_nand2        12 32.4     0    84     995    (-,-) 
  basic_isa_instance/u_exe_u_alu_top_u_arith_sub_88_27_Y_u_alu_top_u_arith_add_87_27/g2324/z (u)     in_1->z R     unmapped_nand2         1  2.9     0    35    1030    (-,-) 
  basic_isa_instance/u_exe_u_alu_top_u_arith_sub_88_27_Y_u_alu_top_u_arith_add_87_27/g2222/z (u)     in_1->z F     unmapped_nand2         1  2.7     0    35    1065    (-,-) 
  basic_isa_instance/u_exe_u_alu_top_u_arith_sub_88_27_Y_u_alu_top_u_arith_add_87_27/g2146/z (u)     in_1->z F     unmapped_complex2      3  8.1     0    48    1113    (-,-) 
  basic_isa_instance/u_exe_u_alu_top_u_arith_sub_88_27_Y_u_alu_top_u_arith_add_87_27/g552/z  (u)     in_0->z R     unmapped_complex2      1  2.9     0    35    1148    (-,-) 
  basic_isa_instance/u_exe_u_alu_top_u_arith_sub_88_27_Y_u_alu_top_u_arith_add_87_27/g106/z  (u)     in_1->z F     unmapped_nand2         4 10.8     0    53    1201    (-,-) 
  basic_isa_instance/u_exe_u_alu_top_u_arith_sub_88_27_Y_u_alu_top_u_arith_add_87_27/g2071/z (u)     in_0->z R     unmapped_complex2      1  2.9     0    35    1236    (-,-) 
  basic_isa_instance/u_exe_u_alu_top_u_arith_sub_88_27_Y_u_alu_top_u_arith_add_87_27/g2053/z (u)     in_0->z F     unmapped_complex2      6 16.2     0    62    1298    (-,-) 
  basic_isa_instance/u_exe_u_alu_top_u_arith_sub_88_27_Y_u_alu_top_u_arith_add_87_27/g636/z  (u)     in_0->z R     unmapped_complex2      1  2.9     0    35    1333    (-,-) 
  basic_isa_instance/u_exe_u_alu_top_u_arith_sub_88_27_Y_u_alu_top_u_arith_add_87_27/g2018/z (u)     in_0->z F     unmapped_complex2     10 27.0     0    77    1410    (-,-) 
  basic_isa_instance/u_exe_u_alu_top_u_arith_sub_88_27_Y_u_alu_top_u_arith_add_87_27/g1999/z (u)     in_0->z R     unmapped_complex2      1  2.9     0    35    1445    (-,-) 
  basic_isa_instance/u_exe_u_alu_top_u_arith_sub_88_27_Y_u_alu_top_u_arith_add_87_27/g1992/z (u)     in_0->z F     unmapped_complex2     17 13.5     0    79    1523    (-,-) 
  basic_isa_instance/u_exe_u_alu_top_u_arith_sub_88_27_Y_u_alu_top_u_arith_add_87_27/g667/z  (u)     in_0->z R     unmapped_complex2      1  2.9     0    35    1558    (-,-) 
  basic_isa_instance/u_exe_u_alu_top_u_arith_sub_88_27_Y_u_alu_top_u_arith_add_87_27/g1946/z (u)     in_0->z F     unmapped_complex2      2  5.4     0    42    1600    (-,-) 
  basic_isa_instance/u_exe_u_alu_top_u_arith_sub_88_27_Y_u_alu_top_u_arith_add_87_27/g1933/z (u)     in_0->z F     unmapped_or2           1  2.7     0    35    1635    (-,-) 
  basic_isa_instance/u_exe_u_alu_top_u_arith_sub_88_27_Y_u_alu_top_u_arith_add_87_27/g1934/z (u)     in_1->z R     unmapped_nand2         2  5.8     0    42    1677    (-,-) 
  basic_isa_instance/u_exe_g15831/z                                                          (u)     in_1->z R     unmapped_or2           1  2.9     0    35    1712    (-,-) 
  basic_isa_instance/u_exe_g15658/z                                                          (u)     in_1->z R     unmapped_or2           1  2.9     0    35    1747    (-,-) 
  basic_isa_instance/u_exe_g15303/z                                                          (u)     in_0->z F     unmapped_nand2         1  2.7     0    35    1782    (-,-) 
  basic_isa_instance/u_exe_g14001/z                                                          (u)     in_1->z R     unmapped_complex2      1  2.9     0    35    1817    (-,-) 
  basic_isa_instance/u_exe_g13990/z                                                          (u)     in_1->z R     unmapped_or2           1  2.9     0    35    1852    (-,-) 
  basic_isa_instance/u_exe_g15914/z                                                          (u)     in_1->z F     unmapped_nor2          2  5.4     0    42    1894    (-,-) 
  basic_isa_instance/g7610/z                                                                 (u)     in_1->z F     unmapped_or2           1  2.7     0    35    1929    (-,-) 
  basic_isa_instance/g7459/z                                                                 (u)     in_1->z R     unmapped_complex2      1  2.9     0    35    1964    (-,-) 
  basic_isa_instance/g7372/z                                                                 (u)     in_0->z R     unmapped_complex2      1  2.9     0    35    1999    (-,-) 
  basic_isa_instance/g7158/z                                                                 (u)     in_1->z R     unmapped_or2          40 20.3     0    91    2090    (-,-) 
  basic_isa_instance/g12324/z                                                                (u)     in_1->z R     unmapped_or2          10 29.0     0    77    2167    (-,-) 
  basic_isa_instance/g15904/z                                                                (u)     in_0->z R     unmapped_complex2      5 14.5     0    57    2224    (-,-) 
  basic_isa_instance/g17670/z                                                                (u)     in_0->z F     unmapped_complex2      2  5.4     0    42    2266    (-,-) 
  basic_isa_instance/g13428/z                                                                (u)     in_1->z F     unmapped_or2           1  2.7     0    35    2301    (-,-) 
  basic_isa_instance/g17293/z                                                                (u)     in_1->z R     unmapped_nand2         4 11.6     0    53    2354    (-,-) 
  basic_isa_instance/g17233/z                                                                (u)     in_0->z R     unmapped_complex2      2  5.8     0    42    2396    (-,-) 
  basic_isa_instance/g13263/z                                                                (u)     in_0->z R     unmapped_or2           8 23.2     0    70    2466    (-,-) 
  basic_isa_instance/g19423/z                                                                (u)     in_0->z R     unmapped_complex2      1  2.9     0    35    2501    (-,-) 
  basic_isa_instance/u_id_ex_imm_ex_reg[6]/d                                                 -       -       R     unmapped_d_flop        1    -     -     0    2501    (-,-) 
#-----------------------------------------------------------------------------------------------------------------------------------------------------------------------------

(u) : Net has unmapped pin(s).



Path 31: VIOLATED (-91 ps) Setup Check with Pin basic_isa_instance/u_id_ex_imm_ex_reg[5]/clk->d
          Group: core_clk
     Startpoint: (R) basic_isa_instance/u_ex_mem_inst_mem_o_reg[9]/clk
          Clock: (R) core_clk
       Endpoint: (R) basic_isa_instance/u_id_ex_imm_ex_reg[5]/d
          Clock: (R) core_clk

                     Capture       Launch     
        Clock Edge:+    2500            0     
       Src Latency:+       0            0     
       Net Latency:+       0 (I)        0 (I) 
           Arrival:=    2500            0     
                                              
             Setup:-      90                  
     Required Time:=    2410                  
      Launch Clock:-       0                  
         Data Path:-    2501                  
             Slack:=     -91                  

#-----------------------------------------------------------------------------------------------------------------------------------------------------------------------------
#                                       Timing Point                                         Flags    Arc    Edge       Cell         Fanout Load Trans Delay Arrival Instance 
#                                                                                                                                           (fF)  (ps)  (ps)   (ps)  Location 
#-----------------------------------------------------------------------------------------------------------------------------------------------------------------------------
  basic_isa_instance/u_ex_mem_inst_mem_o_reg[9]/clk                                          -       -       R     (arrival)            139    -     0     -       0    (-,-) 
  basic_isa_instance/u_ex_mem_inst_mem_o_reg[9]/q                                            (u)     clk->q  F     unmapped_d_flop        7 18.9     0   326     326    (-,-) 
  basic_isa_instance/g5881/z                                                                 (u)     in_1->z F     unmapped_or2           1  2.7     0    35     362    (-,-) 
  basic_isa_instance/g5736/z                                                                 (u)     in_1->z F     unmapped_or2           1  2.7     0    35     396    (-,-) 
  basic_isa_instance/g5720/z                                                                 (u)     in_1->z F     unmapped_or2           1  2.7     0    35     432    (-,-) 
  basic_isa_instance/g5710/z                                                                 (u)     in_0->z R     unmapped_nand2         2  5.8     0    42     473    (-,-) 
  basic_isa_instance/g5705/z                                                                 (u)     in_0->z R     unmapped_complex2      1  2.9     0    35     508    (-,-) 
  basic_isa_instance/g5699/z                                                                 (u)     in_0->z R     unmapped_or2          34 17.4     0    85     594    (-,-) 
  basic_isa_instance/g5691/z                                                                 (u)     in_0->z F     unmapped_complex2      1  2.7     0    35     628    (-,-) 
  basic_isa_instance/g5923/z                                                                 (u)     in_1->z R     unmapped_nor2         33 17.4     0    85     714    (-,-) 
  basic_isa_instance/g20037/z                                                                (u)     in_1->z R     unmapped_complex2     32 17.4     0    85     799    (-,-) 
  basic_isa_instance/g20193/z                                                                (u)     in_1->z R     unmapped_complex2      1  2.9     0    35     834    (-,-) 
  basic_isa_instance/u_exe_g4888/z                                                           (u)     in_1->z F     unmapped_complex2      2  5.4     0    42     876    (-,-) 
  basic_isa_instance/u_exe_g4868/z                                                           (u)     in_0->z R     unmapped_nand2         1  2.9     0    35     911    (-,-) 
  basic_isa_instance/u_exe_g4755/z                                                           (u)     in_0->z F     unmapped_nand2        12 32.4     0    84     995    (-,-) 
  basic_isa_instance/u_exe_u_alu_top_u_arith_sub_88_27_Y_u_alu_top_u_arith_add_87_27/g2324/z (u)     in_1->z R     unmapped_nand2         1  2.9     0    35    1030    (-,-) 
  basic_isa_instance/u_exe_u_alu_top_u_arith_sub_88_27_Y_u_alu_top_u_arith_add_87_27/g2222/z (u)     in_1->z F     unmapped_nand2         1  2.7     0    35    1065    (-,-) 
  basic_isa_instance/u_exe_u_alu_top_u_arith_sub_88_27_Y_u_alu_top_u_arith_add_87_27/g2146/z (u)     in_1->z F     unmapped_complex2      3  8.1     0    48    1113    (-,-) 
  basic_isa_instance/u_exe_u_alu_top_u_arith_sub_88_27_Y_u_alu_top_u_arith_add_87_27/g552/z  (u)     in_0->z R     unmapped_complex2      1  2.9     0    35    1148    (-,-) 
  basic_isa_instance/u_exe_u_alu_top_u_arith_sub_88_27_Y_u_alu_top_u_arith_add_87_27/g106/z  (u)     in_1->z F     unmapped_nand2         4 10.8     0    53    1201    (-,-) 
  basic_isa_instance/u_exe_u_alu_top_u_arith_sub_88_27_Y_u_alu_top_u_arith_add_87_27/g2071/z (u)     in_0->z R     unmapped_complex2      1  2.9     0    35    1236    (-,-) 
  basic_isa_instance/u_exe_u_alu_top_u_arith_sub_88_27_Y_u_alu_top_u_arith_add_87_27/g2053/z (u)     in_0->z F     unmapped_complex2      6 16.2     0    62    1298    (-,-) 
  basic_isa_instance/u_exe_u_alu_top_u_arith_sub_88_27_Y_u_alu_top_u_arith_add_87_27/g636/z  (u)     in_0->z R     unmapped_complex2      1  2.9     0    35    1333    (-,-) 
  basic_isa_instance/u_exe_u_alu_top_u_arith_sub_88_27_Y_u_alu_top_u_arith_add_87_27/g2018/z (u)     in_0->z F     unmapped_complex2     10 27.0     0    77    1410    (-,-) 
  basic_isa_instance/u_exe_u_alu_top_u_arith_sub_88_27_Y_u_alu_top_u_arith_add_87_27/g1999/z (u)     in_0->z R     unmapped_complex2      1  2.9     0    35    1445    (-,-) 
  basic_isa_instance/u_exe_u_alu_top_u_arith_sub_88_27_Y_u_alu_top_u_arith_add_87_27/g1992/z (u)     in_0->z F     unmapped_complex2     17 13.5     0    79    1523    (-,-) 
  basic_isa_instance/u_exe_u_alu_top_u_arith_sub_88_27_Y_u_alu_top_u_arith_add_87_27/g667/z  (u)     in_0->z R     unmapped_complex2      1  2.9     0    35    1558    (-,-) 
  basic_isa_instance/u_exe_u_alu_top_u_arith_sub_88_27_Y_u_alu_top_u_arith_add_87_27/g1946/z (u)     in_0->z F     unmapped_complex2      2  5.4     0    42    1600    (-,-) 
  basic_isa_instance/u_exe_u_alu_top_u_arith_sub_88_27_Y_u_alu_top_u_arith_add_87_27/g1933/z (u)     in_0->z F     unmapped_or2           1  2.7     0    35    1635    (-,-) 
  basic_isa_instance/u_exe_u_alu_top_u_arith_sub_88_27_Y_u_alu_top_u_arith_add_87_27/g1934/z (u)     in_1->z R     unmapped_nand2         2  5.8     0    42    1677    (-,-) 
  basic_isa_instance/u_exe_g15831/z                                                          (u)     in_1->z R     unmapped_or2           1  2.9     0    35    1712    (-,-) 
  basic_isa_instance/u_exe_g15658/z                                                          (u)     in_1->z R     unmapped_or2           1  2.9     0    35    1747    (-,-) 
  basic_isa_instance/u_exe_g15303/z                                                          (u)     in_0->z F     unmapped_nand2         1  2.7     0    35    1782    (-,-) 
  basic_isa_instance/u_exe_g14001/z                                                          (u)     in_1->z R     unmapped_complex2      1  2.9     0    35    1817    (-,-) 
  basic_isa_instance/u_exe_g13990/z                                                          (u)     in_1->z R     unmapped_or2           1  2.9     0    35    1852    (-,-) 
  basic_isa_instance/u_exe_g15914/z                                                          (u)     in_1->z F     unmapped_nor2          2  5.4     0    42    1894    (-,-) 
  basic_isa_instance/g7610/z                                                                 (u)     in_1->z F     unmapped_or2           1  2.7     0    35    1929    (-,-) 
  basic_isa_instance/g7459/z                                                                 (u)     in_1->z R     unmapped_complex2      1  2.9     0    35    1964    (-,-) 
  basic_isa_instance/g7372/z                                                                 (u)     in_0->z R     unmapped_complex2      1  2.9     0    35    1999    (-,-) 
  basic_isa_instance/g7158/z                                                                 (u)     in_1->z R     unmapped_or2          40 20.3     0    91    2090    (-,-) 
  basic_isa_instance/g12324/z                                                                (u)     in_1->z R     unmapped_or2          10 29.0     0    77    2167    (-,-) 
  basic_isa_instance/g15904/z                                                                (u)     in_0->z R     unmapped_complex2      5 14.5     0    57    2224    (-,-) 
  basic_isa_instance/g17670/z                                                                (u)     in_0->z F     unmapped_complex2      2  5.4     0    42    2266    (-,-) 
  basic_isa_instance/g13428/z                                                                (u)     in_1->z F     unmapped_or2           1  2.7     0    35    2301    (-,-) 
  basic_isa_instance/g17293/z                                                                (u)     in_1->z R     unmapped_nand2         4 11.6     0    53    2354    (-,-) 
  basic_isa_instance/g17233/z                                                                (u)     in_0->z R     unmapped_complex2      2  5.8     0    42    2396    (-,-) 
  basic_isa_instance/g13263/z                                                                (u)     in_0->z R     unmapped_or2           8 23.2     0    70    2466    (-,-) 
  basic_isa_instance/g19427/z                                                                (u)     in_0->z R     unmapped_complex2      1  2.9     0    35    2501    (-,-) 
  basic_isa_instance/u_id_ex_imm_ex_reg[5]/d                                                 -       -       R     unmapped_d_flop        1    -     -     0    2501    (-,-) 
#-----------------------------------------------------------------------------------------------------------------------------------------------------------------------------

(u) : Net has unmapped pin(s).



Path 32: VIOLATED (-86 ps) Setup Check with Pin basic_isa_instance/u_id_ex_imm_ex_reg[19]/clk->d
          Group: core_clk
     Startpoint: (R) basic_isa_instance/u_ex_mem_inst_mem_o_reg[9]/clk
          Clock: (R) core_clk
       Endpoint: (R) basic_isa_instance/u_id_ex_imm_ex_reg[19]/d
          Clock: (R) core_clk

                     Capture       Launch     
        Clock Edge:+    2500            0     
       Src Latency:+       0            0     
       Net Latency:+       0 (I)        0 (I) 
           Arrival:=    2500            0     
                                              
             Setup:-      90                  
     Required Time:=    2410                  
      Launch Clock:-       0                  
         Data Path:-    2496                  
             Slack:=     -86                  

#-----------------------------------------------------------------------------------------------------------------------------------------------------------------------------
#                                       Timing Point                                         Flags    Arc    Edge       Cell         Fanout Load Trans Delay Arrival Instance 
#                                                                                                                                           (fF)  (ps)  (ps)   (ps)  Location 
#-----------------------------------------------------------------------------------------------------------------------------------------------------------------------------
  basic_isa_instance/u_ex_mem_inst_mem_o_reg[9]/clk                                          -       -       R     (arrival)            139    -     0     -       0    (-,-) 
  basic_isa_instance/u_ex_mem_inst_mem_o_reg[9]/q                                            (u)     clk->q  F     unmapped_d_flop        7 18.9     0   326     326    (-,-) 
  basic_isa_instance/g5881/z                                                                 (u)     in_1->z F     unmapped_or2           1  2.7     0    35     362    (-,-) 
  basic_isa_instance/g5736/z                                                                 (u)     in_1->z F     unmapped_or2           1  2.7     0    35     396    (-,-) 
  basic_isa_instance/g5720/z                                                                 (u)     in_1->z F     unmapped_or2           1  2.7     0    35     432    (-,-) 
  basic_isa_instance/g5710/z                                                                 (u)     in_0->z R     unmapped_nand2         2  5.8     0    42     473    (-,-) 
  basic_isa_instance/g5705/z                                                                 (u)     in_0->z R     unmapped_complex2      1  2.9     0    35     508    (-,-) 
  basic_isa_instance/g5699/z                                                                 (u)     in_0->z R     unmapped_or2          34 17.4     0    85     594    (-,-) 
  basic_isa_instance/g5691/z                                                                 (u)     in_0->z F     unmapped_complex2      1  2.7     0    35     628    (-,-) 
  basic_isa_instance/g5923/z                                                                 (u)     in_1->z R     unmapped_nor2         33 17.4     0    85     714    (-,-) 
  basic_isa_instance/g20037/z                                                                (u)     in_1->z R     unmapped_complex2     32 17.4     0    85     799    (-,-) 
  basic_isa_instance/g20193/z                                                                (u)     in_1->z R     unmapped_complex2      1  2.9     0    35     834    (-,-) 
  basic_isa_instance/u_exe_g4888/z                                                           (u)     in_1->z F     unmapped_complex2      2  5.4     0    42     876    (-,-) 
  basic_isa_instance/u_exe_g4868/z                                                           (u)     in_0->z R     unmapped_nand2         1  2.9     0    35     911    (-,-) 
  basic_isa_instance/u_exe_g4755/z                                                           (u)     in_0->z F     unmapped_nand2        12 32.4     0    84     995    (-,-) 
  basic_isa_instance/u_exe_u_alu_top_u_arith_sub_88_27_Y_u_alu_top_u_arith_add_87_27/g2324/z (u)     in_1->z R     unmapped_nand2         1  2.9     0    35    1030    (-,-) 
  basic_isa_instance/u_exe_u_alu_top_u_arith_sub_88_27_Y_u_alu_top_u_arith_add_87_27/g2222/z (u)     in_1->z F     unmapped_nand2         1  2.7     0    35    1065    (-,-) 
  basic_isa_instance/u_exe_u_alu_top_u_arith_sub_88_27_Y_u_alu_top_u_arith_add_87_27/g2146/z (u)     in_1->z F     unmapped_complex2      3  8.1     0    48    1113    (-,-) 
  basic_isa_instance/u_exe_u_alu_top_u_arith_sub_88_27_Y_u_alu_top_u_arith_add_87_27/g552/z  (u)     in_0->z R     unmapped_complex2      1  2.9     0    35    1148    (-,-) 
  basic_isa_instance/u_exe_u_alu_top_u_arith_sub_88_27_Y_u_alu_top_u_arith_add_87_27/g106/z  (u)     in_1->z F     unmapped_nand2         4 10.8     0    53    1201    (-,-) 
  basic_isa_instance/u_exe_u_alu_top_u_arith_sub_88_27_Y_u_alu_top_u_arith_add_87_27/g2071/z (u)     in_0->z R     unmapped_complex2      1  2.9     0    35    1236    (-,-) 
  basic_isa_instance/u_exe_u_alu_top_u_arith_sub_88_27_Y_u_alu_top_u_arith_add_87_27/g2053/z (u)     in_0->z F     unmapped_complex2      6 16.2     0    62    1298    (-,-) 
  basic_isa_instance/u_exe_u_alu_top_u_arith_sub_88_27_Y_u_alu_top_u_arith_add_87_27/g636/z  (u)     in_0->z R     unmapped_complex2      1  2.9     0    35    1333    (-,-) 
  basic_isa_instance/u_exe_u_alu_top_u_arith_sub_88_27_Y_u_alu_top_u_arith_add_87_27/g2018/z (u)     in_0->z F     unmapped_complex2     10 27.0     0    77    1410    (-,-) 
  basic_isa_instance/u_exe_u_alu_top_u_arith_sub_88_27_Y_u_alu_top_u_arith_add_87_27/g1999/z (u)     in_0->z R     unmapped_complex2      1  2.9     0    35    1445    (-,-) 
  basic_isa_instance/u_exe_u_alu_top_u_arith_sub_88_27_Y_u_alu_top_u_arith_add_87_27/g1992/z (u)     in_0->z F     unmapped_complex2     17 13.5     0    79    1523    (-,-) 
  basic_isa_instance/u_exe_u_alu_top_u_arith_sub_88_27_Y_u_alu_top_u_arith_add_87_27/g667/z  (u)     in_0->z R     unmapped_complex2      1  2.9     0    35    1558    (-,-) 
  basic_isa_instance/u_exe_u_alu_top_u_arith_sub_88_27_Y_u_alu_top_u_arith_add_87_27/g1946/z (u)     in_0->z F     unmapped_complex2      2  5.4     0    42    1600    (-,-) 
  basic_isa_instance/u_exe_u_alu_top_u_arith_sub_88_27_Y_u_alu_top_u_arith_add_87_27/g1933/z (u)     in_0->z F     unmapped_or2           1  2.7     0    35    1635    (-,-) 
  basic_isa_instance/u_exe_u_alu_top_u_arith_sub_88_27_Y_u_alu_top_u_arith_add_87_27/g1934/z (u)     in_1->z R     unmapped_nand2         2  5.8     0    42    1677    (-,-) 
  basic_isa_instance/u_exe_g15831/z                                                          (u)     in_1->z R     unmapped_or2           1  2.9     0    35    1712    (-,-) 
  basic_isa_instance/u_exe_g15658/z                                                          (u)     in_1->z R     unmapped_or2           1  2.9     0    35    1747    (-,-) 
  basic_isa_instance/u_exe_g15303/z                                                          (u)     in_0->z F     unmapped_nand2         1  2.7     0    35    1782    (-,-) 
  basic_isa_instance/u_exe_g14001/z                                                          (u)     in_1->z R     unmapped_complex2      1  2.9     0    35    1817    (-,-) 
  basic_isa_instance/u_exe_g13990/z                                                          (u)     in_1->z R     unmapped_or2           1  2.9     0    35    1852    (-,-) 
  basic_isa_instance/u_exe_g15914/z                                                          (u)     in_1->z F     unmapped_nor2          2  5.4     0    42    1894    (-,-) 
  basic_isa_instance/g7610/z                                                                 (u)     in_1->z F     unmapped_or2           1  2.7     0    35    1929    (-,-) 
  basic_isa_instance/g7459/z                                                                 (u)     in_1->z R     unmapped_complex2      1  2.9     0    35    1964    (-,-) 
  basic_isa_instance/g7372/z                                                                 (u)     in_0->z R     unmapped_complex2      1  2.9     0    35    1999    (-,-) 
  basic_isa_instance/g7158/z                                                                 (u)     in_1->z R     unmapped_or2          40 20.3     0    91    2090    (-,-) 
  basic_isa_instance/g12324/z                                                                (u)     in_1->z R     unmapped_or2          10 29.0     0    77    2167    (-,-) 
  basic_isa_instance/g15904/z                                                                (u)     in_0->z R     unmapped_complex2      5 14.5     0    57    2224    (-,-) 
  basic_isa_instance/g17670/z                                                                (u)     in_0->z F     unmapped_complex2      2  5.4     0    42    2266    (-,-) 
  basic_isa_instance/g17535/z                                                                (u)     in_0->z F     unmapped_or2           2  5.4     0    42    2308    (-,-) 
  basic_isa_instance/g17348/z                                                                (u)     in_0->z R     unmapped_nand2         3  8.7     0    48    2356    (-,-) 
  basic_isa_instance/g17155/z                                                                (u)     in_0->z R     unmapped_or2           1  2.9     0    35    2391    (-,-) 
  basic_isa_instance/g16001/z                                                                (u)     in_1->z F     unmapped_complex2      8 21.6     0    70    2461    (-,-) 
  basic_isa_instance/g15942/z                                                                (u)     in_0->z R     unmapped_nand2         1  2.9     0    35    2496    (-,-) 
  basic_isa_instance/u_id_ex_imm_ex_reg[19]/d                                                -       -       R     unmapped_d_flop        1    -     -     0    2496    (-,-) 
#-----------------------------------------------------------------------------------------------------------------------------------------------------------------------------

(u) : Net has unmapped pin(s).



Path 33: VIOLATED (-86 ps) Setup Check with Pin basic_isa_instance/u_id_ex_imm_ex_reg[18]/clk->d
          Group: core_clk
     Startpoint: (R) basic_isa_instance/u_ex_mem_inst_mem_o_reg[9]/clk
          Clock: (R) core_clk
       Endpoint: (R) basic_isa_instance/u_id_ex_imm_ex_reg[18]/d
          Clock: (R) core_clk

                     Capture       Launch     
        Clock Edge:+    2500            0     
       Src Latency:+       0            0     
       Net Latency:+       0 (I)        0 (I) 
           Arrival:=    2500            0     
                                              
             Setup:-      90                  
     Required Time:=    2410                  
      Launch Clock:-       0                  
         Data Path:-    2496                  
             Slack:=     -86                  

#-----------------------------------------------------------------------------------------------------------------------------------------------------------------------------
#                                       Timing Point                                         Flags    Arc    Edge       Cell         Fanout Load Trans Delay Arrival Instance 
#                                                                                                                                           (fF)  (ps)  (ps)   (ps)  Location 
#-----------------------------------------------------------------------------------------------------------------------------------------------------------------------------
  basic_isa_instance/u_ex_mem_inst_mem_o_reg[9]/clk                                          -       -       R     (arrival)            139    -     0     -       0    (-,-) 
  basic_isa_instance/u_ex_mem_inst_mem_o_reg[9]/q                                            (u)     clk->q  F     unmapped_d_flop        7 18.9     0   326     326    (-,-) 
  basic_isa_instance/g5881/z                                                                 (u)     in_1->z F     unmapped_or2           1  2.7     0    35     362    (-,-) 
  basic_isa_instance/g5736/z                                                                 (u)     in_1->z F     unmapped_or2           1  2.7     0    35     396    (-,-) 
  basic_isa_instance/g5720/z                                                                 (u)     in_1->z F     unmapped_or2           1  2.7     0    35     432    (-,-) 
  basic_isa_instance/g5710/z                                                                 (u)     in_0->z R     unmapped_nand2         2  5.8     0    42     473    (-,-) 
  basic_isa_instance/g5705/z                                                                 (u)     in_0->z R     unmapped_complex2      1  2.9     0    35     508    (-,-) 
  basic_isa_instance/g5699/z                                                                 (u)     in_0->z R     unmapped_or2          34 17.4     0    85     594    (-,-) 
  basic_isa_instance/g5691/z                                                                 (u)     in_0->z F     unmapped_complex2      1  2.7     0    35     628    (-,-) 
  basic_isa_instance/g5923/z                                                                 (u)     in_1->z R     unmapped_nor2         33 17.4     0    85     714    (-,-) 
  basic_isa_instance/g20037/z                                                                (u)     in_1->z R     unmapped_complex2     32 17.4     0    85     799    (-,-) 
  basic_isa_instance/g20193/z                                                                (u)     in_1->z R     unmapped_complex2      1  2.9     0    35     834    (-,-) 
  basic_isa_instance/u_exe_g4888/z                                                           (u)     in_1->z F     unmapped_complex2      2  5.4     0    42     876    (-,-) 
  basic_isa_instance/u_exe_g4868/z                                                           (u)     in_0->z R     unmapped_nand2         1  2.9     0    35     911    (-,-) 
  basic_isa_instance/u_exe_g4755/z                                                           (u)     in_0->z F     unmapped_nand2        12 32.4     0    84     995    (-,-) 
  basic_isa_instance/u_exe_u_alu_top_u_arith_sub_88_27_Y_u_alu_top_u_arith_add_87_27/g2324/z (u)     in_1->z R     unmapped_nand2         1  2.9     0    35    1030    (-,-) 
  basic_isa_instance/u_exe_u_alu_top_u_arith_sub_88_27_Y_u_alu_top_u_arith_add_87_27/g2222/z (u)     in_1->z F     unmapped_nand2         1  2.7     0    35    1065    (-,-) 
  basic_isa_instance/u_exe_u_alu_top_u_arith_sub_88_27_Y_u_alu_top_u_arith_add_87_27/g2146/z (u)     in_1->z F     unmapped_complex2      3  8.1     0    48    1113    (-,-) 
  basic_isa_instance/u_exe_u_alu_top_u_arith_sub_88_27_Y_u_alu_top_u_arith_add_87_27/g552/z  (u)     in_0->z R     unmapped_complex2      1  2.9     0    35    1148    (-,-) 
  basic_isa_instance/u_exe_u_alu_top_u_arith_sub_88_27_Y_u_alu_top_u_arith_add_87_27/g106/z  (u)     in_1->z F     unmapped_nand2         4 10.8     0    53    1201    (-,-) 
  basic_isa_instance/u_exe_u_alu_top_u_arith_sub_88_27_Y_u_alu_top_u_arith_add_87_27/g2071/z (u)     in_0->z R     unmapped_complex2      1  2.9     0    35    1236    (-,-) 
  basic_isa_instance/u_exe_u_alu_top_u_arith_sub_88_27_Y_u_alu_top_u_arith_add_87_27/g2053/z (u)     in_0->z F     unmapped_complex2      6 16.2     0    62    1298    (-,-) 
  basic_isa_instance/u_exe_u_alu_top_u_arith_sub_88_27_Y_u_alu_top_u_arith_add_87_27/g636/z  (u)     in_0->z R     unmapped_complex2      1  2.9     0    35    1333    (-,-) 
  basic_isa_instance/u_exe_u_alu_top_u_arith_sub_88_27_Y_u_alu_top_u_arith_add_87_27/g2018/z (u)     in_0->z F     unmapped_complex2     10 27.0     0    77    1410    (-,-) 
  basic_isa_instance/u_exe_u_alu_top_u_arith_sub_88_27_Y_u_alu_top_u_arith_add_87_27/g1999/z (u)     in_0->z R     unmapped_complex2      1  2.9     0    35    1445    (-,-) 
  basic_isa_instance/u_exe_u_alu_top_u_arith_sub_88_27_Y_u_alu_top_u_arith_add_87_27/g1992/z (u)     in_0->z F     unmapped_complex2     17 13.5     0    79    1523    (-,-) 
  basic_isa_instance/u_exe_u_alu_top_u_arith_sub_88_27_Y_u_alu_top_u_arith_add_87_27/g667/z  (u)     in_0->z R     unmapped_complex2      1  2.9     0    35    1558    (-,-) 
  basic_isa_instance/u_exe_u_alu_top_u_arith_sub_88_27_Y_u_alu_top_u_arith_add_87_27/g1946/z (u)     in_0->z F     unmapped_complex2      2  5.4     0    42    1600    (-,-) 
  basic_isa_instance/u_exe_u_alu_top_u_arith_sub_88_27_Y_u_alu_top_u_arith_add_87_27/g1933/z (u)     in_0->z F     unmapped_or2           1  2.7     0    35    1635    (-,-) 
  basic_isa_instance/u_exe_u_alu_top_u_arith_sub_88_27_Y_u_alu_top_u_arith_add_87_27/g1934/z (u)     in_1->z R     unmapped_nand2         2  5.8     0    42    1677    (-,-) 
  basic_isa_instance/u_exe_g15831/z                                                          (u)     in_1->z R     unmapped_or2           1  2.9     0    35    1712    (-,-) 
  basic_isa_instance/u_exe_g15658/z                                                          (u)     in_1->z R     unmapped_or2           1  2.9     0    35    1747    (-,-) 
  basic_isa_instance/u_exe_g15303/z                                                          (u)     in_0->z F     unmapped_nand2         1  2.7     0    35    1782    (-,-) 
  basic_isa_instance/u_exe_g14001/z                                                          (u)     in_1->z R     unmapped_complex2      1  2.9     0    35    1817    (-,-) 
  basic_isa_instance/u_exe_g13990/z                                                          (u)     in_1->z R     unmapped_or2           1  2.9     0    35    1852    (-,-) 
  basic_isa_instance/u_exe_g15914/z                                                          (u)     in_1->z F     unmapped_nor2          2  5.4     0    42    1894    (-,-) 
  basic_isa_instance/g7610/z                                                                 (u)     in_1->z F     unmapped_or2           1  2.7     0    35    1929    (-,-) 
  basic_isa_instance/g7459/z                                                                 (u)     in_1->z R     unmapped_complex2      1  2.9     0    35    1964    (-,-) 
  basic_isa_instance/g7372/z                                                                 (u)     in_0->z R     unmapped_complex2      1  2.9     0    35    1999    (-,-) 
  basic_isa_instance/g7158/z                                                                 (u)     in_1->z R     unmapped_or2          40 20.3     0    91    2090    (-,-) 
  basic_isa_instance/g12324/z                                                                (u)     in_1->z R     unmapped_or2          10 29.0     0    77    2167    (-,-) 
  basic_isa_instance/g15904/z                                                                (u)     in_0->z R     unmapped_complex2      5 14.5     0    57    2224    (-,-) 
  basic_isa_instance/g17670/z                                                                (u)     in_0->z F     unmapped_complex2      2  5.4     0    42    2266    (-,-) 
  basic_isa_instance/g17535/z                                                                (u)     in_0->z F     unmapped_or2           2  5.4     0    42    2308    (-,-) 
  basic_isa_instance/g17348/z                                                                (u)     in_0->z R     unmapped_nand2         3  8.7     0    48    2356    (-,-) 
  basic_isa_instance/g17155/z                                                                (u)     in_0->z R     unmapped_or2           1  2.9     0    35    2391    (-,-) 
  basic_isa_instance/g16001/z                                                                (u)     in_1->z F     unmapped_complex2      8 21.6     0    70    2461    (-,-) 
  basic_isa_instance/g15959/z                                                                (u)     in_0->z R     unmapped_nand2         1  2.9     0    35    2496    (-,-) 
  basic_isa_instance/u_id_ex_imm_ex_reg[18]/d                                                -       -       R     unmapped_d_flop        1    -     -     0    2496    (-,-) 
#-----------------------------------------------------------------------------------------------------------------------------------------------------------------------------

(u) : Net has unmapped pin(s).



Path 34: VIOLATED (-86 ps) Setup Check with Pin basic_isa_instance/u_id_ex_imm_ex_reg[17]/clk->d
          Group: core_clk
     Startpoint: (R) basic_isa_instance/u_ex_mem_inst_mem_o_reg[9]/clk
          Clock: (R) core_clk
       Endpoint: (R) basic_isa_instance/u_id_ex_imm_ex_reg[17]/d
          Clock: (R) core_clk

                     Capture       Launch     
        Clock Edge:+    2500            0     
       Src Latency:+       0            0     
       Net Latency:+       0 (I)        0 (I) 
           Arrival:=    2500            0     
                                              
             Setup:-      90                  
     Required Time:=    2410                  
      Launch Clock:-       0                  
         Data Path:-    2496                  
             Slack:=     -86                  

#-----------------------------------------------------------------------------------------------------------------------------------------------------------------------------
#                                       Timing Point                                         Flags    Arc    Edge       Cell         Fanout Load Trans Delay Arrival Instance 
#                                                                                                                                           (fF)  (ps)  (ps)   (ps)  Location 
#-----------------------------------------------------------------------------------------------------------------------------------------------------------------------------
  basic_isa_instance/u_ex_mem_inst_mem_o_reg[9]/clk                                          -       -       R     (arrival)            139    -     0     -       0    (-,-) 
  basic_isa_instance/u_ex_mem_inst_mem_o_reg[9]/q                                            (u)     clk->q  F     unmapped_d_flop        7 18.9     0   326     326    (-,-) 
  basic_isa_instance/g5881/z                                                                 (u)     in_1->z F     unmapped_or2           1  2.7     0    35     362    (-,-) 
  basic_isa_instance/g5736/z                                                                 (u)     in_1->z F     unmapped_or2           1  2.7     0    35     396    (-,-) 
  basic_isa_instance/g5720/z                                                                 (u)     in_1->z F     unmapped_or2           1  2.7     0    35     432    (-,-) 
  basic_isa_instance/g5710/z                                                                 (u)     in_0->z R     unmapped_nand2         2  5.8     0    42     473    (-,-) 
  basic_isa_instance/g5705/z                                                                 (u)     in_0->z R     unmapped_complex2      1  2.9     0    35     508    (-,-) 
  basic_isa_instance/g5699/z                                                                 (u)     in_0->z R     unmapped_or2          34 17.4     0    85     594    (-,-) 
  basic_isa_instance/g5691/z                                                                 (u)     in_0->z F     unmapped_complex2      1  2.7     0    35     628    (-,-) 
  basic_isa_instance/g5923/z                                                                 (u)     in_1->z R     unmapped_nor2         33 17.4     0    85     714    (-,-) 
  basic_isa_instance/g20037/z                                                                (u)     in_1->z R     unmapped_complex2     32 17.4     0    85     799    (-,-) 
  basic_isa_instance/g20193/z                                                                (u)     in_1->z R     unmapped_complex2      1  2.9     0    35     834    (-,-) 
  basic_isa_instance/u_exe_g4888/z                                                           (u)     in_1->z F     unmapped_complex2      2  5.4     0    42     876    (-,-) 
  basic_isa_instance/u_exe_g4868/z                                                           (u)     in_0->z R     unmapped_nand2         1  2.9     0    35     911    (-,-) 
  basic_isa_instance/u_exe_g4755/z                                                           (u)     in_0->z F     unmapped_nand2        12 32.4     0    84     995    (-,-) 
  basic_isa_instance/u_exe_u_alu_top_u_arith_sub_88_27_Y_u_alu_top_u_arith_add_87_27/g2324/z (u)     in_1->z R     unmapped_nand2         1  2.9     0    35    1030    (-,-) 
  basic_isa_instance/u_exe_u_alu_top_u_arith_sub_88_27_Y_u_alu_top_u_arith_add_87_27/g2222/z (u)     in_1->z F     unmapped_nand2         1  2.7     0    35    1065    (-,-) 
  basic_isa_instance/u_exe_u_alu_top_u_arith_sub_88_27_Y_u_alu_top_u_arith_add_87_27/g2146/z (u)     in_1->z F     unmapped_complex2      3  8.1     0    48    1113    (-,-) 
  basic_isa_instance/u_exe_u_alu_top_u_arith_sub_88_27_Y_u_alu_top_u_arith_add_87_27/g552/z  (u)     in_0->z R     unmapped_complex2      1  2.9     0    35    1148    (-,-) 
  basic_isa_instance/u_exe_u_alu_top_u_arith_sub_88_27_Y_u_alu_top_u_arith_add_87_27/g106/z  (u)     in_1->z F     unmapped_nand2         4 10.8     0    53    1201    (-,-) 
  basic_isa_instance/u_exe_u_alu_top_u_arith_sub_88_27_Y_u_alu_top_u_arith_add_87_27/g2071/z (u)     in_0->z R     unmapped_complex2      1  2.9     0    35    1236    (-,-) 
  basic_isa_instance/u_exe_u_alu_top_u_arith_sub_88_27_Y_u_alu_top_u_arith_add_87_27/g2053/z (u)     in_0->z F     unmapped_complex2      6 16.2     0    62    1298    (-,-) 
  basic_isa_instance/u_exe_u_alu_top_u_arith_sub_88_27_Y_u_alu_top_u_arith_add_87_27/g636/z  (u)     in_0->z R     unmapped_complex2      1  2.9     0    35    1333    (-,-) 
  basic_isa_instance/u_exe_u_alu_top_u_arith_sub_88_27_Y_u_alu_top_u_arith_add_87_27/g2018/z (u)     in_0->z F     unmapped_complex2     10 27.0     0    77    1410    (-,-) 
  basic_isa_instance/u_exe_u_alu_top_u_arith_sub_88_27_Y_u_alu_top_u_arith_add_87_27/g1999/z (u)     in_0->z R     unmapped_complex2      1  2.9     0    35    1445    (-,-) 
  basic_isa_instance/u_exe_u_alu_top_u_arith_sub_88_27_Y_u_alu_top_u_arith_add_87_27/g1992/z (u)     in_0->z F     unmapped_complex2     17 13.5     0    79    1523    (-,-) 
  basic_isa_instance/u_exe_u_alu_top_u_arith_sub_88_27_Y_u_alu_top_u_arith_add_87_27/g667/z  (u)     in_0->z R     unmapped_complex2      1  2.9     0    35    1558    (-,-) 
  basic_isa_instance/u_exe_u_alu_top_u_arith_sub_88_27_Y_u_alu_top_u_arith_add_87_27/g1946/z (u)     in_0->z F     unmapped_complex2      2  5.4     0    42    1600    (-,-) 
  basic_isa_instance/u_exe_u_alu_top_u_arith_sub_88_27_Y_u_alu_top_u_arith_add_87_27/g1933/z (u)     in_0->z F     unmapped_or2           1  2.7     0    35    1635    (-,-) 
  basic_isa_instance/u_exe_u_alu_top_u_arith_sub_88_27_Y_u_alu_top_u_arith_add_87_27/g1934/z (u)     in_1->z R     unmapped_nand2         2  5.8     0    42    1677    (-,-) 
  basic_isa_instance/u_exe_g15831/z                                                          (u)     in_1->z R     unmapped_or2           1  2.9     0    35    1712    (-,-) 
  basic_isa_instance/u_exe_g15658/z                                                          (u)     in_1->z R     unmapped_or2           1  2.9     0    35    1747    (-,-) 
  basic_isa_instance/u_exe_g15303/z                                                          (u)     in_0->z F     unmapped_nand2         1  2.7     0    35    1782    (-,-) 
  basic_isa_instance/u_exe_g14001/z                                                          (u)     in_1->z R     unmapped_complex2      1  2.9     0    35    1817    (-,-) 
  basic_isa_instance/u_exe_g13990/z                                                          (u)     in_1->z R     unmapped_or2           1  2.9     0    35    1852    (-,-) 
  basic_isa_instance/u_exe_g15914/z                                                          (u)     in_1->z F     unmapped_nor2          2  5.4     0    42    1894    (-,-) 
  basic_isa_instance/g7610/z                                                                 (u)     in_1->z F     unmapped_or2           1  2.7     0    35    1929    (-,-) 
  basic_isa_instance/g7459/z                                                                 (u)     in_1->z R     unmapped_complex2      1  2.9     0    35    1964    (-,-) 
  basic_isa_instance/g7372/z                                                                 (u)     in_0->z R     unmapped_complex2      1  2.9     0    35    1999    (-,-) 
  basic_isa_instance/g7158/z                                                                 (u)     in_1->z R     unmapped_or2          40 20.3     0    91    2090    (-,-) 
  basic_isa_instance/g12324/z                                                                (u)     in_1->z R     unmapped_or2          10 29.0     0    77    2167    (-,-) 
  basic_isa_instance/g15904/z                                                                (u)     in_0->z R     unmapped_complex2      5 14.5     0    57    2224    (-,-) 
  basic_isa_instance/g17670/z                                                                (u)     in_0->z F     unmapped_complex2      2  5.4     0    42    2266    (-,-) 
  basic_isa_instance/g17535/z                                                                (u)     in_0->z F     unmapped_or2           2  5.4     0    42    2308    (-,-) 
  basic_isa_instance/g17348/z                                                                (u)     in_0->z R     unmapped_nand2         3  8.7     0    48    2356    (-,-) 
  basic_isa_instance/g17155/z                                                                (u)     in_0->z R     unmapped_or2           1  2.9     0    35    2391    (-,-) 
  basic_isa_instance/g16001/z                                                                (u)     in_1->z F     unmapped_complex2      8 21.6     0    70    2461    (-,-) 
  basic_isa_instance/g15941/z                                                                (u)     in_0->z R     unmapped_nand2         1  2.9     0    35    2496    (-,-) 
  basic_isa_instance/u_id_ex_imm_ex_reg[17]/d                                                -       -       R     unmapped_d_flop        1    -     -     0    2496    (-,-) 
#-----------------------------------------------------------------------------------------------------------------------------------------------------------------------------

(u) : Net has unmapped pin(s).



Path 35: VIOLATED (-86 ps) Setup Check with Pin basic_isa_instance/u_id_ex_imm_ex_reg[16]/clk->d
          Group: core_clk
     Startpoint: (R) basic_isa_instance/u_ex_mem_inst_mem_o_reg[9]/clk
          Clock: (R) core_clk
       Endpoint: (R) basic_isa_instance/u_id_ex_imm_ex_reg[16]/d
          Clock: (R) core_clk

                     Capture       Launch     
        Clock Edge:+    2500            0     
       Src Latency:+       0            0     
       Net Latency:+       0 (I)        0 (I) 
           Arrival:=    2500            0     
                                              
             Setup:-      90                  
     Required Time:=    2410                  
      Launch Clock:-       0                  
         Data Path:-    2496                  
             Slack:=     -86                  

#-----------------------------------------------------------------------------------------------------------------------------------------------------------------------------
#                                       Timing Point                                         Flags    Arc    Edge       Cell         Fanout Load Trans Delay Arrival Instance 
#                                                                                                                                           (fF)  (ps)  (ps)   (ps)  Location 
#-----------------------------------------------------------------------------------------------------------------------------------------------------------------------------
  basic_isa_instance/u_ex_mem_inst_mem_o_reg[9]/clk                                          -       -       R     (arrival)            139    -     0     -       0    (-,-) 
  basic_isa_instance/u_ex_mem_inst_mem_o_reg[9]/q                                            (u)     clk->q  F     unmapped_d_flop        7 18.9     0   326     326    (-,-) 
  basic_isa_instance/g5881/z                                                                 (u)     in_1->z F     unmapped_or2           1  2.7     0    35     362    (-,-) 
  basic_isa_instance/g5736/z                                                                 (u)     in_1->z F     unmapped_or2           1  2.7     0    35     396    (-,-) 
  basic_isa_instance/g5720/z                                                                 (u)     in_1->z F     unmapped_or2           1  2.7     0    35     432    (-,-) 
  basic_isa_instance/g5710/z                                                                 (u)     in_0->z R     unmapped_nand2         2  5.8     0    42     473    (-,-) 
  basic_isa_instance/g5705/z                                                                 (u)     in_0->z R     unmapped_complex2      1  2.9     0    35     508    (-,-) 
  basic_isa_instance/g5699/z                                                                 (u)     in_0->z R     unmapped_or2          34 17.4     0    85     594    (-,-) 
  basic_isa_instance/g5691/z                                                                 (u)     in_0->z F     unmapped_complex2      1  2.7     0    35     628    (-,-) 
  basic_isa_instance/g5923/z                                                                 (u)     in_1->z R     unmapped_nor2         33 17.4     0    85     714    (-,-) 
  basic_isa_instance/g20037/z                                                                (u)     in_1->z R     unmapped_complex2     32 17.4     0    85     799    (-,-) 
  basic_isa_instance/g20193/z                                                                (u)     in_1->z R     unmapped_complex2      1  2.9     0    35     834    (-,-) 
  basic_isa_instance/u_exe_g4888/z                                                           (u)     in_1->z F     unmapped_complex2      2  5.4     0    42     876    (-,-) 
  basic_isa_instance/u_exe_g4868/z                                                           (u)     in_0->z R     unmapped_nand2         1  2.9     0    35     911    (-,-) 
  basic_isa_instance/u_exe_g4755/z                                                           (u)     in_0->z F     unmapped_nand2        12 32.4     0    84     995    (-,-) 
  basic_isa_instance/u_exe_u_alu_top_u_arith_sub_88_27_Y_u_alu_top_u_arith_add_87_27/g2324/z (u)     in_1->z R     unmapped_nand2         1  2.9     0    35    1030    (-,-) 
  basic_isa_instance/u_exe_u_alu_top_u_arith_sub_88_27_Y_u_alu_top_u_arith_add_87_27/g2222/z (u)     in_1->z F     unmapped_nand2         1  2.7     0    35    1065    (-,-) 
  basic_isa_instance/u_exe_u_alu_top_u_arith_sub_88_27_Y_u_alu_top_u_arith_add_87_27/g2146/z (u)     in_1->z F     unmapped_complex2      3  8.1     0    48    1113    (-,-) 
  basic_isa_instance/u_exe_u_alu_top_u_arith_sub_88_27_Y_u_alu_top_u_arith_add_87_27/g552/z  (u)     in_0->z R     unmapped_complex2      1  2.9     0    35    1148    (-,-) 
  basic_isa_instance/u_exe_u_alu_top_u_arith_sub_88_27_Y_u_alu_top_u_arith_add_87_27/g106/z  (u)     in_1->z F     unmapped_nand2         4 10.8     0    53    1201    (-,-) 
  basic_isa_instance/u_exe_u_alu_top_u_arith_sub_88_27_Y_u_alu_top_u_arith_add_87_27/g2071/z (u)     in_0->z R     unmapped_complex2      1  2.9     0    35    1236    (-,-) 
  basic_isa_instance/u_exe_u_alu_top_u_arith_sub_88_27_Y_u_alu_top_u_arith_add_87_27/g2053/z (u)     in_0->z F     unmapped_complex2      6 16.2     0    62    1298    (-,-) 
  basic_isa_instance/u_exe_u_alu_top_u_arith_sub_88_27_Y_u_alu_top_u_arith_add_87_27/g636/z  (u)     in_0->z R     unmapped_complex2      1  2.9     0    35    1333    (-,-) 
  basic_isa_instance/u_exe_u_alu_top_u_arith_sub_88_27_Y_u_alu_top_u_arith_add_87_27/g2018/z (u)     in_0->z F     unmapped_complex2     10 27.0     0    77    1410    (-,-) 
  basic_isa_instance/u_exe_u_alu_top_u_arith_sub_88_27_Y_u_alu_top_u_arith_add_87_27/g1999/z (u)     in_0->z R     unmapped_complex2      1  2.9     0    35    1445    (-,-) 
  basic_isa_instance/u_exe_u_alu_top_u_arith_sub_88_27_Y_u_alu_top_u_arith_add_87_27/g1992/z (u)     in_0->z F     unmapped_complex2     17 13.5     0    79    1523    (-,-) 
  basic_isa_instance/u_exe_u_alu_top_u_arith_sub_88_27_Y_u_alu_top_u_arith_add_87_27/g667/z  (u)     in_0->z R     unmapped_complex2      1  2.9     0    35    1558    (-,-) 
  basic_isa_instance/u_exe_u_alu_top_u_arith_sub_88_27_Y_u_alu_top_u_arith_add_87_27/g1946/z (u)     in_0->z F     unmapped_complex2      2  5.4     0    42    1600    (-,-) 
  basic_isa_instance/u_exe_u_alu_top_u_arith_sub_88_27_Y_u_alu_top_u_arith_add_87_27/g1933/z (u)     in_0->z F     unmapped_or2           1  2.7     0    35    1635    (-,-) 
  basic_isa_instance/u_exe_u_alu_top_u_arith_sub_88_27_Y_u_alu_top_u_arith_add_87_27/g1934/z (u)     in_1->z R     unmapped_nand2         2  5.8     0    42    1677    (-,-) 
  basic_isa_instance/u_exe_g15831/z                                                          (u)     in_1->z R     unmapped_or2           1  2.9     0    35    1712    (-,-) 
  basic_isa_instance/u_exe_g15658/z                                                          (u)     in_1->z R     unmapped_or2           1  2.9     0    35    1747    (-,-) 
  basic_isa_instance/u_exe_g15303/z                                                          (u)     in_0->z F     unmapped_nand2         1  2.7     0    35    1782    (-,-) 
  basic_isa_instance/u_exe_g14001/z                                                          (u)     in_1->z R     unmapped_complex2      1  2.9     0    35    1817    (-,-) 
  basic_isa_instance/u_exe_g13990/z                                                          (u)     in_1->z R     unmapped_or2           1  2.9     0    35    1852    (-,-) 
  basic_isa_instance/u_exe_g15914/z                                                          (u)     in_1->z F     unmapped_nor2          2  5.4     0    42    1894    (-,-) 
  basic_isa_instance/g7610/z                                                                 (u)     in_1->z F     unmapped_or2           1  2.7     0    35    1929    (-,-) 
  basic_isa_instance/g7459/z                                                                 (u)     in_1->z R     unmapped_complex2      1  2.9     0    35    1964    (-,-) 
  basic_isa_instance/g7372/z                                                                 (u)     in_0->z R     unmapped_complex2      1  2.9     0    35    1999    (-,-) 
  basic_isa_instance/g7158/z                                                                 (u)     in_1->z R     unmapped_or2          40 20.3     0    91    2090    (-,-) 
  basic_isa_instance/g12324/z                                                                (u)     in_1->z R     unmapped_or2          10 29.0     0    77    2167    (-,-) 
  basic_isa_instance/g15904/z                                                                (u)     in_0->z R     unmapped_complex2      5 14.5     0    57    2224    (-,-) 
  basic_isa_instance/g17670/z                                                                (u)     in_0->z F     unmapped_complex2      2  5.4     0    42    2266    (-,-) 
  basic_isa_instance/g17535/z                                                                (u)     in_0->z F     unmapped_or2           2  5.4     0    42    2308    (-,-) 
  basic_isa_instance/g17348/z                                                                (u)     in_0->z R     unmapped_nand2         3  8.7     0    48    2356    (-,-) 
  basic_isa_instance/g17155/z                                                                (u)     in_0->z R     unmapped_or2           1  2.9     0    35    2391    (-,-) 
  basic_isa_instance/g16001/z                                                                (u)     in_1->z F     unmapped_complex2      8 21.6     0    70    2461    (-,-) 
  basic_isa_instance/g15987/z                                                                (u)     in_0->z R     unmapped_nand2         1  2.9     0    35    2496    (-,-) 
  basic_isa_instance/u_id_ex_imm_ex_reg[16]/d                                                -       -       R     unmapped_d_flop        1    -     -     0    2496    (-,-) 
#-----------------------------------------------------------------------------------------------------------------------------------------------------------------------------

(u) : Net has unmapped pin(s).



Path 36: VIOLATED (-86 ps) Setup Check with Pin basic_isa_instance/u_id_ex_imm_ex_reg[15]/clk->d
          Group: core_clk
     Startpoint: (R) basic_isa_instance/u_ex_mem_inst_mem_o_reg[9]/clk
          Clock: (R) core_clk
       Endpoint: (R) basic_isa_instance/u_id_ex_imm_ex_reg[15]/d
          Clock: (R) core_clk

                     Capture       Launch     
        Clock Edge:+    2500            0     
       Src Latency:+       0            0     
       Net Latency:+       0 (I)        0 (I) 
           Arrival:=    2500            0     
                                              
             Setup:-      90                  
     Required Time:=    2410                  
      Launch Clock:-       0                  
         Data Path:-    2496                  
             Slack:=     -86                  

#-----------------------------------------------------------------------------------------------------------------------------------------------------------------------------
#                                       Timing Point                                         Flags    Arc    Edge       Cell         Fanout Load Trans Delay Arrival Instance 
#                                                                                                                                           (fF)  (ps)  (ps)   (ps)  Location 
#-----------------------------------------------------------------------------------------------------------------------------------------------------------------------------
  basic_isa_instance/u_ex_mem_inst_mem_o_reg[9]/clk                                          -       -       R     (arrival)            139    -     0     -       0    (-,-) 
  basic_isa_instance/u_ex_mem_inst_mem_o_reg[9]/q                                            (u)     clk->q  F     unmapped_d_flop        7 18.9     0   326     326    (-,-) 
  basic_isa_instance/g5881/z                                                                 (u)     in_1->z F     unmapped_or2           1  2.7     0    35     362    (-,-) 
  basic_isa_instance/g5736/z                                                                 (u)     in_1->z F     unmapped_or2           1  2.7     0    35     396    (-,-) 
  basic_isa_instance/g5720/z                                                                 (u)     in_1->z F     unmapped_or2           1  2.7     0    35     432    (-,-) 
  basic_isa_instance/g5710/z                                                                 (u)     in_0->z R     unmapped_nand2         2  5.8     0    42     473    (-,-) 
  basic_isa_instance/g5705/z                                                                 (u)     in_0->z R     unmapped_complex2      1  2.9     0    35     508    (-,-) 
  basic_isa_instance/g5699/z                                                                 (u)     in_0->z R     unmapped_or2          34 17.4     0    85     594    (-,-) 
  basic_isa_instance/g5691/z                                                                 (u)     in_0->z F     unmapped_complex2      1  2.7     0    35     628    (-,-) 
  basic_isa_instance/g5923/z                                                                 (u)     in_1->z R     unmapped_nor2         33 17.4     0    85     714    (-,-) 
  basic_isa_instance/g20037/z                                                                (u)     in_1->z R     unmapped_complex2     32 17.4     0    85     799    (-,-) 
  basic_isa_instance/g20193/z                                                                (u)     in_1->z R     unmapped_complex2      1  2.9     0    35     834    (-,-) 
  basic_isa_instance/u_exe_g4888/z                                                           (u)     in_1->z F     unmapped_complex2      2  5.4     0    42     876    (-,-) 
  basic_isa_instance/u_exe_g4868/z                                                           (u)     in_0->z R     unmapped_nand2         1  2.9     0    35     911    (-,-) 
  basic_isa_instance/u_exe_g4755/z                                                           (u)     in_0->z F     unmapped_nand2        12 32.4     0    84     995    (-,-) 
  basic_isa_instance/u_exe_u_alu_top_u_arith_sub_88_27_Y_u_alu_top_u_arith_add_87_27/g2324/z (u)     in_1->z R     unmapped_nand2         1  2.9     0    35    1030    (-,-) 
  basic_isa_instance/u_exe_u_alu_top_u_arith_sub_88_27_Y_u_alu_top_u_arith_add_87_27/g2222/z (u)     in_1->z F     unmapped_nand2         1  2.7     0    35    1065    (-,-) 
  basic_isa_instance/u_exe_u_alu_top_u_arith_sub_88_27_Y_u_alu_top_u_arith_add_87_27/g2146/z (u)     in_1->z F     unmapped_complex2      3  8.1     0    48    1113    (-,-) 
  basic_isa_instance/u_exe_u_alu_top_u_arith_sub_88_27_Y_u_alu_top_u_arith_add_87_27/g552/z  (u)     in_0->z R     unmapped_complex2      1  2.9     0    35    1148    (-,-) 
  basic_isa_instance/u_exe_u_alu_top_u_arith_sub_88_27_Y_u_alu_top_u_arith_add_87_27/g106/z  (u)     in_1->z F     unmapped_nand2         4 10.8     0    53    1201    (-,-) 
  basic_isa_instance/u_exe_u_alu_top_u_arith_sub_88_27_Y_u_alu_top_u_arith_add_87_27/g2071/z (u)     in_0->z R     unmapped_complex2      1  2.9     0    35    1236    (-,-) 
  basic_isa_instance/u_exe_u_alu_top_u_arith_sub_88_27_Y_u_alu_top_u_arith_add_87_27/g2053/z (u)     in_0->z F     unmapped_complex2      6 16.2     0    62    1298    (-,-) 
  basic_isa_instance/u_exe_u_alu_top_u_arith_sub_88_27_Y_u_alu_top_u_arith_add_87_27/g636/z  (u)     in_0->z R     unmapped_complex2      1  2.9     0    35    1333    (-,-) 
  basic_isa_instance/u_exe_u_alu_top_u_arith_sub_88_27_Y_u_alu_top_u_arith_add_87_27/g2018/z (u)     in_0->z F     unmapped_complex2     10 27.0     0    77    1410    (-,-) 
  basic_isa_instance/u_exe_u_alu_top_u_arith_sub_88_27_Y_u_alu_top_u_arith_add_87_27/g1999/z (u)     in_0->z R     unmapped_complex2      1  2.9     0    35    1445    (-,-) 
  basic_isa_instance/u_exe_u_alu_top_u_arith_sub_88_27_Y_u_alu_top_u_arith_add_87_27/g1992/z (u)     in_0->z F     unmapped_complex2     17 13.5     0    79    1523    (-,-) 
  basic_isa_instance/u_exe_u_alu_top_u_arith_sub_88_27_Y_u_alu_top_u_arith_add_87_27/g667/z  (u)     in_0->z R     unmapped_complex2      1  2.9     0    35    1558    (-,-) 
  basic_isa_instance/u_exe_u_alu_top_u_arith_sub_88_27_Y_u_alu_top_u_arith_add_87_27/g1946/z (u)     in_0->z F     unmapped_complex2      2  5.4     0    42    1600    (-,-) 
  basic_isa_instance/u_exe_u_alu_top_u_arith_sub_88_27_Y_u_alu_top_u_arith_add_87_27/g1933/z (u)     in_0->z F     unmapped_or2           1  2.7     0    35    1635    (-,-) 
  basic_isa_instance/u_exe_u_alu_top_u_arith_sub_88_27_Y_u_alu_top_u_arith_add_87_27/g1934/z (u)     in_1->z R     unmapped_nand2         2  5.8     0    42    1677    (-,-) 
  basic_isa_instance/u_exe_g15831/z                                                          (u)     in_1->z R     unmapped_or2           1  2.9     0    35    1712    (-,-) 
  basic_isa_instance/u_exe_g15658/z                                                          (u)     in_1->z R     unmapped_or2           1  2.9     0    35    1747    (-,-) 
  basic_isa_instance/u_exe_g15303/z                                                          (u)     in_0->z F     unmapped_nand2         1  2.7     0    35    1782    (-,-) 
  basic_isa_instance/u_exe_g14001/z                                                          (u)     in_1->z R     unmapped_complex2      1  2.9     0    35    1817    (-,-) 
  basic_isa_instance/u_exe_g13990/z                                                          (u)     in_1->z R     unmapped_or2           1  2.9     0    35    1852    (-,-) 
  basic_isa_instance/u_exe_g15914/z                                                          (u)     in_1->z F     unmapped_nor2          2  5.4     0    42    1894    (-,-) 
  basic_isa_instance/g7610/z                                                                 (u)     in_1->z F     unmapped_or2           1  2.7     0    35    1929    (-,-) 
  basic_isa_instance/g7459/z                                                                 (u)     in_1->z R     unmapped_complex2      1  2.9     0    35    1964    (-,-) 
  basic_isa_instance/g7372/z                                                                 (u)     in_0->z R     unmapped_complex2      1  2.9     0    35    1999    (-,-) 
  basic_isa_instance/g7158/z                                                                 (u)     in_1->z R     unmapped_or2          40 20.3     0    91    2090    (-,-) 
  basic_isa_instance/g12324/z                                                                (u)     in_1->z R     unmapped_or2          10 29.0     0    77    2167    (-,-) 
  basic_isa_instance/g15904/z                                                                (u)     in_0->z R     unmapped_complex2      5 14.5     0    57    2224    (-,-) 
  basic_isa_instance/g17670/z                                                                (u)     in_0->z F     unmapped_complex2      2  5.4     0    42    2266    (-,-) 
  basic_isa_instance/g17535/z                                                                (u)     in_0->z F     unmapped_or2           2  5.4     0    42    2308    (-,-) 
  basic_isa_instance/g17348/z                                                                (u)     in_0->z R     unmapped_nand2         3  8.7     0    48    2356    (-,-) 
  basic_isa_instance/g17155/z                                                                (u)     in_0->z R     unmapped_or2           1  2.9     0    35    2391    (-,-) 
  basic_isa_instance/g16001/z                                                                (u)     in_1->z F     unmapped_complex2      8 21.6     0    70    2461    (-,-) 
  basic_isa_instance/g15938/z                                                                (u)     in_0->z R     unmapped_nand2         1  2.9     0    35    2496    (-,-) 
  basic_isa_instance/u_id_ex_imm_ex_reg[15]/d                                                -       -       R     unmapped_d_flop        1    -     -     0    2496    (-,-) 
#-----------------------------------------------------------------------------------------------------------------------------------------------------------------------------

(u) : Net has unmapped pin(s).



Path 37: VIOLATED (-86 ps) Setup Check with Pin basic_isa_instance/u_id_ex_imm_ex_reg[14]/clk->d
          Group: core_clk
     Startpoint: (R) basic_isa_instance/u_ex_mem_inst_mem_o_reg[9]/clk
          Clock: (R) core_clk
       Endpoint: (R) basic_isa_instance/u_id_ex_imm_ex_reg[14]/d
          Clock: (R) core_clk

                     Capture       Launch     
        Clock Edge:+    2500            0     
       Src Latency:+       0            0     
       Net Latency:+       0 (I)        0 (I) 
           Arrival:=    2500            0     
                                              
             Setup:-      90                  
     Required Time:=    2410                  
      Launch Clock:-       0                  
         Data Path:-    2496                  
             Slack:=     -86                  

#-----------------------------------------------------------------------------------------------------------------------------------------------------------------------------
#                                       Timing Point                                         Flags    Arc    Edge       Cell         Fanout Load Trans Delay Arrival Instance 
#                                                                                                                                           (fF)  (ps)  (ps)   (ps)  Location 
#-----------------------------------------------------------------------------------------------------------------------------------------------------------------------------
  basic_isa_instance/u_ex_mem_inst_mem_o_reg[9]/clk                                          -       -       R     (arrival)            139    -     0     -       0    (-,-) 
  basic_isa_instance/u_ex_mem_inst_mem_o_reg[9]/q                                            (u)     clk->q  F     unmapped_d_flop        7 18.9     0   326     326    (-,-) 
  basic_isa_instance/g5881/z                                                                 (u)     in_1->z F     unmapped_or2           1  2.7     0    35     362    (-,-) 
  basic_isa_instance/g5736/z                                                                 (u)     in_1->z F     unmapped_or2           1  2.7     0    35     396    (-,-) 
  basic_isa_instance/g5720/z                                                                 (u)     in_1->z F     unmapped_or2           1  2.7     0    35     432    (-,-) 
  basic_isa_instance/g5710/z                                                                 (u)     in_0->z R     unmapped_nand2         2  5.8     0    42     473    (-,-) 
  basic_isa_instance/g5705/z                                                                 (u)     in_0->z R     unmapped_complex2      1  2.9     0    35     508    (-,-) 
  basic_isa_instance/g5699/z                                                                 (u)     in_0->z R     unmapped_or2          34 17.4     0    85     594    (-,-) 
  basic_isa_instance/g5691/z                                                                 (u)     in_0->z F     unmapped_complex2      1  2.7     0    35     628    (-,-) 
  basic_isa_instance/g5923/z                                                                 (u)     in_1->z R     unmapped_nor2         33 17.4     0    85     714    (-,-) 
  basic_isa_instance/g20037/z                                                                (u)     in_1->z R     unmapped_complex2     32 17.4     0    85     799    (-,-) 
  basic_isa_instance/g20193/z                                                                (u)     in_1->z R     unmapped_complex2      1  2.9     0    35     834    (-,-) 
  basic_isa_instance/u_exe_g4888/z                                                           (u)     in_1->z F     unmapped_complex2      2  5.4     0    42     876    (-,-) 
  basic_isa_instance/u_exe_g4868/z                                                           (u)     in_0->z R     unmapped_nand2         1  2.9     0    35     911    (-,-) 
  basic_isa_instance/u_exe_g4755/z                                                           (u)     in_0->z F     unmapped_nand2        12 32.4     0    84     995    (-,-) 
  basic_isa_instance/u_exe_u_alu_top_u_arith_sub_88_27_Y_u_alu_top_u_arith_add_87_27/g2324/z (u)     in_1->z R     unmapped_nand2         1  2.9     0    35    1030    (-,-) 
  basic_isa_instance/u_exe_u_alu_top_u_arith_sub_88_27_Y_u_alu_top_u_arith_add_87_27/g2222/z (u)     in_1->z F     unmapped_nand2         1  2.7     0    35    1065    (-,-) 
  basic_isa_instance/u_exe_u_alu_top_u_arith_sub_88_27_Y_u_alu_top_u_arith_add_87_27/g2146/z (u)     in_1->z F     unmapped_complex2      3  8.1     0    48    1113    (-,-) 
  basic_isa_instance/u_exe_u_alu_top_u_arith_sub_88_27_Y_u_alu_top_u_arith_add_87_27/g552/z  (u)     in_0->z R     unmapped_complex2      1  2.9     0    35    1148    (-,-) 
  basic_isa_instance/u_exe_u_alu_top_u_arith_sub_88_27_Y_u_alu_top_u_arith_add_87_27/g106/z  (u)     in_1->z F     unmapped_nand2         4 10.8     0    53    1201    (-,-) 
  basic_isa_instance/u_exe_u_alu_top_u_arith_sub_88_27_Y_u_alu_top_u_arith_add_87_27/g2071/z (u)     in_0->z R     unmapped_complex2      1  2.9     0    35    1236    (-,-) 
  basic_isa_instance/u_exe_u_alu_top_u_arith_sub_88_27_Y_u_alu_top_u_arith_add_87_27/g2053/z (u)     in_0->z F     unmapped_complex2      6 16.2     0    62    1298    (-,-) 
  basic_isa_instance/u_exe_u_alu_top_u_arith_sub_88_27_Y_u_alu_top_u_arith_add_87_27/g636/z  (u)     in_0->z R     unmapped_complex2      1  2.9     0    35    1333    (-,-) 
  basic_isa_instance/u_exe_u_alu_top_u_arith_sub_88_27_Y_u_alu_top_u_arith_add_87_27/g2018/z (u)     in_0->z F     unmapped_complex2     10 27.0     0    77    1410    (-,-) 
  basic_isa_instance/u_exe_u_alu_top_u_arith_sub_88_27_Y_u_alu_top_u_arith_add_87_27/g1999/z (u)     in_0->z R     unmapped_complex2      1  2.9     0    35    1445    (-,-) 
  basic_isa_instance/u_exe_u_alu_top_u_arith_sub_88_27_Y_u_alu_top_u_arith_add_87_27/g1992/z (u)     in_0->z F     unmapped_complex2     17 13.5     0    79    1523    (-,-) 
  basic_isa_instance/u_exe_u_alu_top_u_arith_sub_88_27_Y_u_alu_top_u_arith_add_87_27/g667/z  (u)     in_0->z R     unmapped_complex2      1  2.9     0    35    1558    (-,-) 
  basic_isa_instance/u_exe_u_alu_top_u_arith_sub_88_27_Y_u_alu_top_u_arith_add_87_27/g1946/z (u)     in_0->z F     unmapped_complex2      2  5.4     0    42    1600    (-,-) 
  basic_isa_instance/u_exe_u_alu_top_u_arith_sub_88_27_Y_u_alu_top_u_arith_add_87_27/g1933/z (u)     in_0->z F     unmapped_or2           1  2.7     0    35    1635    (-,-) 
  basic_isa_instance/u_exe_u_alu_top_u_arith_sub_88_27_Y_u_alu_top_u_arith_add_87_27/g1934/z (u)     in_1->z R     unmapped_nand2         2  5.8     0    42    1677    (-,-) 
  basic_isa_instance/u_exe_g15831/z                                                          (u)     in_1->z R     unmapped_or2           1  2.9     0    35    1712    (-,-) 
  basic_isa_instance/u_exe_g15658/z                                                          (u)     in_1->z R     unmapped_or2           1  2.9     0    35    1747    (-,-) 
  basic_isa_instance/u_exe_g15303/z                                                          (u)     in_0->z F     unmapped_nand2         1  2.7     0    35    1782    (-,-) 
  basic_isa_instance/u_exe_g14001/z                                                          (u)     in_1->z R     unmapped_complex2      1  2.9     0    35    1817    (-,-) 
  basic_isa_instance/u_exe_g13990/z                                                          (u)     in_1->z R     unmapped_or2           1  2.9     0    35    1852    (-,-) 
  basic_isa_instance/u_exe_g15914/z                                                          (u)     in_1->z F     unmapped_nor2          2  5.4     0    42    1894    (-,-) 
  basic_isa_instance/g7610/z                                                                 (u)     in_1->z F     unmapped_or2           1  2.7     0    35    1929    (-,-) 
  basic_isa_instance/g7459/z                                                                 (u)     in_1->z R     unmapped_complex2      1  2.9     0    35    1964    (-,-) 
  basic_isa_instance/g7372/z                                                                 (u)     in_0->z R     unmapped_complex2      1  2.9     0    35    1999    (-,-) 
  basic_isa_instance/g7158/z                                                                 (u)     in_1->z R     unmapped_or2          40 20.3     0    91    2090    (-,-) 
  basic_isa_instance/g12324/z                                                                (u)     in_1->z R     unmapped_or2          10 29.0     0    77    2167    (-,-) 
  basic_isa_instance/g15904/z                                                                (u)     in_0->z R     unmapped_complex2      5 14.5     0    57    2224    (-,-) 
  basic_isa_instance/g17670/z                                                                (u)     in_0->z F     unmapped_complex2      2  5.4     0    42    2266    (-,-) 
  basic_isa_instance/g17535/z                                                                (u)     in_0->z F     unmapped_or2           2  5.4     0    42    2308    (-,-) 
  basic_isa_instance/g17348/z                                                                (u)     in_0->z R     unmapped_nand2         3  8.7     0    48    2356    (-,-) 
  basic_isa_instance/g17155/z                                                                (u)     in_0->z R     unmapped_or2           1  2.9     0    35    2391    (-,-) 
  basic_isa_instance/g16001/z                                                                (u)     in_1->z F     unmapped_complex2      8 21.6     0    70    2461    (-,-) 
  basic_isa_instance/g15953/z                                                                (u)     in_0->z R     unmapped_nand2         1  2.9     0    35    2496    (-,-) 
  basic_isa_instance/u_id_ex_imm_ex_reg[14]/d                                                -       -       R     unmapped_d_flop        1    -     -     0    2496    (-,-) 
#-----------------------------------------------------------------------------------------------------------------------------------------------------------------------------

(u) : Net has unmapped pin(s).



Path 38: VIOLATED (-86 ps) Setup Check with Pin basic_isa_instance/u_id_ex_imm_ex_reg[13]/clk->d
          Group: core_clk
     Startpoint: (R) basic_isa_instance/u_ex_mem_inst_mem_o_reg[9]/clk
          Clock: (R) core_clk
       Endpoint: (R) basic_isa_instance/u_id_ex_imm_ex_reg[13]/d
          Clock: (R) core_clk

                     Capture       Launch     
        Clock Edge:+    2500            0     
       Src Latency:+       0            0     
       Net Latency:+       0 (I)        0 (I) 
           Arrival:=    2500            0     
                                              
             Setup:-      90                  
     Required Time:=    2410                  
      Launch Clock:-       0                  
         Data Path:-    2496                  
             Slack:=     -86                  

#-----------------------------------------------------------------------------------------------------------------------------------------------------------------------------
#                                       Timing Point                                         Flags    Arc    Edge       Cell         Fanout Load Trans Delay Arrival Instance 
#                                                                                                                                           (fF)  (ps)  (ps)   (ps)  Location 
#-----------------------------------------------------------------------------------------------------------------------------------------------------------------------------
  basic_isa_instance/u_ex_mem_inst_mem_o_reg[9]/clk                                          -       -       R     (arrival)            139    -     0     -       0    (-,-) 
  basic_isa_instance/u_ex_mem_inst_mem_o_reg[9]/q                                            (u)     clk->q  F     unmapped_d_flop        7 18.9     0   326     326    (-,-) 
  basic_isa_instance/g5881/z                                                                 (u)     in_1->z F     unmapped_or2           1  2.7     0    35     362    (-,-) 
  basic_isa_instance/g5736/z                                                                 (u)     in_1->z F     unmapped_or2           1  2.7     0    35     396    (-,-) 
  basic_isa_instance/g5720/z                                                                 (u)     in_1->z F     unmapped_or2           1  2.7     0    35     432    (-,-) 
  basic_isa_instance/g5710/z                                                                 (u)     in_0->z R     unmapped_nand2         2  5.8     0    42     473    (-,-) 
  basic_isa_instance/g5705/z                                                                 (u)     in_0->z R     unmapped_complex2      1  2.9     0    35     508    (-,-) 
  basic_isa_instance/g5699/z                                                                 (u)     in_0->z R     unmapped_or2          34 17.4     0    85     594    (-,-) 
  basic_isa_instance/g5691/z                                                                 (u)     in_0->z F     unmapped_complex2      1  2.7     0    35     628    (-,-) 
  basic_isa_instance/g5923/z                                                                 (u)     in_1->z R     unmapped_nor2         33 17.4     0    85     714    (-,-) 
  basic_isa_instance/g20037/z                                                                (u)     in_1->z R     unmapped_complex2     32 17.4     0    85     799    (-,-) 
  basic_isa_instance/g20193/z                                                                (u)     in_1->z R     unmapped_complex2      1  2.9     0    35     834    (-,-) 
  basic_isa_instance/u_exe_g4888/z                                                           (u)     in_1->z F     unmapped_complex2      2  5.4     0    42     876    (-,-) 
  basic_isa_instance/u_exe_g4868/z                                                           (u)     in_0->z R     unmapped_nand2         1  2.9     0    35     911    (-,-) 
  basic_isa_instance/u_exe_g4755/z                                                           (u)     in_0->z F     unmapped_nand2        12 32.4     0    84     995    (-,-) 
  basic_isa_instance/u_exe_u_alu_top_u_arith_sub_88_27_Y_u_alu_top_u_arith_add_87_27/g2324/z (u)     in_1->z R     unmapped_nand2         1  2.9     0    35    1030    (-,-) 
  basic_isa_instance/u_exe_u_alu_top_u_arith_sub_88_27_Y_u_alu_top_u_arith_add_87_27/g2222/z (u)     in_1->z F     unmapped_nand2         1  2.7     0    35    1065    (-,-) 
  basic_isa_instance/u_exe_u_alu_top_u_arith_sub_88_27_Y_u_alu_top_u_arith_add_87_27/g2146/z (u)     in_1->z F     unmapped_complex2      3  8.1     0    48    1113    (-,-) 
  basic_isa_instance/u_exe_u_alu_top_u_arith_sub_88_27_Y_u_alu_top_u_arith_add_87_27/g552/z  (u)     in_0->z R     unmapped_complex2      1  2.9     0    35    1148    (-,-) 
  basic_isa_instance/u_exe_u_alu_top_u_arith_sub_88_27_Y_u_alu_top_u_arith_add_87_27/g106/z  (u)     in_1->z F     unmapped_nand2         4 10.8     0    53    1201    (-,-) 
  basic_isa_instance/u_exe_u_alu_top_u_arith_sub_88_27_Y_u_alu_top_u_arith_add_87_27/g2071/z (u)     in_0->z R     unmapped_complex2      1  2.9     0    35    1236    (-,-) 
  basic_isa_instance/u_exe_u_alu_top_u_arith_sub_88_27_Y_u_alu_top_u_arith_add_87_27/g2053/z (u)     in_0->z F     unmapped_complex2      6 16.2     0    62    1298    (-,-) 
  basic_isa_instance/u_exe_u_alu_top_u_arith_sub_88_27_Y_u_alu_top_u_arith_add_87_27/g636/z  (u)     in_0->z R     unmapped_complex2      1  2.9     0    35    1333    (-,-) 
  basic_isa_instance/u_exe_u_alu_top_u_arith_sub_88_27_Y_u_alu_top_u_arith_add_87_27/g2018/z (u)     in_0->z F     unmapped_complex2     10 27.0     0    77    1410    (-,-) 
  basic_isa_instance/u_exe_u_alu_top_u_arith_sub_88_27_Y_u_alu_top_u_arith_add_87_27/g1999/z (u)     in_0->z R     unmapped_complex2      1  2.9     0    35    1445    (-,-) 
  basic_isa_instance/u_exe_u_alu_top_u_arith_sub_88_27_Y_u_alu_top_u_arith_add_87_27/g1992/z (u)     in_0->z F     unmapped_complex2     17 13.5     0    79    1523    (-,-) 
  basic_isa_instance/u_exe_u_alu_top_u_arith_sub_88_27_Y_u_alu_top_u_arith_add_87_27/g667/z  (u)     in_0->z R     unmapped_complex2      1  2.9     0    35    1558    (-,-) 
  basic_isa_instance/u_exe_u_alu_top_u_arith_sub_88_27_Y_u_alu_top_u_arith_add_87_27/g1946/z (u)     in_0->z F     unmapped_complex2      2  5.4     0    42    1600    (-,-) 
  basic_isa_instance/u_exe_u_alu_top_u_arith_sub_88_27_Y_u_alu_top_u_arith_add_87_27/g1933/z (u)     in_0->z F     unmapped_or2           1  2.7     0    35    1635    (-,-) 
  basic_isa_instance/u_exe_u_alu_top_u_arith_sub_88_27_Y_u_alu_top_u_arith_add_87_27/g1934/z (u)     in_1->z R     unmapped_nand2         2  5.8     0    42    1677    (-,-) 
  basic_isa_instance/u_exe_g15831/z                                                          (u)     in_1->z R     unmapped_or2           1  2.9     0    35    1712    (-,-) 
  basic_isa_instance/u_exe_g15658/z                                                          (u)     in_1->z R     unmapped_or2           1  2.9     0    35    1747    (-,-) 
  basic_isa_instance/u_exe_g15303/z                                                          (u)     in_0->z F     unmapped_nand2         1  2.7     0    35    1782    (-,-) 
  basic_isa_instance/u_exe_g14001/z                                                          (u)     in_1->z R     unmapped_complex2      1  2.9     0    35    1817    (-,-) 
  basic_isa_instance/u_exe_g13990/z                                                          (u)     in_1->z R     unmapped_or2           1  2.9     0    35    1852    (-,-) 
  basic_isa_instance/u_exe_g15914/z                                                          (u)     in_1->z F     unmapped_nor2          2  5.4     0    42    1894    (-,-) 
  basic_isa_instance/g7610/z                                                                 (u)     in_1->z F     unmapped_or2           1  2.7     0    35    1929    (-,-) 
  basic_isa_instance/g7459/z                                                                 (u)     in_1->z R     unmapped_complex2      1  2.9     0    35    1964    (-,-) 
  basic_isa_instance/g7372/z                                                                 (u)     in_0->z R     unmapped_complex2      1  2.9     0    35    1999    (-,-) 
  basic_isa_instance/g7158/z                                                                 (u)     in_1->z R     unmapped_or2          40 20.3     0    91    2090    (-,-) 
  basic_isa_instance/g12324/z                                                                (u)     in_1->z R     unmapped_or2          10 29.0     0    77    2167    (-,-) 
  basic_isa_instance/g15904/z                                                                (u)     in_0->z R     unmapped_complex2      5 14.5     0    57    2224    (-,-) 
  basic_isa_instance/g17670/z                                                                (u)     in_0->z F     unmapped_complex2      2  5.4     0    42    2266    (-,-) 
  basic_isa_instance/g17535/z                                                                (u)     in_0->z F     unmapped_or2           2  5.4     0    42    2308    (-,-) 
  basic_isa_instance/g17348/z                                                                (u)     in_0->z R     unmapped_nand2         3  8.7     0    48    2356    (-,-) 
  basic_isa_instance/g17155/z                                                                (u)     in_0->z R     unmapped_or2           1  2.9     0    35    2391    (-,-) 
  basic_isa_instance/g16001/z                                                                (u)     in_1->z F     unmapped_complex2      8 21.6     0    70    2461    (-,-) 
  basic_isa_instance/g15937/z                                                                (u)     in_0->z R     unmapped_nand2         1  2.9     0    35    2496    (-,-) 
  basic_isa_instance/u_id_ex_imm_ex_reg[13]/d                                                -       -       R     unmapped_d_flop        1    -     -     0    2496    (-,-) 
#-----------------------------------------------------------------------------------------------------------------------------------------------------------------------------

(u) : Net has unmapped pin(s).



Path 39: VIOLATED (-86 ps) Setup Check with Pin basic_isa_instance/u_id_ex_imm_ex_reg[12]/clk->d
          Group: core_clk
     Startpoint: (R) basic_isa_instance/u_ex_mem_inst_mem_o_reg[9]/clk
          Clock: (R) core_clk
       Endpoint: (R) basic_isa_instance/u_id_ex_imm_ex_reg[12]/d
          Clock: (R) core_clk

                     Capture       Launch     
        Clock Edge:+    2500            0     
       Src Latency:+       0            0     
       Net Latency:+       0 (I)        0 (I) 
           Arrival:=    2500            0     
                                              
             Setup:-      90                  
     Required Time:=    2410                  
      Launch Clock:-       0                  
         Data Path:-    2496                  
             Slack:=     -86                  

#-----------------------------------------------------------------------------------------------------------------------------------------------------------------------------
#                                       Timing Point                                         Flags    Arc    Edge       Cell         Fanout Load Trans Delay Arrival Instance 
#                                                                                                                                           (fF)  (ps)  (ps)   (ps)  Location 
#-----------------------------------------------------------------------------------------------------------------------------------------------------------------------------
  basic_isa_instance/u_ex_mem_inst_mem_o_reg[9]/clk                                          -       -       R     (arrival)            139    -     0     -       0    (-,-) 
  basic_isa_instance/u_ex_mem_inst_mem_o_reg[9]/q                                            (u)     clk->q  F     unmapped_d_flop        7 18.9     0   326     326    (-,-) 
  basic_isa_instance/g5881/z                                                                 (u)     in_1->z F     unmapped_or2           1  2.7     0    35     362    (-,-) 
  basic_isa_instance/g5736/z                                                                 (u)     in_1->z F     unmapped_or2           1  2.7     0    35     396    (-,-) 
  basic_isa_instance/g5720/z                                                                 (u)     in_1->z F     unmapped_or2           1  2.7     0    35     432    (-,-) 
  basic_isa_instance/g5710/z                                                                 (u)     in_0->z R     unmapped_nand2         2  5.8     0    42     473    (-,-) 
  basic_isa_instance/g5705/z                                                                 (u)     in_0->z R     unmapped_complex2      1  2.9     0    35     508    (-,-) 
  basic_isa_instance/g5699/z                                                                 (u)     in_0->z R     unmapped_or2          34 17.4     0    85     594    (-,-) 
  basic_isa_instance/g5691/z                                                                 (u)     in_0->z F     unmapped_complex2      1  2.7     0    35     628    (-,-) 
  basic_isa_instance/g5923/z                                                                 (u)     in_1->z R     unmapped_nor2         33 17.4     0    85     714    (-,-) 
  basic_isa_instance/g20037/z                                                                (u)     in_1->z R     unmapped_complex2     32 17.4     0    85     799    (-,-) 
  basic_isa_instance/g20193/z                                                                (u)     in_1->z R     unmapped_complex2      1  2.9     0    35     834    (-,-) 
  basic_isa_instance/u_exe_g4888/z                                                           (u)     in_1->z F     unmapped_complex2      2  5.4     0    42     876    (-,-) 
  basic_isa_instance/u_exe_g4868/z                                                           (u)     in_0->z R     unmapped_nand2         1  2.9     0    35     911    (-,-) 
  basic_isa_instance/u_exe_g4755/z                                                           (u)     in_0->z F     unmapped_nand2        12 32.4     0    84     995    (-,-) 
  basic_isa_instance/u_exe_u_alu_top_u_arith_sub_88_27_Y_u_alu_top_u_arith_add_87_27/g2324/z (u)     in_1->z R     unmapped_nand2         1  2.9     0    35    1030    (-,-) 
  basic_isa_instance/u_exe_u_alu_top_u_arith_sub_88_27_Y_u_alu_top_u_arith_add_87_27/g2222/z (u)     in_1->z F     unmapped_nand2         1  2.7     0    35    1065    (-,-) 
  basic_isa_instance/u_exe_u_alu_top_u_arith_sub_88_27_Y_u_alu_top_u_arith_add_87_27/g2146/z (u)     in_1->z F     unmapped_complex2      3  8.1     0    48    1113    (-,-) 
  basic_isa_instance/u_exe_u_alu_top_u_arith_sub_88_27_Y_u_alu_top_u_arith_add_87_27/g552/z  (u)     in_0->z R     unmapped_complex2      1  2.9     0    35    1148    (-,-) 
  basic_isa_instance/u_exe_u_alu_top_u_arith_sub_88_27_Y_u_alu_top_u_arith_add_87_27/g106/z  (u)     in_1->z F     unmapped_nand2         4 10.8     0    53    1201    (-,-) 
  basic_isa_instance/u_exe_u_alu_top_u_arith_sub_88_27_Y_u_alu_top_u_arith_add_87_27/g2071/z (u)     in_0->z R     unmapped_complex2      1  2.9     0    35    1236    (-,-) 
  basic_isa_instance/u_exe_u_alu_top_u_arith_sub_88_27_Y_u_alu_top_u_arith_add_87_27/g2053/z (u)     in_0->z F     unmapped_complex2      6 16.2     0    62    1298    (-,-) 
  basic_isa_instance/u_exe_u_alu_top_u_arith_sub_88_27_Y_u_alu_top_u_arith_add_87_27/g636/z  (u)     in_0->z R     unmapped_complex2      1  2.9     0    35    1333    (-,-) 
  basic_isa_instance/u_exe_u_alu_top_u_arith_sub_88_27_Y_u_alu_top_u_arith_add_87_27/g2018/z (u)     in_0->z F     unmapped_complex2     10 27.0     0    77    1410    (-,-) 
  basic_isa_instance/u_exe_u_alu_top_u_arith_sub_88_27_Y_u_alu_top_u_arith_add_87_27/g1999/z (u)     in_0->z R     unmapped_complex2      1  2.9     0    35    1445    (-,-) 
  basic_isa_instance/u_exe_u_alu_top_u_arith_sub_88_27_Y_u_alu_top_u_arith_add_87_27/g1992/z (u)     in_0->z F     unmapped_complex2     17 13.5     0    79    1523    (-,-) 
  basic_isa_instance/u_exe_u_alu_top_u_arith_sub_88_27_Y_u_alu_top_u_arith_add_87_27/g667/z  (u)     in_0->z R     unmapped_complex2      1  2.9     0    35    1558    (-,-) 
  basic_isa_instance/u_exe_u_alu_top_u_arith_sub_88_27_Y_u_alu_top_u_arith_add_87_27/g1946/z (u)     in_0->z F     unmapped_complex2      2  5.4     0    42    1600    (-,-) 
  basic_isa_instance/u_exe_u_alu_top_u_arith_sub_88_27_Y_u_alu_top_u_arith_add_87_27/g1933/z (u)     in_0->z F     unmapped_or2           1  2.7     0    35    1635    (-,-) 
  basic_isa_instance/u_exe_u_alu_top_u_arith_sub_88_27_Y_u_alu_top_u_arith_add_87_27/g1934/z (u)     in_1->z R     unmapped_nand2         2  5.8     0    42    1677    (-,-) 
  basic_isa_instance/u_exe_g15831/z                                                          (u)     in_1->z R     unmapped_or2           1  2.9     0    35    1712    (-,-) 
  basic_isa_instance/u_exe_g15658/z                                                          (u)     in_1->z R     unmapped_or2           1  2.9     0    35    1747    (-,-) 
  basic_isa_instance/u_exe_g15303/z                                                          (u)     in_0->z F     unmapped_nand2         1  2.7     0    35    1782    (-,-) 
  basic_isa_instance/u_exe_g14001/z                                                          (u)     in_1->z R     unmapped_complex2      1  2.9     0    35    1817    (-,-) 
  basic_isa_instance/u_exe_g13990/z                                                          (u)     in_1->z R     unmapped_or2           1  2.9     0    35    1852    (-,-) 
  basic_isa_instance/u_exe_g15914/z                                                          (u)     in_1->z F     unmapped_nor2          2  5.4     0    42    1894    (-,-) 
  basic_isa_instance/g7610/z                                                                 (u)     in_1->z F     unmapped_or2           1  2.7     0    35    1929    (-,-) 
  basic_isa_instance/g7459/z                                                                 (u)     in_1->z R     unmapped_complex2      1  2.9     0    35    1964    (-,-) 
  basic_isa_instance/g7372/z                                                                 (u)     in_0->z R     unmapped_complex2      1  2.9     0    35    1999    (-,-) 
  basic_isa_instance/g7158/z                                                                 (u)     in_1->z R     unmapped_or2          40 20.3     0    91    2090    (-,-) 
  basic_isa_instance/g12324/z                                                                (u)     in_1->z R     unmapped_or2          10 29.0     0    77    2167    (-,-) 
  basic_isa_instance/g15904/z                                                                (u)     in_0->z R     unmapped_complex2      5 14.5     0    57    2224    (-,-) 
  basic_isa_instance/g17670/z                                                                (u)     in_0->z F     unmapped_complex2      2  5.4     0    42    2266    (-,-) 
  basic_isa_instance/g17535/z                                                                (u)     in_0->z F     unmapped_or2           2  5.4     0    42    2308    (-,-) 
  basic_isa_instance/g17348/z                                                                (u)     in_0->z R     unmapped_nand2         3  8.7     0    48    2356    (-,-) 
  basic_isa_instance/g17155/z                                                                (u)     in_0->z R     unmapped_or2           1  2.9     0    35    2391    (-,-) 
  basic_isa_instance/g16001/z                                                                (u)     in_1->z F     unmapped_complex2      8 21.6     0    70    2461    (-,-) 
  basic_isa_instance/g15940/z                                                                (u)     in_0->z R     unmapped_nand2         1  2.9     0    35    2496    (-,-) 
  basic_isa_instance/u_id_ex_imm_ex_reg[12]/d                                                -       -       R     unmapped_d_flop        1    -     -     0    2496    (-,-) 
#-----------------------------------------------------------------------------------------------------------------------------------------------------------------------------

(u) : Net has unmapped pin(s).



Path 40: VIOLATED (-81 ps) Setup Check with Pin clk_rst_ctrl_top_instance/i_sys_clk_rst_gen_i_clk_int_div_peripheral_t_ff2_q_reg/clk->sena
          Group: pll_clk
     Startpoint: (R) clk_rst_ctrl_top_instance/i_sys_clk_rst_gen_i_clk_int_div_peripheral_clk_div_bypass_en_q_reg/clk
          Clock: (R) pll_clk
       Endpoint: (R) clk_rst_ctrl_top_instance/i_sys_clk_rst_gen_i_clk_int_div_peripheral_t_ff2_q_reg/sena
          Clock: (F) pll_clk

                     Capture       Launch     
        Clock Edge:+    1250            0     
       Src Latency:+       0            0     
       Net Latency:+       0 (I)        0 (I) 
           Arrival:=    1250            0     
                                              
             Setup:-     129                  
       Uncertainty:-     500                  
     Required Time:=     621                  
      Launch Clock:-       0                  
         Data Path:-     702                  
             Slack:=     -81                  

#-----------------------------------------------------------------------------------------------------------------------------------------------------------------------------------
#                                          Timing Point                                            Flags    Arc    Edge       Cell         Fanout Load Trans Delay Arrival Instance 
#                                                                                                                                                 (fF)  (ps)  (ps)   (ps)  Location 
#-----------------------------------------------------------------------------------------------------------------------------------------------------------------------------------
  clk_rst_ctrl_top_instance/i_sys_clk_rst_gen_i_clk_int_div_peripheral_clk_div_bypass_en_q_reg/clk -       -       R     (arrival)              4    -     0     -       0    (-,-) 
  clk_rst_ctrl_top_instance/i_sys_clk_rst_gen_i_clk_int_div_peripheral_clk_div_bypass_en_q_reg/q   (u)     clk->q  F     unmapped_d_flop        9 24.3     0   334     334    (-,-) 
  clk_rst_ctrl_top_instance/i_sys_clk_rst_gen_i_clk_int_div_peripheral_g6609/z                     (u)     in_0->z F     unmapped_complex2      3  8.1     0    48     382    (-,-) 
  clk_rst_ctrl_top_instance/i_sys_clk_rst_gen_i_clk_int_div_peripheral_g6577/z                     (u)     in_1->z R     unmapped_nand2         1  2.9     0    35     417    (-,-) 
  clk_rst_ctrl_top_instance/i_sys_clk_rst_gen_i_clk_int_div_peripheral_g6555/z                     (u)     in_1->z R     unmapped_or2           1  2.9     0    35     452    (-,-) 
  clk_rst_ctrl_top_instance/i_sys_clk_rst_gen_i_clk_int_div_peripheral_g6658/z                     (u)     in_0->z F     unmapped_complex2      1  2.7     0    35     487    (-,-) 
  clk_rst_ctrl_top_instance/i_sys_clk_rst_gen_i_clk_int_div_peripheral_g6530/z                     (u)     in_1->z F     unmapped_complex2      1  2.7     0    35     522    (-,-) 
  clk_rst_ctrl_top_instance/i_sys_clk_rst_gen_i_clk_int_div_peripheral_g6524/z                     (u)     in_0->z F     unmapped_complex2      1  2.7     0    35     557    (-,-) 
  clk_rst_ctrl_top_instance/i_sys_clk_rst_gen_i_clk_int_div_peripheral_g6664/z                     (u)     in_0->z R     unmapped_complex2      6 17.4     0    62     619    (-,-) 
  clk_rst_ctrl_top_instance/i_sys_clk_rst_gen_i_clk_int_div_peripheral_g6669/z                     (u)     in_1->z F     unmapped_complex2      2  5.4     0    42     660    (-,-) 
  clk_rst_ctrl_top_instance/i_sys_clk_rst_gen_i_clk_int_div_peripheral_g6644/z                     (u)     in_0->z R     unmapped_nor2          1  5.8     0    42     702    (-,-) 
  clk_rst_ctrl_top_instance/i_sys_clk_rst_gen_i_clk_int_div_peripheral_t_ff2_q_reg/sena            -       -       R     unmapped_d_flop        1    -     -     0     702    (-,-) 
#-----------------------------------------------------------------------------------------------------------------------------------------------------------------------------------

(u) : Net has unmapped pin(s).



Path 41: VIOLATED (-81 ps) Setup Check with Pin clk_rst_ctrl_top_instance/i_sys_clk_rst_gen_i_clk_int_div_debug_t_ff2_q_reg/clk->sena
          Group: pll_clk
     Startpoint: (R) clk_rst_ctrl_top_instance/i_sys_clk_rst_gen_i_clk_int_div_debug_clk_div_bypass_en_q_reg/clk
          Clock: (R) pll_clk
       Endpoint: (R) clk_rst_ctrl_top_instance/i_sys_clk_rst_gen_i_clk_int_div_debug_t_ff2_q_reg/sena
          Clock: (F) pll_clk

                     Capture       Launch     
        Clock Edge:+    1250            0     
       Src Latency:+       0            0     
       Net Latency:+       0 (I)        0 (I) 
           Arrival:=    1250            0     
                                              
             Setup:-     129                  
       Uncertainty:-     500                  
     Required Time:=     621                  
      Launch Clock:-       0                  
         Data Path:-     702                  
             Slack:=     -81                  

#------------------------------------------------------------------------------------------------------------------------------------------------------------------------------
#                                        Timing Point                                         Flags    Arc    Edge       Cell         Fanout Load Trans Delay Arrival Instance 
#                                                                                                                                            (fF)  (ps)  (ps)   (ps)  Location 
#------------------------------------------------------------------------------------------------------------------------------------------------------------------------------
  clk_rst_ctrl_top_instance/i_sys_clk_rst_gen_i_clk_int_div_debug_clk_div_bypass_en_q_reg/clk -       -       R     (arrival)              4    -     0     -       0    (-,-) 
  clk_rst_ctrl_top_instance/i_sys_clk_rst_gen_i_clk_int_div_debug_clk_div_bypass_en_q_reg/q   (u)     clk->q  F     unmapped_d_flop        9 24.3     0   334     334    (-,-) 
  clk_rst_ctrl_top_instance/i_sys_clk_rst_gen_i_clk_int_div_debug_g6609/z                     (u)     in_0->z F     unmapped_complex2      3  8.1     0    48     382    (-,-) 
  clk_rst_ctrl_top_instance/i_sys_clk_rst_gen_i_clk_int_div_debug_g6577/z                     (u)     in_1->z R     unmapped_nand2         1  2.9     0    35     417    (-,-) 
  clk_rst_ctrl_top_instance/i_sys_clk_rst_gen_i_clk_int_div_debug_g6555/z                     (u)     in_1->z R     unmapped_or2           1  2.9     0    35     452    (-,-) 
  clk_rst_ctrl_top_instance/i_sys_clk_rst_gen_i_clk_int_div_debug_g6658/z                     (u)     in_0->z F     unmapped_complex2      1  2.7     0    35     487    (-,-) 
  clk_rst_ctrl_top_instance/i_sys_clk_rst_gen_i_clk_int_div_debug_g6530/z                     (u)     in_1->z F     unmapped_complex2      1  2.7     0    35     522    (-,-) 
  clk_rst_ctrl_top_instance/i_sys_clk_rst_gen_i_clk_int_div_debug_g6524/z                     (u)     in_0->z F     unmapped_complex2      1  2.7     0    35     557    (-,-) 
  clk_rst_ctrl_top_instance/i_sys_clk_rst_gen_i_clk_int_div_debug_g6664/z                     (u)     in_0->z R     unmapped_complex2      6 17.4     0    62     619    (-,-) 
  clk_rst_ctrl_top_instance/i_sys_clk_rst_gen_i_clk_int_div_debug_g6669/z                     (u)     in_1->z F     unmapped_complex2      2  5.4     0    42     660    (-,-) 
  clk_rst_ctrl_top_instance/i_sys_clk_rst_gen_i_clk_int_div_debug_g6644/z                     (u)     in_0->z R     unmapped_nor2          1  5.8     0    42     702    (-,-) 
  clk_rst_ctrl_top_instance/i_sys_clk_rst_gen_i_clk_int_div_debug_t_ff2_q_reg/sena            -       -       R     unmapped_d_flop        1    -     -     0     702    (-,-) 
#------------------------------------------------------------------------------------------------------------------------------------------------------------------------------

(u) : Net has unmapped pin(s).



Path 42: VIOLATED (-74 ps) Setup Check with Pin clk_rst_ctrl_top_instance/i_sys_clk_rst_gen_i_clk_int_div_peripheral_t_ff1_q_reg/clk->sena
          Group: pll_clk
     Startpoint: (R) clk_rst_ctrl_top_instance/i_sys_clk_rst_gen_i_clk_int_div_peripheral_t_ff2_q_reg/clk
          Clock: (F) pll_clk
       Endpoint: (R) clk_rst_ctrl_top_instance/i_sys_clk_rst_gen_i_clk_int_div_peripheral_t_ff1_q_reg/sena
          Clock: (R) pll_clk

                     Capture       Launch     
        Clock Edge:+    2500         1250     
       Src Latency:+       0            0     
       Net Latency:+       0 (I)        0 (I) 
           Arrival:=    2500         1250     
                                              
             Setup:-     129                  
       Uncertainty:-     500                  
     Required Time:=    1871                  
      Launch Clock:-    1250                  
         Data Path:-     695                  
             Slack:=     -74                  

#------------------------------------------------------------------------------------------------------------------------------------------------------------------------
#                                     Timing Point                                      Flags    Arc    Edge       Cell         Fanout Load Trans Delay Arrival Instance 
#                                                                                                                                      (fF)  (ps)  (ps)   (ps)  Location 
#------------------------------------------------------------------------------------------------------------------------------------------------------------------------
  clk_rst_ctrl_top_instance/i_sys_clk_rst_gen_i_clk_int_div_peripheral_t_ff2_q_reg/clk  -       -       R     (arrival)              3    -     0     -    1250    (-,-) 
  clk_rst_ctrl_top_instance/i_sys_clk_rst_gen_i_clk_int_div_peripheral_t_ff2_q_reg/q    (u)     clk->q  R     unmapped_d_flop        6 17.4     0   348    1598    (-,-) 
  clk_rst_ctrl_top_instance/i_sys_clk_rst_gen_i_clk_int_div_peripheral_g6578/z          (u)     in_1->z F     unmapped_complex2      1  2.7     0    35    1634    (-,-) 
  clk_rst_ctrl_top_instance/i_sys_clk_rst_gen_i_clk_int_div_peripheral_g6563/z          (u)     in_1->z F     unmapped_complex2      1  2.7     0    35    1668    (-,-) 
  clk_rst_ctrl_top_instance/i_sys_clk_rst_gen_i_clk_int_div_peripheral_g6657/z          (u)     in_1->z R     unmapped_complex2      2  5.8     0    42    1710    (-,-) 
  clk_rst_ctrl_top_instance/i_sys_clk_rst_gen_i_clk_int_div_peripheral_g6532/z          (u)     in_1->z R     unmapped_or2           1  2.9     0    35    1745    (-,-) 
  clk_rst_ctrl_top_instance/i_sys_clk_rst_gen_i_clk_int_div_peripheral_g6528/z          (u)     in_1->z R     unmapped_or2           4  9.6     0    48    1793    (-,-) 
  clk_rst_ctrl_top_instance/i_sys_clk_rst_gen_i_clk_int_div_peripheral_g6515/z          (u)     in_0->z F     unmapped_complex2      1  2.7     0    35    1828    (-,-) 
  clk_rst_ctrl_top_instance/i_sys_clk_rst_gen_i_clk_int_div_peripheral_g6669/z          (u)     in_0->z F     unmapped_complex2      2  5.4     0    42    1870    (-,-) 
  clk_rst_ctrl_top_instance/i_sys_clk_rst_gen_i_clk_int_div_peripheral_g6498/z          (u)     in_1->z F     unmapped_complex2      3  8.1     0    48    1918    (-,-) 
  clk_rst_ctrl_top_instance/i_sys_clk_rst_gen_i_clk_int_div_peripheral_g6499/z          (u)     in_0->z R     unmapped_not           1  5.8     0    27    1945    (-,-) 
  clk_rst_ctrl_top_instance/i_sys_clk_rst_gen_i_clk_int_div_peripheral_t_ff1_q_reg/sena -       -       R     unmapped_d_flop        1    -     -     0    1945    (-,-) 
#------------------------------------------------------------------------------------------------------------------------------------------------------------------------

(u) : Net has unmapped pin(s).



Path 43: VIOLATED (-74 ps) Setup Check with Pin clk_rst_ctrl_top_instance/i_sys_clk_rst_gen_i_clk_int_div_debug_t_ff1_q_reg/clk->sena
          Group: pll_clk
     Startpoint: (R) clk_rst_ctrl_top_instance/i_sys_clk_rst_gen_i_clk_int_div_debug_t_ff2_q_reg/clk
          Clock: (F) pll_clk
       Endpoint: (R) clk_rst_ctrl_top_instance/i_sys_clk_rst_gen_i_clk_int_div_debug_t_ff1_q_reg/sena
          Clock: (R) pll_clk

                     Capture       Launch     
        Clock Edge:+    2500         1250     
       Src Latency:+       0            0     
       Net Latency:+       0 (I)        0 (I) 
           Arrival:=    2500         1250     
                                              
             Setup:-     129                  
       Uncertainty:-     500                  
     Required Time:=    1871                  
      Launch Clock:-    1250                  
         Data Path:-     695                  
             Slack:=     -74                  

#-------------------------------------------------------------------------------------------------------------------------------------------------------------------
#                                  Timing Point                                    Flags    Arc    Edge       Cell         Fanout Load Trans Delay Arrival Instance 
#                                                                                                                                 (fF)  (ps)  (ps)   (ps)  Location 
#-------------------------------------------------------------------------------------------------------------------------------------------------------------------
  clk_rst_ctrl_top_instance/i_sys_clk_rst_gen_i_clk_int_div_debug_t_ff2_q_reg/clk  -       -       R     (arrival)              3    -     0     -    1250    (-,-) 
  clk_rst_ctrl_top_instance/i_sys_clk_rst_gen_i_clk_int_div_debug_t_ff2_q_reg/q    (u)     clk->q  R     unmapped_d_flop        6 17.4     0   348    1598    (-,-) 
  clk_rst_ctrl_top_instance/i_sys_clk_rst_gen_i_clk_int_div_debug_g6578/z          (u)     in_1->z F     unmapped_complex2      1  2.7     0    35    1634    (-,-) 
  clk_rst_ctrl_top_instance/i_sys_clk_rst_gen_i_clk_int_div_debug_g6563/z          (u)     in_1->z F     unmapped_complex2      1  2.7     0    35    1668    (-,-) 
  clk_rst_ctrl_top_instance/i_sys_clk_rst_gen_i_clk_int_div_debug_g6657/z          (u)     in_1->z R     unmapped_complex2      2  5.8     0    42    1710    (-,-) 
  clk_rst_ctrl_top_instance/i_sys_clk_rst_gen_i_clk_int_div_debug_g6532/z          (u)     in_1->z R     unmapped_or2           1  2.9     0    35    1745    (-,-) 
  clk_rst_ctrl_top_instance/i_sys_clk_rst_gen_i_clk_int_div_debug_g6528/z          (u)     in_1->z R     unmapped_or2           4  9.6     0    48    1793    (-,-) 
  clk_rst_ctrl_top_instance/i_sys_clk_rst_gen_i_clk_int_div_debug_g6515/z          (u)     in_0->z F     unmapped_complex2      1  2.7     0    35    1828    (-,-) 
  clk_rst_ctrl_top_instance/i_sys_clk_rst_gen_i_clk_int_div_debug_g6669/z          (u)     in_0->z F     unmapped_complex2      2  5.4     0    42    1870    (-,-) 
  clk_rst_ctrl_top_instance/i_sys_clk_rst_gen_i_clk_int_div_debug_g6498/z          (u)     in_1->z F     unmapped_complex2      3  8.1     0    48    1918    (-,-) 
  clk_rst_ctrl_top_instance/i_sys_clk_rst_gen_i_clk_int_div_debug_g6499/z          (u)     in_0->z R     unmapped_not           1  5.8     0    27    1945    (-,-) 
  clk_rst_ctrl_top_instance/i_sys_clk_rst_gen_i_clk_int_div_debug_t_ff1_q_reg/sena -       -       R     unmapped_d_flop        1    -     -     0    1945    (-,-) 
#-------------------------------------------------------------------------------------------------------------------------------------------------------------------

(u) : Net has unmapped pin(s).



Path 44: VIOLATED (-72 ps) Setup Check with Pin basic_isa_instance/u_id_ex_alu_ctrl_ex_reg[3]/clk->d
          Group: core_clk
     Startpoint: (R) basic_isa_instance/u_ex_mem_inst_mem_o_reg[9]/clk
          Clock: (R) core_clk
       Endpoint: (R) basic_isa_instance/u_id_ex_alu_ctrl_ex_reg[3]/d
          Clock: (R) core_clk

                     Capture       Launch     
        Clock Edge:+    2500            0     
       Src Latency:+       0            0     
       Net Latency:+       0 (I)        0 (I) 
           Arrival:=    2500            0     
                                              
             Setup:-      90                  
     Required Time:=    2410                  
      Launch Clock:-       0                  
         Data Path:-    2482                  
             Slack:=     -72                  

#-----------------------------------------------------------------------------------------------------------------------------------------------------------------------------
#                                       Timing Point                                         Flags    Arc    Edge       Cell         Fanout Load Trans Delay Arrival Instance 
#                                                                                                                                           (fF)  (ps)  (ps)   (ps)  Location 
#-----------------------------------------------------------------------------------------------------------------------------------------------------------------------------
  basic_isa_instance/u_ex_mem_inst_mem_o_reg[9]/clk                                          -       -       R     (arrival)            139    -     0     -       0    (-,-) 
  basic_isa_instance/u_ex_mem_inst_mem_o_reg[9]/q                                            (u)     clk->q  R     unmapped_d_flop        7 20.3     0   326     326    (-,-) 
  basic_isa_instance/g5881/z                                                                 (u)     in_1->z R     unmapped_or2           1  2.9     0    35     362    (-,-) 
  basic_isa_instance/g5736/z                                                                 (u)     in_1->z R     unmapped_or2           1  2.9     0    35     396    (-,-) 
  basic_isa_instance/g5720/z                                                                 (u)     in_1->z R     unmapped_or2           1  2.9     0    35     432    (-,-) 
  basic_isa_instance/g5710/z                                                                 (u)     in_0->z F     unmapped_nand2         2  5.4     0    42     473    (-,-) 
  basic_isa_instance/g5705/z                                                                 (u)     in_0->z F     unmapped_complex2      1  2.7     0    35     508    (-,-) 
  basic_isa_instance/g5699/z                                                                 (u)     in_0->z F     unmapped_or2          34 16.2     0    85     594    (-,-) 
  basic_isa_instance/g5691/z                                                                 (u)     in_0->z R     unmapped_complex2      1  2.9     0    35     628    (-,-) 
  basic_isa_instance/g5923/z                                                                 (u)     in_1->z F     unmapped_nor2         33 16.2     0    85     714    (-,-) 
  basic_isa_instance/g20037/z                                                                (u)     in_1->z F     unmapped_complex2     32 16.2     0    85     799    (-,-) 
  basic_isa_instance/g20193/z                                                                (u)     in_1->z F     unmapped_complex2      1  2.7     0    35     834    (-,-) 
  basic_isa_instance/u_exe_g4888/z                                                           (u)     in_1->z R     unmapped_complex2      2  5.8     0    42     876    (-,-) 
  basic_isa_instance/u_exe_g4868/z                                                           (u)     in_0->z F     unmapped_nand2         1  2.7     0    35     911    (-,-) 
  basic_isa_instance/u_exe_g4755/z                                                           (u)     in_0->z R     unmapped_nand2        12 34.8     0    84     995    (-,-) 
  basic_isa_instance/u_exe_u_alu_top_u_arith_sub_88_27_Y_u_alu_top_u_arith_add_87_27/g2324/z (u)     in_1->z F     unmapped_nand2         1  2.7     0    35    1030    (-,-) 
  basic_isa_instance/u_exe_u_alu_top_u_arith_sub_88_27_Y_u_alu_top_u_arith_add_87_27/g2222/z (u)     in_1->z R     unmapped_nand2         1  2.9     0    35    1065    (-,-) 
  basic_isa_instance/u_exe_u_alu_top_u_arith_sub_88_27_Y_u_alu_top_u_arith_add_87_27/g2146/z (u)     in_1->z R     unmapped_complex2      3  8.7     0    48    1113    (-,-) 
  basic_isa_instance/u_exe_u_alu_top_u_arith_sub_88_27_Y_u_alu_top_u_arith_add_87_27/g552/z  (u)     in_0->z F     unmapped_complex2      1  2.7     0    35    1148    (-,-) 
  basic_isa_instance/u_exe_u_alu_top_u_arith_sub_88_27_Y_u_alu_top_u_arith_add_87_27/g106/z  (u)     in_1->z R     unmapped_nand2         4 11.6     0    53    1201    (-,-) 
  basic_isa_instance/u_exe_u_alu_top_u_arith_sub_88_27_Y_u_alu_top_u_arith_add_87_27/g2071/z (u)     in_0->z F     unmapped_complex2      1  2.7     0    35    1236    (-,-) 
  basic_isa_instance/u_exe_u_alu_top_u_arith_sub_88_27_Y_u_alu_top_u_arith_add_87_27/g2053/z (u)     in_0->z R     unmapped_complex2      6 17.4     0    62    1298    (-,-) 
  basic_isa_instance/u_exe_u_alu_top_u_arith_sub_88_27_Y_u_alu_top_u_arith_add_87_27/g636/z  (u)     in_0->z F     unmapped_complex2      1  2.7     0    35    1333    (-,-) 
  basic_isa_instance/u_exe_u_alu_top_u_arith_sub_88_27_Y_u_alu_top_u_arith_add_87_27/g2018/z (u)     in_0->z R     unmapped_complex2     10 29.0     0    77    1410    (-,-) 
  basic_isa_instance/u_exe_u_alu_top_u_arith_sub_88_27_Y_u_alu_top_u_arith_add_87_27/g1999/z (u)     in_0->z F     unmapped_complex2      1  2.7     0    35    1445    (-,-) 
  basic_isa_instance/u_exe_u_alu_top_u_arith_sub_88_27_Y_u_alu_top_u_arith_add_87_27/g1992/z (u)     in_0->z R     unmapped_complex2     17 14.5     0    79    1523    (-,-) 
  basic_isa_instance/u_exe_u_alu_top_u_arith_sub_88_27_Y_u_alu_top_u_arith_add_87_27/g667/z  (u)     in_0->z F     unmapped_complex2      1  2.7     0    35    1558    (-,-) 
  basic_isa_instance/u_exe_u_alu_top_u_arith_sub_88_27_Y_u_alu_top_u_arith_add_87_27/g1946/z (u)     in_0->z R     unmapped_complex2      2  5.8     0    42    1600    (-,-) 
  basic_isa_instance/u_exe_u_alu_top_u_arith_sub_88_27_Y_u_alu_top_u_arith_add_87_27/g1933/z (u)     in_0->z R     unmapped_or2           1  2.9     0    35    1635    (-,-) 
  basic_isa_instance/u_exe_u_alu_top_u_arith_sub_88_27_Y_u_alu_top_u_arith_add_87_27/g1934/z (u)     in_1->z F     unmapped_nand2         2  5.4     0    42    1677    (-,-) 
  basic_isa_instance/u_exe_g15831/z                                                          (u)     in_1->z F     unmapped_or2           1  2.7     0    35    1712    (-,-) 
  basic_isa_instance/u_exe_g15658/z                                                          (u)     in_1->z F     unmapped_or2           1  2.7     0    35    1747    (-,-) 
  basic_isa_instance/u_exe_g15303/z                                                          (u)     in_0->z R     unmapped_nand2         1  2.9     0    35    1782    (-,-) 
  basic_isa_instance/u_exe_g14001/z                                                          (u)     in_1->z F     unmapped_complex2      1  2.7     0    35    1817    (-,-) 
  basic_isa_instance/u_exe_g13990/z                                                          (u)     in_1->z F     unmapped_or2           1  2.7     0    35    1852    (-,-) 
  basic_isa_instance/u_exe_g15914/z                                                          (u)     in_1->z R     unmapped_nor2          2  5.8     0    42    1894    (-,-) 
  basic_isa_instance/g7610/z                                                                 (u)     in_1->z R     unmapped_or2           1  2.9     0    35    1929    (-,-) 
  basic_isa_instance/g7459/z                                                                 (u)     in_1->z F     unmapped_complex2      1  2.7     0    35    1964    (-,-) 
  basic_isa_instance/g7372/z                                                                 (u)     in_0->z F     unmapped_complex2      1  2.7     0    35    1999    (-,-) 
  basic_isa_instance/g7158/z                                                                 (u)     in_1->z F     unmapped_or2          40 18.9     0    91    2090    (-,-) 
  basic_isa_instance/g12324/z                                                                (u)     in_1->z F     unmapped_or2          10 27.0     0    77    2167    (-,-) 
  basic_isa_instance/g16369/z                                                                (u)     in_1->z F     unmapped_or2           1  2.7     0    35    2202    (-,-) 
  basic_isa_instance/g16366/z                                                                (u)     in_0->z R     unmapped_complex2    151 17.4     0   109    2311    (-,-) 
  basic_isa_instance/g16157/z                                                                (u)     in_0->z F     unmapped_nand2         2  5.4     0    42    2353    (-,-) 
  basic_isa_instance/g16005/z                                                                (u)     in_1->z F     unmapped_or2           2  5.4     0    42    2394    (-,-) 
  basic_isa_instance/g15979/z                                                                (u)     in_0->z F     unmapped_complex2      4 10.8     0    53    2447    (-,-) 
  basic_isa_instance/g15927/z                                                                (u)     in_0->z R     unmapped_nand2         1  2.9     0    35    2482    (-,-) 
  basic_isa_instance/u_id_ex_alu_ctrl_ex_reg[3]/d                                            -       -       R     unmapped_d_flop        1    -     -     0    2482    (-,-) 
#-----------------------------------------------------------------------------------------------------------------------------------------------------------------------------

(u) : Net has unmapped pin(s).



Path 45: VIOLATED (-72 ps) Setup Check with Pin basic_isa_instance/u_id_ex_alu_ctrl_ex_reg[1]/clk->d
          Group: core_clk
     Startpoint: (R) basic_isa_instance/u_ex_mem_inst_mem_o_reg[9]/clk
          Clock: (R) core_clk
       Endpoint: (R) basic_isa_instance/u_id_ex_alu_ctrl_ex_reg[1]/d
          Clock: (R) core_clk

                     Capture       Launch     
        Clock Edge:+    2500            0     
       Src Latency:+       0            0     
       Net Latency:+       0 (I)        0 (I) 
           Arrival:=    2500            0     
                                              
             Setup:-      90                  
     Required Time:=    2410                  
      Launch Clock:-       0                  
         Data Path:-    2482                  
             Slack:=     -72                  

#-----------------------------------------------------------------------------------------------------------------------------------------------------------------------------
#                                       Timing Point                                         Flags    Arc    Edge       Cell         Fanout Load Trans Delay Arrival Instance 
#                                                                                                                                           (fF)  (ps)  (ps)   (ps)  Location 
#-----------------------------------------------------------------------------------------------------------------------------------------------------------------------------
  basic_isa_instance/u_ex_mem_inst_mem_o_reg[9]/clk                                          -       -       R     (arrival)            139    -     0     -       0    (-,-) 
  basic_isa_instance/u_ex_mem_inst_mem_o_reg[9]/q                                            (u)     clk->q  R     unmapped_d_flop        7 20.3     0   326     326    (-,-) 
  basic_isa_instance/g5881/z                                                                 (u)     in_1->z R     unmapped_or2           1  2.9     0    35     362    (-,-) 
  basic_isa_instance/g5736/z                                                                 (u)     in_1->z R     unmapped_or2           1  2.9     0    35     396    (-,-) 
  basic_isa_instance/g5720/z                                                                 (u)     in_1->z R     unmapped_or2           1  2.9     0    35     432    (-,-) 
  basic_isa_instance/g5710/z                                                                 (u)     in_0->z F     unmapped_nand2         2  5.4     0    42     473    (-,-) 
  basic_isa_instance/g5705/z                                                                 (u)     in_0->z F     unmapped_complex2      1  2.7     0    35     508    (-,-) 
  basic_isa_instance/g5699/z                                                                 (u)     in_0->z F     unmapped_or2          34 16.2     0    85     594    (-,-) 
  basic_isa_instance/g5691/z                                                                 (u)     in_0->z R     unmapped_complex2      1  2.9     0    35     628    (-,-) 
  basic_isa_instance/g5923/z                                                                 (u)     in_1->z F     unmapped_nor2         33 16.2     0    85     714    (-,-) 
  basic_isa_instance/g20037/z                                                                (u)     in_1->z F     unmapped_complex2     32 16.2     0    85     799    (-,-) 
  basic_isa_instance/g20193/z                                                                (u)     in_1->z F     unmapped_complex2      1  2.7     0    35     834    (-,-) 
  basic_isa_instance/u_exe_g4888/z                                                           (u)     in_1->z R     unmapped_complex2      2  5.8     0    42     876    (-,-) 
  basic_isa_instance/u_exe_g4868/z                                                           (u)     in_0->z F     unmapped_nand2         1  2.7     0    35     911    (-,-) 
  basic_isa_instance/u_exe_g4755/z                                                           (u)     in_0->z R     unmapped_nand2        12 34.8     0    84     995    (-,-) 
  basic_isa_instance/u_exe_u_alu_top_u_arith_sub_88_27_Y_u_alu_top_u_arith_add_87_27/g2324/z (u)     in_1->z F     unmapped_nand2         1  2.7     0    35    1030    (-,-) 
  basic_isa_instance/u_exe_u_alu_top_u_arith_sub_88_27_Y_u_alu_top_u_arith_add_87_27/g2222/z (u)     in_1->z R     unmapped_nand2         1  2.9     0    35    1065    (-,-) 
  basic_isa_instance/u_exe_u_alu_top_u_arith_sub_88_27_Y_u_alu_top_u_arith_add_87_27/g2146/z (u)     in_1->z R     unmapped_complex2      3  8.7     0    48    1113    (-,-) 
  basic_isa_instance/u_exe_u_alu_top_u_arith_sub_88_27_Y_u_alu_top_u_arith_add_87_27/g552/z  (u)     in_0->z F     unmapped_complex2      1  2.7     0    35    1148    (-,-) 
  basic_isa_instance/u_exe_u_alu_top_u_arith_sub_88_27_Y_u_alu_top_u_arith_add_87_27/g106/z  (u)     in_1->z R     unmapped_nand2         4 11.6     0    53    1201    (-,-) 
  basic_isa_instance/u_exe_u_alu_top_u_arith_sub_88_27_Y_u_alu_top_u_arith_add_87_27/g2071/z (u)     in_0->z F     unmapped_complex2      1  2.7     0    35    1236    (-,-) 
  basic_isa_instance/u_exe_u_alu_top_u_arith_sub_88_27_Y_u_alu_top_u_arith_add_87_27/g2053/z (u)     in_0->z R     unmapped_complex2      6 17.4     0    62    1298    (-,-) 
  basic_isa_instance/u_exe_u_alu_top_u_arith_sub_88_27_Y_u_alu_top_u_arith_add_87_27/g636/z  (u)     in_0->z F     unmapped_complex2      1  2.7     0    35    1333    (-,-) 
  basic_isa_instance/u_exe_u_alu_top_u_arith_sub_88_27_Y_u_alu_top_u_arith_add_87_27/g2018/z (u)     in_0->z R     unmapped_complex2     10 29.0     0    77    1410    (-,-) 
  basic_isa_instance/u_exe_u_alu_top_u_arith_sub_88_27_Y_u_alu_top_u_arith_add_87_27/g1999/z (u)     in_0->z F     unmapped_complex2      1  2.7     0    35    1445    (-,-) 
  basic_isa_instance/u_exe_u_alu_top_u_arith_sub_88_27_Y_u_alu_top_u_arith_add_87_27/g1992/z (u)     in_0->z R     unmapped_complex2     17 14.5     0    79    1523    (-,-) 
  basic_isa_instance/u_exe_u_alu_top_u_arith_sub_88_27_Y_u_alu_top_u_arith_add_87_27/g667/z  (u)     in_0->z F     unmapped_complex2      1  2.7     0    35    1558    (-,-) 
  basic_isa_instance/u_exe_u_alu_top_u_arith_sub_88_27_Y_u_alu_top_u_arith_add_87_27/g1946/z (u)     in_0->z R     unmapped_complex2      2  5.8     0    42    1600    (-,-) 
  basic_isa_instance/u_exe_u_alu_top_u_arith_sub_88_27_Y_u_alu_top_u_arith_add_87_27/g1933/z (u)     in_0->z R     unmapped_or2           1  2.9     0    35    1635    (-,-) 
  basic_isa_instance/u_exe_u_alu_top_u_arith_sub_88_27_Y_u_alu_top_u_arith_add_87_27/g1934/z (u)     in_1->z F     unmapped_nand2         2  5.4     0    42    1677    (-,-) 
  basic_isa_instance/u_exe_g15831/z                                                          (u)     in_1->z F     unmapped_or2           1  2.7     0    35    1712    (-,-) 
  basic_isa_instance/u_exe_g15658/z                                                          (u)     in_1->z F     unmapped_or2           1  2.7     0    35    1747    (-,-) 
  basic_isa_instance/u_exe_g15303/z                                                          (u)     in_0->z R     unmapped_nand2         1  2.9     0    35    1782    (-,-) 
  basic_isa_instance/u_exe_g14001/z                                                          (u)     in_1->z F     unmapped_complex2      1  2.7     0    35    1817    (-,-) 
  basic_isa_instance/u_exe_g13990/z                                                          (u)     in_1->z F     unmapped_or2           1  2.7     0    35    1852    (-,-) 
  basic_isa_instance/u_exe_g15914/z                                                          (u)     in_1->z R     unmapped_nor2          2  5.8     0    42    1894    (-,-) 
  basic_isa_instance/g7610/z                                                                 (u)     in_1->z R     unmapped_or2           1  2.9     0    35    1929    (-,-) 
  basic_isa_instance/g7459/z                                                                 (u)     in_1->z F     unmapped_complex2      1  2.7     0    35    1964    (-,-) 
  basic_isa_instance/g7372/z                                                                 (u)     in_0->z F     unmapped_complex2      1  2.7     0    35    1999    (-,-) 
  basic_isa_instance/g7158/z                                                                 (u)     in_1->z F     unmapped_or2          40 18.9     0    91    2090    (-,-) 
  basic_isa_instance/g12324/z                                                                (u)     in_1->z F     unmapped_or2          10 27.0     0    77    2167    (-,-) 
  basic_isa_instance/g16369/z                                                                (u)     in_1->z F     unmapped_or2           1  2.7     0    35    2202    (-,-) 
  basic_isa_instance/g16366/z                                                                (u)     in_0->z R     unmapped_complex2    151 17.4     0   109    2311    (-,-) 
  basic_isa_instance/g16157/z                                                                (u)     in_0->z F     unmapped_nand2         2  5.4     0    42    2353    (-,-) 
  basic_isa_instance/g16005/z                                                                (u)     in_1->z F     unmapped_or2           2  5.4     0    42    2394    (-,-) 
  basic_isa_instance/g15979/z                                                                (u)     in_0->z F     unmapped_complex2      4 10.8     0    53    2447    (-,-) 
  basic_isa_instance/g15934/z                                                                (u)     in_0->z R     unmapped_nand2         1  2.9     0    35    2482    (-,-) 
  basic_isa_instance/u_id_ex_alu_ctrl_ex_reg[1]/d                                            -       -       R     unmapped_d_flop        1    -     -     0    2482    (-,-) 
#-----------------------------------------------------------------------------------------------------------------------------------------------------------------------------

(u) : Net has unmapped pin(s).



Path 46: VIOLATED (-65 ps) Setup Check with Pin csr_top_instance_csr_register_file_inst_mstatus_csr_inst_mstatus_r_reg[7]/clk->d
          Group: core_clk
     Startpoint: (R) csr_top_instance_csr_register_file_inst_satp_csr_inst_satp_r_reg[27]/clk
          Clock: (R) core_clk
       Endpoint: (R) csr_top_instance_csr_register_file_inst_mstatus_csr_inst_mstatus_r_reg[7]/d
          Clock: (R) core_clk

                     Capture       Launch     
        Clock Edge:+    2500            0     
       Src Latency:+       0            0     
       Net Latency:+       0 (I)        0 (I) 
           Arrival:=    2500            0     
                                              
             Setup:-     129                  
     Required Time:=    2371                  
      Launch Clock:-       0                  
         Data Path:-    2436                  
             Slack:=     -65                  

#--------------------------------------------------------------------------------------------------------------------------------------------------------------
#                                Timing Point                                 Flags    Arc    Edge       Cell         Fanout Load Trans Delay Arrival Instance 
#                                                                                                                            (fF)  (ps)  (ps)   (ps)  Location 
#--------------------------------------------------------------------------------------------------------------------------------------------------------------
  csr_top_instance_csr_register_file_inst_satp_csr_inst_satp_r_reg[27]/clk    -       -       R     (arrival)             32    -     0     -       0    (-,-) 
  csr_top_instance_csr_register_file_inst_satp_csr_inst_satp_r_reg[27]/q      (u)     clk->q  R     unmapped_d_flop      132 34.8     0   380     380    (-,-) 
  mmu_instance_u_tlb_u_dtlb/u_tlb_lookup_g11680/z                             (u)     in_0->z R     unmapped_or2           1  2.9     0    35     415    (-,-) 
  mmu_instance_u_tlb_u_dtlb/u_tlb_lookup_g11681/z                             (u)     in_1->z F     unmapped_nand2         1  2.7     0    35     450    (-,-) 
  mmu_instance_u_tlb_u_dtlb/u_tlb_lookup_g11531/z                             (u)     in_1->z R     unmapped_nand2         1  2.9     0    35     485    (-,-) 
  mmu_instance_u_tlb_u_dtlb/u_tlb_lookup_g11029/z                             (u)     in_0->z R     unmapped_or2           1  2.9     0    35     520    (-,-) 
  mmu_instance_u_tlb_u_dtlb/u_tlb_lookup_g10943/z                             (u)     in_1->z R     unmapped_or2           1  2.9     0    35     555    (-,-) 
  mmu_instance_u_tlb_u_dtlb/u_tlb_lookup_g10899/z                             (u)     in_1->z R     unmapped_or2           1  2.9     0    35     590    (-,-) 
  mmu_instance_u_tlb_u_dtlb/u_tlb_lookup_g10875/z                             (u)     in_0->z R     unmapped_or2           3  8.7     0    48     638    (-,-) 
  mmu_instance_u_tlb_u_dtlb/u_tlb_lookup_g10869/z                             (u)     in_1->z F     unmapped_nand2         1  2.7     0    35     673    (-,-) 
  mmu_instance_u_tlb_u_dtlb/u_tlb_lookup_g10847/z                             (u)     in_1->z F     unmapped_or2           5 13.5     0    57     730    (-,-) 
  mmu_instance_u_tlb_u_dtlb/u_tlb_lookup_g10832/z                             (u)     in_1->z F     unmapped_or2          10 27.0     0    77     807    (-,-) 
  mmu_instance_u_tlb_u_dtlb/u_tlb_lookup_g10831/z                             (u)     in_0->z F     unmapped_or2           4 10.8     0    53     860    (-,-) 
  mmu_instance_u_tlb_u_dtlb/u_tlb_lookup_g10811/z                             (u)     in_1->z F     unmapped_or2           2  5.4     0    42     902    (-,-) 
  mmu_instance_u_tlb_u_dtlb/u_tlb_lookup_g10807/z                             (u)     in_0->z R     unmapped_nand2         2  5.8     0    42     944    (-,-) 
  mmu_instance_u_tlb_u_dtlb/u_tlb_lookup_g10802/z                             (u)     in_0->z R     unmapped_or2           1  2.9     0    35     979    (-,-) 
  mmu_instance_u_tlb_u_dtlb/u_tlb_lookup_g10798/z                             (u)     in_1->z R     unmapped_or2         279 20.3     0   117    1096    (-,-) 
  mmu_instance_u_tlb_u_dtlb/g13353/z                                          (u)     in_1->z R     unmapped_or2          21 14.5     0    79    1175    (-,-) 
  mmu_instance_u_tlb_u_dtlb/g12987/z                                          (u)     in_1->z R     unmapped_complex2      1  2.9     0    35    1210    (-,-) 
  mmu_instance_u_tlb_u_dtlb/g12790/z                                          (u)     in_1->z F     unmapped_nand2         1  2.7     0    35    1245    (-,-) 
  mmu_instance_u_tlb_u_dtlb/g12634/z                                          (u)     in_0->z F     unmapped_complex2      1  2.7     0    35    1280    (-,-) 
  mmu_instance_u_tlb_u_dtlb/g12545/z                                          (u)     in_0->z R     unmapped_complex2      1  2.9     0    35    1315    (-,-) 
  mmu_instance_u_tlb_u_dtlb/g12511/z                                          (u)     in_1->z F     unmapped_nand2         1  2.7     0    35    1350    (-,-) 
  mmu_instance_u_tlb_u_dtlb/g12453/z                                          (u)     in_0->z F     unmapped_complex2      1  2.7     0    35    1385    (-,-) 
  mmu_instance_u_tlb_u_dtlb/g12436/z                                          (u)     in_1->z F     unmapped_or2           1  2.7     0    35    1420    (-,-) 
  g4435/z                                                                     (u)     in_0->z R     unmapped_complex2      1  2.9     0    35    1455    (-,-) 
  g4362/z                                                                     (u)     in_1->z F     unmapped_complex2      2  5.4     0    42    1496    (-,-) 
  axi_master_wrapper_data_mem_instance/g7808/z                                (u)     in_1->z R     unmapped_complex2      1  2.9     0    35    1532    (-,-) 
  axi_master_wrapper_data_mem_instance/g7765/z                                (u)     in_0->z F     unmapped_nand2         2  5.4     0    42    1573    (-,-) 
  axi_master_wrapper_data_mem_instance/g7751/z                                (u)     in_0->z F     unmapped_complex2      1  2.7     0    35    1608    (-,-) 
  axi_master_wrapper_data_mem_instance/g7743/z                                (u)     in_1->z F     unmapped_complex2      2  5.4     0    42    1650    (-,-) 
  axi_master_wrapper_data_mem_instance/g7725/z                                (u)     in_1->z R     unmapped_nand2         1  2.9     0    35    1685    (-,-) 
  axi_master_wrapper_data_mem_instance/g7704/z                                (u)     in_1->z F     unmapped_complex2     48 18.9     0    91    1776    (-,-) 
  axi_master_wrapper_data_mem_instance/g7696/z                                (u)     in_1->z F     unmapped_or2           1  2.7     0    35    1811    (-,-) 
  axi_master_wrapper_data_mem_instance/g7685/z                                (u)     in_1->z R     unmapped_nand2         3  8.7     0    48    1859    (-,-) 
  axi_master_wrapper_data_mem_instance/g7681/z                                (u)     in_1->z F     unmapped_complex2      2  5.4     0    42    1901    (-,-) 
  axi_master_wrapper_data_mem_instance/g7834/z                                (u)     in_0->z R     unmapped_nor2          2  5.8     0    42    1943    (-,-) 
  g5418/z                                                                     (u)     in_0->z R     unmapped_complex2      1  2.9     0    35    1978    (-,-) 
  g5370/z                                                                     (u)     in_1->z F     unmapped_complex2      1  2.7     0    35    2013    (-,-) 
  g5302/z                                                                     (u)     in_0->z F     unmapped_complex2     13 35.1     0    88    2101    (-,-) 
  basic_isa_instance/g5566/z                                                  (u)     in_1->z R     unmapped_complex2      1  2.9     0    35    2136    (-,-) 
  g26727/z                                                                    (u)     in_1->z R     unmapped_and2          7 20.3     0    66    2202    (-,-) 
  g26803/z                                                                    (u)     in_1->z F     unmapped_complex2      4 10.8     0    53    2255    (-,-) 
  g19911/z                                                                    (u)     in_1->z F     unmapped_complex2      2  5.4     0    42    2296    (-,-) 
  g19723/z                                                                    (u)     in_0->z F     unmapped_or2           1  2.7     0    35    2331    (-,-) 
  g19606/z                                                                    (u)     in_1->z R     unmapped_nand2         1  2.9     0    35    2366    (-,-) 
  g19579/z                                                                    (u)     in_0->z F     unmapped_nand2         1  2.7     0    35    2401    (-,-) 
  g19575/z                                                                    (u)     in_0->z R     unmapped_complex2      1  2.9     0    35    2436    (-,-) 
  csr_top_instance_csr_register_file_inst_mstatus_csr_inst_mstatus_r_reg[7]/d -       -       R     unmapped_d_flop        1    -     -     0    2436    (-,-) 
#--------------------------------------------------------------------------------------------------------------------------------------------------------------

(u) : Net has unmapped pin(s).



Path 47: VIOLATED (-65 ps) Setup Check with Pin csr_top_instance_csr_register_file_inst_mstatus_csr_inst_mstatus_r_reg[3]/clk->d
          Group: core_clk
     Startpoint: (R) csr_top_instance_csr_register_file_inst_satp_csr_inst_satp_r_reg[27]/clk
          Clock: (R) core_clk
       Endpoint: (R) csr_top_instance_csr_register_file_inst_mstatus_csr_inst_mstatus_r_reg[3]/d
          Clock: (R) core_clk

                     Capture       Launch     
        Clock Edge:+    2500            0     
       Src Latency:+       0            0     
       Net Latency:+       0 (I)        0 (I) 
           Arrival:=    2500            0     
                                              
             Setup:-     129                  
     Required Time:=    2371                  
      Launch Clock:-       0                  
         Data Path:-    2436                  
             Slack:=     -65                  

#--------------------------------------------------------------------------------------------------------------------------------------------------------------
#                                Timing Point                                 Flags    Arc    Edge       Cell         Fanout Load Trans Delay Arrival Instance 
#                                                                                                                            (fF)  (ps)  (ps)   (ps)  Location 
#--------------------------------------------------------------------------------------------------------------------------------------------------------------
  csr_top_instance_csr_register_file_inst_satp_csr_inst_satp_r_reg[27]/clk    -       -       R     (arrival)             32    -     0     -       0    (-,-) 
  csr_top_instance_csr_register_file_inst_satp_csr_inst_satp_r_reg[27]/q      (u)     clk->q  F     unmapped_d_flop      132 32.4     0   380     380    (-,-) 
  mmu_instance_u_tlb_u_dtlb/u_tlb_lookup_g11680/z                             (u)     in_0->z F     unmapped_or2           1  2.7     0    35     415    (-,-) 
  mmu_instance_u_tlb_u_dtlb/u_tlb_lookup_g11681/z                             (u)     in_1->z R     unmapped_nand2         1  2.9     0    35     450    (-,-) 
  mmu_instance_u_tlb_u_dtlb/u_tlb_lookup_g11531/z                             (u)     in_1->z F     unmapped_nand2         1  2.7     0    35     485    (-,-) 
  mmu_instance_u_tlb_u_dtlb/u_tlb_lookup_g11029/z                             (u)     in_0->z F     unmapped_or2           1  2.7     0    35     520    (-,-) 
  mmu_instance_u_tlb_u_dtlb/u_tlb_lookup_g10943/z                             (u)     in_1->z F     unmapped_or2           1  2.7     0    35     555    (-,-) 
  mmu_instance_u_tlb_u_dtlb/u_tlb_lookup_g10899/z                             (u)     in_1->z F     unmapped_or2           1  2.7     0    35     590    (-,-) 
  mmu_instance_u_tlb_u_dtlb/u_tlb_lookup_g10875/z                             (u)     in_0->z F     unmapped_or2           3  8.1     0    48     638    (-,-) 
  mmu_instance_u_tlb_u_dtlb/u_tlb_lookup_g10869/z                             (u)     in_1->z R     unmapped_nand2         1  2.9     0    35     673    (-,-) 
  mmu_instance_u_tlb_u_dtlb/u_tlb_lookup_g10847/z                             (u)     in_1->z R     unmapped_or2           5 14.5     0    57     730    (-,-) 
  mmu_instance_u_tlb_u_dtlb/u_tlb_lookup_g10832/z                             (u)     in_1->z R     unmapped_or2          10 29.0     0    77     807    (-,-) 
  mmu_instance_u_tlb_u_dtlb/u_tlb_lookup_g10831/z                             (u)     in_0->z R     unmapped_or2           4 11.6     0    53     860    (-,-) 
  mmu_instance_u_tlb_u_dtlb/u_tlb_lookup_g10811/z                             (u)     in_1->z R     unmapped_or2           2  5.8     0    42     902    (-,-) 
  mmu_instance_u_tlb_u_dtlb/u_tlb_lookup_g10807/z                             (u)     in_0->z F     unmapped_nand2         2  5.4     0    42     944    (-,-) 
  mmu_instance_u_tlb_u_dtlb/u_tlb_lookup_g10802/z                             (u)     in_0->z F     unmapped_or2           1  2.7     0    35     979    (-,-) 
  mmu_instance_u_tlb_u_dtlb/u_tlb_lookup_g10798/z                             (u)     in_1->z F     unmapped_or2         279 18.9     0   117    1096    (-,-) 
  mmu_instance_u_tlb_u_dtlb/g13353/z                                          (u)     in_1->z F     unmapped_or2          21 13.5     0    79    1175    (-,-) 
  mmu_instance_u_tlb_u_dtlb/g12987/z                                          (u)     in_1->z F     unmapped_complex2      1  2.7     0    35    1210    (-,-) 
  mmu_instance_u_tlb_u_dtlb/g12790/z                                          (u)     in_1->z R     unmapped_nand2         1  2.9     0    35    1245    (-,-) 
  mmu_instance_u_tlb_u_dtlb/g12634/z                                          (u)     in_0->z R     unmapped_complex2      1  2.9     0    35    1280    (-,-) 
  mmu_instance_u_tlb_u_dtlb/g12545/z                                          (u)     in_0->z F     unmapped_complex2      1  2.7     0    35    1315    (-,-) 
  mmu_instance_u_tlb_u_dtlb/g12511/z                                          (u)     in_1->z R     unmapped_nand2         1  2.9     0    35    1350    (-,-) 
  mmu_instance_u_tlb_u_dtlb/g12453/z                                          (u)     in_0->z R     unmapped_complex2      1  2.9     0    35    1385    (-,-) 
  mmu_instance_u_tlb_u_dtlb/g12436/z                                          (u)     in_1->z R     unmapped_or2           1  2.9     0    35    1420    (-,-) 
  g4435/z                                                                     (u)     in_0->z F     unmapped_complex2      1  2.7     0    35    1455    (-,-) 
  g4362/z                                                                     (u)     in_1->z R     unmapped_complex2      2  5.8     0    42    1496    (-,-) 
  axi_master_wrapper_data_mem_instance/g7808/z                                (u)     in_1->z F     unmapped_complex2      1  2.7     0    35    1532    (-,-) 
  axi_master_wrapper_data_mem_instance/g7765/z                                (u)     in_0->z R     unmapped_nand2         2  5.8     0    42    1573    (-,-) 
  axi_master_wrapper_data_mem_instance/g7751/z                                (u)     in_0->z R     unmapped_complex2      1  2.9     0    35    1608    (-,-) 
  axi_master_wrapper_data_mem_instance/g7743/z                                (u)     in_1->z R     unmapped_complex2      2  5.8     0    42    1650    (-,-) 
  axi_master_wrapper_data_mem_instance/g7725/z                                (u)     in_1->z F     unmapped_nand2         1  2.7     0    35    1685    (-,-) 
  axi_master_wrapper_data_mem_instance/g7704/z                                (u)     in_1->z R     unmapped_complex2     48 20.3     0    91    1776    (-,-) 
  axi_master_wrapper_data_mem_instance/g7696/z                                (u)     in_1->z R     unmapped_or2           1  2.9     0    35    1811    (-,-) 
  axi_master_wrapper_data_mem_instance/g7685/z                                (u)     in_1->z F     unmapped_nand2         3  8.1     0    48    1859    (-,-) 
  axi_master_wrapper_data_mem_instance/g7681/z                                (u)     in_1->z R     unmapped_complex2      2  5.8     0    42    1901    (-,-) 
  axi_master_wrapper_data_mem_instance/g7834/z                                (u)     in_0->z F     unmapped_nor2          2  5.4     0    42    1943    (-,-) 
  g5418/z                                                                     (u)     in_0->z F     unmapped_complex2      1  2.7     0    35    1978    (-,-) 
  g5370/z                                                                     (u)     in_1->z R     unmapped_complex2      1  2.9     0    35    2013    (-,-) 
  g5302/z                                                                     (u)     in_0->z R     unmapped_complex2     13 37.7     0    88    2101    (-,-) 
  basic_isa_instance/g5566/z                                                  (u)     in_1->z F     unmapped_complex2      1  2.7     0    35    2136    (-,-) 
  g26727/z                                                                    (u)     in_1->z F     unmapped_and2          7 18.9     0    66    2202    (-,-) 
  g27359/z                                                                    (u)     in_1->z R     unmapped_complex2      2  5.8     0    42    2243    (-,-) 
  g19931/z                                                                    (u)     in_0->z R     unmapped_or2           1  2.9     0    35    2278    (-,-) 
  g19757/z                                                                    (u)     in_1->z F     unmapped_nand2         3 10.8     0    53    2331    (-,-) 
  g19628/z                                                                    (u)     in_1->z F     unmapped_complex2      1  2.7     0    35    2366    (-,-) 
  g19580/z                                                                    (u)     in_1->z R     unmapped_nand2         1  2.9     0    35    2401    (-,-) 
  g19576/z                                                                    (u)     in_1->z R     unmapped_or2           1  2.9     0    35    2436    (-,-) 
  csr_top_instance_csr_register_file_inst_mstatus_csr_inst_mstatus_r_reg[3]/d -       -       R     unmapped_d_flop        1    -     -     0    2436    (-,-) 
#--------------------------------------------------------------------------------------------------------------------------------------------------------------

(u) : Net has unmapped pin(s).



Path 48: VIOLATED (-61 ps) Setup Check with Pin basic_isa_instance/u_id_ex_ex_alu_src_ex_reg/clk->d
          Group: core_clk
     Startpoint: (R) basic_isa_instance/u_ex_mem_inst_mem_o_reg[9]/clk
          Clock: (R) core_clk
       Endpoint: (R) basic_isa_instance/u_id_ex_ex_alu_src_ex_reg/d
          Clock: (R) core_clk

                     Capture       Launch     
        Clock Edge:+    2500            0     
       Src Latency:+       0            0     
       Net Latency:+       0 (I)        0 (I) 
           Arrival:=    2500            0     
                                              
             Setup:-      90                  
     Required Time:=    2410                  
      Launch Clock:-       0                  
         Data Path:-    2471                  
             Slack:=     -61                  

#-----------------------------------------------------------------------------------------------------------------------------------------------------------------------------
#                                       Timing Point                                         Flags    Arc    Edge       Cell         Fanout Load Trans Delay Arrival Instance 
#                                                                                                                                           (fF)  (ps)  (ps)   (ps)  Location 
#-----------------------------------------------------------------------------------------------------------------------------------------------------------------------------
  basic_isa_instance/u_ex_mem_inst_mem_o_reg[9]/clk                                          -       -       R     (arrival)            139    -     0     -       0    (-,-) 
  basic_isa_instance/u_ex_mem_inst_mem_o_reg[9]/q                                            (u)     clk->q  R     unmapped_d_flop        7 20.3     0   326     326    (-,-) 
  basic_isa_instance/g5881/z                                                                 (u)     in_1->z R     unmapped_or2           1  2.9     0    35     362    (-,-) 
  basic_isa_instance/g5736/z                                                                 (u)     in_1->z R     unmapped_or2           1  2.9     0    35     396    (-,-) 
  basic_isa_instance/g5720/z                                                                 (u)     in_1->z R     unmapped_or2           1  2.9     0    35     432    (-,-) 
  basic_isa_instance/g5710/z                                                                 (u)     in_0->z F     unmapped_nand2         2  5.4     0    42     473    (-,-) 
  basic_isa_instance/g5705/z                                                                 (u)     in_0->z F     unmapped_complex2      1  2.7     0    35     508    (-,-) 
  basic_isa_instance/g5699/z                                                                 (u)     in_0->z F     unmapped_or2          34 16.2     0    85     594    (-,-) 
  basic_isa_instance/g5691/z                                                                 (u)     in_0->z R     unmapped_complex2      1  2.9     0    35     628    (-,-) 
  basic_isa_instance/g5923/z                                                                 (u)     in_1->z F     unmapped_nor2         33 16.2     0    85     714    (-,-) 
  basic_isa_instance/g20037/z                                                                (u)     in_1->z F     unmapped_complex2     32 16.2     0    85     799    (-,-) 
  basic_isa_instance/g20193/z                                                                (u)     in_1->z F     unmapped_complex2      1  2.7     0    35     834    (-,-) 
  basic_isa_instance/u_exe_g4888/z                                                           (u)     in_1->z R     unmapped_complex2      2  5.8     0    42     876    (-,-) 
  basic_isa_instance/u_exe_g4868/z                                                           (u)     in_0->z F     unmapped_nand2         1  2.7     0    35     911    (-,-) 
  basic_isa_instance/u_exe_g4755/z                                                           (u)     in_0->z R     unmapped_nand2        12 34.8     0    84     995    (-,-) 
  basic_isa_instance/u_exe_u_alu_top_u_arith_sub_88_27_Y_u_alu_top_u_arith_add_87_27/g2324/z (u)     in_1->z F     unmapped_nand2         1  2.7     0    35    1030    (-,-) 
  basic_isa_instance/u_exe_u_alu_top_u_arith_sub_88_27_Y_u_alu_top_u_arith_add_87_27/g2222/z (u)     in_1->z R     unmapped_nand2         1  2.9     0    35    1065    (-,-) 
  basic_isa_instance/u_exe_u_alu_top_u_arith_sub_88_27_Y_u_alu_top_u_arith_add_87_27/g2146/z (u)     in_1->z R     unmapped_complex2      3  8.7     0    48    1113    (-,-) 
  basic_isa_instance/u_exe_u_alu_top_u_arith_sub_88_27_Y_u_alu_top_u_arith_add_87_27/g552/z  (u)     in_0->z F     unmapped_complex2      1  2.7     0    35    1148    (-,-) 
  basic_isa_instance/u_exe_u_alu_top_u_arith_sub_88_27_Y_u_alu_top_u_arith_add_87_27/g106/z  (u)     in_1->z R     unmapped_nand2         4 11.6     0    53    1201    (-,-) 
  basic_isa_instance/u_exe_u_alu_top_u_arith_sub_88_27_Y_u_alu_top_u_arith_add_87_27/g2071/z (u)     in_0->z F     unmapped_complex2      1  2.7     0    35    1236    (-,-) 
  basic_isa_instance/u_exe_u_alu_top_u_arith_sub_88_27_Y_u_alu_top_u_arith_add_87_27/g2053/z (u)     in_0->z R     unmapped_complex2      6 17.4     0    62    1298    (-,-) 
  basic_isa_instance/u_exe_u_alu_top_u_arith_sub_88_27_Y_u_alu_top_u_arith_add_87_27/g636/z  (u)     in_0->z F     unmapped_complex2      1  2.7     0    35    1333    (-,-) 
  basic_isa_instance/u_exe_u_alu_top_u_arith_sub_88_27_Y_u_alu_top_u_arith_add_87_27/g2018/z (u)     in_0->z R     unmapped_complex2     10 29.0     0    77    1410    (-,-) 
  basic_isa_instance/u_exe_u_alu_top_u_arith_sub_88_27_Y_u_alu_top_u_arith_add_87_27/g1999/z (u)     in_0->z F     unmapped_complex2      1  2.7     0    35    1445    (-,-) 
  basic_isa_instance/u_exe_u_alu_top_u_arith_sub_88_27_Y_u_alu_top_u_arith_add_87_27/g1992/z (u)     in_0->z R     unmapped_complex2     17 14.5     0    79    1523    (-,-) 
  basic_isa_instance/u_exe_u_alu_top_u_arith_sub_88_27_Y_u_alu_top_u_arith_add_87_27/g667/z  (u)     in_0->z F     unmapped_complex2      1  2.7     0    35    1558    (-,-) 
  basic_isa_instance/u_exe_u_alu_top_u_arith_sub_88_27_Y_u_alu_top_u_arith_add_87_27/g1946/z (u)     in_0->z R     unmapped_complex2      2  5.8     0    42    1600    (-,-) 
  basic_isa_instance/u_exe_u_alu_top_u_arith_sub_88_27_Y_u_alu_top_u_arith_add_87_27/g1933/z (u)     in_0->z R     unmapped_or2           1  2.9     0    35    1635    (-,-) 
  basic_isa_instance/u_exe_u_alu_top_u_arith_sub_88_27_Y_u_alu_top_u_arith_add_87_27/g1934/z (u)     in_1->z F     unmapped_nand2         2  5.4     0    42    1677    (-,-) 
  basic_isa_instance/u_exe_g15831/z                                                          (u)     in_1->z F     unmapped_or2           1  2.7     0    35    1712    (-,-) 
  basic_isa_instance/u_exe_g15658/z                                                          (u)     in_1->z F     unmapped_or2           1  2.7     0    35    1747    (-,-) 
  basic_isa_instance/u_exe_g15303/z                                                          (u)     in_0->z R     unmapped_nand2         1  2.9     0    35    1782    (-,-) 
  basic_isa_instance/u_exe_g14001/z                                                          (u)     in_1->z F     unmapped_complex2      1  2.7     0    35    1817    (-,-) 
  basic_isa_instance/u_exe_g13990/z                                                          (u)     in_1->z F     unmapped_or2           1  2.7     0    35    1852    (-,-) 
  basic_isa_instance/u_exe_g15914/z                                                          (u)     in_1->z R     unmapped_nor2          2  5.8     0    42    1894    (-,-) 
  basic_isa_instance/g7610/z                                                                 (u)     in_1->z R     unmapped_or2           1  2.9     0    35    1929    (-,-) 
  basic_isa_instance/g7459/z                                                                 (u)     in_1->z F     unmapped_complex2      1  2.7     0    35    1964    (-,-) 
  basic_isa_instance/g7372/z                                                                 (u)     in_0->z F     unmapped_complex2      1  2.7     0    35    1999    (-,-) 
  basic_isa_instance/g7158/z                                                                 (u)     in_1->z F     unmapped_or2          40 18.9     0    91    2090    (-,-) 
  basic_isa_instance/g12324/z                                                                (u)     in_1->z F     unmapped_or2          10 27.0     0    77    2167    (-,-) 
  basic_isa_instance/g16369/z                                                                (u)     in_1->z F     unmapped_or2           1  2.7     0    35    2202    (-,-) 
  basic_isa_instance/g16366/z                                                                (u)     in_0->z R     unmapped_complex2    151 17.4     0   109    2311    (-,-) 
  basic_isa_instance/g16157/z                                                                (u)     in_0->z F     unmapped_nand2         2  5.4     0    42    2353    (-,-) 
  basic_isa_instance/g16005/z                                                                (u)     in_1->z F     unmapped_or2           2  5.4     0    42    2394    (-,-) 
  basic_isa_instance/g15965/z                                                                (u)     in_0->z R     unmapped_nand2         2  5.8     0    42    2436    (-,-) 
  basic_isa_instance/g19450/z                                                                (u)     in_0->z R     unmapped_complex2      1  2.9     0    35    2471    (-,-) 
  basic_isa_instance/u_id_ex_ex_alu_src_ex_reg/d                                             -       -       R     unmapped_d_flop        1    -     -     0    2471    (-,-) 
#-----------------------------------------------------------------------------------------------------------------------------------------------------------------------------

(u) : Net has unmapped pin(s).



Path 49: VIOLATED (-61 ps) Setup Check with Pin basic_isa_instance/u_id_ex_csr_addr_ex_o_reg[11]/clk->d
          Group: core_clk
     Startpoint: (R) basic_isa_instance/u_ex_mem_inst_mem_o_reg[9]/clk
          Clock: (R) core_clk
       Endpoint: (R) basic_isa_instance/u_id_ex_csr_addr_ex_o_reg[11]/d
          Clock: (R) core_clk

                     Capture       Launch     
        Clock Edge:+    2500            0     
       Src Latency:+       0            0     
       Net Latency:+       0 (I)        0 (I) 
           Arrival:=    2500            0     
                                              
             Setup:-      90                  
     Required Time:=    2410                  
      Launch Clock:-       0                  
         Data Path:-    2471                  
             Slack:=     -61                  

#-----------------------------------------------------------------------------------------------------------------------------------------------------------------------------
#                                       Timing Point                                         Flags    Arc    Edge       Cell         Fanout Load Trans Delay Arrival Instance 
#                                                                                                                                           (fF)  (ps)  (ps)   (ps)  Location 
#-----------------------------------------------------------------------------------------------------------------------------------------------------------------------------
  basic_isa_instance/u_ex_mem_inst_mem_o_reg[9]/clk                                          -       -       R     (arrival)            139    -     0     -       0    (-,-) 
  basic_isa_instance/u_ex_mem_inst_mem_o_reg[9]/q                                            (u)     clk->q  R     unmapped_d_flop        7 20.3     0   326     326    (-,-) 
  basic_isa_instance/g5881/z                                                                 (u)     in_1->z R     unmapped_or2           1  2.9     0    35     362    (-,-) 
  basic_isa_instance/g5736/z                                                                 (u)     in_1->z R     unmapped_or2           1  2.9     0    35     396    (-,-) 
  basic_isa_instance/g5720/z                                                                 (u)     in_1->z R     unmapped_or2           1  2.9     0    35     432    (-,-) 
  basic_isa_instance/g5710/z                                                                 (u)     in_0->z F     unmapped_nand2         2  5.4     0    42     473    (-,-) 
  basic_isa_instance/g5705/z                                                                 (u)     in_0->z F     unmapped_complex2      1  2.7     0    35     508    (-,-) 
  basic_isa_instance/g5699/z                                                                 (u)     in_0->z F     unmapped_or2          34 16.2     0    85     594    (-,-) 
  basic_isa_instance/g5691/z                                                                 (u)     in_0->z R     unmapped_complex2      1  2.9     0    35     628    (-,-) 
  basic_isa_instance/g5923/z                                                                 (u)     in_1->z F     unmapped_nor2         33 16.2     0    85     714    (-,-) 
  basic_isa_instance/g20037/z                                                                (u)     in_1->z F     unmapped_complex2     32 16.2     0    85     799    (-,-) 
  basic_isa_instance/g20193/z                                                                (u)     in_1->z F     unmapped_complex2      1  2.7     0    35     834    (-,-) 
  basic_isa_instance/u_exe_g4888/z                                                           (u)     in_1->z R     unmapped_complex2      2  5.8     0    42     876    (-,-) 
  basic_isa_instance/u_exe_g4868/z                                                           (u)     in_0->z F     unmapped_nand2         1  2.7     0    35     911    (-,-) 
  basic_isa_instance/u_exe_g4755/z                                                           (u)     in_0->z R     unmapped_nand2        12 34.8     0    84     995    (-,-) 
  basic_isa_instance/u_exe_u_alu_top_u_arith_sub_88_27_Y_u_alu_top_u_arith_add_87_27/g2324/z (u)     in_1->z F     unmapped_nand2         1  2.7     0    35    1030    (-,-) 
  basic_isa_instance/u_exe_u_alu_top_u_arith_sub_88_27_Y_u_alu_top_u_arith_add_87_27/g2222/z (u)     in_1->z R     unmapped_nand2         1  2.9     0    35    1065    (-,-) 
  basic_isa_instance/u_exe_u_alu_top_u_arith_sub_88_27_Y_u_alu_top_u_arith_add_87_27/g2146/z (u)     in_1->z R     unmapped_complex2      3  8.7     0    48    1113    (-,-) 
  basic_isa_instance/u_exe_u_alu_top_u_arith_sub_88_27_Y_u_alu_top_u_arith_add_87_27/g552/z  (u)     in_0->z F     unmapped_complex2      1  2.7     0    35    1148    (-,-) 
  basic_isa_instance/u_exe_u_alu_top_u_arith_sub_88_27_Y_u_alu_top_u_arith_add_87_27/g106/z  (u)     in_1->z R     unmapped_nand2         4 11.6     0    53    1201    (-,-) 
  basic_isa_instance/u_exe_u_alu_top_u_arith_sub_88_27_Y_u_alu_top_u_arith_add_87_27/g2071/z (u)     in_0->z F     unmapped_complex2      1  2.7     0    35    1236    (-,-) 
  basic_isa_instance/u_exe_u_alu_top_u_arith_sub_88_27_Y_u_alu_top_u_arith_add_87_27/g2053/z (u)     in_0->z R     unmapped_complex2      6 17.4     0    62    1298    (-,-) 
  basic_isa_instance/u_exe_u_alu_top_u_arith_sub_88_27_Y_u_alu_top_u_arith_add_87_27/g636/z  (u)     in_0->z F     unmapped_complex2      1  2.7     0    35    1333    (-,-) 
  basic_isa_instance/u_exe_u_alu_top_u_arith_sub_88_27_Y_u_alu_top_u_arith_add_87_27/g2018/z (u)     in_0->z R     unmapped_complex2     10 29.0     0    77    1410    (-,-) 
  basic_isa_instance/u_exe_u_alu_top_u_arith_sub_88_27_Y_u_alu_top_u_arith_add_87_27/g1999/z (u)     in_0->z F     unmapped_complex2      1  2.7     0    35    1445    (-,-) 
  basic_isa_instance/u_exe_u_alu_top_u_arith_sub_88_27_Y_u_alu_top_u_arith_add_87_27/g1992/z (u)     in_0->z R     unmapped_complex2     17 14.5     0    79    1523    (-,-) 
  basic_isa_instance/u_exe_u_alu_top_u_arith_sub_88_27_Y_u_alu_top_u_arith_add_87_27/g667/z  (u)     in_0->z F     unmapped_complex2      1  2.7     0    35    1558    (-,-) 
  basic_isa_instance/u_exe_u_alu_top_u_arith_sub_88_27_Y_u_alu_top_u_arith_add_87_27/g1946/z (u)     in_0->z R     unmapped_complex2      2  5.8     0    42    1600    (-,-) 
  basic_isa_instance/u_exe_u_alu_top_u_arith_sub_88_27_Y_u_alu_top_u_arith_add_87_27/g1933/z (u)     in_0->z R     unmapped_or2           1  2.9     0    35    1635    (-,-) 
  basic_isa_instance/u_exe_u_alu_top_u_arith_sub_88_27_Y_u_alu_top_u_arith_add_87_27/g1934/z (u)     in_1->z F     unmapped_nand2         2  5.4     0    42    1677    (-,-) 
  basic_isa_instance/u_exe_g15831/z                                                          (u)     in_1->z F     unmapped_or2           1  2.7     0    35    1712    (-,-) 
  basic_isa_instance/u_exe_g15658/z                                                          (u)     in_1->z F     unmapped_or2           1  2.7     0    35    1747    (-,-) 
  basic_isa_instance/u_exe_g15303/z                                                          (u)     in_0->z R     unmapped_nand2         1  2.9     0    35    1782    (-,-) 
  basic_isa_instance/u_exe_g14001/z                                                          (u)     in_1->z F     unmapped_complex2      1  2.7     0    35    1817    (-,-) 
  basic_isa_instance/u_exe_g13990/z                                                          (u)     in_1->z F     unmapped_or2           1  2.7     0    35    1852    (-,-) 
  basic_isa_instance/u_exe_g15914/z                                                          (u)     in_1->z R     unmapped_nor2          2  5.8     0    42    1894    (-,-) 
  basic_isa_instance/g7610/z                                                                 (u)     in_1->z R     unmapped_or2           1  2.9     0    35    1929    (-,-) 
  basic_isa_instance/g7459/z                                                                 (u)     in_1->z F     unmapped_complex2      1  2.7     0    35    1964    (-,-) 
  basic_isa_instance/g7372/z                                                                 (u)     in_0->z F     unmapped_complex2      1  2.7     0    35    1999    (-,-) 
  basic_isa_instance/g7158/z                                                                 (u)     in_1->z F     unmapped_or2          40 18.9     0    91    2090    (-,-) 
  basic_isa_instance/g12324/z                                                                (u)     in_1->z F     unmapped_or2          10 27.0     0    77    2167    (-,-) 
  basic_isa_instance/g16369/z                                                                (u)     in_1->z F     unmapped_or2           1  2.7     0    35    2202    (-,-) 
  basic_isa_instance/g16366/z                                                                (u)     in_0->z R     unmapped_complex2    151 17.4     0   109    2311    (-,-) 
  basic_isa_instance/g20072/z                                                                (u)     in_0->z F     unmapped_complex2      4 10.8     0    53    2364    (-,-) 
  basic_isa_instance/g16053/z                                                                (u)     in_1->z F     unmapped_or2          14 10.8     0    72    2436    (-,-) 
  basic_isa_instance/g19446/z                                                                (u)     in_0->z R     unmapped_complex2      1  2.9     0    35    2471    (-,-) 
  basic_isa_instance/u_id_ex_csr_addr_ex_o_reg[11]/d                                         -       -       R     unmapped_d_flop        1    -     -     0    2471    (-,-) 
#-----------------------------------------------------------------------------------------------------------------------------------------------------------------------------

(u) : Net has unmapped pin(s).



Path 50: VIOLATED (-61 ps) Setup Check with Pin basic_isa_instance/u_id_ex_csr_addr_ex_o_reg[10]/clk->d
          Group: core_clk
     Startpoint: (R) basic_isa_instance/u_ex_mem_inst_mem_o_reg[9]/clk
          Clock: (R) core_clk
       Endpoint: (R) basic_isa_instance/u_id_ex_csr_addr_ex_o_reg[10]/d
          Clock: (R) core_clk

                     Capture       Launch     
        Clock Edge:+    2500            0     
       Src Latency:+       0            0     
       Net Latency:+       0 (I)        0 (I) 
           Arrival:=    2500            0     
                                              
             Setup:-      90                  
     Required Time:=    2410                  
      Launch Clock:-       0                  
         Data Path:-    2471                  
             Slack:=     -61                  

#-----------------------------------------------------------------------------------------------------------------------------------------------------------------------------
#                                       Timing Point                                         Flags    Arc    Edge       Cell         Fanout Load Trans Delay Arrival Instance 
#                                                                                                                                           (fF)  (ps)  (ps)   (ps)  Location 
#-----------------------------------------------------------------------------------------------------------------------------------------------------------------------------
  basic_isa_instance/u_ex_mem_inst_mem_o_reg[9]/clk                                          -       -       R     (arrival)            139    -     0     -       0    (-,-) 
  basic_isa_instance/u_ex_mem_inst_mem_o_reg[9]/q                                            (u)     clk->q  R     unmapped_d_flop        7 20.3     0   326     326    (-,-) 
  basic_isa_instance/g5881/z                                                                 (u)     in_1->z R     unmapped_or2           1  2.9     0    35     362    (-,-) 
  basic_isa_instance/g5736/z                                                                 (u)     in_1->z R     unmapped_or2           1  2.9     0    35     396    (-,-) 
  basic_isa_instance/g5720/z                                                                 (u)     in_1->z R     unmapped_or2           1  2.9     0    35     432    (-,-) 
  basic_isa_instance/g5710/z                                                                 (u)     in_0->z F     unmapped_nand2         2  5.4     0    42     473    (-,-) 
  basic_isa_instance/g5705/z                                                                 (u)     in_0->z F     unmapped_complex2      1  2.7     0    35     508    (-,-) 
  basic_isa_instance/g5699/z                                                                 (u)     in_0->z F     unmapped_or2          34 16.2     0    85     594    (-,-) 
  basic_isa_instance/g5691/z                                                                 (u)     in_0->z R     unmapped_complex2      1  2.9     0    35     628    (-,-) 
  basic_isa_instance/g5923/z                                                                 (u)     in_1->z F     unmapped_nor2         33 16.2     0    85     714    (-,-) 
  basic_isa_instance/g20037/z                                                                (u)     in_1->z F     unmapped_complex2     32 16.2     0    85     799    (-,-) 
  basic_isa_instance/g20193/z                                                                (u)     in_1->z F     unmapped_complex2      1  2.7     0    35     834    (-,-) 
  basic_isa_instance/u_exe_g4888/z                                                           (u)     in_1->z R     unmapped_complex2      2  5.8     0    42     876    (-,-) 
  basic_isa_instance/u_exe_g4868/z                                                           (u)     in_0->z F     unmapped_nand2         1  2.7     0    35     911    (-,-) 
  basic_isa_instance/u_exe_g4755/z                                                           (u)     in_0->z R     unmapped_nand2        12 34.8     0    84     995    (-,-) 
  basic_isa_instance/u_exe_u_alu_top_u_arith_sub_88_27_Y_u_alu_top_u_arith_add_87_27/g2324/z (u)     in_1->z F     unmapped_nand2         1  2.7     0    35    1030    (-,-) 
  basic_isa_instance/u_exe_u_alu_top_u_arith_sub_88_27_Y_u_alu_top_u_arith_add_87_27/g2222/z (u)     in_1->z R     unmapped_nand2         1  2.9     0    35    1065    (-,-) 
  basic_isa_instance/u_exe_u_alu_top_u_arith_sub_88_27_Y_u_alu_top_u_arith_add_87_27/g2146/z (u)     in_1->z R     unmapped_complex2      3  8.7     0    48    1113    (-,-) 
  basic_isa_instance/u_exe_u_alu_top_u_arith_sub_88_27_Y_u_alu_top_u_arith_add_87_27/g552/z  (u)     in_0->z F     unmapped_complex2      1  2.7     0    35    1148    (-,-) 
  basic_isa_instance/u_exe_u_alu_top_u_arith_sub_88_27_Y_u_alu_top_u_arith_add_87_27/g106/z  (u)     in_1->z R     unmapped_nand2         4 11.6     0    53    1201    (-,-) 
  basic_isa_instance/u_exe_u_alu_top_u_arith_sub_88_27_Y_u_alu_top_u_arith_add_87_27/g2071/z (u)     in_0->z F     unmapped_complex2      1  2.7     0    35    1236    (-,-) 
  basic_isa_instance/u_exe_u_alu_top_u_arith_sub_88_27_Y_u_alu_top_u_arith_add_87_27/g2053/z (u)     in_0->z R     unmapped_complex2      6 17.4     0    62    1298    (-,-) 
  basic_isa_instance/u_exe_u_alu_top_u_arith_sub_88_27_Y_u_alu_top_u_arith_add_87_27/g636/z  (u)     in_0->z F     unmapped_complex2      1  2.7     0    35    1333    (-,-) 
  basic_isa_instance/u_exe_u_alu_top_u_arith_sub_88_27_Y_u_alu_top_u_arith_add_87_27/g2018/z (u)     in_0->z R     unmapped_complex2     10 29.0     0    77    1410    (-,-) 
  basic_isa_instance/u_exe_u_alu_top_u_arith_sub_88_27_Y_u_alu_top_u_arith_add_87_27/g1999/z (u)     in_0->z F     unmapped_complex2      1  2.7     0    35    1445    (-,-) 
  basic_isa_instance/u_exe_u_alu_top_u_arith_sub_88_27_Y_u_alu_top_u_arith_add_87_27/g1992/z (u)     in_0->z R     unmapped_complex2     17 14.5     0    79    1523    (-,-) 
  basic_isa_instance/u_exe_u_alu_top_u_arith_sub_88_27_Y_u_alu_top_u_arith_add_87_27/g667/z  (u)     in_0->z F     unmapped_complex2      1  2.7     0    35    1558    (-,-) 
  basic_isa_instance/u_exe_u_alu_top_u_arith_sub_88_27_Y_u_alu_top_u_arith_add_87_27/g1946/z (u)     in_0->z R     unmapped_complex2      2  5.8     0    42    1600    (-,-) 
  basic_isa_instance/u_exe_u_alu_top_u_arith_sub_88_27_Y_u_alu_top_u_arith_add_87_27/g1933/z (u)     in_0->z R     unmapped_or2           1  2.9     0    35    1635    (-,-) 
  basic_isa_instance/u_exe_u_alu_top_u_arith_sub_88_27_Y_u_alu_top_u_arith_add_87_27/g1934/z (u)     in_1->z F     unmapped_nand2         2  5.4     0    42    1677    (-,-) 
  basic_isa_instance/u_exe_g15831/z                                                          (u)     in_1->z F     unmapped_or2           1  2.7     0    35    1712    (-,-) 
  basic_isa_instance/u_exe_g15658/z                                                          (u)     in_1->z F     unmapped_or2           1  2.7     0    35    1747    (-,-) 
  basic_isa_instance/u_exe_g15303/z                                                          (u)     in_0->z R     unmapped_nand2         1  2.9     0    35    1782    (-,-) 
  basic_isa_instance/u_exe_g14001/z                                                          (u)     in_1->z F     unmapped_complex2      1  2.7     0    35    1817    (-,-) 
  basic_isa_instance/u_exe_g13990/z                                                          (u)     in_1->z F     unmapped_or2           1  2.7     0    35    1852    (-,-) 
  basic_isa_instance/u_exe_g15914/z                                                          (u)     in_1->z R     unmapped_nor2          2  5.8     0    42    1894    (-,-) 
  basic_isa_instance/g7610/z                                                                 (u)     in_1->z R     unmapped_or2           1  2.9     0    35    1929    (-,-) 
  basic_isa_instance/g7459/z                                                                 (u)     in_1->z F     unmapped_complex2      1  2.7     0    35    1964    (-,-) 
  basic_isa_instance/g7372/z                                                                 (u)     in_0->z F     unmapped_complex2      1  2.7     0    35    1999    (-,-) 
  basic_isa_instance/g7158/z                                                                 (u)     in_1->z F     unmapped_or2          40 18.9     0    91    2090    (-,-) 
  basic_isa_instance/g12324/z                                                                (u)     in_1->z F     unmapped_or2          10 27.0     0    77    2167    (-,-) 
  basic_isa_instance/g16369/z                                                                (u)     in_1->z F     unmapped_or2           1  2.7     0    35    2202    (-,-) 
  basic_isa_instance/g16366/z                                                                (u)     in_0->z R     unmapped_complex2    151 17.4     0   109    2311    (-,-) 
  basic_isa_instance/g20072/z                                                                (u)     in_0->z F     unmapped_complex2      4 10.8     0    53    2364    (-,-) 
  basic_isa_instance/g16053/z                                                                (u)     in_1->z F     unmapped_or2          14 10.8     0    72    2436    (-,-) 
  basic_isa_instance/g19447/z                                                                (u)     in_0->z R     unmapped_complex2      1  2.9     0    35    2471    (-,-) 
  basic_isa_instance/u_id_ex_csr_addr_ex_o_reg[10]/d                                         -       -       R     unmapped_d_flop        1    -     -     0    2471    (-,-) 
#-----------------------------------------------------------------------------------------------------------------------------------------------------------------------------

(u) : Net has unmapped pin(s).

