============================================================
  Generated by:           Genus(TM) Synthesis Solution 17.22-s017_1
  Generated on:           Mar 01 2023  09:38:01 pm
  Module:                 pinaka
  Operating conditions:   WCCOM (balanced_tree)
  Wireload mode:          segmented
  Area mode:              timing library
============================================================


Path 1: VIOLATED (-9995553 ps) Clock Gating Setup Check at pin clk_rst_bypass_top_instance/g1710/A2
          Group: core_clk
     Startpoint: (F) clk_rst_bypass_top_instance/mem_rc_clk_mux_i_scan_mode_test_clk_0_clksel_latch_reg/EN
          Clock: (F) rc_clk
       Endpoint: (R) clk_rst_bypass_top_instance/g1710/A2
          Clock: (R) core_clk

                      Capture         Launch     
        Clock Edge:+  10002500      10000000     
       Src Latency:+         0             0     
       Net Latency:+         0 (I)         0 (I) 
           Arrival:=  10002500      10000000     
                                                 
      Output Delay:-         0                   
     Required Time:=  10002500                   
      Launch Clock:-  10000000                   
         Data Path:-   9998053                   
             Slack:=  -9995553                   

Exceptions/Constraints:
  output_delay              0              clk_gating_check_203 

#-------------------------------------------------------------------------------------------------------------------------------------------------------------------
#                                     Timing Point                                      Flags    Arc   Edge   Cell     Fanout Load Trans  Delay   Arrival  Instance 
#                                                                                                                             (fF)  (ps)   (ps)     (ps)   Location 
#-------------------------------------------------------------------------------------------------------------------------------------------------------------------
  clk_rst_bypass_top_instance/mem_rc_clk_mux_i_scan_mode_test_clk_0_clksel_latch_reg/EN -       -      F     (arrival)      -    -     -       -   9999500    (-,-) 
  clk_rst_bypass_top_instance/mem_rc_clk_mux_i_scan_mode_test_clk_0_clksel_latch_reg/Q  -       -      R     LNQD2          1  1.6    52 9998490  19997990    (-,-) 
  clk_rst_bypass_top_instance/g17/ZN                                                    -       A1->ZN F     CKND2D2        1  1.7    35      39  19998028    (-,-) 
  clk_rst_bypass_top_instance/g3002/ZN                                                  -       I->ZN  R     CKND2          1  0.9    19      24  19998053    (-,-) 
  clk_rst_bypass_top_instance/g1710/A2                                                  (b)     -      R     CKAN2D2        -    -     -       0  19998053    (-,-) 
#-------------------------------------------------------------------------------------------------------------------------------------------------------------------

(b) : Timing paths are broken.



Path 2: VIOLATED (-9990579 ps) Clock Gating Setup Check at pin clk_rst_bypass_top_instance/g1828/A2
          Group: ctrl_bypass_debug_clk
     Startpoint: (F) clk_rst_bypass_top_instance/debug_rc_clk_mux_i_scan_mode_test_clk_0_clksel_latch_reg/EN
          Clock: (F) rc_clk
       Endpoint: (R) clk_rst_bypass_top_instance/g1828/A2
          Clock: (R) ctrl_bypass_debug_clk

                      Capture         Launch     
        Clock Edge:+  10005000      10000000     
       Src Latency:+         0             0     
       Net Latency:+         0 (I)         0 (I) 
           Arrival:=  10005000      10000000     
                                                 
      Output Delay:-         0                   
     Required Time:=  10005000                   
      Launch Clock:-  10000000                   
         Data Path:-   9995579                   
             Slack:=  -9990579                   

Exceptions/Constraints:
  output_delay              0              clk_gating_check_200 

#---------------------------------------------------------------------------------------------------------------------------------------------------------------------
#                                      Timing Point                                       Flags    Arc   Edge   Cell     Fanout Load Trans  Delay   Arrival  Instance 
#                                                                                                                               (fF)  (ps)   (ps)     (ps)   Location 
#---------------------------------------------------------------------------------------------------------------------------------------------------------------------
  clk_rst_bypass_top_instance/debug_rc_clk_mux_i_scan_mode_test_clk_0_clksel_latch_reg/EN -       -      F     (arrival)      -    -     -       -   9999500    (-,-) 
  clk_rst_bypass_top_instance/debug_rc_clk_mux_i_scan_mode_test_clk_0_clksel_latch_reg/Q  -       -      R     LNQD2          1  1.6    52 9996016  19995516    (-,-) 
  clk_rst_bypass_top_instance/g13/ZN                                                      -       A1->ZN F     CKND2D2        1  1.7    35      39  19995555    (-,-) 
  clk_rst_bypass_top_instance/g3004/ZN                                                    -       I->ZN  R     CKND2          1  0.9    19      24  19995579    (-,-) 
  clk_rst_bypass_top_instance/g1828/A2                                                    (b)     -      R     CKAN2D2        -    -     -       0  19995579    (-,-) 
#---------------------------------------------------------------------------------------------------------------------------------------------------------------------

(b) : Timing paths are broken.



Path 3: VIOLATED (-1159 ps) Setup Check with Pin basic_isa_instance/u_if_u_pc_reg_core_to_int_reg[31]/CP->D
          Group: core_clk
     Startpoint: (R) basic_isa_instance/u_mem_wb_rd_wb_reg[3]/CP
          Clock: (R) core_clk
       Endpoint: (R) basic_isa_instance/u_if_u_pc_reg_core_to_int_reg[31]/D
          Clock: (R) core_clk

                     Capture       Launch     
        Clock Edge:+    2500            0     
       Src Latency:+       0            0     
       Net Latency:+       0 (I)        0 (I) 
           Arrival:=    2500            0     
                                              
             Setup:-      77                  
     Required Time:=    2423                  
      Launch Clock:-       0                  
         Data Path:-    3582                  
             Slack:=   -1159                  

#----------------------------------------------------------------------------------------------------------------------------------------------------
#                               Timing Point                                 Flags    Arc   Edge   Cell     Fanout Load Trans Delay Arrival Instance 
#                                                                                                                  (fF)  (ps)  (ps)   (ps)  Location 
#----------------------------------------------------------------------------------------------------------------------------------------------------
  basic_isa_instance/u_mem_wb_rd_wb_reg[3]/CP                                -       -      R     (arrival)    452    -     0     -       0    (-,-) 
  basic_isa_instance/u_mem_wb_rd_wb_reg[3]/Q                                 -       CP->Q  R     DFCNQD4        2  7.1    64   286     286    (-,-) 
  basic_isa_instance/fopt86014/ZN                                            -       I->ZN  F     INVD4          5  9.1    36    42     328    (-,-) 
  basic_isa_instance/fopt86017/ZN                                            -       I->ZN  R     CKND2          1  1.7    24    29     356    (-,-) 
  basic_isa_instance/g86016/ZN                                               -       A1->ZN F     OAI22D2        1  2.1    55    44     400    (-,-) 
  basic_isa_instance/g86015/ZN                                               -       A2->ZN R     NR2D2          1  2.3    60    66     466    (-,-) 
  basic_isa_instance/g78591/ZN                                               -       A2->ZN F     ND2D2          1  3.9    54    59     525    (-,-) 
  basic_isa_instance/g78590/ZN                                               -       A1->ZN R     NR2XD3         3  9.3    64    60     585    (-,-) 
  basic_isa_instance/g78589/ZN                                               -       I->ZN  F     INVD3          2  4.4    31    37     622    (-,-) 
  basic_isa_instance/g143/ZN                                                 -       A1->ZN R     NR2XD2        15 18.5   136    96     719    (-,-) 
  basic_isa_instance/g81599/ZN                                               -       A1->ZN R     IOA21D2        2  2.6    47   134     853    (-,-) 
  basic_isa_instance/g72977/ZN                                               -       A1->ZN F     ND2D2          1  3.3    49    48     900    (-,-) 
  basic_isa_instance/g72963/ZN                                               -       B1->ZN R     IND2D4        12 14.9    69    61     961    (-,-) 
  basic_isa_instance/g72968/ZN                                               -       A1->ZN F     CKND2D2        1  1.6    39    42    1003    (-,-) 
  basic_isa_instance/g72965/ZN                                               -       A1->ZN R     ND2D2          2  3.5    44    40    1044    (-,-) 
  basic_isa_instance/g82658/ZN                                               -       A1->ZN F     ND2D2          4  5.2    63    56    1100    (-,-) 
  basic_isa_instance/g82662/ZN                                               -       A1->ZN R     OAI22D2        3  4.4   123    84    1184    (-,-) 
  basic_isa_instance/g82661/ZN                                               -       A1->ZN F     ND2D2          1  1.9    54    57    1241    (-,-) 
  basic_isa_instance/g75480/ZN                                               -       A2->ZN R     ND3D2          1  1.9    42    47    1288    (-,-) 
  basic_isa_instance/u_branch_add_95_52_Y_u_branch_add_94_43_cdnadd_80081/CO -       CI->CO R     FA1D2          3  3.8    62   106    1394    (-,-) 
  basic_isa_instance/g75445/ZN                                               -       A1->ZN F     ND2D2          1  1.4    37    41    1435    (-,-) 
  basic_isa_instance/g75444/ZN                                               -       A1->ZN R     CKND2D2        2  3.4    53    46    1481    (-,-) 
  basic_isa_instance/g398/ZN                                                 -       A1->ZN F     CKND2D2        1  1.6    34    38    1519    (-,-) 
  basic_isa_instance/g395/ZN                                                 -       A1->ZN R     ND2D2          1  1.9    37    32    1551    (-,-) 
  basic_isa_instance/u_branch_add_95_52_Y_u_branch_add_94_43_cdnadd_8/CO     -       CI->CO R     FA1D2          1  1.9    51    95    1646    (-,-) 
  basic_isa_instance/u_branch_add_95_52_Y_u_branch_add_94_43_cdnadd_84991/CO -       CI->CO R     FA1D2          1  1.9    51   100    1746    (-,-) 
  basic_isa_instance/u_branch_add_95_52_Y_u_branch_add_94_43_cdnadd_10/CO    -       CI->CO R     FA1D2          1  1.9    51   100    1846    (-,-) 
  basic_isa_instance/u_branch_add_95_52_Y_u_branch_add_94_43_cdnadd_11/CO    -       CI->CO R     FA1D2          1  1.9    51   100    1945    (-,-) 
  basic_isa_instance/u_branch_add_95_52_Y_u_branch_add_94_43_cdnadd_12/CO    -       CI->CO R     FA1D2          3  3.6    61   108    2053    (-,-) 
  basic_isa_instance/g86044/ZN                                               -       A1->ZN F     AOI21D2        1  2.9    55    56    2109    (-,-) 
  basic_isa_instance/g86043/ZN                                               -       I->ZN  R     INVD3          3  3.6    34    40    2149    (-,-) 
  basic_isa_instance/g137/ZN                                                 -       A1->ZN F     ND2D2          1  2.3    39    38    2187    (-,-) 
  basic_isa_instance/g135/ZN                                                 -       A1->ZN R     CKND2D3        3  3.6    46    42    2230    (-,-) 
  basic_isa_instance/g83120/ZN                                               -       A1->ZN F     ND2D2          1  1.4    33    37    2266    (-,-) 
  basic_isa_instance/g113/ZN                                                 -       A1->ZN R     CKND2D2        1  1.9    40    36    2303    (-,-) 
  basic_isa_instance/u_branch_add_95_52_Y_u_branch_add_94_43_cdnadd_79059/CO -       CI->CO R     FA1D2          3  4.9    68   110    2412    (-,-) 
  basic_isa_instance/g86072/ZN                                               -       A1->ZN F     AOI21D4        2  3.3    46    50    2462    (-,-) 
  basic_isa_instance/g86074/ZN                                               -       A1->ZN R     OAI21D2        2  3.2    83    72    2535    (-,-) 
  basic_isa_instance/g86077/ZN                                               -       A1->ZN F     CKND2D2        1  1.4    40    44    2579    (-,-) 
  basic_isa_instance/g83153/ZN                                               -       A1->ZN R     CKND2D2        3  3.9    57    49    2628    (-,-) 
  basic_isa_instance/g75492/ZN                                               -       B2->ZN F     IND3D2         1  1.4    61    58    2686    (-,-) 
  basic_isa_instance/g75491/ZN                                               -       A1->ZN R     CKND2D2        4  5.5    68    66    2752    (-,-) 
  basic_isa_instance/g75461/ZN                                               -       B2->ZN F     IND3D2         1  1.4    63    61    2812    (-,-) 
  basic_isa_instance/g75460/ZN                                               -       A1->ZN R     CKND2D2        5  6.3    75    70    2883    (-,-) 
  basic_isa_instance/g400/ZN                                                 -       A1->ZN F     ND2D2          1  3.1    52    54    2937    (-,-) 
  basic_isa_instance/g393/ZN                                                 -       A1->ZN R     CKND2D4        4  7.1    54    52    2990    (-,-) 
  basic_isa_instance/g642/ZN                                                 -       A1->ZN F     ND2D2          1  1.4    35    39    3029    (-,-) 
  basic_isa_instance/g641/ZN                                                 -       A1->ZN R     CKND2D2        4  4.6    61    51    3080    (-,-) 
  basic_isa_instance/g306/ZN                                                 -       A1->ZN F     ND2D2          2  3.1    49    50    3130    (-,-) 
  basic_isa_instance/g303/ZN                                                 -       A1->ZN R     CKND2D2        1  1.8    42    42    3172    (-,-) 
  basic_isa_instance/g302/ZN                                                 -       A1->ZN F     ND2D2          1  1.4    33    36    3208    (-,-) 
  basic_isa_instance/g298/ZN                                                 -       A1->ZN R     CKND2D2        2  4.4    61    49    3257    (-,-) 
  basic_isa_instance/g245/ZN                                                 -       I->ZN  F     CKND3          3  5.4    36    42    3299    (-,-) 
  basic_isa_instance/g76236/ZN                                               -       A1->ZN R     NR2D2          1  1.1    43    43    3342    (-,-) 
  basic_isa_instance/g87321/ZN                                               -       A1->ZN R     IND2D2         2  1.9    36    68    3410    (-,-) 
  basic_isa_instance/g87262/Z                                                -       A1->Z  R     AO21D2         2  3.4    48   100    3510    (-,-) 
  basic_isa_instance/g26244/ZN                                               -       A1->ZN F     CKND2D2        1  1.7    53    38    3548    (-,-) 
  basic_isa_instance/g42518/ZN                                               -       B->ZN  R     IOA21D2        1  0.9    39    34    3582    (-,-) 
  basic_isa_instance/u_if_u_pc_reg_core_to_int_reg[31]/D                     -       -      R     DFCNQD2        1    -     -     0    3582    (-,-) 
#----------------------------------------------------------------------------------------------------------------------------------------------------



Path 4: VIOLATED (-1151 ps) Setup Check with Pin basic_isa_instance/u_if_u_pc_reg_core_to_int_reg[30]/CP->D
          Group: core_clk
     Startpoint: (R) basic_isa_instance/u_mem_wb_rd_wb_reg[3]/CP
          Clock: (R) core_clk
       Endpoint: (R) basic_isa_instance/u_if_u_pc_reg_core_to_int_reg[30]/D
          Clock: (R) core_clk

                     Capture       Launch     
        Clock Edge:+    2500            0     
       Src Latency:+       0            0     
       Net Latency:+       0 (I)        0 (I) 
           Arrival:=    2500            0     
                                              
             Setup:-      79                  
     Required Time:=    2421                  
      Launch Clock:-       0                  
         Data Path:-    3572                  
             Slack:=   -1151                  

#----------------------------------------------------------------------------------------------------------------------------------------------------
#                               Timing Point                                 Flags    Arc   Edge   Cell     Fanout Load Trans Delay Arrival Instance 
#                                                                                                                  (fF)  (ps)  (ps)   (ps)  Location 
#----------------------------------------------------------------------------------------------------------------------------------------------------
  basic_isa_instance/u_mem_wb_rd_wb_reg[3]/CP                                -       -      R     (arrival)    452    -     0     -       0    (-,-) 
  basic_isa_instance/u_mem_wb_rd_wb_reg[3]/Q                                 -       CP->Q  R     DFCNQD4        2  7.1    64   286     286    (-,-) 
  basic_isa_instance/fopt86014/ZN                                            -       I->ZN  F     INVD4          5  9.1    36    42     328    (-,-) 
  basic_isa_instance/fopt86017/ZN                                            -       I->ZN  R     CKND2          1  1.7    24    29     356    (-,-) 
  basic_isa_instance/g86016/ZN                                               -       A1->ZN F     OAI22D2        1  2.1    55    44     400    (-,-) 
  basic_isa_instance/g86015/ZN                                               -       A2->ZN R     NR2D2          1  2.3    60    66     466    (-,-) 
  basic_isa_instance/g78591/ZN                                               -       A2->ZN F     ND2D2          1  3.9    54    59     525    (-,-) 
  basic_isa_instance/g78590/ZN                                               -       A1->ZN R     NR2XD3         3  9.3    64    60     585    (-,-) 
  basic_isa_instance/g78589/ZN                                               -       I->ZN  F     INVD3          2  4.4    31    37     622    (-,-) 
  basic_isa_instance/g143/ZN                                                 -       A1->ZN R     NR2XD2        15 18.5   136    96     719    (-,-) 
  basic_isa_instance/g81599/ZN                                               -       A1->ZN R     IOA21D2        2  2.6    47   134     853    (-,-) 
  basic_isa_instance/g72977/ZN                                               -       A1->ZN F     ND2D2          1  3.3    49    48     900    (-,-) 
  basic_isa_instance/g72963/ZN                                               -       B1->ZN R     IND2D4        12 14.9    69    61     961    (-,-) 
  basic_isa_instance/g72968/ZN                                               -       A1->ZN F     CKND2D2        1  1.6    39    42    1003    (-,-) 
  basic_isa_instance/g72965/ZN                                               -       A1->ZN R     ND2D2          2  3.5    44    40    1044    (-,-) 
  basic_isa_instance/g82658/ZN                                               -       A1->ZN F     ND2D2          4  5.2    63    56    1100    (-,-) 
  basic_isa_instance/g82662/ZN                                               -       A1->ZN R     OAI22D2        3  4.4   123    84    1184    (-,-) 
  basic_isa_instance/g82661/ZN                                               -       A1->ZN F     ND2D2          1  1.9    54    57    1241    (-,-) 
  basic_isa_instance/g75480/ZN                                               -       A2->ZN R     ND3D2          1  1.9    42    47    1288    (-,-) 
  basic_isa_instance/u_branch_add_95_52_Y_u_branch_add_94_43_cdnadd_80081/CO -       CI->CO R     FA1D2          3  3.8    62   106    1394    (-,-) 
  basic_isa_instance/g75445/ZN                                               -       A1->ZN F     ND2D2          1  1.4    37    41    1435    (-,-) 
  basic_isa_instance/g75444/ZN                                               -       A1->ZN R     CKND2D2        2  3.4    53    46    1481    (-,-) 
  basic_isa_instance/g398/ZN                                                 -       A1->ZN F     CKND2D2        1  1.6    34    38    1519    (-,-) 
  basic_isa_instance/g395/ZN                                                 -       A1->ZN R     ND2D2          1  1.9    37    32    1551    (-,-) 
  basic_isa_instance/u_branch_add_95_52_Y_u_branch_add_94_43_cdnadd_8/CO     -       CI->CO R     FA1D2          1  1.9    51    95    1646    (-,-) 
  basic_isa_instance/u_branch_add_95_52_Y_u_branch_add_94_43_cdnadd_84991/CO -       CI->CO R     FA1D2          1  1.9    51   100    1746    (-,-) 
  basic_isa_instance/u_branch_add_95_52_Y_u_branch_add_94_43_cdnadd_10/CO    -       CI->CO R     FA1D2          1  1.9    51   100    1846    (-,-) 
  basic_isa_instance/u_branch_add_95_52_Y_u_branch_add_94_43_cdnadd_11/CO    -       CI->CO R     FA1D2          1  1.9    51   100    1945    (-,-) 
  basic_isa_instance/u_branch_add_95_52_Y_u_branch_add_94_43_cdnadd_12/CO    -       CI->CO R     FA1D2          3  3.6    61   108    2053    (-,-) 
  basic_isa_instance/g86044/ZN                                               -       A1->ZN F     AOI21D2        1  2.9    55    56    2109    (-,-) 
  basic_isa_instance/g86043/ZN                                               -       I->ZN  R     INVD3          3  3.6    34    40    2149    (-,-) 
  basic_isa_instance/g137/ZN                                                 -       A1->ZN F     ND2D2          1  2.3    39    38    2187    (-,-) 
  basic_isa_instance/g135/ZN                                                 -       A1->ZN R     CKND2D3        3  3.6    46    42    2230    (-,-) 
  basic_isa_instance/g83120/ZN                                               -       A1->ZN F     ND2D2          1  1.4    33    37    2266    (-,-) 
  basic_isa_instance/g113/ZN                                                 -       A1->ZN R     CKND2D2        1  1.9    40    36    2303    (-,-) 
  basic_isa_instance/u_branch_add_95_52_Y_u_branch_add_94_43_cdnadd_79059/CO -       CI->CO R     FA1D2          3  4.9    68   110    2412    (-,-) 
  basic_isa_instance/g86072/ZN                                               -       A1->ZN F     AOI21D4        2  3.3    46    50    2462    (-,-) 
  basic_isa_instance/g86074/ZN                                               -       A1->ZN R     OAI21D2        2  3.2    83    72    2535    (-,-) 
  basic_isa_instance/g86077/ZN                                               -       A1->ZN F     CKND2D2        1  1.4    40    44    2579    (-,-) 
  basic_isa_instance/g83153/ZN                                               -       A1->ZN R     CKND2D2        3  3.9    57    49    2628    (-,-) 
  basic_isa_instance/g75492/ZN                                               -       B2->ZN F     IND3D2         1  1.4    61    58    2686    (-,-) 
  basic_isa_instance/g75491/ZN                                               -       A1->ZN R     CKND2D2        4  5.5    68    66    2752    (-,-) 
  basic_isa_instance/g75461/ZN                                               -       B2->ZN F     IND3D2         1  1.4    63    61    2812    (-,-) 
  basic_isa_instance/g75460/ZN                                               -       A1->ZN R     CKND2D2        5  6.3    75    70    2883    (-,-) 
  basic_isa_instance/g400/ZN                                                 -       A1->ZN F     ND2D2          1  3.1    52    54    2937    (-,-) 
  basic_isa_instance/g393/ZN                                                 -       A1->ZN R     CKND2D4        4  7.1    54    52    2990    (-,-) 
  basic_isa_instance/g642/ZN                                                 -       A1->ZN F     ND2D2          1  1.4    35    39    3029    (-,-) 
  basic_isa_instance/g641/ZN                                                 -       A1->ZN R     CKND2D2        4  4.6    61    51    3080    (-,-) 
  basic_isa_instance/g306/ZN                                                 -       A1->ZN F     ND2D2          2  3.1    49    50    3130    (-,-) 
  basic_isa_instance/g303/ZN                                                 -       A1->ZN R     CKND2D2        1  1.8    42    42    3172    (-,-) 
  basic_isa_instance/g302/ZN                                                 -       A1->ZN F     ND2D2          1  1.4    33    36    3208    (-,-) 
  basic_isa_instance/g298/ZN                                                 -       A1->ZN R     CKND2D2        2  4.4    61    49    3257    (-,-) 
  basic_isa_instance/g245/ZN                                                 -       I->ZN  F     CKND3          3  5.4    36    42    3299    (-,-) 
  basic_isa_instance/g237/ZN                                                 -       A1->ZN R     OAI22D2        2  2.0    94    57    3356    (-,-) 
  basic_isa_instance/g81611/ZN                                               -       A1->ZN R     IOA21D2        2  1.8    42   118    3474    (-,-) 
  basic_isa_instance/g25887/Z                                                -       A1->Z  R     AO22D2         1  0.9    44    99    3572    (-,-) 
  basic_isa_instance/u_if_u_pc_reg_core_to_int_reg[30]/D                     -       -      R     DFCNQD2        1    -     -     0    3572    (-,-) 
#----------------------------------------------------------------------------------------------------------------------------------------------------



Path 5: VIOLATED (-1149 ps) Setup Check with Pin basic_isa_instance/u_if_u_btb_U_FILE_target_arr_reg[7][1][31]/CP->D
          Group: core_clk
     Startpoint: (R) basic_isa_instance/u_mem_wb_rd_wb_reg[3]/CP
          Clock: (R) core_clk
       Endpoint: (R) basic_isa_instance/u_if_u_btb_U_FILE_target_arr_reg[7][1][31]/D
          Clock: (R) core_clk

                     Capture       Launch     
        Clock Edge:+    2500            0     
       Src Latency:+       0            0     
       Net Latency:+       0 (I)        0 (I) 
           Arrival:=    2500            0     
                                              
             Setup:-      99                  
     Required Time:=    2401                  
      Launch Clock:-       0                  
         Data Path:-    3550                  
             Slack:=   -1149                  

#----------------------------------------------------------------------------------------------------------------------------------------------------
#                               Timing Point                                 Flags    Arc   Edge   Cell     Fanout Load Trans Delay Arrival Instance 
#                                                                                                                  (fF)  (ps)  (ps)   (ps)  Location 
#----------------------------------------------------------------------------------------------------------------------------------------------------
  basic_isa_instance/u_mem_wb_rd_wb_reg[3]/CP                                -       -      R     (arrival)    452    -     0     -       0    (-,-) 
  basic_isa_instance/u_mem_wb_rd_wb_reg[3]/Q                                 -       CP->Q  R     DFCNQD4        2  7.1    64   286     286    (-,-) 
  basic_isa_instance/fopt86014/ZN                                            -       I->ZN  F     INVD4          5  9.1    36    42     328    (-,-) 
  basic_isa_instance/fopt86017/ZN                                            -       I->ZN  R     CKND2          1  1.7    24    29     356    (-,-) 
  basic_isa_instance/g86016/ZN                                               -       A1->ZN F     OAI22D2        1  2.1    55    44     400    (-,-) 
  basic_isa_instance/g86015/ZN                                               -       A2->ZN R     NR2D2          1  2.3    60    66     466    (-,-) 
  basic_isa_instance/g78591/ZN                                               -       A2->ZN F     ND2D2          1  3.9    54    59     525    (-,-) 
  basic_isa_instance/g78590/ZN                                               -       A1->ZN R     NR2XD3         3  9.3    64    60     585    (-,-) 
  basic_isa_instance/g78589/ZN                                               -       I->ZN  F     INVD3          2  4.4    31    37     622    (-,-) 
  basic_isa_instance/g143/ZN                                                 -       A1->ZN R     NR2XD2        15 18.5   136    96     719    (-,-) 
  basic_isa_instance/g81599/ZN                                               -       A1->ZN R     IOA21D2        2  2.6    47   134     853    (-,-) 
  basic_isa_instance/g72977/ZN                                               -       A1->ZN F     ND2D2          1  3.3    49    48     900    (-,-) 
  basic_isa_instance/g72963/ZN                                               -       B1->ZN R     IND2D4        12 14.9    69    61     961    (-,-) 
  basic_isa_instance/g72968/ZN                                               -       A1->ZN F     CKND2D2        1  1.6    39    42    1003    (-,-) 
  basic_isa_instance/g72965/ZN                                               -       A1->ZN R     ND2D2          2  3.5    44    40    1044    (-,-) 
  basic_isa_instance/g82658/ZN                                               -       A1->ZN F     ND2D2          4  5.2    63    56    1100    (-,-) 
  basic_isa_instance/g82662/ZN                                               -       A1->ZN R     OAI22D2        3  4.4   123    84    1184    (-,-) 
  basic_isa_instance/g82661/ZN                                               -       A1->ZN F     ND2D2          1  1.9    54    57    1241    (-,-) 
  basic_isa_instance/g75480/ZN                                               -       A2->ZN R     ND3D2          1  1.9    42    47    1288    (-,-) 
  basic_isa_instance/u_branch_add_95_52_Y_u_branch_add_94_43_cdnadd_80081/CO -       CI->CO R     FA1D2          3  3.8    62   106    1394    (-,-) 
  basic_isa_instance/g75445/ZN                                               -       A1->ZN F     ND2D2          1  1.4    37    41    1435    (-,-) 
  basic_isa_instance/g75444/ZN                                               -       A1->ZN R     CKND2D2        2  3.4    53    46    1481    (-,-) 
  basic_isa_instance/g398/ZN                                                 -       A1->ZN F     CKND2D2        1  1.6    34    38    1519    (-,-) 
  basic_isa_instance/g395/ZN                                                 -       A1->ZN R     ND2D2          1  1.9    37    32    1551    (-,-) 
  basic_isa_instance/u_branch_add_95_52_Y_u_branch_add_94_43_cdnadd_8/CO     -       CI->CO R     FA1D2          1  1.9    51    95    1646    (-,-) 
  basic_isa_instance/u_branch_add_95_52_Y_u_branch_add_94_43_cdnadd_84991/CO -       CI->CO R     FA1D2          1  1.9    51   100    1746    (-,-) 
  basic_isa_instance/u_branch_add_95_52_Y_u_branch_add_94_43_cdnadd_10/CO    -       CI->CO R     FA1D2          1  1.9    51   100    1846    (-,-) 
  basic_isa_instance/u_branch_add_95_52_Y_u_branch_add_94_43_cdnadd_11/CO    -       CI->CO R     FA1D2          1  1.9    51   100    1945    (-,-) 
  basic_isa_instance/u_branch_add_95_52_Y_u_branch_add_94_43_cdnadd_12/CO    -       CI->CO R     FA1D2          3  3.6    61   108    2053    (-,-) 
  basic_isa_instance/g86044/ZN                                               -       A1->ZN F     AOI21D2        1  2.9    55    56    2109    (-,-) 
  basic_isa_instance/g86043/ZN                                               -       I->ZN  R     INVD3          3  3.6    34    40    2149    (-,-) 
  basic_isa_instance/g137/ZN                                                 -       A1->ZN F     ND2D2          1  2.3    39    38    2187    (-,-) 
  basic_isa_instance/g135/ZN                                                 -       A1->ZN R     CKND2D3        3  3.6    46    42    2230    (-,-) 
  basic_isa_instance/g83120/ZN                                               -       A1->ZN F     ND2D2          1  1.4    33    37    2266    (-,-) 
  basic_isa_instance/g113/ZN                                                 -       A1->ZN R     CKND2D2        1  1.9    40    36    2303    (-,-) 
  basic_isa_instance/u_branch_add_95_52_Y_u_branch_add_94_43_cdnadd_79059/CO -       CI->CO R     FA1D2          3  4.9    68   110    2412    (-,-) 
  basic_isa_instance/g86072/ZN                                               -       A1->ZN F     AOI21D4        2  3.3    46    50    2462    (-,-) 
  basic_isa_instance/g86074/ZN                                               -       A1->ZN R     OAI21D2        2  3.2    83    72    2535    (-,-) 
  basic_isa_instance/g86077/ZN                                               -       A1->ZN F     CKND2D2        1  1.4    40    44    2579    (-,-) 
  basic_isa_instance/g83153/ZN                                               -       A1->ZN R     CKND2D2        3  3.9    57    49    2628    (-,-) 
  basic_isa_instance/g75492/ZN                                               -       B2->ZN F     IND3D2         1  1.4    61    58    2686    (-,-) 
  basic_isa_instance/g75491/ZN                                               -       A1->ZN R     CKND2D2        4  5.5    68    66    2752    (-,-) 
  basic_isa_instance/g75461/ZN                                               -       B2->ZN F     IND3D2         1  1.4    63    61    2812    (-,-) 
  basic_isa_instance/g75460/ZN                                               -       A1->ZN R     CKND2D2        5  6.3    75    70    2883    (-,-) 
  basic_isa_instance/g400/ZN                                                 -       A1->ZN F     ND2D2          1  3.1    52    54    2937    (-,-) 
  basic_isa_instance/g393/ZN                                                 -       A1->ZN R     CKND2D4        4  7.1    54    52    2990    (-,-) 
  basic_isa_instance/g642/ZN                                                 -       A1->ZN F     ND2D2          1  1.4    35    39    3029    (-,-) 
  basic_isa_instance/g641/ZN                                                 -       A1->ZN R     CKND2D2        4  4.6    61    51    3080    (-,-) 
  basic_isa_instance/g306/ZN                                                 -       A1->ZN F     ND2D2          2  3.1    49    50    3130    (-,-) 
  basic_isa_instance/g303/ZN                                                 -       A1->ZN R     CKND2D2        1  1.8    42    42    3172    (-,-) 
  basic_isa_instance/g302/ZN                                                 -       A1->ZN F     ND2D2          1  1.4    33    36    3208    (-,-) 
  basic_isa_instance/g298/ZN                                                 -       A1->ZN R     CKND2D2        2  4.4    61    49    3257    (-,-) 
  basic_isa_instance/g245/ZN                                                 -       I->ZN  F     CKND3          3  5.4    36    42    3299    (-,-) 
  basic_isa_instance/g76236/ZN                                               -       A1->ZN R     NR2D2          1  1.1    43    43    3342    (-,-) 
  basic_isa_instance/g87321/ZN                                               -       A1->ZN R     IND2D2         2  1.9    36    68    3410    (-,-) 
  basic_isa_instance/g35740/Z                                                -       A1->Z  R     AN2D2         16 14.4   119   140    3550    (-,-) 
  basic_isa_instance/u_if_u_btb_U_FILE_target_arr_reg[7][1][31]/D            -       -      R     DFCNQD2       16    -     -     0    3550    (-,-) 
#----------------------------------------------------------------------------------------------------------------------------------------------------



Path 6: VIOLATED (-1149 ps) Setup Check with Pin basic_isa_instance/u_if_u_btb_U_FILE_target_arr_reg[7][0][31]/CP->D
          Group: core_clk
     Startpoint: (R) basic_isa_instance/u_mem_wb_rd_wb_reg[3]/CP
          Clock: (R) core_clk
       Endpoint: (R) basic_isa_instance/u_if_u_btb_U_FILE_target_arr_reg[7][0][31]/D
          Clock: (R) core_clk

                     Capture       Launch     
        Clock Edge:+    2500            0     
       Src Latency:+       0            0     
       Net Latency:+       0 (I)        0 (I) 
           Arrival:=    2500            0     
                                              
             Setup:-      99                  
     Required Time:=    2401                  
      Launch Clock:-       0                  
         Data Path:-    3550                  
             Slack:=   -1149                  

#----------------------------------------------------------------------------------------------------------------------------------------------------
#                               Timing Point                                 Flags    Arc   Edge   Cell     Fanout Load Trans Delay Arrival Instance 
#                                                                                                                  (fF)  (ps)  (ps)   (ps)  Location 
#----------------------------------------------------------------------------------------------------------------------------------------------------
  basic_isa_instance/u_mem_wb_rd_wb_reg[3]/CP                                -       -      R     (arrival)    452    -     0     -       0    (-,-) 
  basic_isa_instance/u_mem_wb_rd_wb_reg[3]/Q                                 -       CP->Q  R     DFCNQD4        2  7.1    64   286     286    (-,-) 
  basic_isa_instance/fopt86014/ZN                                            -       I->ZN  F     INVD4          5  9.1    36    42     328    (-,-) 
  basic_isa_instance/fopt86017/ZN                                            -       I->ZN  R     CKND2          1  1.7    24    29     356    (-,-) 
  basic_isa_instance/g86016/ZN                                               -       A1->ZN F     OAI22D2        1  2.1    55    44     400    (-,-) 
  basic_isa_instance/g86015/ZN                                               -       A2->ZN R     NR2D2          1  2.3    60    66     466    (-,-) 
  basic_isa_instance/g78591/ZN                                               -       A2->ZN F     ND2D2          1  3.9    54    59     525    (-,-) 
  basic_isa_instance/g78590/ZN                                               -       A1->ZN R     NR2XD3         3  9.3    64    60     585    (-,-) 
  basic_isa_instance/g78589/ZN                                               -       I->ZN  F     INVD3          2  4.4    31    37     622    (-,-) 
  basic_isa_instance/g143/ZN                                                 -       A1->ZN R     NR2XD2        15 18.5   136    96     719    (-,-) 
  basic_isa_instance/g81599/ZN                                               -       A1->ZN R     IOA21D2        2  2.6    47   134     853    (-,-) 
  basic_isa_instance/g72977/ZN                                               -       A1->ZN F     ND2D2          1  3.3    49    48     900    (-,-) 
  basic_isa_instance/g72963/ZN                                               -       B1->ZN R     IND2D4        12 14.9    69    61     961    (-,-) 
  basic_isa_instance/g72968/ZN                                               -       A1->ZN F     CKND2D2        1  1.6    39    42    1003    (-,-) 
  basic_isa_instance/g72965/ZN                                               -       A1->ZN R     ND2D2          2  3.5    44    40    1044    (-,-) 
  basic_isa_instance/g82658/ZN                                               -       A1->ZN F     ND2D2          4  5.2    63    56    1100    (-,-) 
  basic_isa_instance/g82662/ZN                                               -       A1->ZN R     OAI22D2        3  4.4   123    84    1184    (-,-) 
  basic_isa_instance/g82661/ZN                                               -       A1->ZN F     ND2D2          1  1.9    54    57    1241    (-,-) 
  basic_isa_instance/g75480/ZN                                               -       A2->ZN R     ND3D2          1  1.9    42    47    1288    (-,-) 
  basic_isa_instance/u_branch_add_95_52_Y_u_branch_add_94_43_cdnadd_80081/CO -       CI->CO R     FA1D2          3  3.8    62   106    1394    (-,-) 
  basic_isa_instance/g75445/ZN                                               -       A1->ZN F     ND2D2          1  1.4    37    41    1435    (-,-) 
  basic_isa_instance/g75444/ZN                                               -       A1->ZN R     CKND2D2        2  3.4    53    46    1481    (-,-) 
  basic_isa_instance/g398/ZN                                                 -       A1->ZN F     CKND2D2        1  1.6    34    38    1519    (-,-) 
  basic_isa_instance/g395/ZN                                                 -       A1->ZN R     ND2D2          1  1.9    37    32    1551    (-,-) 
  basic_isa_instance/u_branch_add_95_52_Y_u_branch_add_94_43_cdnadd_8/CO     -       CI->CO R     FA1D2          1  1.9    51    95    1646    (-,-) 
  basic_isa_instance/u_branch_add_95_52_Y_u_branch_add_94_43_cdnadd_84991/CO -       CI->CO R     FA1D2          1  1.9    51   100    1746    (-,-) 
  basic_isa_instance/u_branch_add_95_52_Y_u_branch_add_94_43_cdnadd_10/CO    -       CI->CO R     FA1D2          1  1.9    51   100    1846    (-,-) 
  basic_isa_instance/u_branch_add_95_52_Y_u_branch_add_94_43_cdnadd_11/CO    -       CI->CO R     FA1D2          1  1.9    51   100    1945    (-,-) 
  basic_isa_instance/u_branch_add_95_52_Y_u_branch_add_94_43_cdnadd_12/CO    -       CI->CO R     FA1D2          3  3.6    61   108    2053    (-,-) 
  basic_isa_instance/g86044/ZN                                               -       A1->ZN F     AOI21D2        1  2.9    55    56    2109    (-,-) 
  basic_isa_instance/g86043/ZN                                               -       I->ZN  R     INVD3          3  3.6    34    40    2149    (-,-) 
  basic_isa_instance/g137/ZN                                                 -       A1->ZN F     ND2D2          1  2.3    39    38    2187    (-,-) 
  basic_isa_instance/g135/ZN                                                 -       A1->ZN R     CKND2D3        3  3.6    46    42    2230    (-,-) 
  basic_isa_instance/g83120/ZN                                               -       A1->ZN F     ND2D2          1  1.4    33    37    2266    (-,-) 
  basic_isa_instance/g113/ZN                                                 -       A1->ZN R     CKND2D2        1  1.9    40    36    2303    (-,-) 
  basic_isa_instance/u_branch_add_95_52_Y_u_branch_add_94_43_cdnadd_79059/CO -       CI->CO R     FA1D2          3  4.9    68   110    2412    (-,-) 
  basic_isa_instance/g86072/ZN                                               -       A1->ZN F     AOI21D4        2  3.3    46    50    2462    (-,-) 
  basic_isa_instance/g86074/ZN                                               -       A1->ZN R     OAI21D2        2  3.2    83    72    2535    (-,-) 
  basic_isa_instance/g86077/ZN                                               -       A1->ZN F     CKND2D2        1  1.4    40    44    2579    (-,-) 
  basic_isa_instance/g83153/ZN                                               -       A1->ZN R     CKND2D2        3  3.9    57    49    2628    (-,-) 
  basic_isa_instance/g75492/ZN                                               -       B2->ZN F     IND3D2         1  1.4    61    58    2686    (-,-) 
  basic_isa_instance/g75491/ZN                                               -       A1->ZN R     CKND2D2        4  5.5    68    66    2752    (-,-) 
  basic_isa_instance/g75461/ZN                                               -       B2->ZN F     IND3D2         1  1.4    63    61    2812    (-,-) 
  basic_isa_instance/g75460/ZN                                               -       A1->ZN R     CKND2D2        5  6.3    75    70    2883    (-,-) 
  basic_isa_instance/g400/ZN                                                 -       A1->ZN F     ND2D2          1  3.1    52    54    2937    (-,-) 
  basic_isa_instance/g393/ZN                                                 -       A1->ZN R     CKND2D4        4  7.1    54    52    2990    (-,-) 
  basic_isa_instance/g642/ZN                                                 -       A1->ZN F     ND2D2          1  1.4    35    39    3029    (-,-) 
  basic_isa_instance/g641/ZN                                                 -       A1->ZN R     CKND2D2        4  4.6    61    51    3080    (-,-) 
  basic_isa_instance/g306/ZN                                                 -       A1->ZN F     ND2D2          2  3.1    49    50    3130    (-,-) 
  basic_isa_instance/g303/ZN                                                 -       A1->ZN R     CKND2D2        1  1.8    42    42    3172    (-,-) 
  basic_isa_instance/g302/ZN                                                 -       A1->ZN F     ND2D2          1  1.4    33    36    3208    (-,-) 
  basic_isa_instance/g298/ZN                                                 -       A1->ZN R     CKND2D2        2  4.4    61    49    3257    (-,-) 
  basic_isa_instance/g245/ZN                                                 -       I->ZN  F     CKND3          3  5.4    36    42    3299    (-,-) 
  basic_isa_instance/g76236/ZN                                               -       A1->ZN R     NR2D2          1  1.1    43    43    3342    (-,-) 
  basic_isa_instance/g87321/ZN                                               -       A1->ZN R     IND2D2         2  1.9    36    68    3410    (-,-) 
  basic_isa_instance/g35740/Z                                                -       A1->Z  R     AN2D2         16 14.4   119   140    3550    (-,-) 
  basic_isa_instance/u_if_u_btb_U_FILE_target_arr_reg[7][0][31]/D            -       -      R     DFCNQD2       16    -     -     0    3550    (-,-) 
#----------------------------------------------------------------------------------------------------------------------------------------------------



Path 7: VIOLATED (-1149 ps) Setup Check with Pin basic_isa_instance/u_if_u_btb_U_FILE_target_arr_reg[6][1][31]/CP->D
          Group: core_clk
     Startpoint: (R) basic_isa_instance/u_mem_wb_rd_wb_reg[3]/CP
          Clock: (R) core_clk
       Endpoint: (R) basic_isa_instance/u_if_u_btb_U_FILE_target_arr_reg[6][1][31]/D
          Clock: (R) core_clk

                     Capture       Launch     
        Clock Edge:+    2500            0     
       Src Latency:+       0            0     
       Net Latency:+       0 (I)        0 (I) 
           Arrival:=    2500            0     
                                              
             Setup:-      99                  
     Required Time:=    2401                  
      Launch Clock:-       0                  
         Data Path:-    3550                  
             Slack:=   -1149                  

#----------------------------------------------------------------------------------------------------------------------------------------------------
#                               Timing Point                                 Flags    Arc   Edge   Cell     Fanout Load Trans Delay Arrival Instance 
#                                                                                                                  (fF)  (ps)  (ps)   (ps)  Location 
#----------------------------------------------------------------------------------------------------------------------------------------------------
  basic_isa_instance/u_mem_wb_rd_wb_reg[3]/CP                                -       -      R     (arrival)    452    -     0     -       0    (-,-) 
  basic_isa_instance/u_mem_wb_rd_wb_reg[3]/Q                                 -       CP->Q  R     DFCNQD4        2  7.1    64   286     286    (-,-) 
  basic_isa_instance/fopt86014/ZN                                            -       I->ZN  F     INVD4          5  9.1    36    42     328    (-,-) 
  basic_isa_instance/fopt86017/ZN                                            -       I->ZN  R     CKND2          1  1.7    24    29     356    (-,-) 
  basic_isa_instance/g86016/ZN                                               -       A1->ZN F     OAI22D2        1  2.1    55    44     400    (-,-) 
  basic_isa_instance/g86015/ZN                                               -       A2->ZN R     NR2D2          1  2.3    60    66     466    (-,-) 
  basic_isa_instance/g78591/ZN                                               -       A2->ZN F     ND2D2          1  3.9    54    59     525    (-,-) 
  basic_isa_instance/g78590/ZN                                               -       A1->ZN R     NR2XD3         3  9.3    64    60     585    (-,-) 
  basic_isa_instance/g78589/ZN                                               -       I->ZN  F     INVD3          2  4.4    31    37     622    (-,-) 
  basic_isa_instance/g143/ZN                                                 -       A1->ZN R     NR2XD2        15 18.5   136    96     719    (-,-) 
  basic_isa_instance/g81599/ZN                                               -       A1->ZN R     IOA21D2        2  2.6    47   134     853    (-,-) 
  basic_isa_instance/g72977/ZN                                               -       A1->ZN F     ND2D2          1  3.3    49    48     900    (-,-) 
  basic_isa_instance/g72963/ZN                                               -       B1->ZN R     IND2D4        12 14.9    69    61     961    (-,-) 
  basic_isa_instance/g72968/ZN                                               -       A1->ZN F     CKND2D2        1  1.6    39    42    1003    (-,-) 
  basic_isa_instance/g72965/ZN                                               -       A1->ZN R     ND2D2          2  3.5    44    40    1044    (-,-) 
  basic_isa_instance/g82658/ZN                                               -       A1->ZN F     ND2D2          4  5.2    63    56    1100    (-,-) 
  basic_isa_instance/g82662/ZN                                               -       A1->ZN R     OAI22D2        3  4.4   123    84    1184    (-,-) 
  basic_isa_instance/g82661/ZN                                               -       A1->ZN F     ND2D2          1  1.9    54    57    1241    (-,-) 
  basic_isa_instance/g75480/ZN                                               -       A2->ZN R     ND3D2          1  1.9    42    47    1288    (-,-) 
  basic_isa_instance/u_branch_add_95_52_Y_u_branch_add_94_43_cdnadd_80081/CO -       CI->CO R     FA1D2          3  3.8    62   106    1394    (-,-) 
  basic_isa_instance/g75445/ZN                                               -       A1->ZN F     ND2D2          1  1.4    37    41    1435    (-,-) 
  basic_isa_instance/g75444/ZN                                               -       A1->ZN R     CKND2D2        2  3.4    53    46    1481    (-,-) 
  basic_isa_instance/g398/ZN                                                 -       A1->ZN F     CKND2D2        1  1.6    34    38    1519    (-,-) 
  basic_isa_instance/g395/ZN                                                 -       A1->ZN R     ND2D2          1  1.9    37    32    1551    (-,-) 
  basic_isa_instance/u_branch_add_95_52_Y_u_branch_add_94_43_cdnadd_8/CO     -       CI->CO R     FA1D2          1  1.9    51    95    1646    (-,-) 
  basic_isa_instance/u_branch_add_95_52_Y_u_branch_add_94_43_cdnadd_84991/CO -       CI->CO R     FA1D2          1  1.9    51   100    1746    (-,-) 
  basic_isa_instance/u_branch_add_95_52_Y_u_branch_add_94_43_cdnadd_10/CO    -       CI->CO R     FA1D2          1  1.9    51   100    1846    (-,-) 
  basic_isa_instance/u_branch_add_95_52_Y_u_branch_add_94_43_cdnadd_11/CO    -       CI->CO R     FA1D2          1  1.9    51   100    1945    (-,-) 
  basic_isa_instance/u_branch_add_95_52_Y_u_branch_add_94_43_cdnadd_12/CO    -       CI->CO R     FA1D2          3  3.6    61   108    2053    (-,-) 
  basic_isa_instance/g86044/ZN                                               -       A1->ZN F     AOI21D2        1  2.9    55    56    2109    (-,-) 
  basic_isa_instance/g86043/ZN                                               -       I->ZN  R     INVD3          3  3.6    34    40    2149    (-,-) 
  basic_isa_instance/g137/ZN                                                 -       A1->ZN F     ND2D2          1  2.3    39    38    2187    (-,-) 
  basic_isa_instance/g135/ZN                                                 -       A1->ZN R     CKND2D3        3  3.6    46    42    2230    (-,-) 
  basic_isa_instance/g83120/ZN                                               -       A1->ZN F     ND2D2          1  1.4    33    37    2266    (-,-) 
  basic_isa_instance/g113/ZN                                                 -       A1->ZN R     CKND2D2        1  1.9    40    36    2303    (-,-) 
  basic_isa_instance/u_branch_add_95_52_Y_u_branch_add_94_43_cdnadd_79059/CO -       CI->CO R     FA1D2          3  4.9    68   110    2412    (-,-) 
  basic_isa_instance/g86072/ZN                                               -       A1->ZN F     AOI21D4        2  3.3    46    50    2462    (-,-) 
  basic_isa_instance/g86074/ZN                                               -       A1->ZN R     OAI21D2        2  3.2    83    72    2535    (-,-) 
  basic_isa_instance/g86077/ZN                                               -       A1->ZN F     CKND2D2        1  1.4    40    44    2579    (-,-) 
  basic_isa_instance/g83153/ZN                                               -       A1->ZN R     CKND2D2        3  3.9    57    49    2628    (-,-) 
  basic_isa_instance/g75492/ZN                                               -       B2->ZN F     IND3D2         1  1.4    61    58    2686    (-,-) 
  basic_isa_instance/g75491/ZN                                               -       A1->ZN R     CKND2D2        4  5.5    68    66    2752    (-,-) 
  basic_isa_instance/g75461/ZN                                               -       B2->ZN F     IND3D2         1  1.4    63    61    2812    (-,-) 
  basic_isa_instance/g75460/ZN                                               -       A1->ZN R     CKND2D2        5  6.3    75    70    2883    (-,-) 
  basic_isa_instance/g400/ZN                                                 -       A1->ZN F     ND2D2          1  3.1    52    54    2937    (-,-) 
  basic_isa_instance/g393/ZN                                                 -       A1->ZN R     CKND2D4        4  7.1    54    52    2990    (-,-) 
  basic_isa_instance/g642/ZN                                                 -       A1->ZN F     ND2D2          1  1.4    35    39    3029    (-,-) 
  basic_isa_instance/g641/ZN                                                 -       A1->ZN R     CKND2D2        4  4.6    61    51    3080    (-,-) 
  basic_isa_instance/g306/ZN                                                 -       A1->ZN F     ND2D2          2  3.1    49    50    3130    (-,-) 
  basic_isa_instance/g303/ZN                                                 -       A1->ZN R     CKND2D2        1  1.8    42    42    3172    (-,-) 
  basic_isa_instance/g302/ZN                                                 -       A1->ZN F     ND2D2          1  1.4    33    36    3208    (-,-) 
  basic_isa_instance/g298/ZN                                                 -       A1->ZN R     CKND2D2        2  4.4    61    49    3257    (-,-) 
  basic_isa_instance/g245/ZN                                                 -       I->ZN  F     CKND3          3  5.4    36    42    3299    (-,-) 
  basic_isa_instance/g76236/ZN                                               -       A1->ZN R     NR2D2          1  1.1    43    43    3342    (-,-) 
  basic_isa_instance/g87321/ZN                                               -       A1->ZN R     IND2D2         2  1.9    36    68    3410    (-,-) 
  basic_isa_instance/g35740/Z                                                -       A1->Z  R     AN2D2         16 14.4   119   140    3550    (-,-) 
  basic_isa_instance/u_if_u_btb_U_FILE_target_arr_reg[6][1][31]/D            -       -      R     DFCNQD2       16    -     -     0    3550    (-,-) 
#----------------------------------------------------------------------------------------------------------------------------------------------------



Path 8: VIOLATED (-1149 ps) Setup Check with Pin basic_isa_instance/u_if_u_btb_U_FILE_target_arr_reg[6][0][31]/CP->D
          Group: core_clk
     Startpoint: (R) basic_isa_instance/u_mem_wb_rd_wb_reg[3]/CP
          Clock: (R) core_clk
       Endpoint: (R) basic_isa_instance/u_if_u_btb_U_FILE_target_arr_reg[6][0][31]/D
          Clock: (R) core_clk

                     Capture       Launch     
        Clock Edge:+    2500            0     
       Src Latency:+       0            0     
       Net Latency:+       0 (I)        0 (I) 
           Arrival:=    2500            0     
                                              
             Setup:-      99                  
     Required Time:=    2401                  
      Launch Clock:-       0                  
         Data Path:-    3550                  
             Slack:=   -1149                  

#----------------------------------------------------------------------------------------------------------------------------------------------------
#                               Timing Point                                 Flags    Arc   Edge   Cell     Fanout Load Trans Delay Arrival Instance 
#                                                                                                                  (fF)  (ps)  (ps)   (ps)  Location 
#----------------------------------------------------------------------------------------------------------------------------------------------------
  basic_isa_instance/u_mem_wb_rd_wb_reg[3]/CP                                -       -      R     (arrival)    452    -     0     -       0    (-,-) 
  basic_isa_instance/u_mem_wb_rd_wb_reg[3]/Q                                 -       CP->Q  R     DFCNQD4        2  7.1    64   286     286    (-,-) 
  basic_isa_instance/fopt86014/ZN                                            -       I->ZN  F     INVD4          5  9.1    36    42     328    (-,-) 
  basic_isa_instance/fopt86017/ZN                                            -       I->ZN  R     CKND2          1  1.7    24    29     356    (-,-) 
  basic_isa_instance/g86016/ZN                                               -       A1->ZN F     OAI22D2        1  2.1    55    44     400    (-,-) 
  basic_isa_instance/g86015/ZN                                               -       A2->ZN R     NR2D2          1  2.3    60    66     466    (-,-) 
  basic_isa_instance/g78591/ZN                                               -       A2->ZN F     ND2D2          1  3.9    54    59     525    (-,-) 
  basic_isa_instance/g78590/ZN                                               -       A1->ZN R     NR2XD3         3  9.3    64    60     585    (-,-) 
  basic_isa_instance/g78589/ZN                                               -       I->ZN  F     INVD3          2  4.4    31    37     622    (-,-) 
  basic_isa_instance/g143/ZN                                                 -       A1->ZN R     NR2XD2        15 18.5   136    96     719    (-,-) 
  basic_isa_instance/g81599/ZN                                               -       A1->ZN R     IOA21D2        2  2.6    47   134     853    (-,-) 
  basic_isa_instance/g72977/ZN                                               -       A1->ZN F     ND2D2          1  3.3    49    48     900    (-,-) 
  basic_isa_instance/g72963/ZN                                               -       B1->ZN R     IND2D4        12 14.9    69    61     961    (-,-) 
  basic_isa_instance/g72968/ZN                                               -       A1->ZN F     CKND2D2        1  1.6    39    42    1003    (-,-) 
  basic_isa_instance/g72965/ZN                                               -       A1->ZN R     ND2D2          2  3.5    44    40    1044    (-,-) 
  basic_isa_instance/g82658/ZN                                               -       A1->ZN F     ND2D2          4  5.2    63    56    1100    (-,-) 
  basic_isa_instance/g82662/ZN                                               -       A1->ZN R     OAI22D2        3  4.4   123    84    1184    (-,-) 
  basic_isa_instance/g82661/ZN                                               -       A1->ZN F     ND2D2          1  1.9    54    57    1241    (-,-) 
  basic_isa_instance/g75480/ZN                                               -       A2->ZN R     ND3D2          1  1.9    42    47    1288    (-,-) 
  basic_isa_instance/u_branch_add_95_52_Y_u_branch_add_94_43_cdnadd_80081/CO -       CI->CO R     FA1D2          3  3.8    62   106    1394    (-,-) 
  basic_isa_instance/g75445/ZN                                               -       A1->ZN F     ND2D2          1  1.4    37    41    1435    (-,-) 
  basic_isa_instance/g75444/ZN                                               -       A1->ZN R     CKND2D2        2  3.4    53    46    1481    (-,-) 
  basic_isa_instance/g398/ZN                                                 -       A1->ZN F     CKND2D2        1  1.6    34    38    1519    (-,-) 
  basic_isa_instance/g395/ZN                                                 -       A1->ZN R     ND2D2          1  1.9    37    32    1551    (-,-) 
  basic_isa_instance/u_branch_add_95_52_Y_u_branch_add_94_43_cdnadd_8/CO     -       CI->CO R     FA1D2          1  1.9    51    95    1646    (-,-) 
  basic_isa_instance/u_branch_add_95_52_Y_u_branch_add_94_43_cdnadd_84991/CO -       CI->CO R     FA1D2          1  1.9    51   100    1746    (-,-) 
  basic_isa_instance/u_branch_add_95_52_Y_u_branch_add_94_43_cdnadd_10/CO    -       CI->CO R     FA1D2          1  1.9    51   100    1846    (-,-) 
  basic_isa_instance/u_branch_add_95_52_Y_u_branch_add_94_43_cdnadd_11/CO    -       CI->CO R     FA1D2          1  1.9    51   100    1945    (-,-) 
  basic_isa_instance/u_branch_add_95_52_Y_u_branch_add_94_43_cdnadd_12/CO    -       CI->CO R     FA1D2          3  3.6    61   108    2053    (-,-) 
  basic_isa_instance/g86044/ZN                                               -       A1->ZN F     AOI21D2        1  2.9    55    56    2109    (-,-) 
  basic_isa_instance/g86043/ZN                                               -       I->ZN  R     INVD3          3  3.6    34    40    2149    (-,-) 
  basic_isa_instance/g137/ZN                                                 -       A1->ZN F     ND2D2          1  2.3    39    38    2187    (-,-) 
  basic_isa_instance/g135/ZN                                                 -       A1->ZN R     CKND2D3        3  3.6    46    42    2230    (-,-) 
  basic_isa_instance/g83120/ZN                                               -       A1->ZN F     ND2D2          1  1.4    33    37    2266    (-,-) 
  basic_isa_instance/g113/ZN                                                 -       A1->ZN R     CKND2D2        1  1.9    40    36    2303    (-,-) 
  basic_isa_instance/u_branch_add_95_52_Y_u_branch_add_94_43_cdnadd_79059/CO -       CI->CO R     FA1D2          3  4.9    68   110    2412    (-,-) 
  basic_isa_instance/g86072/ZN                                               -       A1->ZN F     AOI21D4        2  3.3    46    50    2462    (-,-) 
  basic_isa_instance/g86074/ZN                                               -       A1->ZN R     OAI21D2        2  3.2    83    72    2535    (-,-) 
  basic_isa_instance/g86077/ZN                                               -       A1->ZN F     CKND2D2        1  1.4    40    44    2579    (-,-) 
  basic_isa_instance/g83153/ZN                                               -       A1->ZN R     CKND2D2        3  3.9    57    49    2628    (-,-) 
  basic_isa_instance/g75492/ZN                                               -       B2->ZN F     IND3D2         1  1.4    61    58    2686    (-,-) 
  basic_isa_instance/g75491/ZN                                               -       A1->ZN R     CKND2D2        4  5.5    68    66    2752    (-,-) 
  basic_isa_instance/g75461/ZN                                               -       B2->ZN F     IND3D2         1  1.4    63    61    2812    (-,-) 
  basic_isa_instance/g75460/ZN                                               -       A1->ZN R     CKND2D2        5  6.3    75    70    2883    (-,-) 
  basic_isa_instance/g400/ZN                                                 -       A1->ZN F     ND2D2          1  3.1    52    54    2937    (-,-) 
  basic_isa_instance/g393/ZN                                                 -       A1->ZN R     CKND2D4        4  7.1    54    52    2990    (-,-) 
  basic_isa_instance/g642/ZN                                                 -       A1->ZN F     ND2D2          1  1.4    35    39    3029    (-,-) 
  basic_isa_instance/g641/ZN                                                 -       A1->ZN R     CKND2D2        4  4.6    61    51    3080    (-,-) 
  basic_isa_instance/g306/ZN                                                 -       A1->ZN F     ND2D2          2  3.1    49    50    3130    (-,-) 
  basic_isa_instance/g303/ZN                                                 -       A1->ZN R     CKND2D2        1  1.8    42    42    3172    (-,-) 
  basic_isa_instance/g302/ZN                                                 -       A1->ZN F     ND2D2          1  1.4    33    36    3208    (-,-) 
  basic_isa_instance/g298/ZN                                                 -       A1->ZN R     CKND2D2        2  4.4    61    49    3257    (-,-) 
  basic_isa_instance/g245/ZN                                                 -       I->ZN  F     CKND3          3  5.4    36    42    3299    (-,-) 
  basic_isa_instance/g76236/ZN                                               -       A1->ZN R     NR2D2          1  1.1    43    43    3342    (-,-) 
  basic_isa_instance/g87321/ZN                                               -       A1->ZN R     IND2D2         2  1.9    36    68    3410    (-,-) 
  basic_isa_instance/g35740/Z                                                -       A1->Z  R     AN2D2         16 14.4   119   140    3550    (-,-) 
  basic_isa_instance/u_if_u_btb_U_FILE_target_arr_reg[6][0][31]/D            -       -      R     DFCNQD2       16    -     -     0    3550    (-,-) 
#----------------------------------------------------------------------------------------------------------------------------------------------------



Path 9: VIOLATED (-1149 ps) Setup Check with Pin basic_isa_instance/u_if_u_btb_U_FILE_target_arr_reg[5][1][31]/CP->D
          Group: core_clk
     Startpoint: (R) basic_isa_instance/u_mem_wb_rd_wb_reg[3]/CP
          Clock: (R) core_clk
       Endpoint: (R) basic_isa_instance/u_if_u_btb_U_FILE_target_arr_reg[5][1][31]/D
          Clock: (R) core_clk

                     Capture       Launch     
        Clock Edge:+    2500            0     
       Src Latency:+       0            0     
       Net Latency:+       0 (I)        0 (I) 
           Arrival:=    2500            0     
                                              
             Setup:-      99                  
     Required Time:=    2401                  
      Launch Clock:-       0                  
         Data Path:-    3550                  
             Slack:=   -1149                  

#----------------------------------------------------------------------------------------------------------------------------------------------------
#                               Timing Point                                 Flags    Arc   Edge   Cell     Fanout Load Trans Delay Arrival Instance 
#                                                                                                                  (fF)  (ps)  (ps)   (ps)  Location 
#----------------------------------------------------------------------------------------------------------------------------------------------------
  basic_isa_instance/u_mem_wb_rd_wb_reg[3]/CP                                -       -      R     (arrival)    452    -     0     -       0    (-,-) 
  basic_isa_instance/u_mem_wb_rd_wb_reg[3]/Q                                 -       CP->Q  R     DFCNQD4        2  7.1    64   286     286    (-,-) 
  basic_isa_instance/fopt86014/ZN                                            -       I->ZN  F     INVD4          5  9.1    36    42     328    (-,-) 
  basic_isa_instance/fopt86017/ZN                                            -       I->ZN  R     CKND2          1  1.7    24    29     356    (-,-) 
  basic_isa_instance/g86016/ZN                                               -       A1->ZN F     OAI22D2        1  2.1    55    44     400    (-,-) 
  basic_isa_instance/g86015/ZN                                               -       A2->ZN R     NR2D2          1  2.3    60    66     466    (-,-) 
  basic_isa_instance/g78591/ZN                                               -       A2->ZN F     ND2D2          1  3.9    54    59     525    (-,-) 
  basic_isa_instance/g78590/ZN                                               -       A1->ZN R     NR2XD3         3  9.3    64    60     585    (-,-) 
  basic_isa_instance/g78589/ZN                                               -       I->ZN  F     INVD3          2  4.4    31    37     622    (-,-) 
  basic_isa_instance/g143/ZN                                                 -       A1->ZN R     NR2XD2        15 18.5   136    96     719    (-,-) 
  basic_isa_instance/g81599/ZN                                               -       A1->ZN R     IOA21D2        2  2.6    47   134     853    (-,-) 
  basic_isa_instance/g72977/ZN                                               -       A1->ZN F     ND2D2          1  3.3    49    48     900    (-,-) 
  basic_isa_instance/g72963/ZN                                               -       B1->ZN R     IND2D4        12 14.9    69    61     961    (-,-) 
  basic_isa_instance/g72968/ZN                                               -       A1->ZN F     CKND2D2        1  1.6    39    42    1003    (-,-) 
  basic_isa_instance/g72965/ZN                                               -       A1->ZN R     ND2D2          2  3.5    44    40    1044    (-,-) 
  basic_isa_instance/g82658/ZN                                               -       A1->ZN F     ND2D2          4  5.2    63    56    1100    (-,-) 
  basic_isa_instance/g82662/ZN                                               -       A1->ZN R     OAI22D2        3  4.4   123    84    1184    (-,-) 
  basic_isa_instance/g82661/ZN                                               -       A1->ZN F     ND2D2          1  1.9    54    57    1241    (-,-) 
  basic_isa_instance/g75480/ZN                                               -       A2->ZN R     ND3D2          1  1.9    42    47    1288    (-,-) 
  basic_isa_instance/u_branch_add_95_52_Y_u_branch_add_94_43_cdnadd_80081/CO -       CI->CO R     FA1D2          3  3.8    62   106    1394    (-,-) 
  basic_isa_instance/g75445/ZN                                               -       A1->ZN F     ND2D2          1  1.4    37    41    1435    (-,-) 
  basic_isa_instance/g75444/ZN                                               -       A1->ZN R     CKND2D2        2  3.4    53    46    1481    (-,-) 
  basic_isa_instance/g398/ZN                                                 -       A1->ZN F     CKND2D2        1  1.6    34    38    1519    (-,-) 
  basic_isa_instance/g395/ZN                                                 -       A1->ZN R     ND2D2          1  1.9    37    32    1551    (-,-) 
  basic_isa_instance/u_branch_add_95_52_Y_u_branch_add_94_43_cdnadd_8/CO     -       CI->CO R     FA1D2          1  1.9    51    95    1646    (-,-) 
  basic_isa_instance/u_branch_add_95_52_Y_u_branch_add_94_43_cdnadd_84991/CO -       CI->CO R     FA1D2          1  1.9    51   100    1746    (-,-) 
  basic_isa_instance/u_branch_add_95_52_Y_u_branch_add_94_43_cdnadd_10/CO    -       CI->CO R     FA1D2          1  1.9    51   100    1846    (-,-) 
  basic_isa_instance/u_branch_add_95_52_Y_u_branch_add_94_43_cdnadd_11/CO    -       CI->CO R     FA1D2          1  1.9    51   100    1945    (-,-) 
  basic_isa_instance/u_branch_add_95_52_Y_u_branch_add_94_43_cdnadd_12/CO    -       CI->CO R     FA1D2          3  3.6    61   108    2053    (-,-) 
  basic_isa_instance/g86044/ZN                                               -       A1->ZN F     AOI21D2        1  2.9    55    56    2109    (-,-) 
  basic_isa_instance/g86043/ZN                                               -       I->ZN  R     INVD3          3  3.6    34    40    2149    (-,-) 
  basic_isa_instance/g137/ZN                                                 -       A1->ZN F     ND2D2          1  2.3    39    38    2187    (-,-) 
  basic_isa_instance/g135/ZN                                                 -       A1->ZN R     CKND2D3        3  3.6    46    42    2230    (-,-) 
  basic_isa_instance/g83120/ZN                                               -       A1->ZN F     ND2D2          1  1.4    33    37    2266    (-,-) 
  basic_isa_instance/g113/ZN                                                 -       A1->ZN R     CKND2D2        1  1.9    40    36    2303    (-,-) 
  basic_isa_instance/u_branch_add_95_52_Y_u_branch_add_94_43_cdnadd_79059/CO -       CI->CO R     FA1D2          3  4.9    68   110    2412    (-,-) 
  basic_isa_instance/g86072/ZN                                               -       A1->ZN F     AOI21D4        2  3.3    46    50    2462    (-,-) 
  basic_isa_instance/g86074/ZN                                               -       A1->ZN R     OAI21D2        2  3.2    83    72    2535    (-,-) 
  basic_isa_instance/g86077/ZN                                               -       A1->ZN F     CKND2D2        1  1.4    40    44    2579    (-,-) 
  basic_isa_instance/g83153/ZN                                               -       A1->ZN R     CKND2D2        3  3.9    57    49    2628    (-,-) 
  basic_isa_instance/g75492/ZN                                               -       B2->ZN F     IND3D2         1  1.4    61    58    2686    (-,-) 
  basic_isa_instance/g75491/ZN                                               -       A1->ZN R     CKND2D2        4  5.5    68    66    2752    (-,-) 
  basic_isa_instance/g75461/ZN                                               -       B2->ZN F     IND3D2         1  1.4    63    61    2812    (-,-) 
  basic_isa_instance/g75460/ZN                                               -       A1->ZN R     CKND2D2        5  6.3    75    70    2883    (-,-) 
  basic_isa_instance/g400/ZN                                                 -       A1->ZN F     ND2D2          1  3.1    52    54    2937    (-,-) 
  basic_isa_instance/g393/ZN                                                 -       A1->ZN R     CKND2D4        4  7.1    54    52    2990    (-,-) 
  basic_isa_instance/g642/ZN                                                 -       A1->ZN F     ND2D2          1  1.4    35    39    3029    (-,-) 
  basic_isa_instance/g641/ZN                                                 -       A1->ZN R     CKND2D2        4  4.6    61    51    3080    (-,-) 
  basic_isa_instance/g306/ZN                                                 -       A1->ZN F     ND2D2          2  3.1    49    50    3130    (-,-) 
  basic_isa_instance/g303/ZN                                                 -       A1->ZN R     CKND2D2        1  1.8    42    42    3172    (-,-) 
  basic_isa_instance/g302/ZN                                                 -       A1->ZN F     ND2D2          1  1.4    33    36    3208    (-,-) 
  basic_isa_instance/g298/ZN                                                 -       A1->ZN R     CKND2D2        2  4.4    61    49    3257    (-,-) 
  basic_isa_instance/g245/ZN                                                 -       I->ZN  F     CKND3          3  5.4    36    42    3299    (-,-) 
  basic_isa_instance/g76236/ZN                                               -       A1->ZN R     NR2D2          1  1.1    43    43    3342    (-,-) 
  basic_isa_instance/g87321/ZN                                               -       A1->ZN R     IND2D2         2  1.9    36    68    3410    (-,-) 
  basic_isa_instance/g35740/Z                                                -       A1->Z  R     AN2D2         16 14.4   119   140    3550    (-,-) 
  basic_isa_instance/u_if_u_btb_U_FILE_target_arr_reg[5][1][31]/D            -       -      R     DFCNQD2       16    -     -     0    3550    (-,-) 
#----------------------------------------------------------------------------------------------------------------------------------------------------



Path 10: VIOLATED (-1149 ps) Setup Check with Pin basic_isa_instance/u_if_u_btb_U_FILE_target_arr_reg[5][0][31]/CP->D
          Group: core_clk
     Startpoint: (R) basic_isa_instance/u_mem_wb_rd_wb_reg[3]/CP
          Clock: (R) core_clk
       Endpoint: (R) basic_isa_instance/u_if_u_btb_U_FILE_target_arr_reg[5][0][31]/D
          Clock: (R) core_clk

                     Capture       Launch     
        Clock Edge:+    2500            0     
       Src Latency:+       0            0     
       Net Latency:+       0 (I)        0 (I) 
           Arrival:=    2500            0     
                                              
             Setup:-      99                  
     Required Time:=    2401                  
      Launch Clock:-       0                  
         Data Path:-    3550                  
             Slack:=   -1149                  

#----------------------------------------------------------------------------------------------------------------------------------------------------
#                               Timing Point                                 Flags    Arc   Edge   Cell     Fanout Load Trans Delay Arrival Instance 
#                                                                                                                  (fF)  (ps)  (ps)   (ps)  Location 
#----------------------------------------------------------------------------------------------------------------------------------------------------
  basic_isa_instance/u_mem_wb_rd_wb_reg[3]/CP                                -       -      R     (arrival)    452    -     0     -       0    (-,-) 
  basic_isa_instance/u_mem_wb_rd_wb_reg[3]/Q                                 -       CP->Q  R     DFCNQD4        2  7.1    64   286     286    (-,-) 
  basic_isa_instance/fopt86014/ZN                                            -       I->ZN  F     INVD4          5  9.1    36    42     328    (-,-) 
  basic_isa_instance/fopt86017/ZN                                            -       I->ZN  R     CKND2          1  1.7    24    29     356    (-,-) 
  basic_isa_instance/g86016/ZN                                               -       A1->ZN F     OAI22D2        1  2.1    55    44     400    (-,-) 
  basic_isa_instance/g86015/ZN                                               -       A2->ZN R     NR2D2          1  2.3    60    66     466    (-,-) 
  basic_isa_instance/g78591/ZN                                               -       A2->ZN F     ND2D2          1  3.9    54    59     525    (-,-) 
  basic_isa_instance/g78590/ZN                                               -       A1->ZN R     NR2XD3         3  9.3    64    60     585    (-,-) 
  basic_isa_instance/g78589/ZN                                               -       I->ZN  F     INVD3          2  4.4    31    37     622    (-,-) 
  basic_isa_instance/g143/ZN                                                 -       A1->ZN R     NR2XD2        15 18.5   136    96     719    (-,-) 
  basic_isa_instance/g81599/ZN                                               -       A1->ZN R     IOA21D2        2  2.6    47   134     853    (-,-) 
  basic_isa_instance/g72977/ZN                                               -       A1->ZN F     ND2D2          1  3.3    49    48     900    (-,-) 
  basic_isa_instance/g72963/ZN                                               -       B1->ZN R     IND2D4        12 14.9    69    61     961    (-,-) 
  basic_isa_instance/g72968/ZN                                               -       A1->ZN F     CKND2D2        1  1.6    39    42    1003    (-,-) 
  basic_isa_instance/g72965/ZN                                               -       A1->ZN R     ND2D2          2  3.5    44    40    1044    (-,-) 
  basic_isa_instance/g82658/ZN                                               -       A1->ZN F     ND2D2          4  5.2    63    56    1100    (-,-) 
  basic_isa_instance/g82662/ZN                                               -       A1->ZN R     OAI22D2        3  4.4   123    84    1184    (-,-) 
  basic_isa_instance/g82661/ZN                                               -       A1->ZN F     ND2D2          1  1.9    54    57    1241    (-,-) 
  basic_isa_instance/g75480/ZN                                               -       A2->ZN R     ND3D2          1  1.9    42    47    1288    (-,-) 
  basic_isa_instance/u_branch_add_95_52_Y_u_branch_add_94_43_cdnadd_80081/CO -       CI->CO R     FA1D2          3  3.8    62   106    1394    (-,-) 
  basic_isa_instance/g75445/ZN                                               -       A1->ZN F     ND2D2          1  1.4    37    41    1435    (-,-) 
  basic_isa_instance/g75444/ZN                                               -       A1->ZN R     CKND2D2        2  3.4    53    46    1481    (-,-) 
  basic_isa_instance/g398/ZN                                                 -       A1->ZN F     CKND2D2        1  1.6    34    38    1519    (-,-) 
  basic_isa_instance/g395/ZN                                                 -       A1->ZN R     ND2D2          1  1.9    37    32    1551    (-,-) 
  basic_isa_instance/u_branch_add_95_52_Y_u_branch_add_94_43_cdnadd_8/CO     -       CI->CO R     FA1D2          1  1.9    51    95    1646    (-,-) 
  basic_isa_instance/u_branch_add_95_52_Y_u_branch_add_94_43_cdnadd_84991/CO -       CI->CO R     FA1D2          1  1.9    51   100    1746    (-,-) 
  basic_isa_instance/u_branch_add_95_52_Y_u_branch_add_94_43_cdnadd_10/CO    -       CI->CO R     FA1D2          1  1.9    51   100    1846    (-,-) 
  basic_isa_instance/u_branch_add_95_52_Y_u_branch_add_94_43_cdnadd_11/CO    -       CI->CO R     FA1D2          1  1.9    51   100    1945    (-,-) 
  basic_isa_instance/u_branch_add_95_52_Y_u_branch_add_94_43_cdnadd_12/CO    -       CI->CO R     FA1D2          3  3.6    61   108    2053    (-,-) 
  basic_isa_instance/g86044/ZN                                               -       A1->ZN F     AOI21D2        1  2.9    55    56    2109    (-,-) 
  basic_isa_instance/g86043/ZN                                               -       I->ZN  R     INVD3          3  3.6    34    40    2149    (-,-) 
  basic_isa_instance/g137/ZN                                                 -       A1->ZN F     ND2D2          1  2.3    39    38    2187    (-,-) 
  basic_isa_instance/g135/ZN                                                 -       A1->ZN R     CKND2D3        3  3.6    46    42    2230    (-,-) 
  basic_isa_instance/g83120/ZN                                               -       A1->ZN F     ND2D2          1  1.4    33    37    2266    (-,-) 
  basic_isa_instance/g113/ZN                                                 -       A1->ZN R     CKND2D2        1  1.9    40    36    2303    (-,-) 
  basic_isa_instance/u_branch_add_95_52_Y_u_branch_add_94_43_cdnadd_79059/CO -       CI->CO R     FA1D2          3  4.9    68   110    2412    (-,-) 
  basic_isa_instance/g86072/ZN                                               -       A1->ZN F     AOI21D4        2  3.3    46    50    2462    (-,-) 
  basic_isa_instance/g86074/ZN                                               -       A1->ZN R     OAI21D2        2  3.2    83    72    2535    (-,-) 
  basic_isa_instance/g86077/ZN                                               -       A1->ZN F     CKND2D2        1  1.4    40    44    2579    (-,-) 
  basic_isa_instance/g83153/ZN                                               -       A1->ZN R     CKND2D2        3  3.9    57    49    2628    (-,-) 
  basic_isa_instance/g75492/ZN                                               -       B2->ZN F     IND3D2         1  1.4    61    58    2686    (-,-) 
  basic_isa_instance/g75491/ZN                                               -       A1->ZN R     CKND2D2        4  5.5    68    66    2752    (-,-) 
  basic_isa_instance/g75461/ZN                                               -       B2->ZN F     IND3D2         1  1.4    63    61    2812    (-,-) 
  basic_isa_instance/g75460/ZN                                               -       A1->ZN R     CKND2D2        5  6.3    75    70    2883    (-,-) 
  basic_isa_instance/g400/ZN                                                 -       A1->ZN F     ND2D2          1  3.1    52    54    2937    (-,-) 
  basic_isa_instance/g393/ZN                                                 -       A1->ZN R     CKND2D4        4  7.1    54    52    2990    (-,-) 
  basic_isa_instance/g642/ZN                                                 -       A1->ZN F     ND2D2          1  1.4    35    39    3029    (-,-) 
  basic_isa_instance/g641/ZN                                                 -       A1->ZN R     CKND2D2        4  4.6    61    51    3080    (-,-) 
  basic_isa_instance/g306/ZN                                                 -       A1->ZN F     ND2D2          2  3.1    49    50    3130    (-,-) 
  basic_isa_instance/g303/ZN                                                 -       A1->ZN R     CKND2D2        1  1.8    42    42    3172    (-,-) 
  basic_isa_instance/g302/ZN                                                 -       A1->ZN F     ND2D2          1  1.4    33    36    3208    (-,-) 
  basic_isa_instance/g298/ZN                                                 -       A1->ZN R     CKND2D2        2  4.4    61    49    3257    (-,-) 
  basic_isa_instance/g245/ZN                                                 -       I->ZN  F     CKND3          3  5.4    36    42    3299    (-,-) 
  basic_isa_instance/g76236/ZN                                               -       A1->ZN R     NR2D2          1  1.1    43    43    3342    (-,-) 
  basic_isa_instance/g87321/ZN                                               -       A1->ZN R     IND2D2         2  1.9    36    68    3410    (-,-) 
  basic_isa_instance/g35740/Z                                                -       A1->Z  R     AN2D2         16 14.4   119   140    3550    (-,-) 
  basic_isa_instance/u_if_u_btb_U_FILE_target_arr_reg[5][0][31]/D            -       -      R     DFCNQD2       16    -     -     0    3550    (-,-) 
#----------------------------------------------------------------------------------------------------------------------------------------------------



Path 11: VIOLATED (-1149 ps) Setup Check with Pin basic_isa_instance/u_if_u_btb_U_FILE_target_arr_reg[4][1][31]/CP->D
          Group: core_clk
     Startpoint: (R) basic_isa_instance/u_mem_wb_rd_wb_reg[3]/CP
          Clock: (R) core_clk
       Endpoint: (R) basic_isa_instance/u_if_u_btb_U_FILE_target_arr_reg[4][1][31]/D
          Clock: (R) core_clk

                     Capture       Launch     
        Clock Edge:+    2500            0     
       Src Latency:+       0            0     
       Net Latency:+       0 (I)        0 (I) 
           Arrival:=    2500            0     
                                              
             Setup:-      99                  
     Required Time:=    2401                  
      Launch Clock:-       0                  
         Data Path:-    3550                  
             Slack:=   -1149                  

#----------------------------------------------------------------------------------------------------------------------------------------------------
#                               Timing Point                                 Flags    Arc   Edge   Cell     Fanout Load Trans Delay Arrival Instance 
#                                                                                                                  (fF)  (ps)  (ps)   (ps)  Location 
#----------------------------------------------------------------------------------------------------------------------------------------------------
  basic_isa_instance/u_mem_wb_rd_wb_reg[3]/CP                                -       -      R     (arrival)    452    -     0     -       0    (-,-) 
  basic_isa_instance/u_mem_wb_rd_wb_reg[3]/Q                                 -       CP->Q  R     DFCNQD4        2  7.1    64   286     286    (-,-) 
  basic_isa_instance/fopt86014/ZN                                            -       I->ZN  F     INVD4          5  9.1    36    42     328    (-,-) 
  basic_isa_instance/fopt86017/ZN                                            -       I->ZN  R     CKND2          1  1.7    24    29     356    (-,-) 
  basic_isa_instance/g86016/ZN                                               -       A1->ZN F     OAI22D2        1  2.1    55    44     400    (-,-) 
  basic_isa_instance/g86015/ZN                                               -       A2->ZN R     NR2D2          1  2.3    60    66     466    (-,-) 
  basic_isa_instance/g78591/ZN                                               -       A2->ZN F     ND2D2          1  3.9    54    59     525    (-,-) 
  basic_isa_instance/g78590/ZN                                               -       A1->ZN R     NR2XD3         3  9.3    64    60     585    (-,-) 
  basic_isa_instance/g78589/ZN                                               -       I->ZN  F     INVD3          2  4.4    31    37     622    (-,-) 
  basic_isa_instance/g143/ZN                                                 -       A1->ZN R     NR2XD2        15 18.5   136    96     719    (-,-) 
  basic_isa_instance/g81599/ZN                                               -       A1->ZN R     IOA21D2        2  2.6    47   134     853    (-,-) 
  basic_isa_instance/g72977/ZN                                               -       A1->ZN F     ND2D2          1  3.3    49    48     900    (-,-) 
  basic_isa_instance/g72963/ZN                                               -       B1->ZN R     IND2D4        12 14.9    69    61     961    (-,-) 
  basic_isa_instance/g72968/ZN                                               -       A1->ZN F     CKND2D2        1  1.6    39    42    1003    (-,-) 
  basic_isa_instance/g72965/ZN                                               -       A1->ZN R     ND2D2          2  3.5    44    40    1044    (-,-) 
  basic_isa_instance/g82658/ZN                                               -       A1->ZN F     ND2D2          4  5.2    63    56    1100    (-,-) 
  basic_isa_instance/g82662/ZN                                               -       A1->ZN R     OAI22D2        3  4.4   123    84    1184    (-,-) 
  basic_isa_instance/g82661/ZN                                               -       A1->ZN F     ND2D2          1  1.9    54    57    1241    (-,-) 
  basic_isa_instance/g75480/ZN                                               -       A2->ZN R     ND3D2          1  1.9    42    47    1288    (-,-) 
  basic_isa_instance/u_branch_add_95_52_Y_u_branch_add_94_43_cdnadd_80081/CO -       CI->CO R     FA1D2          3  3.8    62   106    1394    (-,-) 
  basic_isa_instance/g75445/ZN                                               -       A1->ZN F     ND2D2          1  1.4    37    41    1435    (-,-) 
  basic_isa_instance/g75444/ZN                                               -       A1->ZN R     CKND2D2        2  3.4    53    46    1481    (-,-) 
  basic_isa_instance/g398/ZN                                                 -       A1->ZN F     CKND2D2        1  1.6    34    38    1519    (-,-) 
  basic_isa_instance/g395/ZN                                                 -       A1->ZN R     ND2D2          1  1.9    37    32    1551    (-,-) 
  basic_isa_instance/u_branch_add_95_52_Y_u_branch_add_94_43_cdnadd_8/CO     -       CI->CO R     FA1D2          1  1.9    51    95    1646    (-,-) 
  basic_isa_instance/u_branch_add_95_52_Y_u_branch_add_94_43_cdnadd_84991/CO -       CI->CO R     FA1D2          1  1.9    51   100    1746    (-,-) 
  basic_isa_instance/u_branch_add_95_52_Y_u_branch_add_94_43_cdnadd_10/CO    -       CI->CO R     FA1D2          1  1.9    51   100    1846    (-,-) 
  basic_isa_instance/u_branch_add_95_52_Y_u_branch_add_94_43_cdnadd_11/CO    -       CI->CO R     FA1D2          1  1.9    51   100    1945    (-,-) 
  basic_isa_instance/u_branch_add_95_52_Y_u_branch_add_94_43_cdnadd_12/CO    -       CI->CO R     FA1D2          3  3.6    61   108    2053    (-,-) 
  basic_isa_instance/g86044/ZN                                               -       A1->ZN F     AOI21D2        1  2.9    55    56    2109    (-,-) 
  basic_isa_instance/g86043/ZN                                               -       I->ZN  R     INVD3          3  3.6    34    40    2149    (-,-) 
  basic_isa_instance/g137/ZN                                                 -       A1->ZN F     ND2D2          1  2.3    39    38    2187    (-,-) 
  basic_isa_instance/g135/ZN                                                 -       A1->ZN R     CKND2D3        3  3.6    46    42    2230    (-,-) 
  basic_isa_instance/g83120/ZN                                               -       A1->ZN F     ND2D2          1  1.4    33    37    2266    (-,-) 
  basic_isa_instance/g113/ZN                                                 -       A1->ZN R     CKND2D2        1  1.9    40    36    2303    (-,-) 
  basic_isa_instance/u_branch_add_95_52_Y_u_branch_add_94_43_cdnadd_79059/CO -       CI->CO R     FA1D2          3  4.9    68   110    2412    (-,-) 
  basic_isa_instance/g86072/ZN                                               -       A1->ZN F     AOI21D4        2  3.3    46    50    2462    (-,-) 
  basic_isa_instance/g86074/ZN                                               -       A1->ZN R     OAI21D2        2  3.2    83    72    2535    (-,-) 
  basic_isa_instance/g86077/ZN                                               -       A1->ZN F     CKND2D2        1  1.4    40    44    2579    (-,-) 
  basic_isa_instance/g83153/ZN                                               -       A1->ZN R     CKND2D2        3  3.9    57    49    2628    (-,-) 
  basic_isa_instance/g75492/ZN                                               -       B2->ZN F     IND3D2         1  1.4    61    58    2686    (-,-) 
  basic_isa_instance/g75491/ZN                                               -       A1->ZN R     CKND2D2        4  5.5    68    66    2752    (-,-) 
  basic_isa_instance/g75461/ZN                                               -       B2->ZN F     IND3D2         1  1.4    63    61    2812    (-,-) 
  basic_isa_instance/g75460/ZN                                               -       A1->ZN R     CKND2D2        5  6.3    75    70    2883    (-,-) 
  basic_isa_instance/g400/ZN                                                 -       A1->ZN F     ND2D2          1  3.1    52    54    2937    (-,-) 
  basic_isa_instance/g393/ZN                                                 -       A1->ZN R     CKND2D4        4  7.1    54    52    2990    (-,-) 
  basic_isa_instance/g642/ZN                                                 -       A1->ZN F     ND2D2          1  1.4    35    39    3029    (-,-) 
  basic_isa_instance/g641/ZN                                                 -       A1->ZN R     CKND2D2        4  4.6    61    51    3080    (-,-) 
  basic_isa_instance/g306/ZN                                                 -       A1->ZN F     ND2D2          2  3.1    49    50    3130    (-,-) 
  basic_isa_instance/g303/ZN                                                 -       A1->ZN R     CKND2D2        1  1.8    42    42    3172    (-,-) 
  basic_isa_instance/g302/ZN                                                 -       A1->ZN F     ND2D2          1  1.4    33    36    3208    (-,-) 
  basic_isa_instance/g298/ZN                                                 -       A1->ZN R     CKND2D2        2  4.4    61    49    3257    (-,-) 
  basic_isa_instance/g245/ZN                                                 -       I->ZN  F     CKND3          3  5.4    36    42    3299    (-,-) 
  basic_isa_instance/g76236/ZN                                               -       A1->ZN R     NR2D2          1  1.1    43    43    3342    (-,-) 
  basic_isa_instance/g87321/ZN                                               -       A1->ZN R     IND2D2         2  1.9    36    68    3410    (-,-) 
  basic_isa_instance/g35740/Z                                                -       A1->Z  R     AN2D2         16 14.4   119   140    3550    (-,-) 
  basic_isa_instance/u_if_u_btb_U_FILE_target_arr_reg[4][1][31]/D            -       -      R     DFCNQD2       16    -     -     0    3550    (-,-) 
#----------------------------------------------------------------------------------------------------------------------------------------------------



Path 12: VIOLATED (-1149 ps) Setup Check with Pin basic_isa_instance/u_if_u_btb_U_FILE_target_arr_reg[4][0][31]/CP->D
          Group: core_clk
     Startpoint: (R) basic_isa_instance/u_mem_wb_rd_wb_reg[3]/CP
          Clock: (R) core_clk
       Endpoint: (R) basic_isa_instance/u_if_u_btb_U_FILE_target_arr_reg[4][0][31]/D
          Clock: (R) core_clk

                     Capture       Launch     
        Clock Edge:+    2500            0     
       Src Latency:+       0            0     
       Net Latency:+       0 (I)        0 (I) 
           Arrival:=    2500            0     
                                              
             Setup:-      99                  
     Required Time:=    2401                  
      Launch Clock:-       0                  
         Data Path:-    3550                  
             Slack:=   -1149                  

#----------------------------------------------------------------------------------------------------------------------------------------------------
#                               Timing Point                                 Flags    Arc   Edge   Cell     Fanout Load Trans Delay Arrival Instance 
#                                                                                                                  (fF)  (ps)  (ps)   (ps)  Location 
#----------------------------------------------------------------------------------------------------------------------------------------------------
  basic_isa_instance/u_mem_wb_rd_wb_reg[3]/CP                                -       -      R     (arrival)    452    -     0     -       0    (-,-) 
  basic_isa_instance/u_mem_wb_rd_wb_reg[3]/Q                                 -       CP->Q  R     DFCNQD4        2  7.1    64   286     286    (-,-) 
  basic_isa_instance/fopt86014/ZN                                            -       I->ZN  F     INVD4          5  9.1    36    42     328    (-,-) 
  basic_isa_instance/fopt86017/ZN                                            -       I->ZN  R     CKND2          1  1.7    24    29     356    (-,-) 
  basic_isa_instance/g86016/ZN                                               -       A1->ZN F     OAI22D2        1  2.1    55    44     400    (-,-) 
  basic_isa_instance/g86015/ZN                                               -       A2->ZN R     NR2D2          1  2.3    60    66     466    (-,-) 
  basic_isa_instance/g78591/ZN                                               -       A2->ZN F     ND2D2          1  3.9    54    59     525    (-,-) 
  basic_isa_instance/g78590/ZN                                               -       A1->ZN R     NR2XD3         3  9.3    64    60     585    (-,-) 
  basic_isa_instance/g78589/ZN                                               -       I->ZN  F     INVD3          2  4.4    31    37     622    (-,-) 
  basic_isa_instance/g143/ZN                                                 -       A1->ZN R     NR2XD2        15 18.5   136    96     719    (-,-) 
  basic_isa_instance/g81599/ZN                                               -       A1->ZN R     IOA21D2        2  2.6    47   134     853    (-,-) 
  basic_isa_instance/g72977/ZN                                               -       A1->ZN F     ND2D2          1  3.3    49    48     900    (-,-) 
  basic_isa_instance/g72963/ZN                                               -       B1->ZN R     IND2D4        12 14.9    69    61     961    (-,-) 
  basic_isa_instance/g72968/ZN                                               -       A1->ZN F     CKND2D2        1  1.6    39    42    1003    (-,-) 
  basic_isa_instance/g72965/ZN                                               -       A1->ZN R     ND2D2          2  3.5    44    40    1044    (-,-) 
  basic_isa_instance/g82658/ZN                                               -       A1->ZN F     ND2D2          4  5.2    63    56    1100    (-,-) 
  basic_isa_instance/g82662/ZN                                               -       A1->ZN R     OAI22D2        3  4.4   123    84    1184    (-,-) 
  basic_isa_instance/g82661/ZN                                               -       A1->ZN F     ND2D2          1  1.9    54    57    1241    (-,-) 
  basic_isa_instance/g75480/ZN                                               -       A2->ZN R     ND3D2          1  1.9    42    47    1288    (-,-) 
  basic_isa_instance/u_branch_add_95_52_Y_u_branch_add_94_43_cdnadd_80081/CO -       CI->CO R     FA1D2          3  3.8    62   106    1394    (-,-) 
  basic_isa_instance/g75445/ZN                                               -       A1->ZN F     ND2D2          1  1.4    37    41    1435    (-,-) 
  basic_isa_instance/g75444/ZN                                               -       A1->ZN R     CKND2D2        2  3.4    53    46    1481    (-,-) 
  basic_isa_instance/g398/ZN                                                 -       A1->ZN F     CKND2D2        1  1.6    34    38    1519    (-,-) 
  basic_isa_instance/g395/ZN                                                 -       A1->ZN R     ND2D2          1  1.9    37    32    1551    (-,-) 
  basic_isa_instance/u_branch_add_95_52_Y_u_branch_add_94_43_cdnadd_8/CO     -       CI->CO R     FA1D2          1  1.9    51    95    1646    (-,-) 
  basic_isa_instance/u_branch_add_95_52_Y_u_branch_add_94_43_cdnadd_84991/CO -       CI->CO R     FA1D2          1  1.9    51   100    1746    (-,-) 
  basic_isa_instance/u_branch_add_95_52_Y_u_branch_add_94_43_cdnadd_10/CO    -       CI->CO R     FA1D2          1  1.9    51   100    1846    (-,-) 
  basic_isa_instance/u_branch_add_95_52_Y_u_branch_add_94_43_cdnadd_11/CO    -       CI->CO R     FA1D2          1  1.9    51   100    1945    (-,-) 
  basic_isa_instance/u_branch_add_95_52_Y_u_branch_add_94_43_cdnadd_12/CO    -       CI->CO R     FA1D2          3  3.6    61   108    2053    (-,-) 
  basic_isa_instance/g86044/ZN                                               -       A1->ZN F     AOI21D2        1  2.9    55    56    2109    (-,-) 
  basic_isa_instance/g86043/ZN                                               -       I->ZN  R     INVD3          3  3.6    34    40    2149    (-,-) 
  basic_isa_instance/g137/ZN                                                 -       A1->ZN F     ND2D2          1  2.3    39    38    2187    (-,-) 
  basic_isa_instance/g135/ZN                                                 -       A1->ZN R     CKND2D3        3  3.6    46    42    2230    (-,-) 
  basic_isa_instance/g83120/ZN                                               -       A1->ZN F     ND2D2          1  1.4    33    37    2266    (-,-) 
  basic_isa_instance/g113/ZN                                                 -       A1->ZN R     CKND2D2        1  1.9    40    36    2303    (-,-) 
  basic_isa_instance/u_branch_add_95_52_Y_u_branch_add_94_43_cdnadd_79059/CO -       CI->CO R     FA1D2          3  4.9    68   110    2412    (-,-) 
  basic_isa_instance/g86072/ZN                                               -       A1->ZN F     AOI21D4        2  3.3    46    50    2462    (-,-) 
  basic_isa_instance/g86074/ZN                                               -       A1->ZN R     OAI21D2        2  3.2    83    72    2535    (-,-) 
  basic_isa_instance/g86077/ZN                                               -       A1->ZN F     CKND2D2        1  1.4    40    44    2579    (-,-) 
  basic_isa_instance/g83153/ZN                                               -       A1->ZN R     CKND2D2        3  3.9    57    49    2628    (-,-) 
  basic_isa_instance/g75492/ZN                                               -       B2->ZN F     IND3D2         1  1.4    61    58    2686    (-,-) 
  basic_isa_instance/g75491/ZN                                               -       A1->ZN R     CKND2D2        4  5.5    68    66    2752    (-,-) 
  basic_isa_instance/g75461/ZN                                               -       B2->ZN F     IND3D2         1  1.4    63    61    2812    (-,-) 
  basic_isa_instance/g75460/ZN                                               -       A1->ZN R     CKND2D2        5  6.3    75    70    2883    (-,-) 
  basic_isa_instance/g400/ZN                                                 -       A1->ZN F     ND2D2          1  3.1    52    54    2937    (-,-) 
  basic_isa_instance/g393/ZN                                                 -       A1->ZN R     CKND2D4        4  7.1    54    52    2990    (-,-) 
  basic_isa_instance/g642/ZN                                                 -       A1->ZN F     ND2D2          1  1.4    35    39    3029    (-,-) 
  basic_isa_instance/g641/ZN                                                 -       A1->ZN R     CKND2D2        4  4.6    61    51    3080    (-,-) 
  basic_isa_instance/g306/ZN                                                 -       A1->ZN F     ND2D2          2  3.1    49    50    3130    (-,-) 
  basic_isa_instance/g303/ZN                                                 -       A1->ZN R     CKND2D2        1  1.8    42    42    3172    (-,-) 
  basic_isa_instance/g302/ZN                                                 -       A1->ZN F     ND2D2          1  1.4    33    36    3208    (-,-) 
  basic_isa_instance/g298/ZN                                                 -       A1->ZN R     CKND2D2        2  4.4    61    49    3257    (-,-) 
  basic_isa_instance/g245/ZN                                                 -       I->ZN  F     CKND3          3  5.4    36    42    3299    (-,-) 
  basic_isa_instance/g76236/ZN                                               -       A1->ZN R     NR2D2          1  1.1    43    43    3342    (-,-) 
  basic_isa_instance/g87321/ZN                                               -       A1->ZN R     IND2D2         2  1.9    36    68    3410    (-,-) 
  basic_isa_instance/g35740/Z                                                -       A1->Z  R     AN2D2         16 14.4   119   140    3550    (-,-) 
  basic_isa_instance/u_if_u_btb_U_FILE_target_arr_reg[4][0][31]/D            -       -      R     DFCNQD2       16    -     -     0    3550    (-,-) 
#----------------------------------------------------------------------------------------------------------------------------------------------------



Path 13: VIOLATED (-1149 ps) Setup Check with Pin basic_isa_instance/u_if_u_btb_U_FILE_target_arr_reg[3][1][31]/CP->D
          Group: core_clk
     Startpoint: (R) basic_isa_instance/u_mem_wb_rd_wb_reg[3]/CP
          Clock: (R) core_clk
       Endpoint: (R) basic_isa_instance/u_if_u_btb_U_FILE_target_arr_reg[3][1][31]/D
          Clock: (R) core_clk

                     Capture       Launch     
        Clock Edge:+    2500            0     
       Src Latency:+       0            0     
       Net Latency:+       0 (I)        0 (I) 
           Arrival:=    2500            0     
                                              
             Setup:-      99                  
     Required Time:=    2401                  
      Launch Clock:-       0                  
         Data Path:-    3550                  
             Slack:=   -1149                  

#----------------------------------------------------------------------------------------------------------------------------------------------------
#                               Timing Point                                 Flags    Arc   Edge   Cell     Fanout Load Trans Delay Arrival Instance 
#                                                                                                                  (fF)  (ps)  (ps)   (ps)  Location 
#----------------------------------------------------------------------------------------------------------------------------------------------------
  basic_isa_instance/u_mem_wb_rd_wb_reg[3]/CP                                -       -      R     (arrival)    452    -     0     -       0    (-,-) 
  basic_isa_instance/u_mem_wb_rd_wb_reg[3]/Q                                 -       CP->Q  R     DFCNQD4        2  7.1    64   286     286    (-,-) 
  basic_isa_instance/fopt86014/ZN                                            -       I->ZN  F     INVD4          5  9.1    36    42     328    (-,-) 
  basic_isa_instance/fopt86017/ZN                                            -       I->ZN  R     CKND2          1  1.7    24    29     356    (-,-) 
  basic_isa_instance/g86016/ZN                                               -       A1->ZN F     OAI22D2        1  2.1    55    44     400    (-,-) 
  basic_isa_instance/g86015/ZN                                               -       A2->ZN R     NR2D2          1  2.3    60    66     466    (-,-) 
  basic_isa_instance/g78591/ZN                                               -       A2->ZN F     ND2D2          1  3.9    54    59     525    (-,-) 
  basic_isa_instance/g78590/ZN                                               -       A1->ZN R     NR2XD3         3  9.3    64    60     585    (-,-) 
  basic_isa_instance/g78589/ZN                                               -       I->ZN  F     INVD3          2  4.4    31    37     622    (-,-) 
  basic_isa_instance/g143/ZN                                                 -       A1->ZN R     NR2XD2        15 18.5   136    96     719    (-,-) 
  basic_isa_instance/g81599/ZN                                               -       A1->ZN R     IOA21D2        2  2.6    47   134     853    (-,-) 
  basic_isa_instance/g72977/ZN                                               -       A1->ZN F     ND2D2          1  3.3    49    48     900    (-,-) 
  basic_isa_instance/g72963/ZN                                               -       B1->ZN R     IND2D4        12 14.9    69    61     961    (-,-) 
  basic_isa_instance/g72968/ZN                                               -       A1->ZN F     CKND2D2        1  1.6    39    42    1003    (-,-) 
  basic_isa_instance/g72965/ZN                                               -       A1->ZN R     ND2D2          2  3.5    44    40    1044    (-,-) 
  basic_isa_instance/g82658/ZN                                               -       A1->ZN F     ND2D2          4  5.2    63    56    1100    (-,-) 
  basic_isa_instance/g82662/ZN                                               -       A1->ZN R     OAI22D2        3  4.4   123    84    1184    (-,-) 
  basic_isa_instance/g82661/ZN                                               -       A1->ZN F     ND2D2          1  1.9    54    57    1241    (-,-) 
  basic_isa_instance/g75480/ZN                                               -       A2->ZN R     ND3D2          1  1.9    42    47    1288    (-,-) 
  basic_isa_instance/u_branch_add_95_52_Y_u_branch_add_94_43_cdnadd_80081/CO -       CI->CO R     FA1D2          3  3.8    62   106    1394    (-,-) 
  basic_isa_instance/g75445/ZN                                               -       A1->ZN F     ND2D2          1  1.4    37    41    1435    (-,-) 
  basic_isa_instance/g75444/ZN                                               -       A1->ZN R     CKND2D2        2  3.4    53    46    1481    (-,-) 
  basic_isa_instance/g398/ZN                                                 -       A1->ZN F     CKND2D2        1  1.6    34    38    1519    (-,-) 
  basic_isa_instance/g395/ZN                                                 -       A1->ZN R     ND2D2          1  1.9    37    32    1551    (-,-) 
  basic_isa_instance/u_branch_add_95_52_Y_u_branch_add_94_43_cdnadd_8/CO     -       CI->CO R     FA1D2          1  1.9    51    95    1646    (-,-) 
  basic_isa_instance/u_branch_add_95_52_Y_u_branch_add_94_43_cdnadd_84991/CO -       CI->CO R     FA1D2          1  1.9    51   100    1746    (-,-) 
  basic_isa_instance/u_branch_add_95_52_Y_u_branch_add_94_43_cdnadd_10/CO    -       CI->CO R     FA1D2          1  1.9    51   100    1846    (-,-) 
  basic_isa_instance/u_branch_add_95_52_Y_u_branch_add_94_43_cdnadd_11/CO    -       CI->CO R     FA1D2          1  1.9    51   100    1945    (-,-) 
  basic_isa_instance/u_branch_add_95_52_Y_u_branch_add_94_43_cdnadd_12/CO    -       CI->CO R     FA1D2          3  3.6    61   108    2053    (-,-) 
  basic_isa_instance/g86044/ZN                                               -       A1->ZN F     AOI21D2        1  2.9    55    56    2109    (-,-) 
  basic_isa_instance/g86043/ZN                                               -       I->ZN  R     INVD3          3  3.6    34    40    2149    (-,-) 
  basic_isa_instance/g137/ZN                                                 -       A1->ZN F     ND2D2          1  2.3    39    38    2187    (-,-) 
  basic_isa_instance/g135/ZN                                                 -       A1->ZN R     CKND2D3        3  3.6    46    42    2230    (-,-) 
  basic_isa_instance/g83120/ZN                                               -       A1->ZN F     ND2D2          1  1.4    33    37    2266    (-,-) 
  basic_isa_instance/g113/ZN                                                 -       A1->ZN R     CKND2D2        1  1.9    40    36    2303    (-,-) 
  basic_isa_instance/u_branch_add_95_52_Y_u_branch_add_94_43_cdnadd_79059/CO -       CI->CO R     FA1D2          3  4.9    68   110    2412    (-,-) 
  basic_isa_instance/g86072/ZN                                               -       A1->ZN F     AOI21D4        2  3.3    46    50    2462    (-,-) 
  basic_isa_instance/g86074/ZN                                               -       A1->ZN R     OAI21D2        2  3.2    83    72    2535    (-,-) 
  basic_isa_instance/g86077/ZN                                               -       A1->ZN F     CKND2D2        1  1.4    40    44    2579    (-,-) 
  basic_isa_instance/g83153/ZN                                               -       A1->ZN R     CKND2D2        3  3.9    57    49    2628    (-,-) 
  basic_isa_instance/g75492/ZN                                               -       B2->ZN F     IND3D2         1  1.4    61    58    2686    (-,-) 
  basic_isa_instance/g75491/ZN                                               -       A1->ZN R     CKND2D2        4  5.5    68    66    2752    (-,-) 
  basic_isa_instance/g75461/ZN                                               -       B2->ZN F     IND3D2         1  1.4    63    61    2812    (-,-) 
  basic_isa_instance/g75460/ZN                                               -       A1->ZN R     CKND2D2        5  6.3    75    70    2883    (-,-) 
  basic_isa_instance/g400/ZN                                                 -       A1->ZN F     ND2D2          1  3.1    52    54    2937    (-,-) 
  basic_isa_instance/g393/ZN                                                 -       A1->ZN R     CKND2D4        4  7.1    54    52    2990    (-,-) 
  basic_isa_instance/g642/ZN                                                 -       A1->ZN F     ND2D2          1  1.4    35    39    3029    (-,-) 
  basic_isa_instance/g641/ZN                                                 -       A1->ZN R     CKND2D2        4  4.6    61    51    3080    (-,-) 
  basic_isa_instance/g306/ZN                                                 -       A1->ZN F     ND2D2          2  3.1    49    50    3130    (-,-) 
  basic_isa_instance/g303/ZN                                                 -       A1->ZN R     CKND2D2        1  1.8    42    42    3172    (-,-) 
  basic_isa_instance/g302/ZN                                                 -       A1->ZN F     ND2D2          1  1.4    33    36    3208    (-,-) 
  basic_isa_instance/g298/ZN                                                 -       A1->ZN R     CKND2D2        2  4.4    61    49    3257    (-,-) 
  basic_isa_instance/g245/ZN                                                 -       I->ZN  F     CKND3          3  5.4    36    42    3299    (-,-) 
  basic_isa_instance/g76236/ZN                                               -       A1->ZN R     NR2D2          1  1.1    43    43    3342    (-,-) 
  basic_isa_instance/g87321/ZN                                               -       A1->ZN R     IND2D2         2  1.9    36    68    3410    (-,-) 
  basic_isa_instance/g35740/Z                                                -       A1->Z  R     AN2D2         16 14.4   119   140    3550    (-,-) 
  basic_isa_instance/u_if_u_btb_U_FILE_target_arr_reg[3][1][31]/D            -       -      R     DFCNQD2       16    -     -     0    3550    (-,-) 
#----------------------------------------------------------------------------------------------------------------------------------------------------



Path 14: VIOLATED (-1149 ps) Setup Check with Pin basic_isa_instance/u_if_u_btb_U_FILE_target_arr_reg[3][0][31]/CP->D
          Group: core_clk
     Startpoint: (R) basic_isa_instance/u_mem_wb_rd_wb_reg[3]/CP
          Clock: (R) core_clk
       Endpoint: (R) basic_isa_instance/u_if_u_btb_U_FILE_target_arr_reg[3][0][31]/D
          Clock: (R) core_clk

                     Capture       Launch     
        Clock Edge:+    2500            0     
       Src Latency:+       0            0     
       Net Latency:+       0 (I)        0 (I) 
           Arrival:=    2500            0     
                                              
             Setup:-      99                  
     Required Time:=    2401                  
      Launch Clock:-       0                  
         Data Path:-    3550                  
             Slack:=   -1149                  

#----------------------------------------------------------------------------------------------------------------------------------------------------
#                               Timing Point                                 Flags    Arc   Edge   Cell     Fanout Load Trans Delay Arrival Instance 
#                                                                                                                  (fF)  (ps)  (ps)   (ps)  Location 
#----------------------------------------------------------------------------------------------------------------------------------------------------
  basic_isa_instance/u_mem_wb_rd_wb_reg[3]/CP                                -       -      R     (arrival)    452    -     0     -       0    (-,-) 
  basic_isa_instance/u_mem_wb_rd_wb_reg[3]/Q                                 -       CP->Q  R     DFCNQD4        2  7.1    64   286     286    (-,-) 
  basic_isa_instance/fopt86014/ZN                                            -       I->ZN  F     INVD4          5  9.1    36    42     328    (-,-) 
  basic_isa_instance/fopt86017/ZN                                            -       I->ZN  R     CKND2          1  1.7    24    29     356    (-,-) 
  basic_isa_instance/g86016/ZN                                               -       A1->ZN F     OAI22D2        1  2.1    55    44     400    (-,-) 
  basic_isa_instance/g86015/ZN                                               -       A2->ZN R     NR2D2          1  2.3    60    66     466    (-,-) 
  basic_isa_instance/g78591/ZN                                               -       A2->ZN F     ND2D2          1  3.9    54    59     525    (-,-) 
  basic_isa_instance/g78590/ZN                                               -       A1->ZN R     NR2XD3         3  9.3    64    60     585    (-,-) 
  basic_isa_instance/g78589/ZN                                               -       I->ZN  F     INVD3          2  4.4    31    37     622    (-,-) 
  basic_isa_instance/g143/ZN                                                 -       A1->ZN R     NR2XD2        15 18.5   136    96     719    (-,-) 
  basic_isa_instance/g81599/ZN                                               -       A1->ZN R     IOA21D2        2  2.6    47   134     853    (-,-) 
  basic_isa_instance/g72977/ZN                                               -       A1->ZN F     ND2D2          1  3.3    49    48     900    (-,-) 
  basic_isa_instance/g72963/ZN                                               -       B1->ZN R     IND2D4        12 14.9    69    61     961    (-,-) 
  basic_isa_instance/g72968/ZN                                               -       A1->ZN F     CKND2D2        1  1.6    39    42    1003    (-,-) 
  basic_isa_instance/g72965/ZN                                               -       A1->ZN R     ND2D2          2  3.5    44    40    1044    (-,-) 
  basic_isa_instance/g82658/ZN                                               -       A1->ZN F     ND2D2          4  5.2    63    56    1100    (-,-) 
  basic_isa_instance/g82662/ZN                                               -       A1->ZN R     OAI22D2        3  4.4   123    84    1184    (-,-) 
  basic_isa_instance/g82661/ZN                                               -       A1->ZN F     ND2D2          1  1.9    54    57    1241    (-,-) 
  basic_isa_instance/g75480/ZN                                               -       A2->ZN R     ND3D2          1  1.9    42    47    1288    (-,-) 
  basic_isa_instance/u_branch_add_95_52_Y_u_branch_add_94_43_cdnadd_80081/CO -       CI->CO R     FA1D2          3  3.8    62   106    1394    (-,-) 
  basic_isa_instance/g75445/ZN                                               -       A1->ZN F     ND2D2          1  1.4    37    41    1435    (-,-) 
  basic_isa_instance/g75444/ZN                                               -       A1->ZN R     CKND2D2        2  3.4    53    46    1481    (-,-) 
  basic_isa_instance/g398/ZN                                                 -       A1->ZN F     CKND2D2        1  1.6    34    38    1519    (-,-) 
  basic_isa_instance/g395/ZN                                                 -       A1->ZN R     ND2D2          1  1.9    37    32    1551    (-,-) 
  basic_isa_instance/u_branch_add_95_52_Y_u_branch_add_94_43_cdnadd_8/CO     -       CI->CO R     FA1D2          1  1.9    51    95    1646    (-,-) 
  basic_isa_instance/u_branch_add_95_52_Y_u_branch_add_94_43_cdnadd_84991/CO -       CI->CO R     FA1D2          1  1.9    51   100    1746    (-,-) 
  basic_isa_instance/u_branch_add_95_52_Y_u_branch_add_94_43_cdnadd_10/CO    -       CI->CO R     FA1D2          1  1.9    51   100    1846    (-,-) 
  basic_isa_instance/u_branch_add_95_52_Y_u_branch_add_94_43_cdnadd_11/CO    -       CI->CO R     FA1D2          1  1.9    51   100    1945    (-,-) 
  basic_isa_instance/u_branch_add_95_52_Y_u_branch_add_94_43_cdnadd_12/CO    -       CI->CO R     FA1D2          3  3.6    61   108    2053    (-,-) 
  basic_isa_instance/g86044/ZN                                               -       A1->ZN F     AOI21D2        1  2.9    55    56    2109    (-,-) 
  basic_isa_instance/g86043/ZN                                               -       I->ZN  R     INVD3          3  3.6    34    40    2149    (-,-) 
  basic_isa_instance/g137/ZN                                                 -       A1->ZN F     ND2D2          1  2.3    39    38    2187    (-,-) 
  basic_isa_instance/g135/ZN                                                 -       A1->ZN R     CKND2D3        3  3.6    46    42    2230    (-,-) 
  basic_isa_instance/g83120/ZN                                               -       A1->ZN F     ND2D2          1  1.4    33    37    2266    (-,-) 
  basic_isa_instance/g113/ZN                                                 -       A1->ZN R     CKND2D2        1  1.9    40    36    2303    (-,-) 
  basic_isa_instance/u_branch_add_95_52_Y_u_branch_add_94_43_cdnadd_79059/CO -       CI->CO R     FA1D2          3  4.9    68   110    2412    (-,-) 
  basic_isa_instance/g86072/ZN                                               -       A1->ZN F     AOI21D4        2  3.3    46    50    2462    (-,-) 
  basic_isa_instance/g86074/ZN                                               -       A1->ZN R     OAI21D2        2  3.2    83    72    2535    (-,-) 
  basic_isa_instance/g86077/ZN                                               -       A1->ZN F     CKND2D2        1  1.4    40    44    2579    (-,-) 
  basic_isa_instance/g83153/ZN                                               -       A1->ZN R     CKND2D2        3  3.9    57    49    2628    (-,-) 
  basic_isa_instance/g75492/ZN                                               -       B2->ZN F     IND3D2         1  1.4    61    58    2686    (-,-) 
  basic_isa_instance/g75491/ZN                                               -       A1->ZN R     CKND2D2        4  5.5    68    66    2752    (-,-) 
  basic_isa_instance/g75461/ZN                                               -       B2->ZN F     IND3D2         1  1.4    63    61    2812    (-,-) 
  basic_isa_instance/g75460/ZN                                               -       A1->ZN R     CKND2D2        5  6.3    75    70    2883    (-,-) 
  basic_isa_instance/g400/ZN                                                 -       A1->ZN F     ND2D2          1  3.1    52    54    2937    (-,-) 
  basic_isa_instance/g393/ZN                                                 -       A1->ZN R     CKND2D4        4  7.1    54    52    2990    (-,-) 
  basic_isa_instance/g642/ZN                                                 -       A1->ZN F     ND2D2          1  1.4    35    39    3029    (-,-) 
  basic_isa_instance/g641/ZN                                                 -       A1->ZN R     CKND2D2        4  4.6    61    51    3080    (-,-) 
  basic_isa_instance/g306/ZN                                                 -       A1->ZN F     ND2D2          2  3.1    49    50    3130    (-,-) 
  basic_isa_instance/g303/ZN                                                 -       A1->ZN R     CKND2D2        1  1.8    42    42    3172    (-,-) 
  basic_isa_instance/g302/ZN                                                 -       A1->ZN F     ND2D2          1  1.4    33    36    3208    (-,-) 
  basic_isa_instance/g298/ZN                                                 -       A1->ZN R     CKND2D2        2  4.4    61    49    3257    (-,-) 
  basic_isa_instance/g245/ZN                                                 -       I->ZN  F     CKND3          3  5.4    36    42    3299    (-,-) 
  basic_isa_instance/g76236/ZN                                               -       A1->ZN R     NR2D2          1  1.1    43    43    3342    (-,-) 
  basic_isa_instance/g87321/ZN                                               -       A1->ZN R     IND2D2         2  1.9    36    68    3410    (-,-) 
  basic_isa_instance/g35740/Z                                                -       A1->Z  R     AN2D2         16 14.4   119   140    3550    (-,-) 
  basic_isa_instance/u_if_u_btb_U_FILE_target_arr_reg[3][0][31]/D            -       -      R     DFCNQD2       16    -     -     0    3550    (-,-) 
#----------------------------------------------------------------------------------------------------------------------------------------------------



Path 15: VIOLATED (-1149 ps) Setup Check with Pin basic_isa_instance/u_if_u_btb_U_FILE_target_arr_reg[2][1][31]/CP->D
          Group: core_clk
     Startpoint: (R) basic_isa_instance/u_mem_wb_rd_wb_reg[3]/CP
          Clock: (R) core_clk
       Endpoint: (R) basic_isa_instance/u_if_u_btb_U_FILE_target_arr_reg[2][1][31]/D
          Clock: (R) core_clk

                     Capture       Launch     
        Clock Edge:+    2500            0     
       Src Latency:+       0            0     
       Net Latency:+       0 (I)        0 (I) 
           Arrival:=    2500            0     
                                              
             Setup:-      99                  
     Required Time:=    2401                  
      Launch Clock:-       0                  
         Data Path:-    3550                  
             Slack:=   -1149                  

#----------------------------------------------------------------------------------------------------------------------------------------------------
#                               Timing Point                                 Flags    Arc   Edge   Cell     Fanout Load Trans Delay Arrival Instance 
#                                                                                                                  (fF)  (ps)  (ps)   (ps)  Location 
#----------------------------------------------------------------------------------------------------------------------------------------------------
  basic_isa_instance/u_mem_wb_rd_wb_reg[3]/CP                                -       -      R     (arrival)    452    -     0     -       0    (-,-) 
  basic_isa_instance/u_mem_wb_rd_wb_reg[3]/Q                                 -       CP->Q  R     DFCNQD4        2  7.1    64   286     286    (-,-) 
  basic_isa_instance/fopt86014/ZN                                            -       I->ZN  F     INVD4          5  9.1    36    42     328    (-,-) 
  basic_isa_instance/fopt86017/ZN                                            -       I->ZN  R     CKND2          1  1.7    24    29     356    (-,-) 
  basic_isa_instance/g86016/ZN                                               -       A1->ZN F     OAI22D2        1  2.1    55    44     400    (-,-) 
  basic_isa_instance/g86015/ZN                                               -       A2->ZN R     NR2D2          1  2.3    60    66     466    (-,-) 
  basic_isa_instance/g78591/ZN                                               -       A2->ZN F     ND2D2          1  3.9    54    59     525    (-,-) 
  basic_isa_instance/g78590/ZN                                               -       A1->ZN R     NR2XD3         3  9.3    64    60     585    (-,-) 
  basic_isa_instance/g78589/ZN                                               -       I->ZN  F     INVD3          2  4.4    31    37     622    (-,-) 
  basic_isa_instance/g143/ZN                                                 -       A1->ZN R     NR2XD2        15 18.5   136    96     719    (-,-) 
  basic_isa_instance/g81599/ZN                                               -       A1->ZN R     IOA21D2        2  2.6    47   134     853    (-,-) 
  basic_isa_instance/g72977/ZN                                               -       A1->ZN F     ND2D2          1  3.3    49    48     900    (-,-) 
  basic_isa_instance/g72963/ZN                                               -       B1->ZN R     IND2D4        12 14.9    69    61     961    (-,-) 
  basic_isa_instance/g72968/ZN                                               -       A1->ZN F     CKND2D2        1  1.6    39    42    1003    (-,-) 
  basic_isa_instance/g72965/ZN                                               -       A1->ZN R     ND2D2          2  3.5    44    40    1044    (-,-) 
  basic_isa_instance/g82658/ZN                                               -       A1->ZN F     ND2D2          4  5.2    63    56    1100    (-,-) 
  basic_isa_instance/g82662/ZN                                               -       A1->ZN R     OAI22D2        3  4.4   123    84    1184    (-,-) 
  basic_isa_instance/g82661/ZN                                               -       A1->ZN F     ND2D2          1  1.9    54    57    1241    (-,-) 
  basic_isa_instance/g75480/ZN                                               -       A2->ZN R     ND3D2          1  1.9    42    47    1288    (-,-) 
  basic_isa_instance/u_branch_add_95_52_Y_u_branch_add_94_43_cdnadd_80081/CO -       CI->CO R     FA1D2          3  3.8    62   106    1394    (-,-) 
  basic_isa_instance/g75445/ZN                                               -       A1->ZN F     ND2D2          1  1.4    37    41    1435    (-,-) 
  basic_isa_instance/g75444/ZN                                               -       A1->ZN R     CKND2D2        2  3.4    53    46    1481    (-,-) 
  basic_isa_instance/g398/ZN                                                 -       A1->ZN F     CKND2D2        1  1.6    34    38    1519    (-,-) 
  basic_isa_instance/g395/ZN                                                 -       A1->ZN R     ND2D2          1  1.9    37    32    1551    (-,-) 
  basic_isa_instance/u_branch_add_95_52_Y_u_branch_add_94_43_cdnadd_8/CO     -       CI->CO R     FA1D2          1  1.9    51    95    1646    (-,-) 
  basic_isa_instance/u_branch_add_95_52_Y_u_branch_add_94_43_cdnadd_84991/CO -       CI->CO R     FA1D2          1  1.9    51   100    1746    (-,-) 
  basic_isa_instance/u_branch_add_95_52_Y_u_branch_add_94_43_cdnadd_10/CO    -       CI->CO R     FA1D2          1  1.9    51   100    1846    (-,-) 
  basic_isa_instance/u_branch_add_95_52_Y_u_branch_add_94_43_cdnadd_11/CO    -       CI->CO R     FA1D2          1  1.9    51   100    1945    (-,-) 
  basic_isa_instance/u_branch_add_95_52_Y_u_branch_add_94_43_cdnadd_12/CO    -       CI->CO R     FA1D2          3  3.6    61   108    2053    (-,-) 
  basic_isa_instance/g86044/ZN                                               -       A1->ZN F     AOI21D2        1  2.9    55    56    2109    (-,-) 
  basic_isa_instance/g86043/ZN                                               -       I->ZN  R     INVD3          3  3.6    34    40    2149    (-,-) 
  basic_isa_instance/g137/ZN                                                 -       A1->ZN F     ND2D2          1  2.3    39    38    2187    (-,-) 
  basic_isa_instance/g135/ZN                                                 -       A1->ZN R     CKND2D3        3  3.6    46    42    2230    (-,-) 
  basic_isa_instance/g83120/ZN                                               -       A1->ZN F     ND2D2          1  1.4    33    37    2266    (-,-) 
  basic_isa_instance/g113/ZN                                                 -       A1->ZN R     CKND2D2        1  1.9    40    36    2303    (-,-) 
  basic_isa_instance/u_branch_add_95_52_Y_u_branch_add_94_43_cdnadd_79059/CO -       CI->CO R     FA1D2          3  4.9    68   110    2412    (-,-) 
  basic_isa_instance/g86072/ZN                                               -       A1->ZN F     AOI21D4        2  3.3    46    50    2462    (-,-) 
  basic_isa_instance/g86074/ZN                                               -       A1->ZN R     OAI21D2        2  3.2    83    72    2535    (-,-) 
  basic_isa_instance/g86077/ZN                                               -       A1->ZN F     CKND2D2        1  1.4    40    44    2579    (-,-) 
  basic_isa_instance/g83153/ZN                                               -       A1->ZN R     CKND2D2        3  3.9    57    49    2628    (-,-) 
  basic_isa_instance/g75492/ZN                                               -       B2->ZN F     IND3D2         1  1.4    61    58    2686    (-,-) 
  basic_isa_instance/g75491/ZN                                               -       A1->ZN R     CKND2D2        4  5.5    68    66    2752    (-,-) 
  basic_isa_instance/g75461/ZN                                               -       B2->ZN F     IND3D2         1  1.4    63    61    2812    (-,-) 
  basic_isa_instance/g75460/ZN                                               -       A1->ZN R     CKND2D2        5  6.3    75    70    2883    (-,-) 
  basic_isa_instance/g400/ZN                                                 -       A1->ZN F     ND2D2          1  3.1    52    54    2937    (-,-) 
  basic_isa_instance/g393/ZN                                                 -       A1->ZN R     CKND2D4        4  7.1    54    52    2990    (-,-) 
  basic_isa_instance/g642/ZN                                                 -       A1->ZN F     ND2D2          1  1.4    35    39    3029    (-,-) 
  basic_isa_instance/g641/ZN                                                 -       A1->ZN R     CKND2D2        4  4.6    61    51    3080    (-,-) 
  basic_isa_instance/g306/ZN                                                 -       A1->ZN F     ND2D2          2  3.1    49    50    3130    (-,-) 
  basic_isa_instance/g303/ZN                                                 -       A1->ZN R     CKND2D2        1  1.8    42    42    3172    (-,-) 
  basic_isa_instance/g302/ZN                                                 -       A1->ZN F     ND2D2          1  1.4    33    36    3208    (-,-) 
  basic_isa_instance/g298/ZN                                                 -       A1->ZN R     CKND2D2        2  4.4    61    49    3257    (-,-) 
  basic_isa_instance/g245/ZN                                                 -       I->ZN  F     CKND3          3  5.4    36    42    3299    (-,-) 
  basic_isa_instance/g76236/ZN                                               -       A1->ZN R     NR2D2          1  1.1    43    43    3342    (-,-) 
  basic_isa_instance/g87321/ZN                                               -       A1->ZN R     IND2D2         2  1.9    36    68    3410    (-,-) 
  basic_isa_instance/g35740/Z                                                -       A1->Z  R     AN2D2         16 14.4   119   140    3550    (-,-) 
  basic_isa_instance/u_if_u_btb_U_FILE_target_arr_reg[2][1][31]/D            -       -      R     DFCNQD2       16    -     -     0    3550    (-,-) 
#----------------------------------------------------------------------------------------------------------------------------------------------------



Path 16: VIOLATED (-1149 ps) Setup Check with Pin basic_isa_instance/u_if_u_btb_U_FILE_target_arr_reg[2][0][31]/CP->D
          Group: core_clk
     Startpoint: (R) basic_isa_instance/u_mem_wb_rd_wb_reg[3]/CP
          Clock: (R) core_clk
       Endpoint: (R) basic_isa_instance/u_if_u_btb_U_FILE_target_arr_reg[2][0][31]/D
          Clock: (R) core_clk

                     Capture       Launch     
        Clock Edge:+    2500            0     
       Src Latency:+       0            0     
       Net Latency:+       0 (I)        0 (I) 
           Arrival:=    2500            0     
                                              
             Setup:-      99                  
     Required Time:=    2401                  
      Launch Clock:-       0                  
         Data Path:-    3550                  
             Slack:=   -1149                  

#----------------------------------------------------------------------------------------------------------------------------------------------------
#                               Timing Point                                 Flags    Arc   Edge   Cell     Fanout Load Trans Delay Arrival Instance 
#                                                                                                                  (fF)  (ps)  (ps)   (ps)  Location 
#----------------------------------------------------------------------------------------------------------------------------------------------------
  basic_isa_instance/u_mem_wb_rd_wb_reg[3]/CP                                -       -      R     (arrival)    452    -     0     -       0    (-,-) 
  basic_isa_instance/u_mem_wb_rd_wb_reg[3]/Q                                 -       CP->Q  R     DFCNQD4        2  7.1    64   286     286    (-,-) 
  basic_isa_instance/fopt86014/ZN                                            -       I->ZN  F     INVD4          5  9.1    36    42     328    (-,-) 
  basic_isa_instance/fopt86017/ZN                                            -       I->ZN  R     CKND2          1  1.7    24    29     356    (-,-) 
  basic_isa_instance/g86016/ZN                                               -       A1->ZN F     OAI22D2        1  2.1    55    44     400    (-,-) 
  basic_isa_instance/g86015/ZN                                               -       A2->ZN R     NR2D2          1  2.3    60    66     466    (-,-) 
  basic_isa_instance/g78591/ZN                                               -       A2->ZN F     ND2D2          1  3.9    54    59     525    (-,-) 
  basic_isa_instance/g78590/ZN                                               -       A1->ZN R     NR2XD3         3  9.3    64    60     585    (-,-) 
  basic_isa_instance/g78589/ZN                                               -       I->ZN  F     INVD3          2  4.4    31    37     622    (-,-) 
  basic_isa_instance/g143/ZN                                                 -       A1->ZN R     NR2XD2        15 18.5   136    96     719    (-,-) 
  basic_isa_instance/g81599/ZN                                               -       A1->ZN R     IOA21D2        2  2.6    47   134     853    (-,-) 
  basic_isa_instance/g72977/ZN                                               -       A1->ZN F     ND2D2          1  3.3    49    48     900    (-,-) 
  basic_isa_instance/g72963/ZN                                               -       B1->ZN R     IND2D4        12 14.9    69    61     961    (-,-) 
  basic_isa_instance/g72968/ZN                                               -       A1->ZN F     CKND2D2        1  1.6    39    42    1003    (-,-) 
  basic_isa_instance/g72965/ZN                                               -       A1->ZN R     ND2D2          2  3.5    44    40    1044    (-,-) 
  basic_isa_instance/g82658/ZN                                               -       A1->ZN F     ND2D2          4  5.2    63    56    1100    (-,-) 
  basic_isa_instance/g82662/ZN                                               -       A1->ZN R     OAI22D2        3  4.4   123    84    1184    (-,-) 
  basic_isa_instance/g82661/ZN                                               -       A1->ZN F     ND2D2          1  1.9    54    57    1241    (-,-) 
  basic_isa_instance/g75480/ZN                                               -       A2->ZN R     ND3D2          1  1.9    42    47    1288    (-,-) 
  basic_isa_instance/u_branch_add_95_52_Y_u_branch_add_94_43_cdnadd_80081/CO -       CI->CO R     FA1D2          3  3.8    62   106    1394    (-,-) 
  basic_isa_instance/g75445/ZN                                               -       A1->ZN F     ND2D2          1  1.4    37    41    1435    (-,-) 
  basic_isa_instance/g75444/ZN                                               -       A1->ZN R     CKND2D2        2  3.4    53    46    1481    (-,-) 
  basic_isa_instance/g398/ZN                                                 -       A1->ZN F     CKND2D2        1  1.6    34    38    1519    (-,-) 
  basic_isa_instance/g395/ZN                                                 -       A1->ZN R     ND2D2          1  1.9    37    32    1551    (-,-) 
  basic_isa_instance/u_branch_add_95_52_Y_u_branch_add_94_43_cdnadd_8/CO     -       CI->CO R     FA1D2          1  1.9    51    95    1646    (-,-) 
  basic_isa_instance/u_branch_add_95_52_Y_u_branch_add_94_43_cdnadd_84991/CO -       CI->CO R     FA1D2          1  1.9    51   100    1746    (-,-) 
  basic_isa_instance/u_branch_add_95_52_Y_u_branch_add_94_43_cdnadd_10/CO    -       CI->CO R     FA1D2          1  1.9    51   100    1846    (-,-) 
  basic_isa_instance/u_branch_add_95_52_Y_u_branch_add_94_43_cdnadd_11/CO    -       CI->CO R     FA1D2          1  1.9    51   100    1945    (-,-) 
  basic_isa_instance/u_branch_add_95_52_Y_u_branch_add_94_43_cdnadd_12/CO    -       CI->CO R     FA1D2          3  3.6    61   108    2053    (-,-) 
  basic_isa_instance/g86044/ZN                                               -       A1->ZN F     AOI21D2        1  2.9    55    56    2109    (-,-) 
  basic_isa_instance/g86043/ZN                                               -       I->ZN  R     INVD3          3  3.6    34    40    2149    (-,-) 
  basic_isa_instance/g137/ZN                                                 -       A1->ZN F     ND2D2          1  2.3    39    38    2187    (-,-) 
  basic_isa_instance/g135/ZN                                                 -       A1->ZN R     CKND2D3        3  3.6    46    42    2230    (-,-) 
  basic_isa_instance/g83120/ZN                                               -       A1->ZN F     ND2D2          1  1.4    33    37    2266    (-,-) 
  basic_isa_instance/g113/ZN                                                 -       A1->ZN R     CKND2D2        1  1.9    40    36    2303    (-,-) 
  basic_isa_instance/u_branch_add_95_52_Y_u_branch_add_94_43_cdnadd_79059/CO -       CI->CO R     FA1D2          3  4.9    68   110    2412    (-,-) 
  basic_isa_instance/g86072/ZN                                               -       A1->ZN F     AOI21D4        2  3.3    46    50    2462    (-,-) 
  basic_isa_instance/g86074/ZN                                               -       A1->ZN R     OAI21D2        2  3.2    83    72    2535    (-,-) 
  basic_isa_instance/g86077/ZN                                               -       A1->ZN F     CKND2D2        1  1.4    40    44    2579    (-,-) 
  basic_isa_instance/g83153/ZN                                               -       A1->ZN R     CKND2D2        3  3.9    57    49    2628    (-,-) 
  basic_isa_instance/g75492/ZN                                               -       B2->ZN F     IND3D2         1  1.4    61    58    2686    (-,-) 
  basic_isa_instance/g75491/ZN                                               -       A1->ZN R     CKND2D2        4  5.5    68    66    2752    (-,-) 
  basic_isa_instance/g75461/ZN                                               -       B2->ZN F     IND3D2         1  1.4    63    61    2812    (-,-) 
  basic_isa_instance/g75460/ZN                                               -       A1->ZN R     CKND2D2        5  6.3    75    70    2883    (-,-) 
  basic_isa_instance/g400/ZN                                                 -       A1->ZN F     ND2D2          1  3.1    52    54    2937    (-,-) 
  basic_isa_instance/g393/ZN                                                 -       A1->ZN R     CKND2D4        4  7.1    54    52    2990    (-,-) 
  basic_isa_instance/g642/ZN                                                 -       A1->ZN F     ND2D2          1  1.4    35    39    3029    (-,-) 
  basic_isa_instance/g641/ZN                                                 -       A1->ZN R     CKND2D2        4  4.6    61    51    3080    (-,-) 
  basic_isa_instance/g306/ZN                                                 -       A1->ZN F     ND2D2          2  3.1    49    50    3130    (-,-) 
  basic_isa_instance/g303/ZN                                                 -       A1->ZN R     CKND2D2        1  1.8    42    42    3172    (-,-) 
  basic_isa_instance/g302/ZN                                                 -       A1->ZN F     ND2D2          1  1.4    33    36    3208    (-,-) 
  basic_isa_instance/g298/ZN                                                 -       A1->ZN R     CKND2D2        2  4.4    61    49    3257    (-,-) 
  basic_isa_instance/g245/ZN                                                 -       I->ZN  F     CKND3          3  5.4    36    42    3299    (-,-) 
  basic_isa_instance/g76236/ZN                                               -       A1->ZN R     NR2D2          1  1.1    43    43    3342    (-,-) 
  basic_isa_instance/g87321/ZN                                               -       A1->ZN R     IND2D2         2  1.9    36    68    3410    (-,-) 
  basic_isa_instance/g35740/Z                                                -       A1->Z  R     AN2D2         16 14.4   119   140    3550    (-,-) 
  basic_isa_instance/u_if_u_btb_U_FILE_target_arr_reg[2][0][31]/D            -       -      R     DFCNQD2       16    -     -     0    3550    (-,-) 
#----------------------------------------------------------------------------------------------------------------------------------------------------



Path 17: VIOLATED (-1149 ps) Setup Check with Pin basic_isa_instance/u_if_u_btb_U_FILE_target_arr_reg[1][1][31]/CP->D
          Group: core_clk
     Startpoint: (R) basic_isa_instance/u_mem_wb_rd_wb_reg[3]/CP
          Clock: (R) core_clk
       Endpoint: (R) basic_isa_instance/u_if_u_btb_U_FILE_target_arr_reg[1][1][31]/D
          Clock: (R) core_clk

                     Capture       Launch     
        Clock Edge:+    2500            0     
       Src Latency:+       0            0     
       Net Latency:+       0 (I)        0 (I) 
           Arrival:=    2500            0     
                                              
             Setup:-      99                  
     Required Time:=    2401                  
      Launch Clock:-       0                  
         Data Path:-    3550                  
             Slack:=   -1149                  

#----------------------------------------------------------------------------------------------------------------------------------------------------
#                               Timing Point                                 Flags    Arc   Edge   Cell     Fanout Load Trans Delay Arrival Instance 
#                                                                                                                  (fF)  (ps)  (ps)   (ps)  Location 
#----------------------------------------------------------------------------------------------------------------------------------------------------
  basic_isa_instance/u_mem_wb_rd_wb_reg[3]/CP                                -       -      R     (arrival)    452    -     0     -       0    (-,-) 
  basic_isa_instance/u_mem_wb_rd_wb_reg[3]/Q                                 -       CP->Q  R     DFCNQD4        2  7.1    64   286     286    (-,-) 
  basic_isa_instance/fopt86014/ZN                                            -       I->ZN  F     INVD4          5  9.1    36    42     328    (-,-) 
  basic_isa_instance/fopt86017/ZN                                            -       I->ZN  R     CKND2          1  1.7    24    29     356    (-,-) 
  basic_isa_instance/g86016/ZN                                               -       A1->ZN F     OAI22D2        1  2.1    55    44     400    (-,-) 
  basic_isa_instance/g86015/ZN                                               -       A2->ZN R     NR2D2          1  2.3    60    66     466    (-,-) 
  basic_isa_instance/g78591/ZN                                               -       A2->ZN F     ND2D2          1  3.9    54    59     525    (-,-) 
  basic_isa_instance/g78590/ZN                                               -       A1->ZN R     NR2XD3         3  9.3    64    60     585    (-,-) 
  basic_isa_instance/g78589/ZN                                               -       I->ZN  F     INVD3          2  4.4    31    37     622    (-,-) 
  basic_isa_instance/g143/ZN                                                 -       A1->ZN R     NR2XD2        15 18.5   136    96     719    (-,-) 
  basic_isa_instance/g81599/ZN                                               -       A1->ZN R     IOA21D2        2  2.6    47   134     853    (-,-) 
  basic_isa_instance/g72977/ZN                                               -       A1->ZN F     ND2D2          1  3.3    49    48     900    (-,-) 
  basic_isa_instance/g72963/ZN                                               -       B1->ZN R     IND2D4        12 14.9    69    61     961    (-,-) 
  basic_isa_instance/g72968/ZN                                               -       A1->ZN F     CKND2D2        1  1.6    39    42    1003    (-,-) 
  basic_isa_instance/g72965/ZN                                               -       A1->ZN R     ND2D2          2  3.5    44    40    1044    (-,-) 
  basic_isa_instance/g82658/ZN                                               -       A1->ZN F     ND2D2          4  5.2    63    56    1100    (-,-) 
  basic_isa_instance/g82662/ZN                                               -       A1->ZN R     OAI22D2        3  4.4   123    84    1184    (-,-) 
  basic_isa_instance/g82661/ZN                                               -       A1->ZN F     ND2D2          1  1.9    54    57    1241    (-,-) 
  basic_isa_instance/g75480/ZN                                               -       A2->ZN R     ND3D2          1  1.9    42    47    1288    (-,-) 
  basic_isa_instance/u_branch_add_95_52_Y_u_branch_add_94_43_cdnadd_80081/CO -       CI->CO R     FA1D2          3  3.8    62   106    1394    (-,-) 
  basic_isa_instance/g75445/ZN                                               -       A1->ZN F     ND2D2          1  1.4    37    41    1435    (-,-) 
  basic_isa_instance/g75444/ZN                                               -       A1->ZN R     CKND2D2        2  3.4    53    46    1481    (-,-) 
  basic_isa_instance/g398/ZN                                                 -       A1->ZN F     CKND2D2        1  1.6    34    38    1519    (-,-) 
  basic_isa_instance/g395/ZN                                                 -       A1->ZN R     ND2D2          1  1.9    37    32    1551    (-,-) 
  basic_isa_instance/u_branch_add_95_52_Y_u_branch_add_94_43_cdnadd_8/CO     -       CI->CO R     FA1D2          1  1.9    51    95    1646    (-,-) 
  basic_isa_instance/u_branch_add_95_52_Y_u_branch_add_94_43_cdnadd_84991/CO -       CI->CO R     FA1D2          1  1.9    51   100    1746    (-,-) 
  basic_isa_instance/u_branch_add_95_52_Y_u_branch_add_94_43_cdnadd_10/CO    -       CI->CO R     FA1D2          1  1.9    51   100    1846    (-,-) 
  basic_isa_instance/u_branch_add_95_52_Y_u_branch_add_94_43_cdnadd_11/CO    -       CI->CO R     FA1D2          1  1.9    51   100    1945    (-,-) 
  basic_isa_instance/u_branch_add_95_52_Y_u_branch_add_94_43_cdnadd_12/CO    -       CI->CO R     FA1D2          3  3.6    61   108    2053    (-,-) 
  basic_isa_instance/g86044/ZN                                               -       A1->ZN F     AOI21D2        1  2.9    55    56    2109    (-,-) 
  basic_isa_instance/g86043/ZN                                               -       I->ZN  R     INVD3          3  3.6    34    40    2149    (-,-) 
  basic_isa_instance/g137/ZN                                                 -       A1->ZN F     ND2D2          1  2.3    39    38    2187    (-,-) 
  basic_isa_instance/g135/ZN                                                 -       A1->ZN R     CKND2D3        3  3.6    46    42    2230    (-,-) 
  basic_isa_instance/g83120/ZN                                               -       A1->ZN F     ND2D2          1  1.4    33    37    2266    (-,-) 
  basic_isa_instance/g113/ZN                                                 -       A1->ZN R     CKND2D2        1  1.9    40    36    2303    (-,-) 
  basic_isa_instance/u_branch_add_95_52_Y_u_branch_add_94_43_cdnadd_79059/CO -       CI->CO R     FA1D2          3  4.9    68   110    2412    (-,-) 
  basic_isa_instance/g86072/ZN                                               -       A1->ZN F     AOI21D4        2  3.3    46    50    2462    (-,-) 
  basic_isa_instance/g86074/ZN                                               -       A1->ZN R     OAI21D2        2  3.2    83    72    2535    (-,-) 
  basic_isa_instance/g86077/ZN                                               -       A1->ZN F     CKND2D2        1  1.4    40    44    2579    (-,-) 
  basic_isa_instance/g83153/ZN                                               -       A1->ZN R     CKND2D2        3  3.9    57    49    2628    (-,-) 
  basic_isa_instance/g75492/ZN                                               -       B2->ZN F     IND3D2         1  1.4    61    58    2686    (-,-) 
  basic_isa_instance/g75491/ZN                                               -       A1->ZN R     CKND2D2        4  5.5    68    66    2752    (-,-) 
  basic_isa_instance/g75461/ZN                                               -       B2->ZN F     IND3D2         1  1.4    63    61    2812    (-,-) 
  basic_isa_instance/g75460/ZN                                               -       A1->ZN R     CKND2D2        5  6.3    75    70    2883    (-,-) 
  basic_isa_instance/g400/ZN                                                 -       A1->ZN F     ND2D2          1  3.1    52    54    2937    (-,-) 
  basic_isa_instance/g393/ZN                                                 -       A1->ZN R     CKND2D4        4  7.1    54    52    2990    (-,-) 
  basic_isa_instance/g642/ZN                                                 -       A1->ZN F     ND2D2          1  1.4    35    39    3029    (-,-) 
  basic_isa_instance/g641/ZN                                                 -       A1->ZN R     CKND2D2        4  4.6    61    51    3080    (-,-) 
  basic_isa_instance/g306/ZN                                                 -       A1->ZN F     ND2D2          2  3.1    49    50    3130    (-,-) 
  basic_isa_instance/g303/ZN                                                 -       A1->ZN R     CKND2D2        1  1.8    42    42    3172    (-,-) 
  basic_isa_instance/g302/ZN                                                 -       A1->ZN F     ND2D2          1  1.4    33    36    3208    (-,-) 
  basic_isa_instance/g298/ZN                                                 -       A1->ZN R     CKND2D2        2  4.4    61    49    3257    (-,-) 
  basic_isa_instance/g245/ZN                                                 -       I->ZN  F     CKND3          3  5.4    36    42    3299    (-,-) 
  basic_isa_instance/g76236/ZN                                               -       A1->ZN R     NR2D2          1  1.1    43    43    3342    (-,-) 
  basic_isa_instance/g87321/ZN                                               -       A1->ZN R     IND2D2         2  1.9    36    68    3410    (-,-) 
  basic_isa_instance/g35740/Z                                                -       A1->Z  R     AN2D2         16 14.4   119   140    3550    (-,-) 
  basic_isa_instance/u_if_u_btb_U_FILE_target_arr_reg[1][1][31]/D            -       -      R     DFCNQD2       16    -     -     0    3550    (-,-) 
#----------------------------------------------------------------------------------------------------------------------------------------------------



Path 18: VIOLATED (-1149 ps) Setup Check with Pin basic_isa_instance/u_if_u_btb_U_FILE_target_arr_reg[1][0][31]/CP->D
          Group: core_clk
     Startpoint: (R) basic_isa_instance/u_mem_wb_rd_wb_reg[3]/CP
          Clock: (R) core_clk
       Endpoint: (R) basic_isa_instance/u_if_u_btb_U_FILE_target_arr_reg[1][0][31]/D
          Clock: (R) core_clk

                     Capture       Launch     
        Clock Edge:+    2500            0     
       Src Latency:+       0            0     
       Net Latency:+       0 (I)        0 (I) 
           Arrival:=    2500            0     
                                              
             Setup:-      99                  
     Required Time:=    2401                  
      Launch Clock:-       0                  
         Data Path:-    3550                  
             Slack:=   -1149                  

#----------------------------------------------------------------------------------------------------------------------------------------------------
#                               Timing Point                                 Flags    Arc   Edge   Cell     Fanout Load Trans Delay Arrival Instance 
#                                                                                                                  (fF)  (ps)  (ps)   (ps)  Location 
#----------------------------------------------------------------------------------------------------------------------------------------------------
  basic_isa_instance/u_mem_wb_rd_wb_reg[3]/CP                                -       -      R     (arrival)    452    -     0     -       0    (-,-) 
  basic_isa_instance/u_mem_wb_rd_wb_reg[3]/Q                                 -       CP->Q  R     DFCNQD4        2  7.1    64   286     286    (-,-) 
  basic_isa_instance/fopt86014/ZN                                            -       I->ZN  F     INVD4          5  9.1    36    42     328    (-,-) 
  basic_isa_instance/fopt86017/ZN                                            -       I->ZN  R     CKND2          1  1.7    24    29     356    (-,-) 
  basic_isa_instance/g86016/ZN                                               -       A1->ZN F     OAI22D2        1  2.1    55    44     400    (-,-) 
  basic_isa_instance/g86015/ZN                                               -       A2->ZN R     NR2D2          1  2.3    60    66     466    (-,-) 
  basic_isa_instance/g78591/ZN                                               -       A2->ZN F     ND2D2          1  3.9    54    59     525    (-,-) 
  basic_isa_instance/g78590/ZN                                               -       A1->ZN R     NR2XD3         3  9.3    64    60     585    (-,-) 
  basic_isa_instance/g78589/ZN                                               -       I->ZN  F     INVD3          2  4.4    31    37     622    (-,-) 
  basic_isa_instance/g143/ZN                                                 -       A1->ZN R     NR2XD2        15 18.5   136    96     719    (-,-) 
  basic_isa_instance/g81599/ZN                                               -       A1->ZN R     IOA21D2        2  2.6    47   134     853    (-,-) 
  basic_isa_instance/g72977/ZN                                               -       A1->ZN F     ND2D2          1  3.3    49    48     900    (-,-) 
  basic_isa_instance/g72963/ZN                                               -       B1->ZN R     IND2D4        12 14.9    69    61     961    (-,-) 
  basic_isa_instance/g72968/ZN                                               -       A1->ZN F     CKND2D2        1  1.6    39    42    1003    (-,-) 
  basic_isa_instance/g72965/ZN                                               -       A1->ZN R     ND2D2          2  3.5    44    40    1044    (-,-) 
  basic_isa_instance/g82658/ZN                                               -       A1->ZN F     ND2D2          4  5.2    63    56    1100    (-,-) 
  basic_isa_instance/g82662/ZN                                               -       A1->ZN R     OAI22D2        3  4.4   123    84    1184    (-,-) 
  basic_isa_instance/g82661/ZN                                               -       A1->ZN F     ND2D2          1  1.9    54    57    1241    (-,-) 
  basic_isa_instance/g75480/ZN                                               -       A2->ZN R     ND3D2          1  1.9    42    47    1288    (-,-) 
  basic_isa_instance/u_branch_add_95_52_Y_u_branch_add_94_43_cdnadd_80081/CO -       CI->CO R     FA1D2          3  3.8    62   106    1394    (-,-) 
  basic_isa_instance/g75445/ZN                                               -       A1->ZN F     ND2D2          1  1.4    37    41    1435    (-,-) 
  basic_isa_instance/g75444/ZN                                               -       A1->ZN R     CKND2D2        2  3.4    53    46    1481    (-,-) 
  basic_isa_instance/g398/ZN                                                 -       A1->ZN F     CKND2D2        1  1.6    34    38    1519    (-,-) 
  basic_isa_instance/g395/ZN                                                 -       A1->ZN R     ND2D2          1  1.9    37    32    1551    (-,-) 
  basic_isa_instance/u_branch_add_95_52_Y_u_branch_add_94_43_cdnadd_8/CO     -       CI->CO R     FA1D2          1  1.9    51    95    1646    (-,-) 
  basic_isa_instance/u_branch_add_95_52_Y_u_branch_add_94_43_cdnadd_84991/CO -       CI->CO R     FA1D2          1  1.9    51   100    1746    (-,-) 
  basic_isa_instance/u_branch_add_95_52_Y_u_branch_add_94_43_cdnadd_10/CO    -       CI->CO R     FA1D2          1  1.9    51   100    1846    (-,-) 
  basic_isa_instance/u_branch_add_95_52_Y_u_branch_add_94_43_cdnadd_11/CO    -       CI->CO R     FA1D2          1  1.9    51   100    1945    (-,-) 
  basic_isa_instance/u_branch_add_95_52_Y_u_branch_add_94_43_cdnadd_12/CO    -       CI->CO R     FA1D2          3  3.6    61   108    2053    (-,-) 
  basic_isa_instance/g86044/ZN                                               -       A1->ZN F     AOI21D2        1  2.9    55    56    2109    (-,-) 
  basic_isa_instance/g86043/ZN                                               -       I->ZN  R     INVD3          3  3.6    34    40    2149    (-,-) 
  basic_isa_instance/g137/ZN                                                 -       A1->ZN F     ND2D2          1  2.3    39    38    2187    (-,-) 
  basic_isa_instance/g135/ZN                                                 -       A1->ZN R     CKND2D3        3  3.6    46    42    2230    (-,-) 
  basic_isa_instance/g83120/ZN                                               -       A1->ZN F     ND2D2          1  1.4    33    37    2266    (-,-) 
  basic_isa_instance/g113/ZN                                                 -       A1->ZN R     CKND2D2        1  1.9    40    36    2303    (-,-) 
  basic_isa_instance/u_branch_add_95_52_Y_u_branch_add_94_43_cdnadd_79059/CO -       CI->CO R     FA1D2          3  4.9    68   110    2412    (-,-) 
  basic_isa_instance/g86072/ZN                                               -       A1->ZN F     AOI21D4        2  3.3    46    50    2462    (-,-) 
  basic_isa_instance/g86074/ZN                                               -       A1->ZN R     OAI21D2        2  3.2    83    72    2535    (-,-) 
  basic_isa_instance/g86077/ZN                                               -       A1->ZN F     CKND2D2        1  1.4    40    44    2579    (-,-) 
  basic_isa_instance/g83153/ZN                                               -       A1->ZN R     CKND2D2        3  3.9    57    49    2628    (-,-) 
  basic_isa_instance/g75492/ZN                                               -       B2->ZN F     IND3D2         1  1.4    61    58    2686    (-,-) 
  basic_isa_instance/g75491/ZN                                               -       A1->ZN R     CKND2D2        4  5.5    68    66    2752    (-,-) 
  basic_isa_instance/g75461/ZN                                               -       B2->ZN F     IND3D2         1  1.4    63    61    2812    (-,-) 
  basic_isa_instance/g75460/ZN                                               -       A1->ZN R     CKND2D2        5  6.3    75    70    2883    (-,-) 
  basic_isa_instance/g400/ZN                                                 -       A1->ZN F     ND2D2          1  3.1    52    54    2937    (-,-) 
  basic_isa_instance/g393/ZN                                                 -       A1->ZN R     CKND2D4        4  7.1    54    52    2990    (-,-) 
  basic_isa_instance/g642/ZN                                                 -       A1->ZN F     ND2D2          1  1.4    35    39    3029    (-,-) 
  basic_isa_instance/g641/ZN                                                 -       A1->ZN R     CKND2D2        4  4.6    61    51    3080    (-,-) 
  basic_isa_instance/g306/ZN                                                 -       A1->ZN F     ND2D2          2  3.1    49    50    3130    (-,-) 
  basic_isa_instance/g303/ZN                                                 -       A1->ZN R     CKND2D2        1  1.8    42    42    3172    (-,-) 
  basic_isa_instance/g302/ZN                                                 -       A1->ZN F     ND2D2          1  1.4    33    36    3208    (-,-) 
  basic_isa_instance/g298/ZN                                                 -       A1->ZN R     CKND2D2        2  4.4    61    49    3257    (-,-) 
  basic_isa_instance/g245/ZN                                                 -       I->ZN  F     CKND3          3  5.4    36    42    3299    (-,-) 
  basic_isa_instance/g76236/ZN                                               -       A1->ZN R     NR2D2          1  1.1    43    43    3342    (-,-) 
  basic_isa_instance/g87321/ZN                                               -       A1->ZN R     IND2D2         2  1.9    36    68    3410    (-,-) 
  basic_isa_instance/g35740/Z                                                -       A1->Z  R     AN2D2         16 14.4   119   140    3550    (-,-) 
  basic_isa_instance/u_if_u_btb_U_FILE_target_arr_reg[1][0][31]/D            -       -      R     DFCNQD2       16    -     -     0    3550    (-,-) 
#----------------------------------------------------------------------------------------------------------------------------------------------------



Path 19: VIOLATED (-1149 ps) Setup Check with Pin basic_isa_instance/u_if_u_btb_U_FILE_target_arr_reg[0][1][31]/CP->D
          Group: core_clk
     Startpoint: (R) basic_isa_instance/u_mem_wb_rd_wb_reg[3]/CP
          Clock: (R) core_clk
       Endpoint: (R) basic_isa_instance/u_if_u_btb_U_FILE_target_arr_reg[0][1][31]/D
          Clock: (R) core_clk

                     Capture       Launch     
        Clock Edge:+    2500            0     
       Src Latency:+       0            0     
       Net Latency:+       0 (I)        0 (I) 
           Arrival:=    2500            0     
                                              
             Setup:-      99                  
     Required Time:=    2401                  
      Launch Clock:-       0                  
         Data Path:-    3550                  
             Slack:=   -1149                  

#----------------------------------------------------------------------------------------------------------------------------------------------------
#                               Timing Point                                 Flags    Arc   Edge   Cell     Fanout Load Trans Delay Arrival Instance 
#                                                                                                                  (fF)  (ps)  (ps)   (ps)  Location 
#----------------------------------------------------------------------------------------------------------------------------------------------------
  basic_isa_instance/u_mem_wb_rd_wb_reg[3]/CP                                -       -      R     (arrival)    452    -     0     -       0    (-,-) 
  basic_isa_instance/u_mem_wb_rd_wb_reg[3]/Q                                 -       CP->Q  R     DFCNQD4        2  7.1    64   286     286    (-,-) 
  basic_isa_instance/fopt86014/ZN                                            -       I->ZN  F     INVD4          5  9.1    36    42     328    (-,-) 
  basic_isa_instance/fopt86017/ZN                                            -       I->ZN  R     CKND2          1  1.7    24    29     356    (-,-) 
  basic_isa_instance/g86016/ZN                                               -       A1->ZN F     OAI22D2        1  2.1    55    44     400    (-,-) 
  basic_isa_instance/g86015/ZN                                               -       A2->ZN R     NR2D2          1  2.3    60    66     466    (-,-) 
  basic_isa_instance/g78591/ZN                                               -       A2->ZN F     ND2D2          1  3.9    54    59     525    (-,-) 
  basic_isa_instance/g78590/ZN                                               -       A1->ZN R     NR2XD3         3  9.3    64    60     585    (-,-) 
  basic_isa_instance/g78589/ZN                                               -       I->ZN  F     INVD3          2  4.4    31    37     622    (-,-) 
  basic_isa_instance/g143/ZN                                                 -       A1->ZN R     NR2XD2        15 18.5   136    96     719    (-,-) 
  basic_isa_instance/g81599/ZN                                               -       A1->ZN R     IOA21D2        2  2.6    47   134     853    (-,-) 
  basic_isa_instance/g72977/ZN                                               -       A1->ZN F     ND2D2          1  3.3    49    48     900    (-,-) 
  basic_isa_instance/g72963/ZN                                               -       B1->ZN R     IND2D4        12 14.9    69    61     961    (-,-) 
  basic_isa_instance/g72968/ZN                                               -       A1->ZN F     CKND2D2        1  1.6    39    42    1003    (-,-) 
  basic_isa_instance/g72965/ZN                                               -       A1->ZN R     ND2D2          2  3.5    44    40    1044    (-,-) 
  basic_isa_instance/g82658/ZN                                               -       A1->ZN F     ND2D2          4  5.2    63    56    1100    (-,-) 
  basic_isa_instance/g82662/ZN                                               -       A1->ZN R     OAI22D2        3  4.4   123    84    1184    (-,-) 
  basic_isa_instance/g82661/ZN                                               -       A1->ZN F     ND2D2          1  1.9    54    57    1241    (-,-) 
  basic_isa_instance/g75480/ZN                                               -       A2->ZN R     ND3D2          1  1.9    42    47    1288    (-,-) 
  basic_isa_instance/u_branch_add_95_52_Y_u_branch_add_94_43_cdnadd_80081/CO -       CI->CO R     FA1D2          3  3.8    62   106    1394    (-,-) 
  basic_isa_instance/g75445/ZN                                               -       A1->ZN F     ND2D2          1  1.4    37    41    1435    (-,-) 
  basic_isa_instance/g75444/ZN                                               -       A1->ZN R     CKND2D2        2  3.4    53    46    1481    (-,-) 
  basic_isa_instance/g398/ZN                                                 -       A1->ZN F     CKND2D2        1  1.6    34    38    1519    (-,-) 
  basic_isa_instance/g395/ZN                                                 -       A1->ZN R     ND2D2          1  1.9    37    32    1551    (-,-) 
  basic_isa_instance/u_branch_add_95_52_Y_u_branch_add_94_43_cdnadd_8/CO     -       CI->CO R     FA1D2          1  1.9    51    95    1646    (-,-) 
  basic_isa_instance/u_branch_add_95_52_Y_u_branch_add_94_43_cdnadd_84991/CO -       CI->CO R     FA1D2          1  1.9    51   100    1746    (-,-) 
  basic_isa_instance/u_branch_add_95_52_Y_u_branch_add_94_43_cdnadd_10/CO    -       CI->CO R     FA1D2          1  1.9    51   100    1846    (-,-) 
  basic_isa_instance/u_branch_add_95_52_Y_u_branch_add_94_43_cdnadd_11/CO    -       CI->CO R     FA1D2          1  1.9    51   100    1945    (-,-) 
  basic_isa_instance/u_branch_add_95_52_Y_u_branch_add_94_43_cdnadd_12/CO    -       CI->CO R     FA1D2          3  3.6    61   108    2053    (-,-) 
  basic_isa_instance/g86044/ZN                                               -       A1->ZN F     AOI21D2        1  2.9    55    56    2109    (-,-) 
  basic_isa_instance/g86043/ZN                                               -       I->ZN  R     INVD3          3  3.6    34    40    2149    (-,-) 
  basic_isa_instance/g137/ZN                                                 -       A1->ZN F     ND2D2          1  2.3    39    38    2187    (-,-) 
  basic_isa_instance/g135/ZN                                                 -       A1->ZN R     CKND2D3        3  3.6    46    42    2230    (-,-) 
  basic_isa_instance/g83120/ZN                                               -       A1->ZN F     ND2D2          1  1.4    33    37    2266    (-,-) 
  basic_isa_instance/g113/ZN                                                 -       A1->ZN R     CKND2D2        1  1.9    40    36    2303    (-,-) 
  basic_isa_instance/u_branch_add_95_52_Y_u_branch_add_94_43_cdnadd_79059/CO -       CI->CO R     FA1D2          3  4.9    68   110    2412    (-,-) 
  basic_isa_instance/g86072/ZN                                               -       A1->ZN F     AOI21D4        2  3.3    46    50    2462    (-,-) 
  basic_isa_instance/g86074/ZN                                               -       A1->ZN R     OAI21D2        2  3.2    83    72    2535    (-,-) 
  basic_isa_instance/g86077/ZN                                               -       A1->ZN F     CKND2D2        1  1.4    40    44    2579    (-,-) 
  basic_isa_instance/g83153/ZN                                               -       A1->ZN R     CKND2D2        3  3.9    57    49    2628    (-,-) 
  basic_isa_instance/g75492/ZN                                               -       B2->ZN F     IND3D2         1  1.4    61    58    2686    (-,-) 
  basic_isa_instance/g75491/ZN                                               -       A1->ZN R     CKND2D2        4  5.5    68    66    2752    (-,-) 
  basic_isa_instance/g75461/ZN                                               -       B2->ZN F     IND3D2         1  1.4    63    61    2812    (-,-) 
  basic_isa_instance/g75460/ZN                                               -       A1->ZN R     CKND2D2        5  6.3    75    70    2883    (-,-) 
  basic_isa_instance/g400/ZN                                                 -       A1->ZN F     ND2D2          1  3.1    52    54    2937    (-,-) 
  basic_isa_instance/g393/ZN                                                 -       A1->ZN R     CKND2D4        4  7.1    54    52    2990    (-,-) 
  basic_isa_instance/g642/ZN                                                 -       A1->ZN F     ND2D2          1  1.4    35    39    3029    (-,-) 
  basic_isa_instance/g641/ZN                                                 -       A1->ZN R     CKND2D2        4  4.6    61    51    3080    (-,-) 
  basic_isa_instance/g306/ZN                                                 -       A1->ZN F     ND2D2          2  3.1    49    50    3130    (-,-) 
  basic_isa_instance/g303/ZN                                                 -       A1->ZN R     CKND2D2        1  1.8    42    42    3172    (-,-) 
  basic_isa_instance/g302/ZN                                                 -       A1->ZN F     ND2D2          1  1.4    33    36    3208    (-,-) 
  basic_isa_instance/g298/ZN                                                 -       A1->ZN R     CKND2D2        2  4.4    61    49    3257    (-,-) 
  basic_isa_instance/g245/ZN                                                 -       I->ZN  F     CKND3          3  5.4    36    42    3299    (-,-) 
  basic_isa_instance/g76236/ZN                                               -       A1->ZN R     NR2D2          1  1.1    43    43    3342    (-,-) 
  basic_isa_instance/g87321/ZN                                               -       A1->ZN R     IND2D2         2  1.9    36    68    3410    (-,-) 
  basic_isa_instance/g35740/Z                                                -       A1->Z  R     AN2D2         16 14.4   119   140    3550    (-,-) 
  basic_isa_instance/u_if_u_btb_U_FILE_target_arr_reg[0][1][31]/D            -       -      R     DFCNQD2       16    -     -     0    3550    (-,-) 
#----------------------------------------------------------------------------------------------------------------------------------------------------



Path 20: VIOLATED (-1149 ps) Setup Check with Pin basic_isa_instance/u_if_u_btb_U_FILE_target_arr_reg[0][0][31]/CP->D
          Group: core_clk
     Startpoint: (R) basic_isa_instance/u_mem_wb_rd_wb_reg[3]/CP
          Clock: (R) core_clk
       Endpoint: (R) basic_isa_instance/u_if_u_btb_U_FILE_target_arr_reg[0][0][31]/D
          Clock: (R) core_clk

                     Capture       Launch     
        Clock Edge:+    2500            0     
       Src Latency:+       0            0     
       Net Latency:+       0 (I)        0 (I) 
           Arrival:=    2500            0     
                                              
             Setup:-      99                  
     Required Time:=    2401                  
      Launch Clock:-       0                  
         Data Path:-    3550                  
             Slack:=   -1149                  

#----------------------------------------------------------------------------------------------------------------------------------------------------
#                               Timing Point                                 Flags    Arc   Edge   Cell     Fanout Load Trans Delay Arrival Instance 
#                                                                                                                  (fF)  (ps)  (ps)   (ps)  Location 
#----------------------------------------------------------------------------------------------------------------------------------------------------
  basic_isa_instance/u_mem_wb_rd_wb_reg[3]/CP                                -       -      R     (arrival)    452    -     0     -       0    (-,-) 
  basic_isa_instance/u_mem_wb_rd_wb_reg[3]/Q                                 -       CP->Q  R     DFCNQD4        2  7.1    64   286     286    (-,-) 
  basic_isa_instance/fopt86014/ZN                                            -       I->ZN  F     INVD4          5  9.1    36    42     328    (-,-) 
  basic_isa_instance/fopt86017/ZN                                            -       I->ZN  R     CKND2          1  1.7    24    29     356    (-,-) 
  basic_isa_instance/g86016/ZN                                               -       A1->ZN F     OAI22D2        1  2.1    55    44     400    (-,-) 
  basic_isa_instance/g86015/ZN                                               -       A2->ZN R     NR2D2          1  2.3    60    66     466    (-,-) 
  basic_isa_instance/g78591/ZN                                               -       A2->ZN F     ND2D2          1  3.9    54    59     525    (-,-) 
  basic_isa_instance/g78590/ZN                                               -       A1->ZN R     NR2XD3         3  9.3    64    60     585    (-,-) 
  basic_isa_instance/g78589/ZN                                               -       I->ZN  F     INVD3          2  4.4    31    37     622    (-,-) 
  basic_isa_instance/g143/ZN                                                 -       A1->ZN R     NR2XD2        15 18.5   136    96     719    (-,-) 
  basic_isa_instance/g81599/ZN                                               -       A1->ZN R     IOA21D2        2  2.6    47   134     853    (-,-) 
  basic_isa_instance/g72977/ZN                                               -       A1->ZN F     ND2D2          1  3.3    49    48     900    (-,-) 
  basic_isa_instance/g72963/ZN                                               -       B1->ZN R     IND2D4        12 14.9    69    61     961    (-,-) 
  basic_isa_instance/g72968/ZN                                               -       A1->ZN F     CKND2D2        1  1.6    39    42    1003    (-,-) 
  basic_isa_instance/g72965/ZN                                               -       A1->ZN R     ND2D2          2  3.5    44    40    1044    (-,-) 
  basic_isa_instance/g82658/ZN                                               -       A1->ZN F     ND2D2          4  5.2    63    56    1100    (-,-) 
  basic_isa_instance/g82662/ZN                                               -       A1->ZN R     OAI22D2        3  4.4   123    84    1184    (-,-) 
  basic_isa_instance/g82661/ZN                                               -       A1->ZN F     ND2D2          1  1.9    54    57    1241    (-,-) 
  basic_isa_instance/g75480/ZN                                               -       A2->ZN R     ND3D2          1  1.9    42    47    1288    (-,-) 
  basic_isa_instance/u_branch_add_95_52_Y_u_branch_add_94_43_cdnadd_80081/CO -       CI->CO R     FA1D2          3  3.8    62   106    1394    (-,-) 
  basic_isa_instance/g75445/ZN                                               -       A1->ZN F     ND2D2          1  1.4    37    41    1435    (-,-) 
  basic_isa_instance/g75444/ZN                                               -       A1->ZN R     CKND2D2        2  3.4    53    46    1481    (-,-) 
  basic_isa_instance/g398/ZN                                                 -       A1->ZN F     CKND2D2        1  1.6    34    38    1519    (-,-) 
  basic_isa_instance/g395/ZN                                                 -       A1->ZN R     ND2D2          1  1.9    37    32    1551    (-,-) 
  basic_isa_instance/u_branch_add_95_52_Y_u_branch_add_94_43_cdnadd_8/CO     -       CI->CO R     FA1D2          1  1.9    51    95    1646    (-,-) 
  basic_isa_instance/u_branch_add_95_52_Y_u_branch_add_94_43_cdnadd_84991/CO -       CI->CO R     FA1D2          1  1.9    51   100    1746    (-,-) 
  basic_isa_instance/u_branch_add_95_52_Y_u_branch_add_94_43_cdnadd_10/CO    -       CI->CO R     FA1D2          1  1.9    51   100    1846    (-,-) 
  basic_isa_instance/u_branch_add_95_52_Y_u_branch_add_94_43_cdnadd_11/CO    -       CI->CO R     FA1D2          1  1.9    51   100    1945    (-,-) 
  basic_isa_instance/u_branch_add_95_52_Y_u_branch_add_94_43_cdnadd_12/CO    -       CI->CO R     FA1D2          3  3.6    61   108    2053    (-,-) 
  basic_isa_instance/g86044/ZN                                               -       A1->ZN F     AOI21D2        1  2.9    55    56    2109    (-,-) 
  basic_isa_instance/g86043/ZN                                               -       I->ZN  R     INVD3          3  3.6    34    40    2149    (-,-) 
  basic_isa_instance/g137/ZN                                                 -       A1->ZN F     ND2D2          1  2.3    39    38    2187    (-,-) 
  basic_isa_instance/g135/ZN                                                 -       A1->ZN R     CKND2D3        3  3.6    46    42    2230    (-,-) 
  basic_isa_instance/g83120/ZN                                               -       A1->ZN F     ND2D2          1  1.4    33    37    2266    (-,-) 
  basic_isa_instance/g113/ZN                                                 -       A1->ZN R     CKND2D2        1  1.9    40    36    2303    (-,-) 
  basic_isa_instance/u_branch_add_95_52_Y_u_branch_add_94_43_cdnadd_79059/CO -       CI->CO R     FA1D2          3  4.9    68   110    2412    (-,-) 
  basic_isa_instance/g86072/ZN                                               -       A1->ZN F     AOI21D4        2  3.3    46    50    2462    (-,-) 
  basic_isa_instance/g86074/ZN                                               -       A1->ZN R     OAI21D2        2  3.2    83    72    2535    (-,-) 
  basic_isa_instance/g86077/ZN                                               -       A1->ZN F     CKND2D2        1  1.4    40    44    2579    (-,-) 
  basic_isa_instance/g83153/ZN                                               -       A1->ZN R     CKND2D2        3  3.9    57    49    2628    (-,-) 
  basic_isa_instance/g75492/ZN                                               -       B2->ZN F     IND3D2         1  1.4    61    58    2686    (-,-) 
  basic_isa_instance/g75491/ZN                                               -       A1->ZN R     CKND2D2        4  5.5    68    66    2752    (-,-) 
  basic_isa_instance/g75461/ZN                                               -       B2->ZN F     IND3D2         1  1.4    63    61    2812    (-,-) 
  basic_isa_instance/g75460/ZN                                               -       A1->ZN R     CKND2D2        5  6.3    75    70    2883    (-,-) 
  basic_isa_instance/g400/ZN                                                 -       A1->ZN F     ND2D2          1  3.1    52    54    2937    (-,-) 
  basic_isa_instance/g393/ZN                                                 -       A1->ZN R     CKND2D4        4  7.1    54    52    2990    (-,-) 
  basic_isa_instance/g642/ZN                                                 -       A1->ZN F     ND2D2          1  1.4    35    39    3029    (-,-) 
  basic_isa_instance/g641/ZN                                                 -       A1->ZN R     CKND2D2        4  4.6    61    51    3080    (-,-) 
  basic_isa_instance/g306/ZN                                                 -       A1->ZN F     ND2D2          2  3.1    49    50    3130    (-,-) 
  basic_isa_instance/g303/ZN                                                 -       A1->ZN R     CKND2D2        1  1.8    42    42    3172    (-,-) 
  basic_isa_instance/g302/ZN                                                 -       A1->ZN F     ND2D2          1  1.4    33    36    3208    (-,-) 
  basic_isa_instance/g298/ZN                                                 -       A1->ZN R     CKND2D2        2  4.4    61    49    3257    (-,-) 
  basic_isa_instance/g245/ZN                                                 -       I->ZN  F     CKND3          3  5.4    36    42    3299    (-,-) 
  basic_isa_instance/g76236/ZN                                               -       A1->ZN R     NR2D2          1  1.1    43    43    3342    (-,-) 
  basic_isa_instance/g87321/ZN                                               -       A1->ZN R     IND2D2         2  1.9    36    68    3410    (-,-) 
  basic_isa_instance/g35740/Z                                                -       A1->Z  R     AN2D2         16 14.4   119   140    3550    (-,-) 
  basic_isa_instance/u_if_u_btb_U_FILE_target_arr_reg[0][0][31]/D            -       -      R     DFCNQD2       16    -     -     0    3550    (-,-) 
#----------------------------------------------------------------------------------------------------------------------------------------------------



Path 21: VIOLATED (-1142 ps) Setup Check with Pin basic_isa_instance/u_if_u_pc_reg_pc_reg[31]/CP->D
          Group: core_clk
     Startpoint: (R) basic_isa_instance/u_mem_wb_rd_wb_reg[3]/CP
          Clock: (R) core_clk
       Endpoint: (F) basic_isa_instance/u_if_u_pc_reg_pc_reg[31]/D
          Clock: (R) core_clk

                     Capture       Launch     
        Clock Edge:+    2500            0     
       Src Latency:+       0            0     
       Net Latency:+       0 (I)        0 (I) 
           Arrival:=    2500            0     
                                              
             Setup:-      37                  
     Required Time:=    2463                  
      Launch Clock:-       0                  
         Data Path:-    3605                  
             Slack:=   -1142                  

#----------------------------------------------------------------------------------------------------------------------------------------------------
#                               Timing Point                                 Flags    Arc   Edge   Cell     Fanout Load Trans Delay Arrival Instance 
#                                                                                                                  (fF)  (ps)  (ps)   (ps)  Location 
#----------------------------------------------------------------------------------------------------------------------------------------------------
  basic_isa_instance/u_mem_wb_rd_wb_reg[3]/CP                                -       -      R     (arrival)    452    -     0     -       0    (-,-) 
  basic_isa_instance/u_mem_wb_rd_wb_reg[3]/Q                                 -       CP->Q  R     DFCNQD4        2  7.1    64   286     286    (-,-) 
  basic_isa_instance/fopt86014/ZN                                            -       I->ZN  F     INVD4          5  9.1    36    42     328    (-,-) 
  basic_isa_instance/fopt86017/ZN                                            -       I->ZN  R     CKND2          1  1.7    24    29     356    (-,-) 
  basic_isa_instance/g86016/ZN                                               -       A1->ZN F     OAI22D2        1  2.1    55    44     400    (-,-) 
  basic_isa_instance/g86015/ZN                                               -       A2->ZN R     NR2D2          1  2.3    60    66     466    (-,-) 
  basic_isa_instance/g78591/ZN                                               -       A2->ZN F     ND2D2          1  3.9    54    59     525    (-,-) 
  basic_isa_instance/g78590/ZN                                               -       A1->ZN R     NR2XD3         3  9.3    64    60     585    (-,-) 
  basic_isa_instance/g78589/ZN                                               -       I->ZN  F     INVD3          2  4.4    31    37     622    (-,-) 
  basic_isa_instance/g143/ZN                                                 -       A1->ZN R     NR2XD2        15 18.5   136    96     719    (-,-) 
  basic_isa_instance/g81599/ZN                                               -       A1->ZN R     IOA21D2        2  2.6    47   134     853    (-,-) 
  basic_isa_instance/g72977/ZN                                               -       A1->ZN F     ND2D2          1  3.3    49    48     900    (-,-) 
  basic_isa_instance/g72963/ZN                                               -       B1->ZN R     IND2D4        12 14.9    69    61     961    (-,-) 
  basic_isa_instance/g72968/ZN                                               -       A1->ZN F     CKND2D2        1  1.6    39    42    1003    (-,-) 
  basic_isa_instance/g72965/ZN                                               -       A1->ZN R     ND2D2          2  3.5    44    40    1044    (-,-) 
  basic_isa_instance/g82658/ZN                                               -       A1->ZN F     ND2D2          4  5.2    63    56    1100    (-,-) 
  basic_isa_instance/g82662/ZN                                               -       A1->ZN R     OAI22D2        3  4.4   123    84    1184    (-,-) 
  basic_isa_instance/g82661/ZN                                               -       A1->ZN F     ND2D2          1  1.9    54    57    1241    (-,-) 
  basic_isa_instance/g75480/ZN                                               -       A2->ZN R     ND3D2          1  1.9    42    47    1288    (-,-) 
  basic_isa_instance/u_branch_add_95_52_Y_u_branch_add_94_43_cdnadd_80081/CO -       CI->CO R     FA1D2          3  3.8    62   106    1394    (-,-) 
  basic_isa_instance/g75445/ZN                                               -       A1->ZN F     ND2D2          1  1.4    37    41    1435    (-,-) 
  basic_isa_instance/g75444/ZN                                               -       A1->ZN R     CKND2D2        2  3.4    53    46    1481    (-,-) 
  basic_isa_instance/g398/ZN                                                 -       A1->ZN F     CKND2D2        1  1.6    34    38    1519    (-,-) 
  basic_isa_instance/g395/ZN                                                 -       A1->ZN R     ND2D2          1  1.9    37    32    1551    (-,-) 
  basic_isa_instance/u_branch_add_95_52_Y_u_branch_add_94_43_cdnadd_8/CO     -       CI->CO R     FA1D2          1  1.9    51    95    1646    (-,-) 
  basic_isa_instance/u_branch_add_95_52_Y_u_branch_add_94_43_cdnadd_84991/CO -       CI->CO R     FA1D2          1  1.9    51   100    1746    (-,-) 
  basic_isa_instance/u_branch_add_95_52_Y_u_branch_add_94_43_cdnadd_10/CO    -       CI->CO R     FA1D2          1  1.9    51   100    1846    (-,-) 
  basic_isa_instance/u_branch_add_95_52_Y_u_branch_add_94_43_cdnadd_11/CO    -       CI->CO R     FA1D2          1  1.9    51   100    1945    (-,-) 
  basic_isa_instance/u_branch_add_95_52_Y_u_branch_add_94_43_cdnadd_12/CO    -       CI->CO R     FA1D2          3  3.6    61   108    2053    (-,-) 
  basic_isa_instance/g86044/ZN                                               -       A1->ZN F     AOI21D2        1  2.9    55    56    2109    (-,-) 
  basic_isa_instance/g86043/ZN                                               -       I->ZN  R     INVD3          3  3.6    34    40    2149    (-,-) 
  basic_isa_instance/g137/ZN                                                 -       A1->ZN F     ND2D2          1  2.3    39    38    2187    (-,-) 
  basic_isa_instance/g135/ZN                                                 -       A1->ZN R     CKND2D3        3  3.6    46    42    2230    (-,-) 
  basic_isa_instance/g83120/ZN                                               -       A1->ZN F     ND2D2          1  1.4    33    37    2266    (-,-) 
  basic_isa_instance/g113/ZN                                                 -       A1->ZN R     CKND2D2        1  1.9    40    36    2303    (-,-) 
  basic_isa_instance/u_branch_add_95_52_Y_u_branch_add_94_43_cdnadd_79059/CO -       CI->CO R     FA1D2          3  4.9    68   110    2412    (-,-) 
  basic_isa_instance/g86072/ZN                                               -       A1->ZN F     AOI21D4        2  3.3    46    50    2462    (-,-) 
  basic_isa_instance/g86074/ZN                                               -       A1->ZN R     OAI21D2        2  3.2    83    72    2535    (-,-) 
  basic_isa_instance/g86077/ZN                                               -       A1->ZN F     CKND2D2        1  1.4    40    44    2579    (-,-) 
  basic_isa_instance/g83153/ZN                                               -       A1->ZN R     CKND2D2        3  3.9    57    49    2628    (-,-) 
  basic_isa_instance/g75492/ZN                                               -       B2->ZN F     IND3D2         1  1.4    61    58    2686    (-,-) 
  basic_isa_instance/g75491/ZN                                               -       A1->ZN R     CKND2D2        4  5.5    68    66    2752    (-,-) 
  basic_isa_instance/g75461/ZN                                               -       B2->ZN F     IND3D2         1  1.4    63    61    2812    (-,-) 
  basic_isa_instance/g75460/ZN                                               -       A1->ZN R     CKND2D2        5  6.3    75    70    2883    (-,-) 
  basic_isa_instance/g400/ZN                                                 -       A1->ZN F     ND2D2          1  3.1    52    54    2937    (-,-) 
  basic_isa_instance/g393/ZN                                                 -       A1->ZN R     CKND2D4        4  7.1    54    52    2990    (-,-) 
  basic_isa_instance/g642/ZN                                                 -       A1->ZN F     ND2D2          1  1.4    35    39    3029    (-,-) 
  basic_isa_instance/g641/ZN                                                 -       A1->ZN R     CKND2D2        4  4.6    61    51    3080    (-,-) 
  basic_isa_instance/g306/ZN                                                 -       A1->ZN F     ND2D2          2  3.1    49    50    3130    (-,-) 
  basic_isa_instance/g303/ZN                                                 -       A1->ZN R     CKND2D2        1  1.8    42    42    3172    (-,-) 
  basic_isa_instance/g302/ZN                                                 -       A1->ZN F     ND2D2          1  1.4    33    36    3208    (-,-) 
  basic_isa_instance/g298/ZN                                                 -       A1->ZN R     CKND2D2        2  4.4    61    49    3257    (-,-) 
  basic_isa_instance/g245/ZN                                                 -       I->ZN  F     CKND3          3  5.4    36    42    3299    (-,-) 
  basic_isa_instance/g234/ZN                                                 -       A1->ZN R     AOI21D2        1  2.3    77    60    3360    (-,-) 
  basic_isa_instance/g87321/ZN                                               -       B1->ZN F     IND2D2         2  1.8    41    55    3414    (-,-) 
  basic_isa_instance/g87262/Z                                                -       A1->Z  F     AO21D2         2  3.0    48   119    3534    (-,-) 
  basic_isa_instance/g83622/ZN                                               -       A1->ZN R     ND2D2          1  1.6    60    36    3569    (-,-) 
  basic_isa_instance/g83619/ZN                                               -       A1->ZN F     CKND2D2        1  0.9    31    36    3605    (-,-) 
  basic_isa_instance/u_if_u_pc_reg_pc_reg[31]/D                              -       -      F     DFCSNQD2       1    -     -     0    3605    (-,-) 
#----------------------------------------------------------------------------------------------------------------------------------------------------



Path 22: VIOLATED (-1138 ps) Setup Check with Pin basic_isa_instance/u_if_u_pc_reg_pc_reg[29]/CP->D
          Group: core_clk
     Startpoint: (R) basic_isa_instance/u_mem_wb_rd_wb_reg[3]/CP
          Clock: (R) core_clk
       Endpoint: (F) basic_isa_instance/u_if_u_pc_reg_pc_reg[29]/D
          Clock: (R) core_clk

                     Capture       Launch     
        Clock Edge:+    2500            0     
       Src Latency:+       0            0     
       Net Latency:+       0 (I)        0 (I) 
           Arrival:=    2500            0     
                                              
             Setup:-      37                  
     Required Time:=    2463                  
      Launch Clock:-       0                  
         Data Path:-    3601                  
             Slack:=   -1138                  

#----------------------------------------------------------------------------------------------------------------------------------------------------
#                               Timing Point                                 Flags    Arc   Edge   Cell     Fanout Load Trans Delay Arrival Instance 
#                                                                                                                  (fF)  (ps)  (ps)   (ps)  Location 
#----------------------------------------------------------------------------------------------------------------------------------------------------
  basic_isa_instance/u_mem_wb_rd_wb_reg[3]/CP                                -       -      R     (arrival)    452    -     0     -       0    (-,-) 
  basic_isa_instance/u_mem_wb_rd_wb_reg[3]/Q                                 -       CP->Q  R     DFCNQD4        2  7.1    64   286     286    (-,-) 
  basic_isa_instance/fopt86014/ZN                                            -       I->ZN  F     INVD4          5  9.1    36    42     328    (-,-) 
  basic_isa_instance/fopt86017/ZN                                            -       I->ZN  R     CKND2          1  1.7    24    29     356    (-,-) 
  basic_isa_instance/g86016/ZN                                               -       A1->ZN F     OAI22D2        1  2.1    55    44     400    (-,-) 
  basic_isa_instance/g86015/ZN                                               -       A2->ZN R     NR2D2          1  2.3    60    66     466    (-,-) 
  basic_isa_instance/g78591/ZN                                               -       A2->ZN F     ND2D2          1  3.9    54    59     525    (-,-) 
  basic_isa_instance/g78590/ZN                                               -       A1->ZN R     NR2XD3         3  9.3    64    60     585    (-,-) 
  basic_isa_instance/g78589/ZN                                               -       I->ZN  F     INVD3          2  4.4    31    37     622    (-,-) 
  basic_isa_instance/g143/ZN                                                 -       A1->ZN R     NR2XD2        15 18.5   136    96     719    (-,-) 
  basic_isa_instance/g81599/ZN                                               -       A1->ZN R     IOA21D2        2  2.6    47   134     853    (-,-) 
  basic_isa_instance/g72977/ZN                                               -       A1->ZN F     ND2D2          1  3.3    49    48     900    (-,-) 
  basic_isa_instance/g72963/ZN                                               -       B1->ZN R     IND2D4        12 14.9    69    61     961    (-,-) 
  basic_isa_instance/g72968/ZN                                               -       A1->ZN F     CKND2D2        1  1.6    39    42    1003    (-,-) 
  basic_isa_instance/g72965/ZN                                               -       A1->ZN R     ND2D2          2  3.5    44    40    1044    (-,-) 
  basic_isa_instance/g82658/ZN                                               -       A1->ZN F     ND2D2          4  5.2    63    56    1100    (-,-) 
  basic_isa_instance/g82662/ZN                                               -       A1->ZN R     OAI22D2        3  4.4   123    84    1184    (-,-) 
  basic_isa_instance/g82661/ZN                                               -       A1->ZN F     ND2D2          1  1.9    54    57    1241    (-,-) 
  basic_isa_instance/g75480/ZN                                               -       A2->ZN R     ND3D2          1  1.9    42    47    1288    (-,-) 
  basic_isa_instance/u_branch_add_95_52_Y_u_branch_add_94_43_cdnadd_80081/CO -       CI->CO R     FA1D2          3  3.8    62   106    1394    (-,-) 
  basic_isa_instance/g75445/ZN                                               -       A1->ZN F     ND2D2          1  1.4    37    41    1435    (-,-) 
  basic_isa_instance/g75444/ZN                                               -       A1->ZN R     CKND2D2        2  3.4    53    46    1481    (-,-) 
  basic_isa_instance/g398/ZN                                                 -       A1->ZN F     CKND2D2        1  1.6    34    38    1519    (-,-) 
  basic_isa_instance/g395/ZN                                                 -       A1->ZN R     ND2D2          1  1.9    37    32    1551    (-,-) 
  basic_isa_instance/u_branch_add_95_52_Y_u_branch_add_94_43_cdnadd_8/CO     -       CI->CO R     FA1D2          1  1.9    51    95    1646    (-,-) 
  basic_isa_instance/u_branch_add_95_52_Y_u_branch_add_94_43_cdnadd_84991/CO -       CI->CO R     FA1D2          1  1.9    51   100    1746    (-,-) 
  basic_isa_instance/u_branch_add_95_52_Y_u_branch_add_94_43_cdnadd_10/CO    -       CI->CO R     FA1D2          1  1.9    51   100    1846    (-,-) 
  basic_isa_instance/u_branch_add_95_52_Y_u_branch_add_94_43_cdnadd_11/CO    -       CI->CO R     FA1D2          1  1.9    51   100    1945    (-,-) 
  basic_isa_instance/u_branch_add_95_52_Y_u_branch_add_94_43_cdnadd_12/CO    -       CI->CO R     FA1D2          3  3.6    61   108    2053    (-,-) 
  basic_isa_instance/g86044/ZN                                               -       A1->ZN F     AOI21D2        1  2.9    55    56    2109    (-,-) 
  basic_isa_instance/g86043/ZN                                               -       I->ZN  R     INVD3          3  3.6    34    40    2149    (-,-) 
  basic_isa_instance/g137/ZN                                                 -       A1->ZN F     ND2D2          1  2.3    39    38    2187    (-,-) 
  basic_isa_instance/g135/ZN                                                 -       A1->ZN R     CKND2D3        3  3.6    46    42    2230    (-,-) 
  basic_isa_instance/g83120/ZN                                               -       A1->ZN F     ND2D2          1  1.4    33    37    2266    (-,-) 
  basic_isa_instance/g113/ZN                                                 -       A1->ZN R     CKND2D2        1  1.9    40    36    2303    (-,-) 
  basic_isa_instance/u_branch_add_95_52_Y_u_branch_add_94_43_cdnadd_79059/CO -       CI->CO R     FA1D2          3  4.9    68   110    2412    (-,-) 
  basic_isa_instance/g86072/ZN                                               -       A1->ZN F     AOI21D4        2  3.3    46    50    2462    (-,-) 
  basic_isa_instance/g86074/ZN                                               -       A1->ZN R     OAI21D2        2  3.2    83    72    2535    (-,-) 
  basic_isa_instance/g86077/ZN                                               -       A1->ZN F     CKND2D2        1  1.4    40    44    2579    (-,-) 
  basic_isa_instance/g83153/ZN                                               -       A1->ZN R     CKND2D2        3  3.9    57    49    2628    (-,-) 
  basic_isa_instance/g75492/ZN                                               -       B2->ZN F     IND3D2         1  1.4    61    58    2686    (-,-) 
  basic_isa_instance/g75491/ZN                                               -       A1->ZN R     CKND2D2        4  5.5    68    66    2752    (-,-) 
  basic_isa_instance/g75461/ZN                                               -       B2->ZN F     IND3D2         1  1.4    63    61    2812    (-,-) 
  basic_isa_instance/g75460/ZN                                               -       A1->ZN R     CKND2D2        5  6.3    75    70    2883    (-,-) 
  basic_isa_instance/g400/ZN                                                 -       A1->ZN F     ND2D2          1  3.1    52    54    2937    (-,-) 
  basic_isa_instance/g393/ZN                                                 -       A1->ZN R     CKND2D4        4  7.1    54    52    2990    (-,-) 
  basic_isa_instance/g642/ZN                                                 -       A1->ZN F     ND2D2          1  1.4    35    39    3029    (-,-) 
  basic_isa_instance/g641/ZN                                                 -       A1->ZN R     CKND2D2        4  4.6    61    51    3080    (-,-) 
  basic_isa_instance/g306/ZN                                                 -       A1->ZN F     ND2D2          2  3.1    49    50    3130    (-,-) 
  basic_isa_instance/g305/ZN                                                 -       I->ZN  R     CKND2          1  1.7    26    33    3163    (-,-) 
  basic_isa_instance/g299/ZN                                                 -       A1->ZN F     NR2D2          1  1.8    24    23    3186    (-,-) 
  basic_isa_instance/g297/ZN                                                 -       B->ZN  R     IAO21D2        1  1.9    51    45    3231    (-,-) 
  basic_isa_instance/g296/ZN                                                 -       B->ZN  F     IOA21D2        2  2.6    45    45    3276    (-,-) 
  basic_isa_instance/g87234/ZN                                               -       C1->ZN R     AOI222D2       1  1.8   156   162    3438    (-,-) 
  basic_isa_instance/g80610/ZN                                               -       A1->ZN F     ND2D2          2  2.3    64    66    3504    (-,-) 
  basic_isa_instance/g81749/ZN                                               -       A1->ZN F     IOA21D2        1  0.9    32    97    3601    (-,-) 
  basic_isa_instance/u_if_u_pc_reg_pc_reg[29]/D                              -       -      F     DFCSNQD2       1    -     -     0    3601    (-,-) 
#----------------------------------------------------------------------------------------------------------------------------------------------------



Path 23: VIOLATED (-1119 ps) Setup Check with Pin basic_isa_instance/u_if_u_pc_reg_pc_reg[30]/CP->D
          Group: core_clk
     Startpoint: (R) basic_isa_instance/u_mem_wb_rd_wb_reg[3]/CP
          Clock: (R) core_clk
       Endpoint: (R) basic_isa_instance/u_if_u_pc_reg_pc_reg[30]/D
          Clock: (R) core_clk

                     Capture       Launch     
        Clock Edge:+    2500            0     
       Src Latency:+       0            0     
       Net Latency:+       0 (I)        0 (I) 
           Arrival:=    2500            0     
                                              
             Setup:-      55                  
     Required Time:=    2445                  
      Launch Clock:-       0                  
         Data Path:-    3564                  
             Slack:=   -1119                  

#----------------------------------------------------------------------------------------------------------------------------------------------------
#                               Timing Point                                 Flags    Arc   Edge   Cell     Fanout Load Trans Delay Arrival Instance 
#                                                                                                                  (fF)  (ps)  (ps)   (ps)  Location 
#----------------------------------------------------------------------------------------------------------------------------------------------------
  basic_isa_instance/u_mem_wb_rd_wb_reg[3]/CP                                -       -      R     (arrival)    452    -     0     -       0    (-,-) 
  basic_isa_instance/u_mem_wb_rd_wb_reg[3]/Q                                 -       CP->Q  R     DFCNQD4        2  7.1    64   286     286    (-,-) 
  basic_isa_instance/fopt86014/ZN                                            -       I->ZN  F     INVD4          5  9.1    36    42     328    (-,-) 
  basic_isa_instance/fopt86017/ZN                                            -       I->ZN  R     CKND2          1  1.7    24    29     356    (-,-) 
  basic_isa_instance/g86016/ZN                                               -       A1->ZN F     OAI22D2        1  2.1    55    44     400    (-,-) 
  basic_isa_instance/g86015/ZN                                               -       A2->ZN R     NR2D2          1  2.3    60    66     466    (-,-) 
  basic_isa_instance/g78591/ZN                                               -       A2->ZN F     ND2D2          1  3.9    54    59     525    (-,-) 
  basic_isa_instance/g78590/ZN                                               -       A1->ZN R     NR2XD3         3  9.3    64    60     585    (-,-) 
  basic_isa_instance/g78589/ZN                                               -       I->ZN  F     INVD3          2  4.4    31    37     622    (-,-) 
  basic_isa_instance/g143/ZN                                                 -       A1->ZN R     NR2XD2        15 18.5   136    96     719    (-,-) 
  basic_isa_instance/g81599/ZN                                               -       A1->ZN R     IOA21D2        2  2.6    47   134     853    (-,-) 
  basic_isa_instance/g72977/ZN                                               -       A1->ZN F     ND2D2          1  3.3    49    48     900    (-,-) 
  basic_isa_instance/g72963/ZN                                               -       B1->ZN R     IND2D4        12 14.9    69    61     961    (-,-) 
  basic_isa_instance/g72968/ZN                                               -       A1->ZN F     CKND2D2        1  1.6    39    42    1003    (-,-) 
  basic_isa_instance/g72965/ZN                                               -       A1->ZN R     ND2D2          2  3.5    44    40    1044    (-,-) 
  basic_isa_instance/g82658/ZN                                               -       A1->ZN F     ND2D2          4  5.2    63    56    1100    (-,-) 
  basic_isa_instance/g82662/ZN                                               -       A1->ZN R     OAI22D2        3  4.4   123    84    1184    (-,-) 
  basic_isa_instance/g82661/ZN                                               -       A1->ZN F     ND2D2          1  1.9    54    57    1241    (-,-) 
  basic_isa_instance/g75480/ZN                                               -       A2->ZN R     ND3D2          1  1.9    42    47    1288    (-,-) 
  basic_isa_instance/u_branch_add_95_52_Y_u_branch_add_94_43_cdnadd_80081/CO -       CI->CO R     FA1D2          3  3.8    62   106    1394    (-,-) 
  basic_isa_instance/g75445/ZN                                               -       A1->ZN F     ND2D2          1  1.4    37    41    1435    (-,-) 
  basic_isa_instance/g75444/ZN                                               -       A1->ZN R     CKND2D2        2  3.4    53    46    1481    (-,-) 
  basic_isa_instance/g398/ZN                                                 -       A1->ZN F     CKND2D2        1  1.6    34    38    1519    (-,-) 
  basic_isa_instance/g395/ZN                                                 -       A1->ZN R     ND2D2          1  1.9    37    32    1551    (-,-) 
  basic_isa_instance/u_branch_add_95_52_Y_u_branch_add_94_43_cdnadd_8/CO     -       CI->CO R     FA1D2          1  1.9    51    95    1646    (-,-) 
  basic_isa_instance/u_branch_add_95_52_Y_u_branch_add_94_43_cdnadd_84991/CO -       CI->CO R     FA1D2          1  1.9    51   100    1746    (-,-) 
  basic_isa_instance/u_branch_add_95_52_Y_u_branch_add_94_43_cdnadd_10/CO    -       CI->CO R     FA1D2          1  1.9    51   100    1846    (-,-) 
  basic_isa_instance/u_branch_add_95_52_Y_u_branch_add_94_43_cdnadd_11/CO    -       CI->CO R     FA1D2          1  1.9    51   100    1945    (-,-) 
  basic_isa_instance/u_branch_add_95_52_Y_u_branch_add_94_43_cdnadd_12/CO    -       CI->CO R     FA1D2          3  3.6    61   108    2053    (-,-) 
  basic_isa_instance/g86044/ZN                                               -       A1->ZN F     AOI21D2        1  2.9    55    56    2109    (-,-) 
  basic_isa_instance/g86043/ZN                                               -       I->ZN  R     INVD3          3  3.6    34    40    2149    (-,-) 
  basic_isa_instance/g137/ZN                                                 -       A1->ZN F     ND2D2          1  2.3    39    38    2187    (-,-) 
  basic_isa_instance/g135/ZN                                                 -       A1->ZN R     CKND2D3        3  3.6    46    42    2230    (-,-) 
  basic_isa_instance/g83120/ZN                                               -       A1->ZN F     ND2D2          1  1.4    33    37    2266    (-,-) 
  basic_isa_instance/g113/ZN                                                 -       A1->ZN R     CKND2D2        1  1.9    40    36    2303    (-,-) 
  basic_isa_instance/u_branch_add_95_52_Y_u_branch_add_94_43_cdnadd_79059/CO -       CI->CO R     FA1D2          3  4.9    68   110    2412    (-,-) 
  basic_isa_instance/g86072/ZN                                               -       A1->ZN F     AOI21D4        2  3.3    46    50    2462    (-,-) 
  basic_isa_instance/g86074/ZN                                               -       A1->ZN R     OAI21D2        2  3.2    83    72    2535    (-,-) 
  basic_isa_instance/g86077/ZN                                               -       A1->ZN F     CKND2D2        1  1.4    40    44    2579    (-,-) 
  basic_isa_instance/g83153/ZN                                               -       A1->ZN R     CKND2D2        3  3.9    57    49    2628    (-,-) 
  basic_isa_instance/g75492/ZN                                               -       B2->ZN F     IND3D2         1  1.4    61    58    2686    (-,-) 
  basic_isa_instance/g75491/ZN                                               -       A1->ZN R     CKND2D2        4  5.5    68    66    2752    (-,-) 
  basic_isa_instance/g75461/ZN                                               -       B2->ZN F     IND3D2         1  1.4    63    61    2812    (-,-) 
  basic_isa_instance/g75460/ZN                                               -       A1->ZN R     CKND2D2        5  6.3    75    70    2883    (-,-) 
  basic_isa_instance/g400/ZN                                                 -       A1->ZN F     ND2D2          1  3.1    52    54    2937    (-,-) 
  basic_isa_instance/g393/ZN                                                 -       A1->ZN R     CKND2D4        4  7.1    54    52    2990    (-,-) 
  basic_isa_instance/g642/ZN                                                 -       A1->ZN F     ND2D2          1  1.4    35    39    3029    (-,-) 
  basic_isa_instance/g641/ZN                                                 -       A1->ZN R     CKND2D2        4  4.6    61    51    3080    (-,-) 
  basic_isa_instance/g306/ZN                                                 -       A1->ZN F     ND2D2          2  3.1    49    50    3130    (-,-) 
  basic_isa_instance/g303/ZN                                                 -       A1->ZN R     CKND2D2        1  1.8    42    42    3172    (-,-) 
  basic_isa_instance/g302/ZN                                                 -       A1->ZN F     ND2D2          1  1.4    33    36    3208    (-,-) 
  basic_isa_instance/g298/ZN                                                 -       A1->ZN R     CKND2D2        2  4.4    61    49    3257    (-,-) 
  basic_isa_instance/g245/ZN                                                 -       I->ZN  F     CKND3          3  5.4    36    42    3299    (-,-) 
  basic_isa_instance/g237/ZN                                                 -       A1->ZN R     OAI22D2        2  2.0    94    57    3356    (-,-) 
  basic_isa_instance/g81611/ZN                                               -       A1->ZN R     IOA21D2        2  1.8    42   118    3474    (-,-) 
  basic_isa_instance/g41451/Z                                                -       A1->Z  R     AO21D2         1  1.0    37    90    3564    (-,-) 
  basic_isa_instance/u_if_u_pc_reg_pc_reg[30]/D                              -       -      R     DFCSNQD2       1    -     -     0    3564    (-,-) 
#----------------------------------------------------------------------------------------------------------------------------------------------------



Path 24: VIOLATED (-1114 ps) Setup Check with Pin basic_isa_instance/u_if_u_btb_U_FILE_target_arr_reg[7][1][30]/CP->D
          Group: core_clk
     Startpoint: (R) basic_isa_instance/u_mem_wb_rd_wb_reg[3]/CP
          Clock: (R) core_clk
       Endpoint: (R) basic_isa_instance/u_if_u_btb_U_FILE_target_arr_reg[7][1][30]/D
          Clock: (R) core_clk

                     Capture       Launch     
        Clock Edge:+    2500            0     
       Src Latency:+       0            0     
       Net Latency:+       0 (I)        0 (I) 
           Arrival:=    2500            0     
                                              
             Setup:-      99                  
     Required Time:=    2401                  
      Launch Clock:-       0                  
         Data Path:-    3515                  
             Slack:=   -1114                  

#----------------------------------------------------------------------------------------------------------------------------------------------------
#                               Timing Point                                 Flags    Arc   Edge   Cell     Fanout Load Trans Delay Arrival Instance 
#                                                                                                                  (fF)  (ps)  (ps)   (ps)  Location 
#----------------------------------------------------------------------------------------------------------------------------------------------------
  basic_isa_instance/u_mem_wb_rd_wb_reg[3]/CP                                -       -      R     (arrival)    452    -     0     -       0    (-,-) 
  basic_isa_instance/u_mem_wb_rd_wb_reg[3]/Q                                 -       CP->Q  R     DFCNQD4        2  7.1    64   286     286    (-,-) 
  basic_isa_instance/fopt86014/ZN                                            -       I->ZN  F     INVD4          5  9.1    36    42     328    (-,-) 
  basic_isa_instance/fopt86017/ZN                                            -       I->ZN  R     CKND2          1  1.7    24    29     356    (-,-) 
  basic_isa_instance/g86016/ZN                                               -       A1->ZN F     OAI22D2        1  2.1    55    44     400    (-,-) 
  basic_isa_instance/g86015/ZN                                               -       A2->ZN R     NR2D2          1  2.3    60    66     466    (-,-) 
  basic_isa_instance/g78591/ZN                                               -       A2->ZN F     ND2D2          1  3.9    54    59     525    (-,-) 
  basic_isa_instance/g78590/ZN                                               -       A1->ZN R     NR2XD3         3  9.3    64    60     585    (-,-) 
  basic_isa_instance/g78589/ZN                                               -       I->ZN  F     INVD3          2  4.4    31    37     622    (-,-) 
  basic_isa_instance/g143/ZN                                                 -       A1->ZN R     NR2XD2        15 18.5   136    96     719    (-,-) 
  basic_isa_instance/g81599/ZN                                               -       A1->ZN R     IOA21D2        2  2.6    47   134     853    (-,-) 
  basic_isa_instance/g72977/ZN                                               -       A1->ZN F     ND2D2          1  3.3    49    48     900    (-,-) 
  basic_isa_instance/g72963/ZN                                               -       B1->ZN R     IND2D4        12 14.9    69    61     961    (-,-) 
  basic_isa_instance/g72968/ZN                                               -       A1->ZN F     CKND2D2        1  1.6    39    42    1003    (-,-) 
  basic_isa_instance/g72965/ZN                                               -       A1->ZN R     ND2D2          2  3.5    44    40    1044    (-,-) 
  basic_isa_instance/g82658/ZN                                               -       A1->ZN F     ND2D2          4  5.2    63    56    1100    (-,-) 
  basic_isa_instance/g82662/ZN                                               -       A1->ZN R     OAI22D2        3  4.4   123    84    1184    (-,-) 
  basic_isa_instance/g82661/ZN                                               -       A1->ZN F     ND2D2          1  1.9    54    57    1241    (-,-) 
  basic_isa_instance/g75480/ZN                                               -       A2->ZN R     ND3D2          1  1.9    42    47    1288    (-,-) 
  basic_isa_instance/u_branch_add_95_52_Y_u_branch_add_94_43_cdnadd_80081/CO -       CI->CO R     FA1D2          3  3.8    62   106    1394    (-,-) 
  basic_isa_instance/g75445/ZN                                               -       A1->ZN F     ND2D2          1  1.4    37    41    1435    (-,-) 
  basic_isa_instance/g75444/ZN                                               -       A1->ZN R     CKND2D2        2  3.4    53    46    1481    (-,-) 
  basic_isa_instance/g398/ZN                                                 -       A1->ZN F     CKND2D2        1  1.6    34    38    1519    (-,-) 
  basic_isa_instance/g395/ZN                                                 -       A1->ZN R     ND2D2          1  1.9    37    32    1551    (-,-) 
  basic_isa_instance/u_branch_add_95_52_Y_u_branch_add_94_43_cdnadd_8/CO     -       CI->CO R     FA1D2          1  1.9    51    95    1646    (-,-) 
  basic_isa_instance/u_branch_add_95_52_Y_u_branch_add_94_43_cdnadd_84991/CO -       CI->CO R     FA1D2          1  1.9    51   100    1746    (-,-) 
  basic_isa_instance/u_branch_add_95_52_Y_u_branch_add_94_43_cdnadd_10/CO    -       CI->CO R     FA1D2          1  1.9    51   100    1846    (-,-) 
  basic_isa_instance/u_branch_add_95_52_Y_u_branch_add_94_43_cdnadd_11/CO    -       CI->CO R     FA1D2          1  1.9    51   100    1945    (-,-) 
  basic_isa_instance/u_branch_add_95_52_Y_u_branch_add_94_43_cdnadd_12/CO    -       CI->CO R     FA1D2          3  3.6    61   108    2053    (-,-) 
  basic_isa_instance/g86044/ZN                                               -       A1->ZN F     AOI21D2        1  2.9    55    56    2109    (-,-) 
  basic_isa_instance/g86043/ZN                                               -       I->ZN  R     INVD3          3  3.6    34    40    2149    (-,-) 
  basic_isa_instance/g137/ZN                                                 -       A1->ZN F     ND2D2          1  2.3    39    38    2187    (-,-) 
  basic_isa_instance/g135/ZN                                                 -       A1->ZN R     CKND2D3        3  3.6    46    42    2230    (-,-) 
  basic_isa_instance/g83120/ZN                                               -       A1->ZN F     ND2D2          1  1.4    33    37    2266    (-,-) 
  basic_isa_instance/g113/ZN                                                 -       A1->ZN R     CKND2D2        1  1.9    40    36    2303    (-,-) 
  basic_isa_instance/u_branch_add_95_52_Y_u_branch_add_94_43_cdnadd_79059/CO -       CI->CO R     FA1D2          3  4.9    68   110    2412    (-,-) 
  basic_isa_instance/g86072/ZN                                               -       A1->ZN F     AOI21D4        2  3.3    46    50    2462    (-,-) 
  basic_isa_instance/g86074/ZN                                               -       A1->ZN R     OAI21D2        2  3.2    83    72    2535    (-,-) 
  basic_isa_instance/g86077/ZN                                               -       A1->ZN F     CKND2D2        1  1.4    40    44    2579    (-,-) 
  basic_isa_instance/g83153/ZN                                               -       A1->ZN R     CKND2D2        3  3.9    57    49    2628    (-,-) 
  basic_isa_instance/g75492/ZN                                               -       B2->ZN F     IND3D2         1  1.4    61    58    2686    (-,-) 
  basic_isa_instance/g75491/ZN                                               -       A1->ZN R     CKND2D2        4  5.5    68    66    2752    (-,-) 
  basic_isa_instance/g75461/ZN                                               -       B2->ZN F     IND3D2         1  1.4    63    61    2812    (-,-) 
  basic_isa_instance/g75460/ZN                                               -       A1->ZN R     CKND2D2        5  6.3    75    70    2883    (-,-) 
  basic_isa_instance/g400/ZN                                                 -       A1->ZN F     ND2D2          1  3.1    52    54    2937    (-,-) 
  basic_isa_instance/g393/ZN                                                 -       A1->ZN R     CKND2D4        4  7.1    54    52    2990    (-,-) 
  basic_isa_instance/g642/ZN                                                 -       A1->ZN F     ND2D2          1  1.4    35    39    3029    (-,-) 
  basic_isa_instance/g641/ZN                                                 -       A1->ZN R     CKND2D2        4  4.6    61    51    3080    (-,-) 
  basic_isa_instance/g306/ZN                                                 -       A1->ZN F     ND2D2          2  3.1    49    50    3130    (-,-) 
  basic_isa_instance/g303/ZN                                                 -       A1->ZN R     CKND2D2        1  1.8    42    42    3172    (-,-) 
  basic_isa_instance/g302/ZN                                                 -       A1->ZN F     ND2D2          1  1.4    33    36    3208    (-,-) 
  basic_isa_instance/g298/ZN                                                 -       A1->ZN R     CKND2D2        2  4.4    61    49    3257    (-,-) 
  basic_isa_instance/g245/ZN                                                 -       I->ZN  F     CKND3          3  5.4    36    42    3299    (-,-) 
  basic_isa_instance/g237/ZN                                                 -       A1->ZN R     OAI22D2        2  2.0    94    57    3356    (-,-) 
  basic_isa_instance/g35737/Z                                                -       A1->Z  R     AN2D2         16 14.4   119   159    3515    (-,-) 
  basic_isa_instance/u_if_u_btb_U_FILE_target_arr_reg[7][1][30]/D            -       -      R     DFCNQD2       16    -     -     0    3515    (-,-) 
#----------------------------------------------------------------------------------------------------------------------------------------------------



Path 25: VIOLATED (-1114 ps) Setup Check with Pin basic_isa_instance/u_if_u_btb_U_FILE_target_arr_reg[7][0][30]/CP->D
          Group: core_clk
     Startpoint: (R) basic_isa_instance/u_mem_wb_rd_wb_reg[3]/CP
          Clock: (R) core_clk
       Endpoint: (R) basic_isa_instance/u_if_u_btb_U_FILE_target_arr_reg[7][0][30]/D
          Clock: (R) core_clk

                     Capture       Launch     
        Clock Edge:+    2500            0     
       Src Latency:+       0            0     
       Net Latency:+       0 (I)        0 (I) 
           Arrival:=    2500            0     
                                              
             Setup:-      99                  
     Required Time:=    2401                  
      Launch Clock:-       0                  
         Data Path:-    3515                  
             Slack:=   -1114                  

#----------------------------------------------------------------------------------------------------------------------------------------------------
#                               Timing Point                                 Flags    Arc   Edge   Cell     Fanout Load Trans Delay Arrival Instance 
#                                                                                                                  (fF)  (ps)  (ps)   (ps)  Location 
#----------------------------------------------------------------------------------------------------------------------------------------------------
  basic_isa_instance/u_mem_wb_rd_wb_reg[3]/CP                                -       -      R     (arrival)    452    -     0     -       0    (-,-) 
  basic_isa_instance/u_mem_wb_rd_wb_reg[3]/Q                                 -       CP->Q  R     DFCNQD4        2  7.1    64   286     286    (-,-) 
  basic_isa_instance/fopt86014/ZN                                            -       I->ZN  F     INVD4          5  9.1    36    42     328    (-,-) 
  basic_isa_instance/fopt86017/ZN                                            -       I->ZN  R     CKND2          1  1.7    24    29     356    (-,-) 
  basic_isa_instance/g86016/ZN                                               -       A1->ZN F     OAI22D2        1  2.1    55    44     400    (-,-) 
  basic_isa_instance/g86015/ZN                                               -       A2->ZN R     NR2D2          1  2.3    60    66     466    (-,-) 
  basic_isa_instance/g78591/ZN                                               -       A2->ZN F     ND2D2          1  3.9    54    59     525    (-,-) 
  basic_isa_instance/g78590/ZN                                               -       A1->ZN R     NR2XD3         3  9.3    64    60     585    (-,-) 
  basic_isa_instance/g78589/ZN                                               -       I->ZN  F     INVD3          2  4.4    31    37     622    (-,-) 
  basic_isa_instance/g143/ZN                                                 -       A1->ZN R     NR2XD2        15 18.5   136    96     719    (-,-) 
  basic_isa_instance/g81599/ZN                                               -       A1->ZN R     IOA21D2        2  2.6    47   134     853    (-,-) 
  basic_isa_instance/g72977/ZN                                               -       A1->ZN F     ND2D2          1  3.3    49    48     900    (-,-) 
  basic_isa_instance/g72963/ZN                                               -       B1->ZN R     IND2D4        12 14.9    69    61     961    (-,-) 
  basic_isa_instance/g72968/ZN                                               -       A1->ZN F     CKND2D2        1  1.6    39    42    1003    (-,-) 
  basic_isa_instance/g72965/ZN                                               -       A1->ZN R     ND2D2          2  3.5    44    40    1044    (-,-) 
  basic_isa_instance/g82658/ZN                                               -       A1->ZN F     ND2D2          4  5.2    63    56    1100    (-,-) 
  basic_isa_instance/g82662/ZN                                               -       A1->ZN R     OAI22D2        3  4.4   123    84    1184    (-,-) 
  basic_isa_instance/g82661/ZN                                               -       A1->ZN F     ND2D2          1  1.9    54    57    1241    (-,-) 
  basic_isa_instance/g75480/ZN                                               -       A2->ZN R     ND3D2          1  1.9    42    47    1288    (-,-) 
  basic_isa_instance/u_branch_add_95_52_Y_u_branch_add_94_43_cdnadd_80081/CO -       CI->CO R     FA1D2          3  3.8    62   106    1394    (-,-) 
  basic_isa_instance/g75445/ZN                                               -       A1->ZN F     ND2D2          1  1.4    37    41    1435    (-,-) 
  basic_isa_instance/g75444/ZN                                               -       A1->ZN R     CKND2D2        2  3.4    53    46    1481    (-,-) 
  basic_isa_instance/g398/ZN                                                 -       A1->ZN F     CKND2D2        1  1.6    34    38    1519    (-,-) 
  basic_isa_instance/g395/ZN                                                 -       A1->ZN R     ND2D2          1  1.9    37    32    1551    (-,-) 
  basic_isa_instance/u_branch_add_95_52_Y_u_branch_add_94_43_cdnadd_8/CO     -       CI->CO R     FA1D2          1  1.9    51    95    1646    (-,-) 
  basic_isa_instance/u_branch_add_95_52_Y_u_branch_add_94_43_cdnadd_84991/CO -       CI->CO R     FA1D2          1  1.9    51   100    1746    (-,-) 
  basic_isa_instance/u_branch_add_95_52_Y_u_branch_add_94_43_cdnadd_10/CO    -       CI->CO R     FA1D2          1  1.9    51   100    1846    (-,-) 
  basic_isa_instance/u_branch_add_95_52_Y_u_branch_add_94_43_cdnadd_11/CO    -       CI->CO R     FA1D2          1  1.9    51   100    1945    (-,-) 
  basic_isa_instance/u_branch_add_95_52_Y_u_branch_add_94_43_cdnadd_12/CO    -       CI->CO R     FA1D2          3  3.6    61   108    2053    (-,-) 
  basic_isa_instance/g86044/ZN                                               -       A1->ZN F     AOI21D2        1  2.9    55    56    2109    (-,-) 
  basic_isa_instance/g86043/ZN                                               -       I->ZN  R     INVD3          3  3.6    34    40    2149    (-,-) 
  basic_isa_instance/g137/ZN                                                 -       A1->ZN F     ND2D2          1  2.3    39    38    2187    (-,-) 
  basic_isa_instance/g135/ZN                                                 -       A1->ZN R     CKND2D3        3  3.6    46    42    2230    (-,-) 
  basic_isa_instance/g83120/ZN                                               -       A1->ZN F     ND2D2          1  1.4    33    37    2266    (-,-) 
  basic_isa_instance/g113/ZN                                                 -       A1->ZN R     CKND2D2        1  1.9    40    36    2303    (-,-) 
  basic_isa_instance/u_branch_add_95_52_Y_u_branch_add_94_43_cdnadd_79059/CO -       CI->CO R     FA1D2          3  4.9    68   110    2412    (-,-) 
  basic_isa_instance/g86072/ZN                                               -       A1->ZN F     AOI21D4        2  3.3    46    50    2462    (-,-) 
  basic_isa_instance/g86074/ZN                                               -       A1->ZN R     OAI21D2        2  3.2    83    72    2535    (-,-) 
  basic_isa_instance/g86077/ZN                                               -       A1->ZN F     CKND2D2        1  1.4    40    44    2579    (-,-) 
  basic_isa_instance/g83153/ZN                                               -       A1->ZN R     CKND2D2        3  3.9    57    49    2628    (-,-) 
  basic_isa_instance/g75492/ZN                                               -       B2->ZN F     IND3D2         1  1.4    61    58    2686    (-,-) 
  basic_isa_instance/g75491/ZN                                               -       A1->ZN R     CKND2D2        4  5.5    68    66    2752    (-,-) 
  basic_isa_instance/g75461/ZN                                               -       B2->ZN F     IND3D2         1  1.4    63    61    2812    (-,-) 
  basic_isa_instance/g75460/ZN                                               -       A1->ZN R     CKND2D2        5  6.3    75    70    2883    (-,-) 
  basic_isa_instance/g400/ZN                                                 -       A1->ZN F     ND2D2          1  3.1    52    54    2937    (-,-) 
  basic_isa_instance/g393/ZN                                                 -       A1->ZN R     CKND2D4        4  7.1    54    52    2990    (-,-) 
  basic_isa_instance/g642/ZN                                                 -       A1->ZN F     ND2D2          1  1.4    35    39    3029    (-,-) 
  basic_isa_instance/g641/ZN                                                 -       A1->ZN R     CKND2D2        4  4.6    61    51    3080    (-,-) 
  basic_isa_instance/g306/ZN                                                 -       A1->ZN F     ND2D2          2  3.1    49    50    3130    (-,-) 
  basic_isa_instance/g303/ZN                                                 -       A1->ZN R     CKND2D2        1  1.8    42    42    3172    (-,-) 
  basic_isa_instance/g302/ZN                                                 -       A1->ZN F     ND2D2          1  1.4    33    36    3208    (-,-) 
  basic_isa_instance/g298/ZN                                                 -       A1->ZN R     CKND2D2        2  4.4    61    49    3257    (-,-) 
  basic_isa_instance/g245/ZN                                                 -       I->ZN  F     CKND3          3  5.4    36    42    3299    (-,-) 
  basic_isa_instance/g237/ZN                                                 -       A1->ZN R     OAI22D2        2  2.0    94    57    3356    (-,-) 
  basic_isa_instance/g35737/Z                                                -       A1->Z  R     AN2D2         16 14.4   119   159    3515    (-,-) 
  basic_isa_instance/u_if_u_btb_U_FILE_target_arr_reg[7][0][30]/D            -       -      R     DFCNQD2       16    -     -     0    3515    (-,-) 
#----------------------------------------------------------------------------------------------------------------------------------------------------



Path 26: VIOLATED (-1114 ps) Setup Check with Pin basic_isa_instance/u_if_u_btb_U_FILE_target_arr_reg[6][1][30]/CP->D
          Group: core_clk
     Startpoint: (R) basic_isa_instance/u_mem_wb_rd_wb_reg[3]/CP
          Clock: (R) core_clk
       Endpoint: (R) basic_isa_instance/u_if_u_btb_U_FILE_target_arr_reg[6][1][30]/D
          Clock: (R) core_clk

                     Capture       Launch     
        Clock Edge:+    2500            0     
       Src Latency:+       0            0     
       Net Latency:+       0 (I)        0 (I) 
           Arrival:=    2500            0     
                                              
             Setup:-      99                  
     Required Time:=    2401                  
      Launch Clock:-       0                  
         Data Path:-    3515                  
             Slack:=   -1114                  

#----------------------------------------------------------------------------------------------------------------------------------------------------
#                               Timing Point                                 Flags    Arc   Edge   Cell     Fanout Load Trans Delay Arrival Instance 
#                                                                                                                  (fF)  (ps)  (ps)   (ps)  Location 
#----------------------------------------------------------------------------------------------------------------------------------------------------
  basic_isa_instance/u_mem_wb_rd_wb_reg[3]/CP                                -       -      R     (arrival)    452    -     0     -       0    (-,-) 
  basic_isa_instance/u_mem_wb_rd_wb_reg[3]/Q                                 -       CP->Q  R     DFCNQD4        2  7.1    64   286     286    (-,-) 
  basic_isa_instance/fopt86014/ZN                                            -       I->ZN  F     INVD4          5  9.1    36    42     328    (-,-) 
  basic_isa_instance/fopt86017/ZN                                            -       I->ZN  R     CKND2          1  1.7    24    29     356    (-,-) 
  basic_isa_instance/g86016/ZN                                               -       A1->ZN F     OAI22D2        1  2.1    55    44     400    (-,-) 
  basic_isa_instance/g86015/ZN                                               -       A2->ZN R     NR2D2          1  2.3    60    66     466    (-,-) 
  basic_isa_instance/g78591/ZN                                               -       A2->ZN F     ND2D2          1  3.9    54    59     525    (-,-) 
  basic_isa_instance/g78590/ZN                                               -       A1->ZN R     NR2XD3         3  9.3    64    60     585    (-,-) 
  basic_isa_instance/g78589/ZN                                               -       I->ZN  F     INVD3          2  4.4    31    37     622    (-,-) 
  basic_isa_instance/g143/ZN                                                 -       A1->ZN R     NR2XD2        15 18.5   136    96     719    (-,-) 
  basic_isa_instance/g81599/ZN                                               -       A1->ZN R     IOA21D2        2  2.6    47   134     853    (-,-) 
  basic_isa_instance/g72977/ZN                                               -       A1->ZN F     ND2D2          1  3.3    49    48     900    (-,-) 
  basic_isa_instance/g72963/ZN                                               -       B1->ZN R     IND2D4        12 14.9    69    61     961    (-,-) 
  basic_isa_instance/g72968/ZN                                               -       A1->ZN F     CKND2D2        1  1.6    39    42    1003    (-,-) 
  basic_isa_instance/g72965/ZN                                               -       A1->ZN R     ND2D2          2  3.5    44    40    1044    (-,-) 
  basic_isa_instance/g82658/ZN                                               -       A1->ZN F     ND2D2          4  5.2    63    56    1100    (-,-) 
  basic_isa_instance/g82662/ZN                                               -       A1->ZN R     OAI22D2        3  4.4   123    84    1184    (-,-) 
  basic_isa_instance/g82661/ZN                                               -       A1->ZN F     ND2D2          1  1.9    54    57    1241    (-,-) 
  basic_isa_instance/g75480/ZN                                               -       A2->ZN R     ND3D2          1  1.9    42    47    1288    (-,-) 
  basic_isa_instance/u_branch_add_95_52_Y_u_branch_add_94_43_cdnadd_80081/CO -       CI->CO R     FA1D2          3  3.8    62   106    1394    (-,-) 
  basic_isa_instance/g75445/ZN                                               -       A1->ZN F     ND2D2          1  1.4    37    41    1435    (-,-) 
  basic_isa_instance/g75444/ZN                                               -       A1->ZN R     CKND2D2        2  3.4    53    46    1481    (-,-) 
  basic_isa_instance/g398/ZN                                                 -       A1->ZN F     CKND2D2        1  1.6    34    38    1519    (-,-) 
  basic_isa_instance/g395/ZN                                                 -       A1->ZN R     ND2D2          1  1.9    37    32    1551    (-,-) 
  basic_isa_instance/u_branch_add_95_52_Y_u_branch_add_94_43_cdnadd_8/CO     -       CI->CO R     FA1D2          1  1.9    51    95    1646    (-,-) 
  basic_isa_instance/u_branch_add_95_52_Y_u_branch_add_94_43_cdnadd_84991/CO -       CI->CO R     FA1D2          1  1.9    51   100    1746    (-,-) 
  basic_isa_instance/u_branch_add_95_52_Y_u_branch_add_94_43_cdnadd_10/CO    -       CI->CO R     FA1D2          1  1.9    51   100    1846    (-,-) 
  basic_isa_instance/u_branch_add_95_52_Y_u_branch_add_94_43_cdnadd_11/CO    -       CI->CO R     FA1D2          1  1.9    51   100    1945    (-,-) 
  basic_isa_instance/u_branch_add_95_52_Y_u_branch_add_94_43_cdnadd_12/CO    -       CI->CO R     FA1D2          3  3.6    61   108    2053    (-,-) 
  basic_isa_instance/g86044/ZN                                               -       A1->ZN F     AOI21D2        1  2.9    55    56    2109    (-,-) 
  basic_isa_instance/g86043/ZN                                               -       I->ZN  R     INVD3          3  3.6    34    40    2149    (-,-) 
  basic_isa_instance/g137/ZN                                                 -       A1->ZN F     ND2D2          1  2.3    39    38    2187    (-,-) 
  basic_isa_instance/g135/ZN                                                 -       A1->ZN R     CKND2D3        3  3.6    46    42    2230    (-,-) 
  basic_isa_instance/g83120/ZN                                               -       A1->ZN F     ND2D2          1  1.4    33    37    2266    (-,-) 
  basic_isa_instance/g113/ZN                                                 -       A1->ZN R     CKND2D2        1  1.9    40    36    2303    (-,-) 
  basic_isa_instance/u_branch_add_95_52_Y_u_branch_add_94_43_cdnadd_79059/CO -       CI->CO R     FA1D2          3  4.9    68   110    2412    (-,-) 
  basic_isa_instance/g86072/ZN                                               -       A1->ZN F     AOI21D4        2  3.3    46    50    2462    (-,-) 
  basic_isa_instance/g86074/ZN                                               -       A1->ZN R     OAI21D2        2  3.2    83    72    2535    (-,-) 
  basic_isa_instance/g86077/ZN                                               -       A1->ZN F     CKND2D2        1  1.4    40    44    2579    (-,-) 
  basic_isa_instance/g83153/ZN                                               -       A1->ZN R     CKND2D2        3  3.9    57    49    2628    (-,-) 
  basic_isa_instance/g75492/ZN                                               -       B2->ZN F     IND3D2         1  1.4    61    58    2686    (-,-) 
  basic_isa_instance/g75491/ZN                                               -       A1->ZN R     CKND2D2        4  5.5    68    66    2752    (-,-) 
  basic_isa_instance/g75461/ZN                                               -       B2->ZN F     IND3D2         1  1.4    63    61    2812    (-,-) 
  basic_isa_instance/g75460/ZN                                               -       A1->ZN R     CKND2D2        5  6.3    75    70    2883    (-,-) 
  basic_isa_instance/g400/ZN                                                 -       A1->ZN F     ND2D2          1  3.1    52    54    2937    (-,-) 
  basic_isa_instance/g393/ZN                                                 -       A1->ZN R     CKND2D4        4  7.1    54    52    2990    (-,-) 
  basic_isa_instance/g642/ZN                                                 -       A1->ZN F     ND2D2          1  1.4    35    39    3029    (-,-) 
  basic_isa_instance/g641/ZN                                                 -       A1->ZN R     CKND2D2        4  4.6    61    51    3080    (-,-) 
  basic_isa_instance/g306/ZN                                                 -       A1->ZN F     ND2D2          2  3.1    49    50    3130    (-,-) 
  basic_isa_instance/g303/ZN                                                 -       A1->ZN R     CKND2D2        1  1.8    42    42    3172    (-,-) 
  basic_isa_instance/g302/ZN                                                 -       A1->ZN F     ND2D2          1  1.4    33    36    3208    (-,-) 
  basic_isa_instance/g298/ZN                                                 -       A1->ZN R     CKND2D2        2  4.4    61    49    3257    (-,-) 
  basic_isa_instance/g245/ZN                                                 -       I->ZN  F     CKND3          3  5.4    36    42    3299    (-,-) 
  basic_isa_instance/g237/ZN                                                 -       A1->ZN R     OAI22D2        2  2.0    94    57    3356    (-,-) 
  basic_isa_instance/g35737/Z                                                -       A1->Z  R     AN2D2         16 14.4   119   159    3515    (-,-) 
  basic_isa_instance/u_if_u_btb_U_FILE_target_arr_reg[6][1][30]/D            -       -      R     DFCNQD2       16    -     -     0    3515    (-,-) 
#----------------------------------------------------------------------------------------------------------------------------------------------------



Path 27: VIOLATED (-1114 ps) Setup Check with Pin basic_isa_instance/u_if_u_btb_U_FILE_target_arr_reg[6][0][30]/CP->D
          Group: core_clk
     Startpoint: (R) basic_isa_instance/u_mem_wb_rd_wb_reg[3]/CP
          Clock: (R) core_clk
       Endpoint: (R) basic_isa_instance/u_if_u_btb_U_FILE_target_arr_reg[6][0][30]/D
          Clock: (R) core_clk

                     Capture       Launch     
        Clock Edge:+    2500            0     
       Src Latency:+       0            0     
       Net Latency:+       0 (I)        0 (I) 
           Arrival:=    2500            0     
                                              
             Setup:-      99                  
     Required Time:=    2401                  
      Launch Clock:-       0                  
         Data Path:-    3515                  
             Slack:=   -1114                  

#----------------------------------------------------------------------------------------------------------------------------------------------------
#                               Timing Point                                 Flags    Arc   Edge   Cell     Fanout Load Trans Delay Arrival Instance 
#                                                                                                                  (fF)  (ps)  (ps)   (ps)  Location 
#----------------------------------------------------------------------------------------------------------------------------------------------------
  basic_isa_instance/u_mem_wb_rd_wb_reg[3]/CP                                -       -      R     (arrival)    452    -     0     -       0    (-,-) 
  basic_isa_instance/u_mem_wb_rd_wb_reg[3]/Q                                 -       CP->Q  R     DFCNQD4        2  7.1    64   286     286    (-,-) 
  basic_isa_instance/fopt86014/ZN                                            -       I->ZN  F     INVD4          5  9.1    36    42     328    (-,-) 
  basic_isa_instance/fopt86017/ZN                                            -       I->ZN  R     CKND2          1  1.7    24    29     356    (-,-) 
  basic_isa_instance/g86016/ZN                                               -       A1->ZN F     OAI22D2        1  2.1    55    44     400    (-,-) 
  basic_isa_instance/g86015/ZN                                               -       A2->ZN R     NR2D2          1  2.3    60    66     466    (-,-) 
  basic_isa_instance/g78591/ZN                                               -       A2->ZN F     ND2D2          1  3.9    54    59     525    (-,-) 
  basic_isa_instance/g78590/ZN                                               -       A1->ZN R     NR2XD3         3  9.3    64    60     585    (-,-) 
  basic_isa_instance/g78589/ZN                                               -       I->ZN  F     INVD3          2  4.4    31    37     622    (-,-) 
  basic_isa_instance/g143/ZN                                                 -       A1->ZN R     NR2XD2        15 18.5   136    96     719    (-,-) 
  basic_isa_instance/g81599/ZN                                               -       A1->ZN R     IOA21D2        2  2.6    47   134     853    (-,-) 
  basic_isa_instance/g72977/ZN                                               -       A1->ZN F     ND2D2          1  3.3    49    48     900    (-,-) 
  basic_isa_instance/g72963/ZN                                               -       B1->ZN R     IND2D4        12 14.9    69    61     961    (-,-) 
  basic_isa_instance/g72968/ZN                                               -       A1->ZN F     CKND2D2        1  1.6    39    42    1003    (-,-) 
  basic_isa_instance/g72965/ZN                                               -       A1->ZN R     ND2D2          2  3.5    44    40    1044    (-,-) 
  basic_isa_instance/g82658/ZN                                               -       A1->ZN F     ND2D2          4  5.2    63    56    1100    (-,-) 
  basic_isa_instance/g82662/ZN                                               -       A1->ZN R     OAI22D2        3  4.4   123    84    1184    (-,-) 
  basic_isa_instance/g82661/ZN                                               -       A1->ZN F     ND2D2          1  1.9    54    57    1241    (-,-) 
  basic_isa_instance/g75480/ZN                                               -       A2->ZN R     ND3D2          1  1.9    42    47    1288    (-,-) 
  basic_isa_instance/u_branch_add_95_52_Y_u_branch_add_94_43_cdnadd_80081/CO -       CI->CO R     FA1D2          3  3.8    62   106    1394    (-,-) 
  basic_isa_instance/g75445/ZN                                               -       A1->ZN F     ND2D2          1  1.4    37    41    1435    (-,-) 
  basic_isa_instance/g75444/ZN                                               -       A1->ZN R     CKND2D2        2  3.4    53    46    1481    (-,-) 
  basic_isa_instance/g398/ZN                                                 -       A1->ZN F     CKND2D2        1  1.6    34    38    1519    (-,-) 
  basic_isa_instance/g395/ZN                                                 -       A1->ZN R     ND2D2          1  1.9    37    32    1551    (-,-) 
  basic_isa_instance/u_branch_add_95_52_Y_u_branch_add_94_43_cdnadd_8/CO     -       CI->CO R     FA1D2          1  1.9    51    95    1646    (-,-) 
  basic_isa_instance/u_branch_add_95_52_Y_u_branch_add_94_43_cdnadd_84991/CO -       CI->CO R     FA1D2          1  1.9    51   100    1746    (-,-) 
  basic_isa_instance/u_branch_add_95_52_Y_u_branch_add_94_43_cdnadd_10/CO    -       CI->CO R     FA1D2          1  1.9    51   100    1846    (-,-) 
  basic_isa_instance/u_branch_add_95_52_Y_u_branch_add_94_43_cdnadd_11/CO    -       CI->CO R     FA1D2          1  1.9    51   100    1945    (-,-) 
  basic_isa_instance/u_branch_add_95_52_Y_u_branch_add_94_43_cdnadd_12/CO    -       CI->CO R     FA1D2          3  3.6    61   108    2053    (-,-) 
  basic_isa_instance/g86044/ZN                                               -       A1->ZN F     AOI21D2        1  2.9    55    56    2109    (-,-) 
  basic_isa_instance/g86043/ZN                                               -       I->ZN  R     INVD3          3  3.6    34    40    2149    (-,-) 
  basic_isa_instance/g137/ZN                                                 -       A1->ZN F     ND2D2          1  2.3    39    38    2187    (-,-) 
  basic_isa_instance/g135/ZN                                                 -       A1->ZN R     CKND2D3        3  3.6    46    42    2230    (-,-) 
  basic_isa_instance/g83120/ZN                                               -       A1->ZN F     ND2D2          1  1.4    33    37    2266    (-,-) 
  basic_isa_instance/g113/ZN                                                 -       A1->ZN R     CKND2D2        1  1.9    40    36    2303    (-,-) 
  basic_isa_instance/u_branch_add_95_52_Y_u_branch_add_94_43_cdnadd_79059/CO -       CI->CO R     FA1D2          3  4.9    68   110    2412    (-,-) 
  basic_isa_instance/g86072/ZN                                               -       A1->ZN F     AOI21D4        2  3.3    46    50    2462    (-,-) 
  basic_isa_instance/g86074/ZN                                               -       A1->ZN R     OAI21D2        2  3.2    83    72    2535    (-,-) 
  basic_isa_instance/g86077/ZN                                               -       A1->ZN F     CKND2D2        1  1.4    40    44    2579    (-,-) 
  basic_isa_instance/g83153/ZN                                               -       A1->ZN R     CKND2D2        3  3.9    57    49    2628    (-,-) 
  basic_isa_instance/g75492/ZN                                               -       B2->ZN F     IND3D2         1  1.4    61    58    2686    (-,-) 
  basic_isa_instance/g75491/ZN                                               -       A1->ZN R     CKND2D2        4  5.5    68    66    2752    (-,-) 
  basic_isa_instance/g75461/ZN                                               -       B2->ZN F     IND3D2         1  1.4    63    61    2812    (-,-) 
  basic_isa_instance/g75460/ZN                                               -       A1->ZN R     CKND2D2        5  6.3    75    70    2883    (-,-) 
  basic_isa_instance/g400/ZN                                                 -       A1->ZN F     ND2D2          1  3.1    52    54    2937    (-,-) 
  basic_isa_instance/g393/ZN                                                 -       A1->ZN R     CKND2D4        4  7.1    54    52    2990    (-,-) 
  basic_isa_instance/g642/ZN                                                 -       A1->ZN F     ND2D2          1  1.4    35    39    3029    (-,-) 
  basic_isa_instance/g641/ZN                                                 -       A1->ZN R     CKND2D2        4  4.6    61    51    3080    (-,-) 
  basic_isa_instance/g306/ZN                                                 -       A1->ZN F     ND2D2          2  3.1    49    50    3130    (-,-) 
  basic_isa_instance/g303/ZN                                                 -       A1->ZN R     CKND2D2        1  1.8    42    42    3172    (-,-) 
  basic_isa_instance/g302/ZN                                                 -       A1->ZN F     ND2D2          1  1.4    33    36    3208    (-,-) 
  basic_isa_instance/g298/ZN                                                 -       A1->ZN R     CKND2D2        2  4.4    61    49    3257    (-,-) 
  basic_isa_instance/g245/ZN                                                 -       I->ZN  F     CKND3          3  5.4    36    42    3299    (-,-) 
  basic_isa_instance/g237/ZN                                                 -       A1->ZN R     OAI22D2        2  2.0    94    57    3356    (-,-) 
  basic_isa_instance/g35737/Z                                                -       A1->Z  R     AN2D2         16 14.4   119   159    3515    (-,-) 
  basic_isa_instance/u_if_u_btb_U_FILE_target_arr_reg[6][0][30]/D            -       -      R     DFCNQD2       16    -     -     0    3515    (-,-) 
#----------------------------------------------------------------------------------------------------------------------------------------------------



Path 28: VIOLATED (-1114 ps) Setup Check with Pin basic_isa_instance/u_if_u_btb_U_FILE_target_arr_reg[5][1][30]/CP->D
          Group: core_clk
     Startpoint: (R) basic_isa_instance/u_mem_wb_rd_wb_reg[3]/CP
          Clock: (R) core_clk
       Endpoint: (R) basic_isa_instance/u_if_u_btb_U_FILE_target_arr_reg[5][1][30]/D
          Clock: (R) core_clk

                     Capture       Launch     
        Clock Edge:+    2500            0     
       Src Latency:+       0            0     
       Net Latency:+       0 (I)        0 (I) 
           Arrival:=    2500            0     
                                              
             Setup:-      99                  
     Required Time:=    2401                  
      Launch Clock:-       0                  
         Data Path:-    3515                  
             Slack:=   -1114                  

#----------------------------------------------------------------------------------------------------------------------------------------------------
#                               Timing Point                                 Flags    Arc   Edge   Cell     Fanout Load Trans Delay Arrival Instance 
#                                                                                                                  (fF)  (ps)  (ps)   (ps)  Location 
#----------------------------------------------------------------------------------------------------------------------------------------------------
  basic_isa_instance/u_mem_wb_rd_wb_reg[3]/CP                                -       -      R     (arrival)    452    -     0     -       0    (-,-) 
  basic_isa_instance/u_mem_wb_rd_wb_reg[3]/Q                                 -       CP->Q  R     DFCNQD4        2  7.1    64   286     286    (-,-) 
  basic_isa_instance/fopt86014/ZN                                            -       I->ZN  F     INVD4          5  9.1    36    42     328    (-,-) 
  basic_isa_instance/fopt86017/ZN                                            -       I->ZN  R     CKND2          1  1.7    24    29     356    (-,-) 
  basic_isa_instance/g86016/ZN                                               -       A1->ZN F     OAI22D2        1  2.1    55    44     400    (-,-) 
  basic_isa_instance/g86015/ZN                                               -       A2->ZN R     NR2D2          1  2.3    60    66     466    (-,-) 
  basic_isa_instance/g78591/ZN                                               -       A2->ZN F     ND2D2          1  3.9    54    59     525    (-,-) 
  basic_isa_instance/g78590/ZN                                               -       A1->ZN R     NR2XD3         3  9.3    64    60     585    (-,-) 
  basic_isa_instance/g78589/ZN                                               -       I->ZN  F     INVD3          2  4.4    31    37     622    (-,-) 
  basic_isa_instance/g143/ZN                                                 -       A1->ZN R     NR2XD2        15 18.5   136    96     719    (-,-) 
  basic_isa_instance/g81599/ZN                                               -       A1->ZN R     IOA21D2        2  2.6    47   134     853    (-,-) 
  basic_isa_instance/g72977/ZN                                               -       A1->ZN F     ND2D2          1  3.3    49    48     900    (-,-) 
  basic_isa_instance/g72963/ZN                                               -       B1->ZN R     IND2D4        12 14.9    69    61     961    (-,-) 
  basic_isa_instance/g72968/ZN                                               -       A1->ZN F     CKND2D2        1  1.6    39    42    1003    (-,-) 
  basic_isa_instance/g72965/ZN                                               -       A1->ZN R     ND2D2          2  3.5    44    40    1044    (-,-) 
  basic_isa_instance/g82658/ZN                                               -       A1->ZN F     ND2D2          4  5.2    63    56    1100    (-,-) 
  basic_isa_instance/g82662/ZN                                               -       A1->ZN R     OAI22D2        3  4.4   123    84    1184    (-,-) 
  basic_isa_instance/g82661/ZN                                               -       A1->ZN F     ND2D2          1  1.9    54    57    1241    (-,-) 
  basic_isa_instance/g75480/ZN                                               -       A2->ZN R     ND3D2          1  1.9    42    47    1288    (-,-) 
  basic_isa_instance/u_branch_add_95_52_Y_u_branch_add_94_43_cdnadd_80081/CO -       CI->CO R     FA1D2          3  3.8    62   106    1394    (-,-) 
  basic_isa_instance/g75445/ZN                                               -       A1->ZN F     ND2D2          1  1.4    37    41    1435    (-,-) 
  basic_isa_instance/g75444/ZN                                               -       A1->ZN R     CKND2D2        2  3.4    53    46    1481    (-,-) 
  basic_isa_instance/g398/ZN                                                 -       A1->ZN F     CKND2D2        1  1.6    34    38    1519    (-,-) 
  basic_isa_instance/g395/ZN                                                 -       A1->ZN R     ND2D2          1  1.9    37    32    1551    (-,-) 
  basic_isa_instance/u_branch_add_95_52_Y_u_branch_add_94_43_cdnadd_8/CO     -       CI->CO R     FA1D2          1  1.9    51    95    1646    (-,-) 
  basic_isa_instance/u_branch_add_95_52_Y_u_branch_add_94_43_cdnadd_84991/CO -       CI->CO R     FA1D2          1  1.9    51   100    1746    (-,-) 
  basic_isa_instance/u_branch_add_95_52_Y_u_branch_add_94_43_cdnadd_10/CO    -       CI->CO R     FA1D2          1  1.9    51   100    1846    (-,-) 
  basic_isa_instance/u_branch_add_95_52_Y_u_branch_add_94_43_cdnadd_11/CO    -       CI->CO R     FA1D2          1  1.9    51   100    1945    (-,-) 
  basic_isa_instance/u_branch_add_95_52_Y_u_branch_add_94_43_cdnadd_12/CO    -       CI->CO R     FA1D2          3  3.6    61   108    2053    (-,-) 
  basic_isa_instance/g86044/ZN                                               -       A1->ZN F     AOI21D2        1  2.9    55    56    2109    (-,-) 
  basic_isa_instance/g86043/ZN                                               -       I->ZN  R     INVD3          3  3.6    34    40    2149    (-,-) 
  basic_isa_instance/g137/ZN                                                 -       A1->ZN F     ND2D2          1  2.3    39    38    2187    (-,-) 
  basic_isa_instance/g135/ZN                                                 -       A1->ZN R     CKND2D3        3  3.6    46    42    2230    (-,-) 
  basic_isa_instance/g83120/ZN                                               -       A1->ZN F     ND2D2          1  1.4    33    37    2266    (-,-) 
  basic_isa_instance/g113/ZN                                                 -       A1->ZN R     CKND2D2        1  1.9    40    36    2303    (-,-) 
  basic_isa_instance/u_branch_add_95_52_Y_u_branch_add_94_43_cdnadd_79059/CO -       CI->CO R     FA1D2          3  4.9    68   110    2412    (-,-) 
  basic_isa_instance/g86072/ZN                                               -       A1->ZN F     AOI21D4        2  3.3    46    50    2462    (-,-) 
  basic_isa_instance/g86074/ZN                                               -       A1->ZN R     OAI21D2        2  3.2    83    72    2535    (-,-) 
  basic_isa_instance/g86077/ZN                                               -       A1->ZN F     CKND2D2        1  1.4    40    44    2579    (-,-) 
  basic_isa_instance/g83153/ZN                                               -       A1->ZN R     CKND2D2        3  3.9    57    49    2628    (-,-) 
  basic_isa_instance/g75492/ZN                                               -       B2->ZN F     IND3D2         1  1.4    61    58    2686    (-,-) 
  basic_isa_instance/g75491/ZN                                               -       A1->ZN R     CKND2D2        4  5.5    68    66    2752    (-,-) 
  basic_isa_instance/g75461/ZN                                               -       B2->ZN F     IND3D2         1  1.4    63    61    2812    (-,-) 
  basic_isa_instance/g75460/ZN                                               -       A1->ZN R     CKND2D2        5  6.3    75    70    2883    (-,-) 
  basic_isa_instance/g400/ZN                                                 -       A1->ZN F     ND2D2          1  3.1    52    54    2937    (-,-) 
  basic_isa_instance/g393/ZN                                                 -       A1->ZN R     CKND2D4        4  7.1    54    52    2990    (-,-) 
  basic_isa_instance/g642/ZN                                                 -       A1->ZN F     ND2D2          1  1.4    35    39    3029    (-,-) 
  basic_isa_instance/g641/ZN                                                 -       A1->ZN R     CKND2D2        4  4.6    61    51    3080    (-,-) 
  basic_isa_instance/g306/ZN                                                 -       A1->ZN F     ND2D2          2  3.1    49    50    3130    (-,-) 
  basic_isa_instance/g303/ZN                                                 -       A1->ZN R     CKND2D2        1  1.8    42    42    3172    (-,-) 
  basic_isa_instance/g302/ZN                                                 -       A1->ZN F     ND2D2          1  1.4    33    36    3208    (-,-) 
  basic_isa_instance/g298/ZN                                                 -       A1->ZN R     CKND2D2        2  4.4    61    49    3257    (-,-) 
  basic_isa_instance/g245/ZN                                                 -       I->ZN  F     CKND3          3  5.4    36    42    3299    (-,-) 
  basic_isa_instance/g237/ZN                                                 -       A1->ZN R     OAI22D2        2  2.0    94    57    3356    (-,-) 
  basic_isa_instance/g35737/Z                                                -       A1->Z  R     AN2D2         16 14.4   119   159    3515    (-,-) 
  basic_isa_instance/u_if_u_btb_U_FILE_target_arr_reg[5][1][30]/D            -       -      R     DFCNQD2       16    -     -     0    3515    (-,-) 
#----------------------------------------------------------------------------------------------------------------------------------------------------



Path 29: VIOLATED (-1114 ps) Setup Check with Pin basic_isa_instance/u_if_u_btb_U_FILE_target_arr_reg[5][0][30]/CP->D
          Group: core_clk
     Startpoint: (R) basic_isa_instance/u_mem_wb_rd_wb_reg[3]/CP
          Clock: (R) core_clk
       Endpoint: (R) basic_isa_instance/u_if_u_btb_U_FILE_target_arr_reg[5][0][30]/D
          Clock: (R) core_clk

                     Capture       Launch     
        Clock Edge:+    2500            0     
       Src Latency:+       0            0     
       Net Latency:+       0 (I)        0 (I) 
           Arrival:=    2500            0     
                                              
             Setup:-      99                  
     Required Time:=    2401                  
      Launch Clock:-       0                  
         Data Path:-    3515                  
             Slack:=   -1114                  

#----------------------------------------------------------------------------------------------------------------------------------------------------
#                               Timing Point                                 Flags    Arc   Edge   Cell     Fanout Load Trans Delay Arrival Instance 
#                                                                                                                  (fF)  (ps)  (ps)   (ps)  Location 
#----------------------------------------------------------------------------------------------------------------------------------------------------
  basic_isa_instance/u_mem_wb_rd_wb_reg[3]/CP                                -       -      R     (arrival)    452    -     0     -       0    (-,-) 
  basic_isa_instance/u_mem_wb_rd_wb_reg[3]/Q                                 -       CP->Q  R     DFCNQD4        2  7.1    64   286     286    (-,-) 
  basic_isa_instance/fopt86014/ZN                                            -       I->ZN  F     INVD4          5  9.1    36    42     328    (-,-) 
  basic_isa_instance/fopt86017/ZN                                            -       I->ZN  R     CKND2          1  1.7    24    29     356    (-,-) 
  basic_isa_instance/g86016/ZN                                               -       A1->ZN F     OAI22D2        1  2.1    55    44     400    (-,-) 
  basic_isa_instance/g86015/ZN                                               -       A2->ZN R     NR2D2          1  2.3    60    66     466    (-,-) 
  basic_isa_instance/g78591/ZN                                               -       A2->ZN F     ND2D2          1  3.9    54    59     525    (-,-) 
  basic_isa_instance/g78590/ZN                                               -       A1->ZN R     NR2XD3         3  9.3    64    60     585    (-,-) 
  basic_isa_instance/g78589/ZN                                               -       I->ZN  F     INVD3          2  4.4    31    37     622    (-,-) 
  basic_isa_instance/g143/ZN                                                 -       A1->ZN R     NR2XD2        15 18.5   136    96     719    (-,-) 
  basic_isa_instance/g81599/ZN                                               -       A1->ZN R     IOA21D2        2  2.6    47   134     853    (-,-) 
  basic_isa_instance/g72977/ZN                                               -       A1->ZN F     ND2D2          1  3.3    49    48     900    (-,-) 
  basic_isa_instance/g72963/ZN                                               -       B1->ZN R     IND2D4        12 14.9    69    61     961    (-,-) 
  basic_isa_instance/g72968/ZN                                               -       A1->ZN F     CKND2D2        1  1.6    39    42    1003    (-,-) 
  basic_isa_instance/g72965/ZN                                               -       A1->ZN R     ND2D2          2  3.5    44    40    1044    (-,-) 
  basic_isa_instance/g82658/ZN                                               -       A1->ZN F     ND2D2          4  5.2    63    56    1100    (-,-) 
  basic_isa_instance/g82662/ZN                                               -       A1->ZN R     OAI22D2        3  4.4   123    84    1184    (-,-) 
  basic_isa_instance/g82661/ZN                                               -       A1->ZN F     ND2D2          1  1.9    54    57    1241    (-,-) 
  basic_isa_instance/g75480/ZN                                               -       A2->ZN R     ND3D2          1  1.9    42    47    1288    (-,-) 
  basic_isa_instance/u_branch_add_95_52_Y_u_branch_add_94_43_cdnadd_80081/CO -       CI->CO R     FA1D2          3  3.8    62   106    1394    (-,-) 
  basic_isa_instance/g75445/ZN                                               -       A1->ZN F     ND2D2          1  1.4    37    41    1435    (-,-) 
  basic_isa_instance/g75444/ZN                                               -       A1->ZN R     CKND2D2        2  3.4    53    46    1481    (-,-) 
  basic_isa_instance/g398/ZN                                                 -       A1->ZN F     CKND2D2        1  1.6    34    38    1519    (-,-) 
  basic_isa_instance/g395/ZN                                                 -       A1->ZN R     ND2D2          1  1.9    37    32    1551    (-,-) 
  basic_isa_instance/u_branch_add_95_52_Y_u_branch_add_94_43_cdnadd_8/CO     -       CI->CO R     FA1D2          1  1.9    51    95    1646    (-,-) 
  basic_isa_instance/u_branch_add_95_52_Y_u_branch_add_94_43_cdnadd_84991/CO -       CI->CO R     FA1D2          1  1.9    51   100    1746    (-,-) 
  basic_isa_instance/u_branch_add_95_52_Y_u_branch_add_94_43_cdnadd_10/CO    -       CI->CO R     FA1D2          1  1.9    51   100    1846    (-,-) 
  basic_isa_instance/u_branch_add_95_52_Y_u_branch_add_94_43_cdnadd_11/CO    -       CI->CO R     FA1D2          1  1.9    51   100    1945    (-,-) 
  basic_isa_instance/u_branch_add_95_52_Y_u_branch_add_94_43_cdnadd_12/CO    -       CI->CO R     FA1D2          3  3.6    61   108    2053    (-,-) 
  basic_isa_instance/g86044/ZN                                               -       A1->ZN F     AOI21D2        1  2.9    55    56    2109    (-,-) 
  basic_isa_instance/g86043/ZN                                               -       I->ZN  R     INVD3          3  3.6    34    40    2149    (-,-) 
  basic_isa_instance/g137/ZN                                                 -       A1->ZN F     ND2D2          1  2.3    39    38    2187    (-,-) 
  basic_isa_instance/g135/ZN                                                 -       A1->ZN R     CKND2D3        3  3.6    46    42    2230    (-,-) 
  basic_isa_instance/g83120/ZN                                               -       A1->ZN F     ND2D2          1  1.4    33    37    2266    (-,-) 
  basic_isa_instance/g113/ZN                                                 -       A1->ZN R     CKND2D2        1  1.9    40    36    2303    (-,-) 
  basic_isa_instance/u_branch_add_95_52_Y_u_branch_add_94_43_cdnadd_79059/CO -       CI->CO R     FA1D2          3  4.9    68   110    2412    (-,-) 
  basic_isa_instance/g86072/ZN                                               -       A1->ZN F     AOI21D4        2  3.3    46    50    2462    (-,-) 
  basic_isa_instance/g86074/ZN                                               -       A1->ZN R     OAI21D2        2  3.2    83    72    2535    (-,-) 
  basic_isa_instance/g86077/ZN                                               -       A1->ZN F     CKND2D2        1  1.4    40    44    2579    (-,-) 
  basic_isa_instance/g83153/ZN                                               -       A1->ZN R     CKND2D2        3  3.9    57    49    2628    (-,-) 
  basic_isa_instance/g75492/ZN                                               -       B2->ZN F     IND3D2         1  1.4    61    58    2686    (-,-) 
  basic_isa_instance/g75491/ZN                                               -       A1->ZN R     CKND2D2        4  5.5    68    66    2752    (-,-) 
  basic_isa_instance/g75461/ZN                                               -       B2->ZN F     IND3D2         1  1.4    63    61    2812    (-,-) 
  basic_isa_instance/g75460/ZN                                               -       A1->ZN R     CKND2D2        5  6.3    75    70    2883    (-,-) 
  basic_isa_instance/g400/ZN                                                 -       A1->ZN F     ND2D2          1  3.1    52    54    2937    (-,-) 
  basic_isa_instance/g393/ZN                                                 -       A1->ZN R     CKND2D4        4  7.1    54    52    2990    (-,-) 
  basic_isa_instance/g642/ZN                                                 -       A1->ZN F     ND2D2          1  1.4    35    39    3029    (-,-) 
  basic_isa_instance/g641/ZN                                                 -       A1->ZN R     CKND2D2        4  4.6    61    51    3080    (-,-) 
  basic_isa_instance/g306/ZN                                                 -       A1->ZN F     ND2D2          2  3.1    49    50    3130    (-,-) 
  basic_isa_instance/g303/ZN                                                 -       A1->ZN R     CKND2D2        1  1.8    42    42    3172    (-,-) 
  basic_isa_instance/g302/ZN                                                 -       A1->ZN F     ND2D2          1  1.4    33    36    3208    (-,-) 
  basic_isa_instance/g298/ZN                                                 -       A1->ZN R     CKND2D2        2  4.4    61    49    3257    (-,-) 
  basic_isa_instance/g245/ZN                                                 -       I->ZN  F     CKND3          3  5.4    36    42    3299    (-,-) 
  basic_isa_instance/g237/ZN                                                 -       A1->ZN R     OAI22D2        2  2.0    94    57    3356    (-,-) 
  basic_isa_instance/g35737/Z                                                -       A1->Z  R     AN2D2         16 14.4   119   159    3515    (-,-) 
  basic_isa_instance/u_if_u_btb_U_FILE_target_arr_reg[5][0][30]/D            -       -      R     DFCNQD2       16    -     -     0    3515    (-,-) 
#----------------------------------------------------------------------------------------------------------------------------------------------------



Path 30: VIOLATED (-1114 ps) Setup Check with Pin basic_isa_instance/u_if_u_btb_U_FILE_target_arr_reg[4][1][30]/CP->D
          Group: core_clk
     Startpoint: (R) basic_isa_instance/u_mem_wb_rd_wb_reg[3]/CP
          Clock: (R) core_clk
       Endpoint: (R) basic_isa_instance/u_if_u_btb_U_FILE_target_arr_reg[4][1][30]/D
          Clock: (R) core_clk

                     Capture       Launch     
        Clock Edge:+    2500            0     
       Src Latency:+       0            0     
       Net Latency:+       0 (I)        0 (I) 
           Arrival:=    2500            0     
                                              
             Setup:-      99                  
     Required Time:=    2401                  
      Launch Clock:-       0                  
         Data Path:-    3515                  
             Slack:=   -1114                  

#----------------------------------------------------------------------------------------------------------------------------------------------------
#                               Timing Point                                 Flags    Arc   Edge   Cell     Fanout Load Trans Delay Arrival Instance 
#                                                                                                                  (fF)  (ps)  (ps)   (ps)  Location 
#----------------------------------------------------------------------------------------------------------------------------------------------------
  basic_isa_instance/u_mem_wb_rd_wb_reg[3]/CP                                -       -      R     (arrival)    452    -     0     -       0    (-,-) 
  basic_isa_instance/u_mem_wb_rd_wb_reg[3]/Q                                 -       CP->Q  R     DFCNQD4        2  7.1    64   286     286    (-,-) 
  basic_isa_instance/fopt86014/ZN                                            -       I->ZN  F     INVD4          5  9.1    36    42     328    (-,-) 
  basic_isa_instance/fopt86017/ZN                                            -       I->ZN  R     CKND2          1  1.7    24    29     356    (-,-) 
  basic_isa_instance/g86016/ZN                                               -       A1->ZN F     OAI22D2        1  2.1    55    44     400    (-,-) 
  basic_isa_instance/g86015/ZN                                               -       A2->ZN R     NR2D2          1  2.3    60    66     466    (-,-) 
  basic_isa_instance/g78591/ZN                                               -       A2->ZN F     ND2D2          1  3.9    54    59     525    (-,-) 
  basic_isa_instance/g78590/ZN                                               -       A1->ZN R     NR2XD3         3  9.3    64    60     585    (-,-) 
  basic_isa_instance/g78589/ZN                                               -       I->ZN  F     INVD3          2  4.4    31    37     622    (-,-) 
  basic_isa_instance/g143/ZN                                                 -       A1->ZN R     NR2XD2        15 18.5   136    96     719    (-,-) 
  basic_isa_instance/g81599/ZN                                               -       A1->ZN R     IOA21D2        2  2.6    47   134     853    (-,-) 
  basic_isa_instance/g72977/ZN                                               -       A1->ZN F     ND2D2          1  3.3    49    48     900    (-,-) 
  basic_isa_instance/g72963/ZN                                               -       B1->ZN R     IND2D4        12 14.9    69    61     961    (-,-) 
  basic_isa_instance/g72968/ZN                                               -       A1->ZN F     CKND2D2        1  1.6    39    42    1003    (-,-) 
  basic_isa_instance/g72965/ZN                                               -       A1->ZN R     ND2D2          2  3.5    44    40    1044    (-,-) 
  basic_isa_instance/g82658/ZN                                               -       A1->ZN F     ND2D2          4  5.2    63    56    1100    (-,-) 
  basic_isa_instance/g82662/ZN                                               -       A1->ZN R     OAI22D2        3  4.4   123    84    1184    (-,-) 
  basic_isa_instance/g82661/ZN                                               -       A1->ZN F     ND2D2          1  1.9    54    57    1241    (-,-) 
  basic_isa_instance/g75480/ZN                                               -       A2->ZN R     ND3D2          1  1.9    42    47    1288    (-,-) 
  basic_isa_instance/u_branch_add_95_52_Y_u_branch_add_94_43_cdnadd_80081/CO -       CI->CO R     FA1D2          3  3.8    62   106    1394    (-,-) 
  basic_isa_instance/g75445/ZN                                               -       A1->ZN F     ND2D2          1  1.4    37    41    1435    (-,-) 
  basic_isa_instance/g75444/ZN                                               -       A1->ZN R     CKND2D2        2  3.4    53    46    1481    (-,-) 
  basic_isa_instance/g398/ZN                                                 -       A1->ZN F     CKND2D2        1  1.6    34    38    1519    (-,-) 
  basic_isa_instance/g395/ZN                                                 -       A1->ZN R     ND2D2          1  1.9    37    32    1551    (-,-) 
  basic_isa_instance/u_branch_add_95_52_Y_u_branch_add_94_43_cdnadd_8/CO     -       CI->CO R     FA1D2          1  1.9    51    95    1646    (-,-) 
  basic_isa_instance/u_branch_add_95_52_Y_u_branch_add_94_43_cdnadd_84991/CO -       CI->CO R     FA1D2          1  1.9    51   100    1746    (-,-) 
  basic_isa_instance/u_branch_add_95_52_Y_u_branch_add_94_43_cdnadd_10/CO    -       CI->CO R     FA1D2          1  1.9    51   100    1846    (-,-) 
  basic_isa_instance/u_branch_add_95_52_Y_u_branch_add_94_43_cdnadd_11/CO    -       CI->CO R     FA1D2          1  1.9    51   100    1945    (-,-) 
  basic_isa_instance/u_branch_add_95_52_Y_u_branch_add_94_43_cdnadd_12/CO    -       CI->CO R     FA1D2          3  3.6    61   108    2053    (-,-) 
  basic_isa_instance/g86044/ZN                                               -       A1->ZN F     AOI21D2        1  2.9    55    56    2109    (-,-) 
  basic_isa_instance/g86043/ZN                                               -       I->ZN  R     INVD3          3  3.6    34    40    2149    (-,-) 
  basic_isa_instance/g137/ZN                                                 -       A1->ZN F     ND2D2          1  2.3    39    38    2187    (-,-) 
  basic_isa_instance/g135/ZN                                                 -       A1->ZN R     CKND2D3        3  3.6    46    42    2230    (-,-) 
  basic_isa_instance/g83120/ZN                                               -       A1->ZN F     ND2D2          1  1.4    33    37    2266    (-,-) 
  basic_isa_instance/g113/ZN                                                 -       A1->ZN R     CKND2D2        1  1.9    40    36    2303    (-,-) 
  basic_isa_instance/u_branch_add_95_52_Y_u_branch_add_94_43_cdnadd_79059/CO -       CI->CO R     FA1D2          3  4.9    68   110    2412    (-,-) 
  basic_isa_instance/g86072/ZN                                               -       A1->ZN F     AOI21D4        2  3.3    46    50    2462    (-,-) 
  basic_isa_instance/g86074/ZN                                               -       A1->ZN R     OAI21D2        2  3.2    83    72    2535    (-,-) 
  basic_isa_instance/g86077/ZN                                               -       A1->ZN F     CKND2D2        1  1.4    40    44    2579    (-,-) 
  basic_isa_instance/g83153/ZN                                               -       A1->ZN R     CKND2D2        3  3.9    57    49    2628    (-,-) 
  basic_isa_instance/g75492/ZN                                               -       B2->ZN F     IND3D2         1  1.4    61    58    2686    (-,-) 
  basic_isa_instance/g75491/ZN                                               -       A1->ZN R     CKND2D2        4  5.5    68    66    2752    (-,-) 
  basic_isa_instance/g75461/ZN                                               -       B2->ZN F     IND3D2         1  1.4    63    61    2812    (-,-) 
  basic_isa_instance/g75460/ZN                                               -       A1->ZN R     CKND2D2        5  6.3    75    70    2883    (-,-) 
  basic_isa_instance/g400/ZN                                                 -       A1->ZN F     ND2D2          1  3.1    52    54    2937    (-,-) 
  basic_isa_instance/g393/ZN                                                 -       A1->ZN R     CKND2D4        4  7.1    54    52    2990    (-,-) 
  basic_isa_instance/g642/ZN                                                 -       A1->ZN F     ND2D2          1  1.4    35    39    3029    (-,-) 
  basic_isa_instance/g641/ZN                                                 -       A1->ZN R     CKND2D2        4  4.6    61    51    3080    (-,-) 
  basic_isa_instance/g306/ZN                                                 -       A1->ZN F     ND2D2          2  3.1    49    50    3130    (-,-) 
  basic_isa_instance/g303/ZN                                                 -       A1->ZN R     CKND2D2        1  1.8    42    42    3172    (-,-) 
  basic_isa_instance/g302/ZN                                                 -       A1->ZN F     ND2D2          1  1.4    33    36    3208    (-,-) 
  basic_isa_instance/g298/ZN                                                 -       A1->ZN R     CKND2D2        2  4.4    61    49    3257    (-,-) 
  basic_isa_instance/g245/ZN                                                 -       I->ZN  F     CKND3          3  5.4    36    42    3299    (-,-) 
  basic_isa_instance/g237/ZN                                                 -       A1->ZN R     OAI22D2        2  2.0    94    57    3356    (-,-) 
  basic_isa_instance/g35737/Z                                                -       A1->Z  R     AN2D2         16 14.4   119   159    3515    (-,-) 
  basic_isa_instance/u_if_u_btb_U_FILE_target_arr_reg[4][1][30]/D            -       -      R     DFCNQD2       16    -     -     0    3515    (-,-) 
#----------------------------------------------------------------------------------------------------------------------------------------------------



Path 31: VIOLATED (-1114 ps) Setup Check with Pin basic_isa_instance/u_if_u_btb_U_FILE_target_arr_reg[4][0][30]/CP->D
          Group: core_clk
     Startpoint: (R) basic_isa_instance/u_mem_wb_rd_wb_reg[3]/CP
          Clock: (R) core_clk
       Endpoint: (R) basic_isa_instance/u_if_u_btb_U_FILE_target_arr_reg[4][0][30]/D
          Clock: (R) core_clk

                     Capture       Launch     
        Clock Edge:+    2500            0     
       Src Latency:+       0            0     
       Net Latency:+       0 (I)        0 (I) 
           Arrival:=    2500            0     
                                              
             Setup:-      99                  
     Required Time:=    2401                  
      Launch Clock:-       0                  
         Data Path:-    3515                  
             Slack:=   -1114                  

#----------------------------------------------------------------------------------------------------------------------------------------------------
#                               Timing Point                                 Flags    Arc   Edge   Cell     Fanout Load Trans Delay Arrival Instance 
#                                                                                                                  (fF)  (ps)  (ps)   (ps)  Location 
#----------------------------------------------------------------------------------------------------------------------------------------------------
  basic_isa_instance/u_mem_wb_rd_wb_reg[3]/CP                                -       -      R     (arrival)    452    -     0     -       0    (-,-) 
  basic_isa_instance/u_mem_wb_rd_wb_reg[3]/Q                                 -       CP->Q  R     DFCNQD4        2  7.1    64   286     286    (-,-) 
  basic_isa_instance/fopt86014/ZN                                            -       I->ZN  F     INVD4          5  9.1    36    42     328    (-,-) 
  basic_isa_instance/fopt86017/ZN                                            -       I->ZN  R     CKND2          1  1.7    24    29     356    (-,-) 
  basic_isa_instance/g86016/ZN                                               -       A1->ZN F     OAI22D2        1  2.1    55    44     400    (-,-) 
  basic_isa_instance/g86015/ZN                                               -       A2->ZN R     NR2D2          1  2.3    60    66     466    (-,-) 
  basic_isa_instance/g78591/ZN                                               -       A2->ZN F     ND2D2          1  3.9    54    59     525    (-,-) 
  basic_isa_instance/g78590/ZN                                               -       A1->ZN R     NR2XD3         3  9.3    64    60     585    (-,-) 
  basic_isa_instance/g78589/ZN                                               -       I->ZN  F     INVD3          2  4.4    31    37     622    (-,-) 
  basic_isa_instance/g143/ZN                                                 -       A1->ZN R     NR2XD2        15 18.5   136    96     719    (-,-) 
  basic_isa_instance/g81599/ZN                                               -       A1->ZN R     IOA21D2        2  2.6    47   134     853    (-,-) 
  basic_isa_instance/g72977/ZN                                               -       A1->ZN F     ND2D2          1  3.3    49    48     900    (-,-) 
  basic_isa_instance/g72963/ZN                                               -       B1->ZN R     IND2D4        12 14.9    69    61     961    (-,-) 
  basic_isa_instance/g72968/ZN                                               -       A1->ZN F     CKND2D2        1  1.6    39    42    1003    (-,-) 
  basic_isa_instance/g72965/ZN                                               -       A1->ZN R     ND2D2          2  3.5    44    40    1044    (-,-) 
  basic_isa_instance/g82658/ZN                                               -       A1->ZN F     ND2D2          4  5.2    63    56    1100    (-,-) 
  basic_isa_instance/g82662/ZN                                               -       A1->ZN R     OAI22D2        3  4.4   123    84    1184    (-,-) 
  basic_isa_instance/g82661/ZN                                               -       A1->ZN F     ND2D2          1  1.9    54    57    1241    (-,-) 
  basic_isa_instance/g75480/ZN                                               -       A2->ZN R     ND3D2          1  1.9    42    47    1288    (-,-) 
  basic_isa_instance/u_branch_add_95_52_Y_u_branch_add_94_43_cdnadd_80081/CO -       CI->CO R     FA1D2          3  3.8    62   106    1394    (-,-) 
  basic_isa_instance/g75445/ZN                                               -       A1->ZN F     ND2D2          1  1.4    37    41    1435    (-,-) 
  basic_isa_instance/g75444/ZN                                               -       A1->ZN R     CKND2D2        2  3.4    53    46    1481    (-,-) 
  basic_isa_instance/g398/ZN                                                 -       A1->ZN F     CKND2D2        1  1.6    34    38    1519    (-,-) 
  basic_isa_instance/g395/ZN                                                 -       A1->ZN R     ND2D2          1  1.9    37    32    1551    (-,-) 
  basic_isa_instance/u_branch_add_95_52_Y_u_branch_add_94_43_cdnadd_8/CO     -       CI->CO R     FA1D2          1  1.9    51    95    1646    (-,-) 
  basic_isa_instance/u_branch_add_95_52_Y_u_branch_add_94_43_cdnadd_84991/CO -       CI->CO R     FA1D2          1  1.9    51   100    1746    (-,-) 
  basic_isa_instance/u_branch_add_95_52_Y_u_branch_add_94_43_cdnadd_10/CO    -       CI->CO R     FA1D2          1  1.9    51   100    1846    (-,-) 
  basic_isa_instance/u_branch_add_95_52_Y_u_branch_add_94_43_cdnadd_11/CO    -       CI->CO R     FA1D2          1  1.9    51   100    1945    (-,-) 
  basic_isa_instance/u_branch_add_95_52_Y_u_branch_add_94_43_cdnadd_12/CO    -       CI->CO R     FA1D2          3  3.6    61   108    2053    (-,-) 
  basic_isa_instance/g86044/ZN                                               -       A1->ZN F     AOI21D2        1  2.9    55    56    2109    (-,-) 
  basic_isa_instance/g86043/ZN                                               -       I->ZN  R     INVD3          3  3.6    34    40    2149    (-,-) 
  basic_isa_instance/g137/ZN                                                 -       A1->ZN F     ND2D2          1  2.3    39    38    2187    (-,-) 
  basic_isa_instance/g135/ZN                                                 -       A1->ZN R     CKND2D3        3  3.6    46    42    2230    (-,-) 
  basic_isa_instance/g83120/ZN                                               -       A1->ZN F     ND2D2          1  1.4    33    37    2266    (-,-) 
  basic_isa_instance/g113/ZN                                                 -       A1->ZN R     CKND2D2        1  1.9    40    36    2303    (-,-) 
  basic_isa_instance/u_branch_add_95_52_Y_u_branch_add_94_43_cdnadd_79059/CO -       CI->CO R     FA1D2          3  4.9    68   110    2412    (-,-) 
  basic_isa_instance/g86072/ZN                                               -       A1->ZN F     AOI21D4        2  3.3    46    50    2462    (-,-) 
  basic_isa_instance/g86074/ZN                                               -       A1->ZN R     OAI21D2        2  3.2    83    72    2535    (-,-) 
  basic_isa_instance/g86077/ZN                                               -       A1->ZN F     CKND2D2        1  1.4    40    44    2579    (-,-) 
  basic_isa_instance/g83153/ZN                                               -       A1->ZN R     CKND2D2        3  3.9    57    49    2628    (-,-) 
  basic_isa_instance/g75492/ZN                                               -       B2->ZN F     IND3D2         1  1.4    61    58    2686    (-,-) 
  basic_isa_instance/g75491/ZN                                               -       A1->ZN R     CKND2D2        4  5.5    68    66    2752    (-,-) 
  basic_isa_instance/g75461/ZN                                               -       B2->ZN F     IND3D2         1  1.4    63    61    2812    (-,-) 
  basic_isa_instance/g75460/ZN                                               -       A1->ZN R     CKND2D2        5  6.3    75    70    2883    (-,-) 
  basic_isa_instance/g400/ZN                                                 -       A1->ZN F     ND2D2          1  3.1    52    54    2937    (-,-) 
  basic_isa_instance/g393/ZN                                                 -       A1->ZN R     CKND2D4        4  7.1    54    52    2990    (-,-) 
  basic_isa_instance/g642/ZN                                                 -       A1->ZN F     ND2D2          1  1.4    35    39    3029    (-,-) 
  basic_isa_instance/g641/ZN                                                 -       A1->ZN R     CKND2D2        4  4.6    61    51    3080    (-,-) 
  basic_isa_instance/g306/ZN                                                 -       A1->ZN F     ND2D2          2  3.1    49    50    3130    (-,-) 
  basic_isa_instance/g303/ZN                                                 -       A1->ZN R     CKND2D2        1  1.8    42    42    3172    (-,-) 
  basic_isa_instance/g302/ZN                                                 -       A1->ZN F     ND2D2          1  1.4    33    36    3208    (-,-) 
  basic_isa_instance/g298/ZN                                                 -       A1->ZN R     CKND2D2        2  4.4    61    49    3257    (-,-) 
  basic_isa_instance/g245/ZN                                                 -       I->ZN  F     CKND3          3  5.4    36    42    3299    (-,-) 
  basic_isa_instance/g237/ZN                                                 -       A1->ZN R     OAI22D2        2  2.0    94    57    3356    (-,-) 
  basic_isa_instance/g35737/Z                                                -       A1->Z  R     AN2D2         16 14.4   119   159    3515    (-,-) 
  basic_isa_instance/u_if_u_btb_U_FILE_target_arr_reg[4][0][30]/D            -       -      R     DFCNQD2       16    -     -     0    3515    (-,-) 
#----------------------------------------------------------------------------------------------------------------------------------------------------



Path 32: VIOLATED (-1114 ps) Setup Check with Pin basic_isa_instance/u_if_u_btb_U_FILE_target_arr_reg[3][1][30]/CP->D
          Group: core_clk
     Startpoint: (R) basic_isa_instance/u_mem_wb_rd_wb_reg[3]/CP
          Clock: (R) core_clk
       Endpoint: (R) basic_isa_instance/u_if_u_btb_U_FILE_target_arr_reg[3][1][30]/D
          Clock: (R) core_clk

                     Capture       Launch     
        Clock Edge:+    2500            0     
       Src Latency:+       0            0     
       Net Latency:+       0 (I)        0 (I) 
           Arrival:=    2500            0     
                                              
             Setup:-      99                  
     Required Time:=    2401                  
      Launch Clock:-       0                  
         Data Path:-    3515                  
             Slack:=   -1114                  

#----------------------------------------------------------------------------------------------------------------------------------------------------
#                               Timing Point                                 Flags    Arc   Edge   Cell     Fanout Load Trans Delay Arrival Instance 
#                                                                                                                  (fF)  (ps)  (ps)   (ps)  Location 
#----------------------------------------------------------------------------------------------------------------------------------------------------
  basic_isa_instance/u_mem_wb_rd_wb_reg[3]/CP                                -       -      R     (arrival)    452    -     0     -       0    (-,-) 
  basic_isa_instance/u_mem_wb_rd_wb_reg[3]/Q                                 -       CP->Q  R     DFCNQD4        2  7.1    64   286     286    (-,-) 
  basic_isa_instance/fopt86014/ZN                                            -       I->ZN  F     INVD4          5  9.1    36    42     328    (-,-) 
  basic_isa_instance/fopt86017/ZN                                            -       I->ZN  R     CKND2          1  1.7    24    29     356    (-,-) 
  basic_isa_instance/g86016/ZN                                               -       A1->ZN F     OAI22D2        1  2.1    55    44     400    (-,-) 
  basic_isa_instance/g86015/ZN                                               -       A2->ZN R     NR2D2          1  2.3    60    66     466    (-,-) 
  basic_isa_instance/g78591/ZN                                               -       A2->ZN F     ND2D2          1  3.9    54    59     525    (-,-) 
  basic_isa_instance/g78590/ZN                                               -       A1->ZN R     NR2XD3         3  9.3    64    60     585    (-,-) 
  basic_isa_instance/g78589/ZN                                               -       I->ZN  F     INVD3          2  4.4    31    37     622    (-,-) 
  basic_isa_instance/g143/ZN                                                 -       A1->ZN R     NR2XD2        15 18.5   136    96     719    (-,-) 
  basic_isa_instance/g81599/ZN                                               -       A1->ZN R     IOA21D2        2  2.6    47   134     853    (-,-) 
  basic_isa_instance/g72977/ZN                                               -       A1->ZN F     ND2D2          1  3.3    49    48     900    (-,-) 
  basic_isa_instance/g72963/ZN                                               -       B1->ZN R     IND2D4        12 14.9    69    61     961    (-,-) 
  basic_isa_instance/g72968/ZN                                               -       A1->ZN F     CKND2D2        1  1.6    39    42    1003    (-,-) 
  basic_isa_instance/g72965/ZN                                               -       A1->ZN R     ND2D2          2  3.5    44    40    1044    (-,-) 
  basic_isa_instance/g82658/ZN                                               -       A1->ZN F     ND2D2          4  5.2    63    56    1100    (-,-) 
  basic_isa_instance/g82662/ZN                                               -       A1->ZN R     OAI22D2        3  4.4   123    84    1184    (-,-) 
  basic_isa_instance/g82661/ZN                                               -       A1->ZN F     ND2D2          1  1.9    54    57    1241    (-,-) 
  basic_isa_instance/g75480/ZN                                               -       A2->ZN R     ND3D2          1  1.9    42    47    1288    (-,-) 
  basic_isa_instance/u_branch_add_95_52_Y_u_branch_add_94_43_cdnadd_80081/CO -       CI->CO R     FA1D2          3  3.8    62   106    1394    (-,-) 
  basic_isa_instance/g75445/ZN                                               -       A1->ZN F     ND2D2          1  1.4    37    41    1435    (-,-) 
  basic_isa_instance/g75444/ZN                                               -       A1->ZN R     CKND2D2        2  3.4    53    46    1481    (-,-) 
  basic_isa_instance/g398/ZN                                                 -       A1->ZN F     CKND2D2        1  1.6    34    38    1519    (-,-) 
  basic_isa_instance/g395/ZN                                                 -       A1->ZN R     ND2D2          1  1.9    37    32    1551    (-,-) 
  basic_isa_instance/u_branch_add_95_52_Y_u_branch_add_94_43_cdnadd_8/CO     -       CI->CO R     FA1D2          1  1.9    51    95    1646    (-,-) 
  basic_isa_instance/u_branch_add_95_52_Y_u_branch_add_94_43_cdnadd_84991/CO -       CI->CO R     FA1D2          1  1.9    51   100    1746    (-,-) 
  basic_isa_instance/u_branch_add_95_52_Y_u_branch_add_94_43_cdnadd_10/CO    -       CI->CO R     FA1D2          1  1.9    51   100    1846    (-,-) 
  basic_isa_instance/u_branch_add_95_52_Y_u_branch_add_94_43_cdnadd_11/CO    -       CI->CO R     FA1D2          1  1.9    51   100    1945    (-,-) 
  basic_isa_instance/u_branch_add_95_52_Y_u_branch_add_94_43_cdnadd_12/CO    -       CI->CO R     FA1D2          3  3.6    61   108    2053    (-,-) 
  basic_isa_instance/g86044/ZN                                               -       A1->ZN F     AOI21D2        1  2.9    55    56    2109    (-,-) 
  basic_isa_instance/g86043/ZN                                               -       I->ZN  R     INVD3          3  3.6    34    40    2149    (-,-) 
  basic_isa_instance/g137/ZN                                                 -       A1->ZN F     ND2D2          1  2.3    39    38    2187    (-,-) 
  basic_isa_instance/g135/ZN                                                 -       A1->ZN R     CKND2D3        3  3.6    46    42    2230    (-,-) 
  basic_isa_instance/g83120/ZN                                               -       A1->ZN F     ND2D2          1  1.4    33    37    2266    (-,-) 
  basic_isa_instance/g113/ZN                                                 -       A1->ZN R     CKND2D2        1  1.9    40    36    2303    (-,-) 
  basic_isa_instance/u_branch_add_95_52_Y_u_branch_add_94_43_cdnadd_79059/CO -       CI->CO R     FA1D2          3  4.9    68   110    2412    (-,-) 
  basic_isa_instance/g86072/ZN                                               -       A1->ZN F     AOI21D4        2  3.3    46    50    2462    (-,-) 
  basic_isa_instance/g86074/ZN                                               -       A1->ZN R     OAI21D2        2  3.2    83    72    2535    (-,-) 
  basic_isa_instance/g86077/ZN                                               -       A1->ZN F     CKND2D2        1  1.4    40    44    2579    (-,-) 
  basic_isa_instance/g83153/ZN                                               -       A1->ZN R     CKND2D2        3  3.9    57    49    2628    (-,-) 
  basic_isa_instance/g75492/ZN                                               -       B2->ZN F     IND3D2         1  1.4    61    58    2686    (-,-) 
  basic_isa_instance/g75491/ZN                                               -       A1->ZN R     CKND2D2        4  5.5    68    66    2752    (-,-) 
  basic_isa_instance/g75461/ZN                                               -       B2->ZN F     IND3D2         1  1.4    63    61    2812    (-,-) 
  basic_isa_instance/g75460/ZN                                               -       A1->ZN R     CKND2D2        5  6.3    75    70    2883    (-,-) 
  basic_isa_instance/g400/ZN                                                 -       A1->ZN F     ND2D2          1  3.1    52    54    2937    (-,-) 
  basic_isa_instance/g393/ZN                                                 -       A1->ZN R     CKND2D4        4  7.1    54    52    2990    (-,-) 
  basic_isa_instance/g642/ZN                                                 -       A1->ZN F     ND2D2          1  1.4    35    39    3029    (-,-) 
  basic_isa_instance/g641/ZN                                                 -       A1->ZN R     CKND2D2        4  4.6    61    51    3080    (-,-) 
  basic_isa_instance/g306/ZN                                                 -       A1->ZN F     ND2D2          2  3.1    49    50    3130    (-,-) 
  basic_isa_instance/g303/ZN                                                 -       A1->ZN R     CKND2D2        1  1.8    42    42    3172    (-,-) 
  basic_isa_instance/g302/ZN                                                 -       A1->ZN F     ND2D2          1  1.4    33    36    3208    (-,-) 
  basic_isa_instance/g298/ZN                                                 -       A1->ZN R     CKND2D2        2  4.4    61    49    3257    (-,-) 
  basic_isa_instance/g245/ZN                                                 -       I->ZN  F     CKND3          3  5.4    36    42    3299    (-,-) 
  basic_isa_instance/g237/ZN                                                 -       A1->ZN R     OAI22D2        2  2.0    94    57    3356    (-,-) 
  basic_isa_instance/g35737/Z                                                -       A1->Z  R     AN2D2         16 14.4   119   159    3515    (-,-) 
  basic_isa_instance/u_if_u_btb_U_FILE_target_arr_reg[3][1][30]/D            -       -      R     DFCNQD2       16    -     -     0    3515    (-,-) 
#----------------------------------------------------------------------------------------------------------------------------------------------------



Path 33: VIOLATED (-1114 ps) Setup Check with Pin basic_isa_instance/u_if_u_btb_U_FILE_target_arr_reg[3][0][30]/CP->D
          Group: core_clk
     Startpoint: (R) basic_isa_instance/u_mem_wb_rd_wb_reg[3]/CP
          Clock: (R) core_clk
       Endpoint: (R) basic_isa_instance/u_if_u_btb_U_FILE_target_arr_reg[3][0][30]/D
          Clock: (R) core_clk

                     Capture       Launch     
        Clock Edge:+    2500            0     
       Src Latency:+       0            0     
       Net Latency:+       0 (I)        0 (I) 
           Arrival:=    2500            0     
                                              
             Setup:-      99                  
     Required Time:=    2401                  
      Launch Clock:-       0                  
         Data Path:-    3515                  
             Slack:=   -1114                  

#----------------------------------------------------------------------------------------------------------------------------------------------------
#                               Timing Point                                 Flags    Arc   Edge   Cell     Fanout Load Trans Delay Arrival Instance 
#                                                                                                                  (fF)  (ps)  (ps)   (ps)  Location 
#----------------------------------------------------------------------------------------------------------------------------------------------------
  basic_isa_instance/u_mem_wb_rd_wb_reg[3]/CP                                -       -      R     (arrival)    452    -     0     -       0    (-,-) 
  basic_isa_instance/u_mem_wb_rd_wb_reg[3]/Q                                 -       CP->Q  R     DFCNQD4        2  7.1    64   286     286    (-,-) 
  basic_isa_instance/fopt86014/ZN                                            -       I->ZN  F     INVD4          5  9.1    36    42     328    (-,-) 
  basic_isa_instance/fopt86017/ZN                                            -       I->ZN  R     CKND2          1  1.7    24    29     356    (-,-) 
  basic_isa_instance/g86016/ZN                                               -       A1->ZN F     OAI22D2        1  2.1    55    44     400    (-,-) 
  basic_isa_instance/g86015/ZN                                               -       A2->ZN R     NR2D2          1  2.3    60    66     466    (-,-) 
  basic_isa_instance/g78591/ZN                                               -       A2->ZN F     ND2D2          1  3.9    54    59     525    (-,-) 
  basic_isa_instance/g78590/ZN                                               -       A1->ZN R     NR2XD3         3  9.3    64    60     585    (-,-) 
  basic_isa_instance/g78589/ZN                                               -       I->ZN  F     INVD3          2  4.4    31    37     622    (-,-) 
  basic_isa_instance/g143/ZN                                                 -       A1->ZN R     NR2XD2        15 18.5   136    96     719    (-,-) 
  basic_isa_instance/g81599/ZN                                               -       A1->ZN R     IOA21D2        2  2.6    47   134     853    (-,-) 
  basic_isa_instance/g72977/ZN                                               -       A1->ZN F     ND2D2          1  3.3    49    48     900    (-,-) 
  basic_isa_instance/g72963/ZN                                               -       B1->ZN R     IND2D4        12 14.9    69    61     961    (-,-) 
  basic_isa_instance/g72968/ZN                                               -       A1->ZN F     CKND2D2        1  1.6    39    42    1003    (-,-) 
  basic_isa_instance/g72965/ZN                                               -       A1->ZN R     ND2D2          2  3.5    44    40    1044    (-,-) 
  basic_isa_instance/g82658/ZN                                               -       A1->ZN F     ND2D2          4  5.2    63    56    1100    (-,-) 
  basic_isa_instance/g82662/ZN                                               -       A1->ZN R     OAI22D2        3  4.4   123    84    1184    (-,-) 
  basic_isa_instance/g82661/ZN                                               -       A1->ZN F     ND2D2          1  1.9    54    57    1241    (-,-) 
  basic_isa_instance/g75480/ZN                                               -       A2->ZN R     ND3D2          1  1.9    42    47    1288    (-,-) 
  basic_isa_instance/u_branch_add_95_52_Y_u_branch_add_94_43_cdnadd_80081/CO -       CI->CO R     FA1D2          3  3.8    62   106    1394    (-,-) 
  basic_isa_instance/g75445/ZN                                               -       A1->ZN F     ND2D2          1  1.4    37    41    1435    (-,-) 
  basic_isa_instance/g75444/ZN                                               -       A1->ZN R     CKND2D2        2  3.4    53    46    1481    (-,-) 
  basic_isa_instance/g398/ZN                                                 -       A1->ZN F     CKND2D2        1  1.6    34    38    1519    (-,-) 
  basic_isa_instance/g395/ZN                                                 -       A1->ZN R     ND2D2          1  1.9    37    32    1551    (-,-) 
  basic_isa_instance/u_branch_add_95_52_Y_u_branch_add_94_43_cdnadd_8/CO     -       CI->CO R     FA1D2          1  1.9    51    95    1646    (-,-) 
  basic_isa_instance/u_branch_add_95_52_Y_u_branch_add_94_43_cdnadd_84991/CO -       CI->CO R     FA1D2          1  1.9    51   100    1746    (-,-) 
  basic_isa_instance/u_branch_add_95_52_Y_u_branch_add_94_43_cdnadd_10/CO    -       CI->CO R     FA1D2          1  1.9    51   100    1846    (-,-) 
  basic_isa_instance/u_branch_add_95_52_Y_u_branch_add_94_43_cdnadd_11/CO    -       CI->CO R     FA1D2          1  1.9    51   100    1945    (-,-) 
  basic_isa_instance/u_branch_add_95_52_Y_u_branch_add_94_43_cdnadd_12/CO    -       CI->CO R     FA1D2          3  3.6    61   108    2053    (-,-) 
  basic_isa_instance/g86044/ZN                                               -       A1->ZN F     AOI21D2        1  2.9    55    56    2109    (-,-) 
  basic_isa_instance/g86043/ZN                                               -       I->ZN  R     INVD3          3  3.6    34    40    2149    (-,-) 
  basic_isa_instance/g137/ZN                                                 -       A1->ZN F     ND2D2          1  2.3    39    38    2187    (-,-) 
  basic_isa_instance/g135/ZN                                                 -       A1->ZN R     CKND2D3        3  3.6    46    42    2230    (-,-) 
  basic_isa_instance/g83120/ZN                                               -       A1->ZN F     ND2D2          1  1.4    33    37    2266    (-,-) 
  basic_isa_instance/g113/ZN                                                 -       A1->ZN R     CKND2D2        1  1.9    40    36    2303    (-,-) 
  basic_isa_instance/u_branch_add_95_52_Y_u_branch_add_94_43_cdnadd_79059/CO -       CI->CO R     FA1D2          3  4.9    68   110    2412    (-,-) 
  basic_isa_instance/g86072/ZN                                               -       A1->ZN F     AOI21D4        2  3.3    46    50    2462    (-,-) 
  basic_isa_instance/g86074/ZN                                               -       A1->ZN R     OAI21D2        2  3.2    83    72    2535    (-,-) 
  basic_isa_instance/g86077/ZN                                               -       A1->ZN F     CKND2D2        1  1.4    40    44    2579    (-,-) 
  basic_isa_instance/g83153/ZN                                               -       A1->ZN R     CKND2D2        3  3.9    57    49    2628    (-,-) 
  basic_isa_instance/g75492/ZN                                               -       B2->ZN F     IND3D2         1  1.4    61    58    2686    (-,-) 
  basic_isa_instance/g75491/ZN                                               -       A1->ZN R     CKND2D2        4  5.5    68    66    2752    (-,-) 
  basic_isa_instance/g75461/ZN                                               -       B2->ZN F     IND3D2         1  1.4    63    61    2812    (-,-) 
  basic_isa_instance/g75460/ZN                                               -       A1->ZN R     CKND2D2        5  6.3    75    70    2883    (-,-) 
  basic_isa_instance/g400/ZN                                                 -       A1->ZN F     ND2D2          1  3.1    52    54    2937    (-,-) 
  basic_isa_instance/g393/ZN                                                 -       A1->ZN R     CKND2D4        4  7.1    54    52    2990    (-,-) 
  basic_isa_instance/g642/ZN                                                 -       A1->ZN F     ND2D2          1  1.4    35    39    3029    (-,-) 
  basic_isa_instance/g641/ZN                                                 -       A1->ZN R     CKND2D2        4  4.6    61    51    3080    (-,-) 
  basic_isa_instance/g306/ZN                                                 -       A1->ZN F     ND2D2          2  3.1    49    50    3130    (-,-) 
  basic_isa_instance/g303/ZN                                                 -       A1->ZN R     CKND2D2        1  1.8    42    42    3172    (-,-) 
  basic_isa_instance/g302/ZN                                                 -       A1->ZN F     ND2D2          1  1.4    33    36    3208    (-,-) 
  basic_isa_instance/g298/ZN                                                 -       A1->ZN R     CKND2D2        2  4.4    61    49    3257    (-,-) 
  basic_isa_instance/g245/ZN                                                 -       I->ZN  F     CKND3          3  5.4    36    42    3299    (-,-) 
  basic_isa_instance/g237/ZN                                                 -       A1->ZN R     OAI22D2        2  2.0    94    57    3356    (-,-) 
  basic_isa_instance/g35737/Z                                                -       A1->Z  R     AN2D2         16 14.4   119   159    3515    (-,-) 
  basic_isa_instance/u_if_u_btb_U_FILE_target_arr_reg[3][0][30]/D            -       -      R     DFCNQD2       16    -     -     0    3515    (-,-) 
#----------------------------------------------------------------------------------------------------------------------------------------------------



Path 34: VIOLATED (-1114 ps) Setup Check with Pin basic_isa_instance/u_if_u_btb_U_FILE_target_arr_reg[2][1][30]/CP->D
          Group: core_clk
     Startpoint: (R) basic_isa_instance/u_mem_wb_rd_wb_reg[3]/CP
          Clock: (R) core_clk
       Endpoint: (R) basic_isa_instance/u_if_u_btb_U_FILE_target_arr_reg[2][1][30]/D
          Clock: (R) core_clk

                     Capture       Launch     
        Clock Edge:+    2500            0     
       Src Latency:+       0            0     
       Net Latency:+       0 (I)        0 (I) 
           Arrival:=    2500            0     
                                              
             Setup:-      99                  
     Required Time:=    2401                  
      Launch Clock:-       0                  
         Data Path:-    3515                  
             Slack:=   -1114                  

#----------------------------------------------------------------------------------------------------------------------------------------------------
#                               Timing Point                                 Flags    Arc   Edge   Cell     Fanout Load Trans Delay Arrival Instance 
#                                                                                                                  (fF)  (ps)  (ps)   (ps)  Location 
#----------------------------------------------------------------------------------------------------------------------------------------------------
  basic_isa_instance/u_mem_wb_rd_wb_reg[3]/CP                                -       -      R     (arrival)    452    -     0     -       0    (-,-) 
  basic_isa_instance/u_mem_wb_rd_wb_reg[3]/Q                                 -       CP->Q  R     DFCNQD4        2  7.1    64   286     286    (-,-) 
  basic_isa_instance/fopt86014/ZN                                            -       I->ZN  F     INVD4          5  9.1    36    42     328    (-,-) 
  basic_isa_instance/fopt86017/ZN                                            -       I->ZN  R     CKND2          1  1.7    24    29     356    (-,-) 
  basic_isa_instance/g86016/ZN                                               -       A1->ZN F     OAI22D2        1  2.1    55    44     400    (-,-) 
  basic_isa_instance/g86015/ZN                                               -       A2->ZN R     NR2D2          1  2.3    60    66     466    (-,-) 
  basic_isa_instance/g78591/ZN                                               -       A2->ZN F     ND2D2          1  3.9    54    59     525    (-,-) 
  basic_isa_instance/g78590/ZN                                               -       A1->ZN R     NR2XD3         3  9.3    64    60     585    (-,-) 
  basic_isa_instance/g78589/ZN                                               -       I->ZN  F     INVD3          2  4.4    31    37     622    (-,-) 
  basic_isa_instance/g143/ZN                                                 -       A1->ZN R     NR2XD2        15 18.5   136    96     719    (-,-) 
  basic_isa_instance/g81599/ZN                                               -       A1->ZN R     IOA21D2        2  2.6    47   134     853    (-,-) 
  basic_isa_instance/g72977/ZN                                               -       A1->ZN F     ND2D2          1  3.3    49    48     900    (-,-) 
  basic_isa_instance/g72963/ZN                                               -       B1->ZN R     IND2D4        12 14.9    69    61     961    (-,-) 
  basic_isa_instance/g72968/ZN                                               -       A1->ZN F     CKND2D2        1  1.6    39    42    1003    (-,-) 
  basic_isa_instance/g72965/ZN                                               -       A1->ZN R     ND2D2          2  3.5    44    40    1044    (-,-) 
  basic_isa_instance/g82658/ZN                                               -       A1->ZN F     ND2D2          4  5.2    63    56    1100    (-,-) 
  basic_isa_instance/g82662/ZN                                               -       A1->ZN R     OAI22D2        3  4.4   123    84    1184    (-,-) 
  basic_isa_instance/g82661/ZN                                               -       A1->ZN F     ND2D2          1  1.9    54    57    1241    (-,-) 
  basic_isa_instance/g75480/ZN                                               -       A2->ZN R     ND3D2          1  1.9    42    47    1288    (-,-) 
  basic_isa_instance/u_branch_add_95_52_Y_u_branch_add_94_43_cdnadd_80081/CO -       CI->CO R     FA1D2          3  3.8    62   106    1394    (-,-) 
  basic_isa_instance/g75445/ZN                                               -       A1->ZN F     ND2D2          1  1.4    37    41    1435    (-,-) 
  basic_isa_instance/g75444/ZN                                               -       A1->ZN R     CKND2D2        2  3.4    53    46    1481    (-,-) 
  basic_isa_instance/g398/ZN                                                 -       A1->ZN F     CKND2D2        1  1.6    34    38    1519    (-,-) 
  basic_isa_instance/g395/ZN                                                 -       A1->ZN R     ND2D2          1  1.9    37    32    1551    (-,-) 
  basic_isa_instance/u_branch_add_95_52_Y_u_branch_add_94_43_cdnadd_8/CO     -       CI->CO R     FA1D2          1  1.9    51    95    1646    (-,-) 
  basic_isa_instance/u_branch_add_95_52_Y_u_branch_add_94_43_cdnadd_84991/CO -       CI->CO R     FA1D2          1  1.9    51   100    1746    (-,-) 
  basic_isa_instance/u_branch_add_95_52_Y_u_branch_add_94_43_cdnadd_10/CO    -       CI->CO R     FA1D2          1  1.9    51   100    1846    (-,-) 
  basic_isa_instance/u_branch_add_95_52_Y_u_branch_add_94_43_cdnadd_11/CO    -       CI->CO R     FA1D2          1  1.9    51   100    1945    (-,-) 
  basic_isa_instance/u_branch_add_95_52_Y_u_branch_add_94_43_cdnadd_12/CO    -       CI->CO R     FA1D2          3  3.6    61   108    2053    (-,-) 
  basic_isa_instance/g86044/ZN                                               -       A1->ZN F     AOI21D2        1  2.9    55    56    2109    (-,-) 
  basic_isa_instance/g86043/ZN                                               -       I->ZN  R     INVD3          3  3.6    34    40    2149    (-,-) 
  basic_isa_instance/g137/ZN                                                 -       A1->ZN F     ND2D2          1  2.3    39    38    2187    (-,-) 
  basic_isa_instance/g135/ZN                                                 -       A1->ZN R     CKND2D3        3  3.6    46    42    2230    (-,-) 
  basic_isa_instance/g83120/ZN                                               -       A1->ZN F     ND2D2          1  1.4    33    37    2266    (-,-) 
  basic_isa_instance/g113/ZN                                                 -       A1->ZN R     CKND2D2        1  1.9    40    36    2303    (-,-) 
  basic_isa_instance/u_branch_add_95_52_Y_u_branch_add_94_43_cdnadd_79059/CO -       CI->CO R     FA1D2          3  4.9    68   110    2412    (-,-) 
  basic_isa_instance/g86072/ZN                                               -       A1->ZN F     AOI21D4        2  3.3    46    50    2462    (-,-) 
  basic_isa_instance/g86074/ZN                                               -       A1->ZN R     OAI21D2        2  3.2    83    72    2535    (-,-) 
  basic_isa_instance/g86077/ZN                                               -       A1->ZN F     CKND2D2        1  1.4    40    44    2579    (-,-) 
  basic_isa_instance/g83153/ZN                                               -       A1->ZN R     CKND2D2        3  3.9    57    49    2628    (-,-) 
  basic_isa_instance/g75492/ZN                                               -       B2->ZN F     IND3D2         1  1.4    61    58    2686    (-,-) 
  basic_isa_instance/g75491/ZN                                               -       A1->ZN R     CKND2D2        4  5.5    68    66    2752    (-,-) 
  basic_isa_instance/g75461/ZN                                               -       B2->ZN F     IND3D2         1  1.4    63    61    2812    (-,-) 
  basic_isa_instance/g75460/ZN                                               -       A1->ZN R     CKND2D2        5  6.3    75    70    2883    (-,-) 
  basic_isa_instance/g400/ZN                                                 -       A1->ZN F     ND2D2          1  3.1    52    54    2937    (-,-) 
  basic_isa_instance/g393/ZN                                                 -       A1->ZN R     CKND2D4        4  7.1    54    52    2990    (-,-) 
  basic_isa_instance/g642/ZN                                                 -       A1->ZN F     ND2D2          1  1.4    35    39    3029    (-,-) 
  basic_isa_instance/g641/ZN                                                 -       A1->ZN R     CKND2D2        4  4.6    61    51    3080    (-,-) 
  basic_isa_instance/g306/ZN                                                 -       A1->ZN F     ND2D2          2  3.1    49    50    3130    (-,-) 
  basic_isa_instance/g303/ZN                                                 -       A1->ZN R     CKND2D2        1  1.8    42    42    3172    (-,-) 
  basic_isa_instance/g302/ZN                                                 -       A1->ZN F     ND2D2          1  1.4    33    36    3208    (-,-) 
  basic_isa_instance/g298/ZN                                                 -       A1->ZN R     CKND2D2        2  4.4    61    49    3257    (-,-) 
  basic_isa_instance/g245/ZN                                                 -       I->ZN  F     CKND3          3  5.4    36    42    3299    (-,-) 
  basic_isa_instance/g237/ZN                                                 -       A1->ZN R     OAI22D2        2  2.0    94    57    3356    (-,-) 
  basic_isa_instance/g35737/Z                                                -       A1->Z  R     AN2D2         16 14.4   119   159    3515    (-,-) 
  basic_isa_instance/u_if_u_btb_U_FILE_target_arr_reg[2][1][30]/D            -       -      R     DFCNQD2       16    -     -     0    3515    (-,-) 
#----------------------------------------------------------------------------------------------------------------------------------------------------



Path 35: VIOLATED (-1114 ps) Setup Check with Pin basic_isa_instance/u_if_u_btb_U_FILE_target_arr_reg[2][0][30]/CP->D
          Group: core_clk
     Startpoint: (R) basic_isa_instance/u_mem_wb_rd_wb_reg[3]/CP
          Clock: (R) core_clk
       Endpoint: (R) basic_isa_instance/u_if_u_btb_U_FILE_target_arr_reg[2][0][30]/D
          Clock: (R) core_clk

                     Capture       Launch     
        Clock Edge:+    2500            0     
       Src Latency:+       0            0     
       Net Latency:+       0 (I)        0 (I) 
           Arrival:=    2500            0     
                                              
             Setup:-      99                  
     Required Time:=    2401                  
      Launch Clock:-       0                  
         Data Path:-    3515                  
             Slack:=   -1114                  

#----------------------------------------------------------------------------------------------------------------------------------------------------
#                               Timing Point                                 Flags    Arc   Edge   Cell     Fanout Load Trans Delay Arrival Instance 
#                                                                                                                  (fF)  (ps)  (ps)   (ps)  Location 
#----------------------------------------------------------------------------------------------------------------------------------------------------
  basic_isa_instance/u_mem_wb_rd_wb_reg[3]/CP                                -       -      R     (arrival)    452    -     0     -       0    (-,-) 
  basic_isa_instance/u_mem_wb_rd_wb_reg[3]/Q                                 -       CP->Q  R     DFCNQD4        2  7.1    64   286     286    (-,-) 
  basic_isa_instance/fopt86014/ZN                                            -       I->ZN  F     INVD4          5  9.1    36    42     328    (-,-) 
  basic_isa_instance/fopt86017/ZN                                            -       I->ZN  R     CKND2          1  1.7    24    29     356    (-,-) 
  basic_isa_instance/g86016/ZN                                               -       A1->ZN F     OAI22D2        1  2.1    55    44     400    (-,-) 
  basic_isa_instance/g86015/ZN                                               -       A2->ZN R     NR2D2          1  2.3    60    66     466    (-,-) 
  basic_isa_instance/g78591/ZN                                               -       A2->ZN F     ND2D2          1  3.9    54    59     525    (-,-) 
  basic_isa_instance/g78590/ZN                                               -       A1->ZN R     NR2XD3         3  9.3    64    60     585    (-,-) 
  basic_isa_instance/g78589/ZN                                               -       I->ZN  F     INVD3          2  4.4    31    37     622    (-,-) 
  basic_isa_instance/g143/ZN                                                 -       A1->ZN R     NR2XD2        15 18.5   136    96     719    (-,-) 
  basic_isa_instance/g81599/ZN                                               -       A1->ZN R     IOA21D2        2  2.6    47   134     853    (-,-) 
  basic_isa_instance/g72977/ZN                                               -       A1->ZN F     ND2D2          1  3.3    49    48     900    (-,-) 
  basic_isa_instance/g72963/ZN                                               -       B1->ZN R     IND2D4        12 14.9    69    61     961    (-,-) 
  basic_isa_instance/g72968/ZN                                               -       A1->ZN F     CKND2D2        1  1.6    39    42    1003    (-,-) 
  basic_isa_instance/g72965/ZN                                               -       A1->ZN R     ND2D2          2  3.5    44    40    1044    (-,-) 
  basic_isa_instance/g82658/ZN                                               -       A1->ZN F     ND2D2          4  5.2    63    56    1100    (-,-) 
  basic_isa_instance/g82662/ZN                                               -       A1->ZN R     OAI22D2        3  4.4   123    84    1184    (-,-) 
  basic_isa_instance/g82661/ZN                                               -       A1->ZN F     ND2D2          1  1.9    54    57    1241    (-,-) 
  basic_isa_instance/g75480/ZN                                               -       A2->ZN R     ND3D2          1  1.9    42    47    1288    (-,-) 
  basic_isa_instance/u_branch_add_95_52_Y_u_branch_add_94_43_cdnadd_80081/CO -       CI->CO R     FA1D2          3  3.8    62   106    1394    (-,-) 
  basic_isa_instance/g75445/ZN                                               -       A1->ZN F     ND2D2          1  1.4    37    41    1435    (-,-) 
  basic_isa_instance/g75444/ZN                                               -       A1->ZN R     CKND2D2        2  3.4    53    46    1481    (-,-) 
  basic_isa_instance/g398/ZN                                                 -       A1->ZN F     CKND2D2        1  1.6    34    38    1519    (-,-) 
  basic_isa_instance/g395/ZN                                                 -       A1->ZN R     ND2D2          1  1.9    37    32    1551    (-,-) 
  basic_isa_instance/u_branch_add_95_52_Y_u_branch_add_94_43_cdnadd_8/CO     -       CI->CO R     FA1D2          1  1.9    51    95    1646    (-,-) 
  basic_isa_instance/u_branch_add_95_52_Y_u_branch_add_94_43_cdnadd_84991/CO -       CI->CO R     FA1D2          1  1.9    51   100    1746    (-,-) 
  basic_isa_instance/u_branch_add_95_52_Y_u_branch_add_94_43_cdnadd_10/CO    -       CI->CO R     FA1D2          1  1.9    51   100    1846    (-,-) 
  basic_isa_instance/u_branch_add_95_52_Y_u_branch_add_94_43_cdnadd_11/CO    -       CI->CO R     FA1D2          1  1.9    51   100    1945    (-,-) 
  basic_isa_instance/u_branch_add_95_52_Y_u_branch_add_94_43_cdnadd_12/CO    -       CI->CO R     FA1D2          3  3.6    61   108    2053    (-,-) 
  basic_isa_instance/g86044/ZN                                               -       A1->ZN F     AOI21D2        1  2.9    55    56    2109    (-,-) 
  basic_isa_instance/g86043/ZN                                               -       I->ZN  R     INVD3          3  3.6    34    40    2149    (-,-) 
  basic_isa_instance/g137/ZN                                                 -       A1->ZN F     ND2D2          1  2.3    39    38    2187    (-,-) 
  basic_isa_instance/g135/ZN                                                 -       A1->ZN R     CKND2D3        3  3.6    46    42    2230    (-,-) 
  basic_isa_instance/g83120/ZN                                               -       A1->ZN F     ND2D2          1  1.4    33    37    2266    (-,-) 
  basic_isa_instance/g113/ZN                                                 -       A1->ZN R     CKND2D2        1  1.9    40    36    2303    (-,-) 
  basic_isa_instance/u_branch_add_95_52_Y_u_branch_add_94_43_cdnadd_79059/CO -       CI->CO R     FA1D2          3  4.9    68   110    2412    (-,-) 
  basic_isa_instance/g86072/ZN                                               -       A1->ZN F     AOI21D4        2  3.3    46    50    2462    (-,-) 
  basic_isa_instance/g86074/ZN                                               -       A1->ZN R     OAI21D2        2  3.2    83    72    2535    (-,-) 
  basic_isa_instance/g86077/ZN                                               -       A1->ZN F     CKND2D2        1  1.4    40    44    2579    (-,-) 
  basic_isa_instance/g83153/ZN                                               -       A1->ZN R     CKND2D2        3  3.9    57    49    2628    (-,-) 
  basic_isa_instance/g75492/ZN                                               -       B2->ZN F     IND3D2         1  1.4    61    58    2686    (-,-) 
  basic_isa_instance/g75491/ZN                                               -       A1->ZN R     CKND2D2        4  5.5    68    66    2752    (-,-) 
  basic_isa_instance/g75461/ZN                                               -       B2->ZN F     IND3D2         1  1.4    63    61    2812    (-,-) 
  basic_isa_instance/g75460/ZN                                               -       A1->ZN R     CKND2D2        5  6.3    75    70    2883    (-,-) 
  basic_isa_instance/g400/ZN                                                 -       A1->ZN F     ND2D2          1  3.1    52    54    2937    (-,-) 
  basic_isa_instance/g393/ZN                                                 -       A1->ZN R     CKND2D4        4  7.1    54    52    2990    (-,-) 
  basic_isa_instance/g642/ZN                                                 -       A1->ZN F     ND2D2          1  1.4    35    39    3029    (-,-) 
  basic_isa_instance/g641/ZN                                                 -       A1->ZN R     CKND2D2        4  4.6    61    51    3080    (-,-) 
  basic_isa_instance/g306/ZN                                                 -       A1->ZN F     ND2D2          2  3.1    49    50    3130    (-,-) 
  basic_isa_instance/g303/ZN                                                 -       A1->ZN R     CKND2D2        1  1.8    42    42    3172    (-,-) 
  basic_isa_instance/g302/ZN                                                 -       A1->ZN F     ND2D2          1  1.4    33    36    3208    (-,-) 
  basic_isa_instance/g298/ZN                                                 -       A1->ZN R     CKND2D2        2  4.4    61    49    3257    (-,-) 
  basic_isa_instance/g245/ZN                                                 -       I->ZN  F     CKND3          3  5.4    36    42    3299    (-,-) 
  basic_isa_instance/g237/ZN                                                 -       A1->ZN R     OAI22D2        2  2.0    94    57    3356    (-,-) 
  basic_isa_instance/g35737/Z                                                -       A1->Z  R     AN2D2         16 14.4   119   159    3515    (-,-) 
  basic_isa_instance/u_if_u_btb_U_FILE_target_arr_reg[2][0][30]/D            -       -      R     DFCNQD2       16    -     -     0    3515    (-,-) 
#----------------------------------------------------------------------------------------------------------------------------------------------------



Path 36: VIOLATED (-1114 ps) Setup Check with Pin basic_isa_instance/u_if_u_btb_U_FILE_target_arr_reg[1][1][30]/CP->D
          Group: core_clk
     Startpoint: (R) basic_isa_instance/u_mem_wb_rd_wb_reg[3]/CP
          Clock: (R) core_clk
       Endpoint: (R) basic_isa_instance/u_if_u_btb_U_FILE_target_arr_reg[1][1][30]/D
          Clock: (R) core_clk

                     Capture       Launch     
        Clock Edge:+    2500            0     
       Src Latency:+       0            0     
       Net Latency:+       0 (I)        0 (I) 
           Arrival:=    2500            0     
                                              
             Setup:-      99                  
     Required Time:=    2401                  
      Launch Clock:-       0                  
         Data Path:-    3515                  
             Slack:=   -1114                  

#----------------------------------------------------------------------------------------------------------------------------------------------------
#                               Timing Point                                 Flags    Arc   Edge   Cell     Fanout Load Trans Delay Arrival Instance 
#                                                                                                                  (fF)  (ps)  (ps)   (ps)  Location 
#----------------------------------------------------------------------------------------------------------------------------------------------------
  basic_isa_instance/u_mem_wb_rd_wb_reg[3]/CP                                -       -      R     (arrival)    452    -     0     -       0    (-,-) 
  basic_isa_instance/u_mem_wb_rd_wb_reg[3]/Q                                 -       CP->Q  R     DFCNQD4        2  7.1    64   286     286    (-,-) 
  basic_isa_instance/fopt86014/ZN                                            -       I->ZN  F     INVD4          5  9.1    36    42     328    (-,-) 
  basic_isa_instance/fopt86017/ZN                                            -       I->ZN  R     CKND2          1  1.7    24    29     356    (-,-) 
  basic_isa_instance/g86016/ZN                                               -       A1->ZN F     OAI22D2        1  2.1    55    44     400    (-,-) 
  basic_isa_instance/g86015/ZN                                               -       A2->ZN R     NR2D2          1  2.3    60    66     466    (-,-) 
  basic_isa_instance/g78591/ZN                                               -       A2->ZN F     ND2D2          1  3.9    54    59     525    (-,-) 
  basic_isa_instance/g78590/ZN                                               -       A1->ZN R     NR2XD3         3  9.3    64    60     585    (-,-) 
  basic_isa_instance/g78589/ZN                                               -       I->ZN  F     INVD3          2  4.4    31    37     622    (-,-) 
  basic_isa_instance/g143/ZN                                                 -       A1->ZN R     NR2XD2        15 18.5   136    96     719    (-,-) 
  basic_isa_instance/g81599/ZN                                               -       A1->ZN R     IOA21D2        2  2.6    47   134     853    (-,-) 
  basic_isa_instance/g72977/ZN                                               -       A1->ZN F     ND2D2          1  3.3    49    48     900    (-,-) 
  basic_isa_instance/g72963/ZN                                               -       B1->ZN R     IND2D4        12 14.9    69    61     961    (-,-) 
  basic_isa_instance/g72968/ZN                                               -       A1->ZN F     CKND2D2        1  1.6    39    42    1003    (-,-) 
  basic_isa_instance/g72965/ZN                                               -       A1->ZN R     ND2D2          2  3.5    44    40    1044    (-,-) 
  basic_isa_instance/g82658/ZN                                               -       A1->ZN F     ND2D2          4  5.2    63    56    1100    (-,-) 
  basic_isa_instance/g82662/ZN                                               -       A1->ZN R     OAI22D2        3  4.4   123    84    1184    (-,-) 
  basic_isa_instance/g82661/ZN                                               -       A1->ZN F     ND2D2          1  1.9    54    57    1241    (-,-) 
  basic_isa_instance/g75480/ZN                                               -       A2->ZN R     ND3D2          1  1.9    42    47    1288    (-,-) 
  basic_isa_instance/u_branch_add_95_52_Y_u_branch_add_94_43_cdnadd_80081/CO -       CI->CO R     FA1D2          3  3.8    62   106    1394    (-,-) 
  basic_isa_instance/g75445/ZN                                               -       A1->ZN F     ND2D2          1  1.4    37    41    1435    (-,-) 
  basic_isa_instance/g75444/ZN                                               -       A1->ZN R     CKND2D2        2  3.4    53    46    1481    (-,-) 
  basic_isa_instance/g398/ZN                                                 -       A1->ZN F     CKND2D2        1  1.6    34    38    1519    (-,-) 
  basic_isa_instance/g395/ZN                                                 -       A1->ZN R     ND2D2          1  1.9    37    32    1551    (-,-) 
  basic_isa_instance/u_branch_add_95_52_Y_u_branch_add_94_43_cdnadd_8/CO     -       CI->CO R     FA1D2          1  1.9    51    95    1646    (-,-) 
  basic_isa_instance/u_branch_add_95_52_Y_u_branch_add_94_43_cdnadd_84991/CO -       CI->CO R     FA1D2          1  1.9    51   100    1746    (-,-) 
  basic_isa_instance/u_branch_add_95_52_Y_u_branch_add_94_43_cdnadd_10/CO    -       CI->CO R     FA1D2          1  1.9    51   100    1846    (-,-) 
  basic_isa_instance/u_branch_add_95_52_Y_u_branch_add_94_43_cdnadd_11/CO    -       CI->CO R     FA1D2          1  1.9    51   100    1945    (-,-) 
  basic_isa_instance/u_branch_add_95_52_Y_u_branch_add_94_43_cdnadd_12/CO    -       CI->CO R     FA1D2          3  3.6    61   108    2053    (-,-) 
  basic_isa_instance/g86044/ZN                                               -       A1->ZN F     AOI21D2        1  2.9    55    56    2109    (-,-) 
  basic_isa_instance/g86043/ZN                                               -       I->ZN  R     INVD3          3  3.6    34    40    2149    (-,-) 
  basic_isa_instance/g137/ZN                                                 -       A1->ZN F     ND2D2          1  2.3    39    38    2187    (-,-) 
  basic_isa_instance/g135/ZN                                                 -       A1->ZN R     CKND2D3        3  3.6    46    42    2230    (-,-) 
  basic_isa_instance/g83120/ZN                                               -       A1->ZN F     ND2D2          1  1.4    33    37    2266    (-,-) 
  basic_isa_instance/g113/ZN                                                 -       A1->ZN R     CKND2D2        1  1.9    40    36    2303    (-,-) 
  basic_isa_instance/u_branch_add_95_52_Y_u_branch_add_94_43_cdnadd_79059/CO -       CI->CO R     FA1D2          3  4.9    68   110    2412    (-,-) 
  basic_isa_instance/g86072/ZN                                               -       A1->ZN F     AOI21D4        2  3.3    46    50    2462    (-,-) 
  basic_isa_instance/g86074/ZN                                               -       A1->ZN R     OAI21D2        2  3.2    83    72    2535    (-,-) 
  basic_isa_instance/g86077/ZN                                               -       A1->ZN F     CKND2D2        1  1.4    40    44    2579    (-,-) 
  basic_isa_instance/g83153/ZN                                               -       A1->ZN R     CKND2D2        3  3.9    57    49    2628    (-,-) 
  basic_isa_instance/g75492/ZN                                               -       B2->ZN F     IND3D2         1  1.4    61    58    2686    (-,-) 
  basic_isa_instance/g75491/ZN                                               -       A1->ZN R     CKND2D2        4  5.5    68    66    2752    (-,-) 
  basic_isa_instance/g75461/ZN                                               -       B2->ZN F     IND3D2         1  1.4    63    61    2812    (-,-) 
  basic_isa_instance/g75460/ZN                                               -       A1->ZN R     CKND2D2        5  6.3    75    70    2883    (-,-) 
  basic_isa_instance/g400/ZN                                                 -       A1->ZN F     ND2D2          1  3.1    52    54    2937    (-,-) 
  basic_isa_instance/g393/ZN                                                 -       A1->ZN R     CKND2D4        4  7.1    54    52    2990    (-,-) 
  basic_isa_instance/g642/ZN                                                 -       A1->ZN F     ND2D2          1  1.4    35    39    3029    (-,-) 
  basic_isa_instance/g641/ZN                                                 -       A1->ZN R     CKND2D2        4  4.6    61    51    3080    (-,-) 
  basic_isa_instance/g306/ZN                                                 -       A1->ZN F     ND2D2          2  3.1    49    50    3130    (-,-) 
  basic_isa_instance/g303/ZN                                                 -       A1->ZN R     CKND2D2        1  1.8    42    42    3172    (-,-) 
  basic_isa_instance/g302/ZN                                                 -       A1->ZN F     ND2D2          1  1.4    33    36    3208    (-,-) 
  basic_isa_instance/g298/ZN                                                 -       A1->ZN R     CKND2D2        2  4.4    61    49    3257    (-,-) 
  basic_isa_instance/g245/ZN                                                 -       I->ZN  F     CKND3          3  5.4    36    42    3299    (-,-) 
  basic_isa_instance/g237/ZN                                                 -       A1->ZN R     OAI22D2        2  2.0    94    57    3356    (-,-) 
  basic_isa_instance/g35737/Z                                                -       A1->Z  R     AN2D2         16 14.4   119   159    3515    (-,-) 
  basic_isa_instance/u_if_u_btb_U_FILE_target_arr_reg[1][1][30]/D            -       -      R     DFCNQD2       16    -     -     0    3515    (-,-) 
#----------------------------------------------------------------------------------------------------------------------------------------------------



Path 37: VIOLATED (-1114 ps) Setup Check with Pin basic_isa_instance/u_if_u_btb_U_FILE_target_arr_reg[1][0][30]/CP->D
          Group: core_clk
     Startpoint: (R) basic_isa_instance/u_mem_wb_rd_wb_reg[3]/CP
          Clock: (R) core_clk
       Endpoint: (R) basic_isa_instance/u_if_u_btb_U_FILE_target_arr_reg[1][0][30]/D
          Clock: (R) core_clk

                     Capture       Launch     
        Clock Edge:+    2500            0     
       Src Latency:+       0            0     
       Net Latency:+       0 (I)        0 (I) 
           Arrival:=    2500            0     
                                              
             Setup:-      99                  
     Required Time:=    2401                  
      Launch Clock:-       0                  
         Data Path:-    3515                  
             Slack:=   -1114                  

#----------------------------------------------------------------------------------------------------------------------------------------------------
#                               Timing Point                                 Flags    Arc   Edge   Cell     Fanout Load Trans Delay Arrival Instance 
#                                                                                                                  (fF)  (ps)  (ps)   (ps)  Location 
#----------------------------------------------------------------------------------------------------------------------------------------------------
  basic_isa_instance/u_mem_wb_rd_wb_reg[3]/CP                                -       -      R     (arrival)    452    -     0     -       0    (-,-) 
  basic_isa_instance/u_mem_wb_rd_wb_reg[3]/Q                                 -       CP->Q  R     DFCNQD4        2  7.1    64   286     286    (-,-) 
  basic_isa_instance/fopt86014/ZN                                            -       I->ZN  F     INVD4          5  9.1    36    42     328    (-,-) 
  basic_isa_instance/fopt86017/ZN                                            -       I->ZN  R     CKND2          1  1.7    24    29     356    (-,-) 
  basic_isa_instance/g86016/ZN                                               -       A1->ZN F     OAI22D2        1  2.1    55    44     400    (-,-) 
  basic_isa_instance/g86015/ZN                                               -       A2->ZN R     NR2D2          1  2.3    60    66     466    (-,-) 
  basic_isa_instance/g78591/ZN                                               -       A2->ZN F     ND2D2          1  3.9    54    59     525    (-,-) 
  basic_isa_instance/g78590/ZN                                               -       A1->ZN R     NR2XD3         3  9.3    64    60     585    (-,-) 
  basic_isa_instance/g78589/ZN                                               -       I->ZN  F     INVD3          2  4.4    31    37     622    (-,-) 
  basic_isa_instance/g143/ZN                                                 -       A1->ZN R     NR2XD2        15 18.5   136    96     719    (-,-) 
  basic_isa_instance/g81599/ZN                                               -       A1->ZN R     IOA21D2        2  2.6    47   134     853    (-,-) 
  basic_isa_instance/g72977/ZN                                               -       A1->ZN F     ND2D2          1  3.3    49    48     900    (-,-) 
  basic_isa_instance/g72963/ZN                                               -       B1->ZN R     IND2D4        12 14.9    69    61     961    (-,-) 
  basic_isa_instance/g72968/ZN                                               -       A1->ZN F     CKND2D2        1  1.6    39    42    1003    (-,-) 
  basic_isa_instance/g72965/ZN                                               -       A1->ZN R     ND2D2          2  3.5    44    40    1044    (-,-) 
  basic_isa_instance/g82658/ZN                                               -       A1->ZN F     ND2D2          4  5.2    63    56    1100    (-,-) 
  basic_isa_instance/g82662/ZN                                               -       A1->ZN R     OAI22D2        3  4.4   123    84    1184    (-,-) 
  basic_isa_instance/g82661/ZN                                               -       A1->ZN F     ND2D2          1  1.9    54    57    1241    (-,-) 
  basic_isa_instance/g75480/ZN                                               -       A2->ZN R     ND3D2          1  1.9    42    47    1288    (-,-) 
  basic_isa_instance/u_branch_add_95_52_Y_u_branch_add_94_43_cdnadd_80081/CO -       CI->CO R     FA1D2          3  3.8    62   106    1394    (-,-) 
  basic_isa_instance/g75445/ZN                                               -       A1->ZN F     ND2D2          1  1.4    37    41    1435    (-,-) 
  basic_isa_instance/g75444/ZN                                               -       A1->ZN R     CKND2D2        2  3.4    53    46    1481    (-,-) 
  basic_isa_instance/g398/ZN                                                 -       A1->ZN F     CKND2D2        1  1.6    34    38    1519    (-,-) 
  basic_isa_instance/g395/ZN                                                 -       A1->ZN R     ND2D2          1  1.9    37    32    1551    (-,-) 
  basic_isa_instance/u_branch_add_95_52_Y_u_branch_add_94_43_cdnadd_8/CO     -       CI->CO R     FA1D2          1  1.9    51    95    1646    (-,-) 
  basic_isa_instance/u_branch_add_95_52_Y_u_branch_add_94_43_cdnadd_84991/CO -       CI->CO R     FA1D2          1  1.9    51   100    1746    (-,-) 
  basic_isa_instance/u_branch_add_95_52_Y_u_branch_add_94_43_cdnadd_10/CO    -       CI->CO R     FA1D2          1  1.9    51   100    1846    (-,-) 
  basic_isa_instance/u_branch_add_95_52_Y_u_branch_add_94_43_cdnadd_11/CO    -       CI->CO R     FA1D2          1  1.9    51   100    1945    (-,-) 
  basic_isa_instance/u_branch_add_95_52_Y_u_branch_add_94_43_cdnadd_12/CO    -       CI->CO R     FA1D2          3  3.6    61   108    2053    (-,-) 
  basic_isa_instance/g86044/ZN                                               -       A1->ZN F     AOI21D2        1  2.9    55    56    2109    (-,-) 
  basic_isa_instance/g86043/ZN                                               -       I->ZN  R     INVD3          3  3.6    34    40    2149    (-,-) 
  basic_isa_instance/g137/ZN                                                 -       A1->ZN F     ND2D2          1  2.3    39    38    2187    (-,-) 
  basic_isa_instance/g135/ZN                                                 -       A1->ZN R     CKND2D3        3  3.6    46    42    2230    (-,-) 
  basic_isa_instance/g83120/ZN                                               -       A1->ZN F     ND2D2          1  1.4    33    37    2266    (-,-) 
  basic_isa_instance/g113/ZN                                                 -       A1->ZN R     CKND2D2        1  1.9    40    36    2303    (-,-) 
  basic_isa_instance/u_branch_add_95_52_Y_u_branch_add_94_43_cdnadd_79059/CO -       CI->CO R     FA1D2          3  4.9    68   110    2412    (-,-) 
  basic_isa_instance/g86072/ZN                                               -       A1->ZN F     AOI21D4        2  3.3    46    50    2462    (-,-) 
  basic_isa_instance/g86074/ZN                                               -       A1->ZN R     OAI21D2        2  3.2    83    72    2535    (-,-) 
  basic_isa_instance/g86077/ZN                                               -       A1->ZN F     CKND2D2        1  1.4    40    44    2579    (-,-) 
  basic_isa_instance/g83153/ZN                                               -       A1->ZN R     CKND2D2        3  3.9    57    49    2628    (-,-) 
  basic_isa_instance/g75492/ZN                                               -       B2->ZN F     IND3D2         1  1.4    61    58    2686    (-,-) 
  basic_isa_instance/g75491/ZN                                               -       A1->ZN R     CKND2D2        4  5.5    68    66    2752    (-,-) 
  basic_isa_instance/g75461/ZN                                               -       B2->ZN F     IND3D2         1  1.4    63    61    2812    (-,-) 
  basic_isa_instance/g75460/ZN                                               -       A1->ZN R     CKND2D2        5  6.3    75    70    2883    (-,-) 
  basic_isa_instance/g400/ZN                                                 -       A1->ZN F     ND2D2          1  3.1    52    54    2937    (-,-) 
  basic_isa_instance/g393/ZN                                                 -       A1->ZN R     CKND2D4        4  7.1    54    52    2990    (-,-) 
  basic_isa_instance/g642/ZN                                                 -       A1->ZN F     ND2D2          1  1.4    35    39    3029    (-,-) 
  basic_isa_instance/g641/ZN                                                 -       A1->ZN R     CKND2D2        4  4.6    61    51    3080    (-,-) 
  basic_isa_instance/g306/ZN                                                 -       A1->ZN F     ND2D2          2  3.1    49    50    3130    (-,-) 
  basic_isa_instance/g303/ZN                                                 -       A1->ZN R     CKND2D2        1  1.8    42    42    3172    (-,-) 
  basic_isa_instance/g302/ZN                                                 -       A1->ZN F     ND2D2          1  1.4    33    36    3208    (-,-) 
  basic_isa_instance/g298/ZN                                                 -       A1->ZN R     CKND2D2        2  4.4    61    49    3257    (-,-) 
  basic_isa_instance/g245/ZN                                                 -       I->ZN  F     CKND3          3  5.4    36    42    3299    (-,-) 
  basic_isa_instance/g237/ZN                                                 -       A1->ZN R     OAI22D2        2  2.0    94    57    3356    (-,-) 
  basic_isa_instance/g35737/Z                                                -       A1->Z  R     AN2D2         16 14.4   119   159    3515    (-,-) 
  basic_isa_instance/u_if_u_btb_U_FILE_target_arr_reg[1][0][30]/D            -       -      R     DFCNQD2       16    -     -     0    3515    (-,-) 
#----------------------------------------------------------------------------------------------------------------------------------------------------



Path 38: VIOLATED (-1114 ps) Setup Check with Pin basic_isa_instance/u_if_u_btb_U_FILE_target_arr_reg[0][1][30]/CP->D
          Group: core_clk
     Startpoint: (R) basic_isa_instance/u_mem_wb_rd_wb_reg[3]/CP
          Clock: (R) core_clk
       Endpoint: (R) basic_isa_instance/u_if_u_btb_U_FILE_target_arr_reg[0][1][30]/D
          Clock: (R) core_clk

                     Capture       Launch     
        Clock Edge:+    2500            0     
       Src Latency:+       0            0     
       Net Latency:+       0 (I)        0 (I) 
           Arrival:=    2500            0     
                                              
             Setup:-      99                  
     Required Time:=    2401                  
      Launch Clock:-       0                  
         Data Path:-    3515                  
             Slack:=   -1114                  

#----------------------------------------------------------------------------------------------------------------------------------------------------
#                               Timing Point                                 Flags    Arc   Edge   Cell     Fanout Load Trans Delay Arrival Instance 
#                                                                                                                  (fF)  (ps)  (ps)   (ps)  Location 
#----------------------------------------------------------------------------------------------------------------------------------------------------
  basic_isa_instance/u_mem_wb_rd_wb_reg[3]/CP                                -       -      R     (arrival)    452    -     0     -       0    (-,-) 
  basic_isa_instance/u_mem_wb_rd_wb_reg[3]/Q                                 -       CP->Q  R     DFCNQD4        2  7.1    64   286     286    (-,-) 
  basic_isa_instance/fopt86014/ZN                                            -       I->ZN  F     INVD4          5  9.1    36    42     328    (-,-) 
  basic_isa_instance/fopt86017/ZN                                            -       I->ZN  R     CKND2          1  1.7    24    29     356    (-,-) 
  basic_isa_instance/g86016/ZN                                               -       A1->ZN F     OAI22D2        1  2.1    55    44     400    (-,-) 
  basic_isa_instance/g86015/ZN                                               -       A2->ZN R     NR2D2          1  2.3    60    66     466    (-,-) 
  basic_isa_instance/g78591/ZN                                               -       A2->ZN F     ND2D2          1  3.9    54    59     525    (-,-) 
  basic_isa_instance/g78590/ZN                                               -       A1->ZN R     NR2XD3         3  9.3    64    60     585    (-,-) 
  basic_isa_instance/g78589/ZN                                               -       I->ZN  F     INVD3          2  4.4    31    37     622    (-,-) 
  basic_isa_instance/g143/ZN                                                 -       A1->ZN R     NR2XD2        15 18.5   136    96     719    (-,-) 
  basic_isa_instance/g81599/ZN                                               -       A1->ZN R     IOA21D2        2  2.6    47   134     853    (-,-) 
  basic_isa_instance/g72977/ZN                                               -       A1->ZN F     ND2D2          1  3.3    49    48     900    (-,-) 
  basic_isa_instance/g72963/ZN                                               -       B1->ZN R     IND2D4        12 14.9    69    61     961    (-,-) 
  basic_isa_instance/g72968/ZN                                               -       A1->ZN F     CKND2D2        1  1.6    39    42    1003    (-,-) 
  basic_isa_instance/g72965/ZN                                               -       A1->ZN R     ND2D2          2  3.5    44    40    1044    (-,-) 
  basic_isa_instance/g82658/ZN                                               -       A1->ZN F     ND2D2          4  5.2    63    56    1100    (-,-) 
  basic_isa_instance/g82662/ZN                                               -       A1->ZN R     OAI22D2        3  4.4   123    84    1184    (-,-) 
  basic_isa_instance/g82661/ZN                                               -       A1->ZN F     ND2D2          1  1.9    54    57    1241    (-,-) 
  basic_isa_instance/g75480/ZN                                               -       A2->ZN R     ND3D2          1  1.9    42    47    1288    (-,-) 
  basic_isa_instance/u_branch_add_95_52_Y_u_branch_add_94_43_cdnadd_80081/CO -       CI->CO R     FA1D2          3  3.8    62   106    1394    (-,-) 
  basic_isa_instance/g75445/ZN                                               -       A1->ZN F     ND2D2          1  1.4    37    41    1435    (-,-) 
  basic_isa_instance/g75444/ZN                                               -       A1->ZN R     CKND2D2        2  3.4    53    46    1481    (-,-) 
  basic_isa_instance/g398/ZN                                                 -       A1->ZN F     CKND2D2        1  1.6    34    38    1519    (-,-) 
  basic_isa_instance/g395/ZN                                                 -       A1->ZN R     ND2D2          1  1.9    37    32    1551    (-,-) 
  basic_isa_instance/u_branch_add_95_52_Y_u_branch_add_94_43_cdnadd_8/CO     -       CI->CO R     FA1D2          1  1.9    51    95    1646    (-,-) 
  basic_isa_instance/u_branch_add_95_52_Y_u_branch_add_94_43_cdnadd_84991/CO -       CI->CO R     FA1D2          1  1.9    51   100    1746    (-,-) 
  basic_isa_instance/u_branch_add_95_52_Y_u_branch_add_94_43_cdnadd_10/CO    -       CI->CO R     FA1D2          1  1.9    51   100    1846    (-,-) 
  basic_isa_instance/u_branch_add_95_52_Y_u_branch_add_94_43_cdnadd_11/CO    -       CI->CO R     FA1D2          1  1.9    51   100    1945    (-,-) 
  basic_isa_instance/u_branch_add_95_52_Y_u_branch_add_94_43_cdnadd_12/CO    -       CI->CO R     FA1D2          3  3.6    61   108    2053    (-,-) 
  basic_isa_instance/g86044/ZN                                               -       A1->ZN F     AOI21D2        1  2.9    55    56    2109    (-,-) 
  basic_isa_instance/g86043/ZN                                               -       I->ZN  R     INVD3          3  3.6    34    40    2149    (-,-) 
  basic_isa_instance/g137/ZN                                                 -       A1->ZN F     ND2D2          1  2.3    39    38    2187    (-,-) 
  basic_isa_instance/g135/ZN                                                 -       A1->ZN R     CKND2D3        3  3.6    46    42    2230    (-,-) 
  basic_isa_instance/g83120/ZN                                               -       A1->ZN F     ND2D2          1  1.4    33    37    2266    (-,-) 
  basic_isa_instance/g113/ZN                                                 -       A1->ZN R     CKND2D2        1  1.9    40    36    2303    (-,-) 
  basic_isa_instance/u_branch_add_95_52_Y_u_branch_add_94_43_cdnadd_79059/CO -       CI->CO R     FA1D2          3  4.9    68   110    2412    (-,-) 
  basic_isa_instance/g86072/ZN                                               -       A1->ZN F     AOI21D4        2  3.3    46    50    2462    (-,-) 
  basic_isa_instance/g86074/ZN                                               -       A1->ZN R     OAI21D2        2  3.2    83    72    2535    (-,-) 
  basic_isa_instance/g86077/ZN                                               -       A1->ZN F     CKND2D2        1  1.4    40    44    2579    (-,-) 
  basic_isa_instance/g83153/ZN                                               -       A1->ZN R     CKND2D2        3  3.9    57    49    2628    (-,-) 
  basic_isa_instance/g75492/ZN                                               -       B2->ZN F     IND3D2         1  1.4    61    58    2686    (-,-) 
  basic_isa_instance/g75491/ZN                                               -       A1->ZN R     CKND2D2        4  5.5    68    66    2752    (-,-) 
  basic_isa_instance/g75461/ZN                                               -       B2->ZN F     IND3D2         1  1.4    63    61    2812    (-,-) 
  basic_isa_instance/g75460/ZN                                               -       A1->ZN R     CKND2D2        5  6.3    75    70    2883    (-,-) 
  basic_isa_instance/g400/ZN                                                 -       A1->ZN F     ND2D2          1  3.1    52    54    2937    (-,-) 
  basic_isa_instance/g393/ZN                                                 -       A1->ZN R     CKND2D4        4  7.1    54    52    2990    (-,-) 
  basic_isa_instance/g642/ZN                                                 -       A1->ZN F     ND2D2          1  1.4    35    39    3029    (-,-) 
  basic_isa_instance/g641/ZN                                                 -       A1->ZN R     CKND2D2        4  4.6    61    51    3080    (-,-) 
  basic_isa_instance/g306/ZN                                                 -       A1->ZN F     ND2D2          2  3.1    49    50    3130    (-,-) 
  basic_isa_instance/g303/ZN                                                 -       A1->ZN R     CKND2D2        1  1.8    42    42    3172    (-,-) 
  basic_isa_instance/g302/ZN                                                 -       A1->ZN F     ND2D2          1  1.4    33    36    3208    (-,-) 
  basic_isa_instance/g298/ZN                                                 -       A1->ZN R     CKND2D2        2  4.4    61    49    3257    (-,-) 
  basic_isa_instance/g245/ZN                                                 -       I->ZN  F     CKND3          3  5.4    36    42    3299    (-,-) 
  basic_isa_instance/g237/ZN                                                 -       A1->ZN R     OAI22D2        2  2.0    94    57    3356    (-,-) 
  basic_isa_instance/g35737/Z                                                -       A1->Z  R     AN2D2         16 14.4   119   159    3515    (-,-) 
  basic_isa_instance/u_if_u_btb_U_FILE_target_arr_reg[0][1][30]/D            -       -      R     DFCNQD2       16    -     -     0    3515    (-,-) 
#----------------------------------------------------------------------------------------------------------------------------------------------------



Path 39: VIOLATED (-1114 ps) Setup Check with Pin basic_isa_instance/u_if_u_btb_U_FILE_target_arr_reg[0][0][30]/CP->D
          Group: core_clk
     Startpoint: (R) basic_isa_instance/u_mem_wb_rd_wb_reg[3]/CP
          Clock: (R) core_clk
       Endpoint: (R) basic_isa_instance/u_if_u_btb_U_FILE_target_arr_reg[0][0][30]/D
          Clock: (R) core_clk

                     Capture       Launch     
        Clock Edge:+    2500            0     
       Src Latency:+       0            0     
       Net Latency:+       0 (I)        0 (I) 
           Arrival:=    2500            0     
                                              
             Setup:-      99                  
     Required Time:=    2401                  
      Launch Clock:-       0                  
         Data Path:-    3515                  
             Slack:=   -1114                  

#----------------------------------------------------------------------------------------------------------------------------------------------------
#                               Timing Point                                 Flags    Arc   Edge   Cell     Fanout Load Trans Delay Arrival Instance 
#                                                                                                                  (fF)  (ps)  (ps)   (ps)  Location 
#----------------------------------------------------------------------------------------------------------------------------------------------------
  basic_isa_instance/u_mem_wb_rd_wb_reg[3]/CP                                -       -      R     (arrival)    452    -     0     -       0    (-,-) 
  basic_isa_instance/u_mem_wb_rd_wb_reg[3]/Q                                 -       CP->Q  R     DFCNQD4        2  7.1    64   286     286    (-,-) 
  basic_isa_instance/fopt86014/ZN                                            -       I->ZN  F     INVD4          5  9.1    36    42     328    (-,-) 
  basic_isa_instance/fopt86017/ZN                                            -       I->ZN  R     CKND2          1  1.7    24    29     356    (-,-) 
  basic_isa_instance/g86016/ZN                                               -       A1->ZN F     OAI22D2        1  2.1    55    44     400    (-,-) 
  basic_isa_instance/g86015/ZN                                               -       A2->ZN R     NR2D2          1  2.3    60    66     466    (-,-) 
  basic_isa_instance/g78591/ZN                                               -       A2->ZN F     ND2D2          1  3.9    54    59     525    (-,-) 
  basic_isa_instance/g78590/ZN                                               -       A1->ZN R     NR2XD3         3  9.3    64    60     585    (-,-) 
  basic_isa_instance/g78589/ZN                                               -       I->ZN  F     INVD3          2  4.4    31    37     622    (-,-) 
  basic_isa_instance/g143/ZN                                                 -       A1->ZN R     NR2XD2        15 18.5   136    96     719    (-,-) 
  basic_isa_instance/g81599/ZN                                               -       A1->ZN R     IOA21D2        2  2.6    47   134     853    (-,-) 
  basic_isa_instance/g72977/ZN                                               -       A1->ZN F     ND2D2          1  3.3    49    48     900    (-,-) 
  basic_isa_instance/g72963/ZN                                               -       B1->ZN R     IND2D4        12 14.9    69    61     961    (-,-) 
  basic_isa_instance/g72968/ZN                                               -       A1->ZN F     CKND2D2        1  1.6    39    42    1003    (-,-) 
  basic_isa_instance/g72965/ZN                                               -       A1->ZN R     ND2D2          2  3.5    44    40    1044    (-,-) 
  basic_isa_instance/g82658/ZN                                               -       A1->ZN F     ND2D2          4  5.2    63    56    1100    (-,-) 
  basic_isa_instance/g82662/ZN                                               -       A1->ZN R     OAI22D2        3  4.4   123    84    1184    (-,-) 
  basic_isa_instance/g82661/ZN                                               -       A1->ZN F     ND2D2          1  1.9    54    57    1241    (-,-) 
  basic_isa_instance/g75480/ZN                                               -       A2->ZN R     ND3D2          1  1.9    42    47    1288    (-,-) 
  basic_isa_instance/u_branch_add_95_52_Y_u_branch_add_94_43_cdnadd_80081/CO -       CI->CO R     FA1D2          3  3.8    62   106    1394    (-,-) 
  basic_isa_instance/g75445/ZN                                               -       A1->ZN F     ND2D2          1  1.4    37    41    1435    (-,-) 
  basic_isa_instance/g75444/ZN                                               -       A1->ZN R     CKND2D2        2  3.4    53    46    1481    (-,-) 
  basic_isa_instance/g398/ZN                                                 -       A1->ZN F     CKND2D2        1  1.6    34    38    1519    (-,-) 
  basic_isa_instance/g395/ZN                                                 -       A1->ZN R     ND2D2          1  1.9    37    32    1551    (-,-) 
  basic_isa_instance/u_branch_add_95_52_Y_u_branch_add_94_43_cdnadd_8/CO     -       CI->CO R     FA1D2          1  1.9    51    95    1646    (-,-) 
  basic_isa_instance/u_branch_add_95_52_Y_u_branch_add_94_43_cdnadd_84991/CO -       CI->CO R     FA1D2          1  1.9    51   100    1746    (-,-) 
  basic_isa_instance/u_branch_add_95_52_Y_u_branch_add_94_43_cdnadd_10/CO    -       CI->CO R     FA1D2          1  1.9    51   100    1846    (-,-) 
  basic_isa_instance/u_branch_add_95_52_Y_u_branch_add_94_43_cdnadd_11/CO    -       CI->CO R     FA1D2          1  1.9    51   100    1945    (-,-) 
  basic_isa_instance/u_branch_add_95_52_Y_u_branch_add_94_43_cdnadd_12/CO    -       CI->CO R     FA1D2          3  3.6    61   108    2053    (-,-) 
  basic_isa_instance/g86044/ZN                                               -       A1->ZN F     AOI21D2        1  2.9    55    56    2109    (-,-) 
  basic_isa_instance/g86043/ZN                                               -       I->ZN  R     INVD3          3  3.6    34    40    2149    (-,-) 
  basic_isa_instance/g137/ZN                                                 -       A1->ZN F     ND2D2          1  2.3    39    38    2187    (-,-) 
  basic_isa_instance/g135/ZN                                                 -       A1->ZN R     CKND2D3        3  3.6    46    42    2230    (-,-) 
  basic_isa_instance/g83120/ZN                                               -       A1->ZN F     ND2D2          1  1.4    33    37    2266    (-,-) 
  basic_isa_instance/g113/ZN                                                 -       A1->ZN R     CKND2D2        1  1.9    40    36    2303    (-,-) 
  basic_isa_instance/u_branch_add_95_52_Y_u_branch_add_94_43_cdnadd_79059/CO -       CI->CO R     FA1D2          3  4.9    68   110    2412    (-,-) 
  basic_isa_instance/g86072/ZN                                               -       A1->ZN F     AOI21D4        2  3.3    46    50    2462    (-,-) 
  basic_isa_instance/g86074/ZN                                               -       A1->ZN R     OAI21D2        2  3.2    83    72    2535    (-,-) 
  basic_isa_instance/g86077/ZN                                               -       A1->ZN F     CKND2D2        1  1.4    40    44    2579    (-,-) 
  basic_isa_instance/g83153/ZN                                               -       A1->ZN R     CKND2D2        3  3.9    57    49    2628    (-,-) 
  basic_isa_instance/g75492/ZN                                               -       B2->ZN F     IND3D2         1  1.4    61    58    2686    (-,-) 
  basic_isa_instance/g75491/ZN                                               -       A1->ZN R     CKND2D2        4  5.5    68    66    2752    (-,-) 
  basic_isa_instance/g75461/ZN                                               -       B2->ZN F     IND3D2         1  1.4    63    61    2812    (-,-) 
  basic_isa_instance/g75460/ZN                                               -       A1->ZN R     CKND2D2        5  6.3    75    70    2883    (-,-) 
  basic_isa_instance/g400/ZN                                                 -       A1->ZN F     ND2D2          1  3.1    52    54    2937    (-,-) 
  basic_isa_instance/g393/ZN                                                 -       A1->ZN R     CKND2D4        4  7.1    54    52    2990    (-,-) 
  basic_isa_instance/g642/ZN                                                 -       A1->ZN F     ND2D2          1  1.4    35    39    3029    (-,-) 
  basic_isa_instance/g641/ZN                                                 -       A1->ZN R     CKND2D2        4  4.6    61    51    3080    (-,-) 
  basic_isa_instance/g306/ZN                                                 -       A1->ZN F     ND2D2          2  3.1    49    50    3130    (-,-) 
  basic_isa_instance/g303/ZN                                                 -       A1->ZN R     CKND2D2        1  1.8    42    42    3172    (-,-) 
  basic_isa_instance/g302/ZN                                                 -       A1->ZN F     ND2D2          1  1.4    33    36    3208    (-,-) 
  basic_isa_instance/g298/ZN                                                 -       A1->ZN R     CKND2D2        2  4.4    61    49    3257    (-,-) 
  basic_isa_instance/g245/ZN                                                 -       I->ZN  F     CKND3          3  5.4    36    42    3299    (-,-) 
  basic_isa_instance/g237/ZN                                                 -       A1->ZN R     OAI22D2        2  2.0    94    57    3356    (-,-) 
  basic_isa_instance/g35737/Z                                                -       A1->Z  R     AN2D2         16 14.4   119   159    3515    (-,-) 
  basic_isa_instance/u_if_u_btb_U_FILE_target_arr_reg[0][0][30]/D            -       -      R     DFCNQD2       16    -     -     0    3515    (-,-) 
#----------------------------------------------------------------------------------------------------------------------------------------------------



Path 40: VIOLATED (-1094 ps) Setup Check with Pin basic_isa_instance/u_if_u_pc_reg_core_to_int_reg[29]/CP->D
          Group: core_clk
     Startpoint: (R) basic_isa_instance/u_mem_wb_rd_wb_reg[3]/CP
          Clock: (R) core_clk
       Endpoint: (F) basic_isa_instance/u_if_u_pc_reg_core_to_int_reg[29]/D
          Clock: (R) core_clk

                     Capture       Launch     
        Clock Edge:+    2500            0     
       Src Latency:+       0            0     
       Net Latency:+       0 (I)        0 (I) 
           Arrival:=    2500            0     
                                              
             Setup:-       6                  
     Required Time:=    2494                  
      Launch Clock:-       0                  
         Data Path:-    3589                  
             Slack:=   -1094                  

#----------------------------------------------------------------------------------------------------------------------------------------------------
#                               Timing Point                                 Flags    Arc   Edge   Cell     Fanout Load Trans Delay Arrival Instance 
#                                                                                                                  (fF)  (ps)  (ps)   (ps)  Location 
#----------------------------------------------------------------------------------------------------------------------------------------------------
  basic_isa_instance/u_mem_wb_rd_wb_reg[3]/CP                                -       -      R     (arrival)    452    -     0     -       0    (-,-) 
  basic_isa_instance/u_mem_wb_rd_wb_reg[3]/Q                                 -       CP->Q  R     DFCNQD4        2  7.1    64   286     286    (-,-) 
  basic_isa_instance/fopt86014/ZN                                            -       I->ZN  F     INVD4          5  9.1    36    42     328    (-,-) 
  basic_isa_instance/fopt86017/ZN                                            -       I->ZN  R     CKND2          1  1.7    24    29     356    (-,-) 
  basic_isa_instance/g86016/ZN                                               -       A1->ZN F     OAI22D2        1  2.1    55    44     400    (-,-) 
  basic_isa_instance/g86015/ZN                                               -       A2->ZN R     NR2D2          1  2.3    60    66     466    (-,-) 
  basic_isa_instance/g78591/ZN                                               -       A2->ZN F     ND2D2          1  3.9    54    59     525    (-,-) 
  basic_isa_instance/g78590/ZN                                               -       A1->ZN R     NR2XD3         3  9.3    64    60     585    (-,-) 
  basic_isa_instance/g78589/ZN                                               -       I->ZN  F     INVD3          2  4.4    31    37     622    (-,-) 
  basic_isa_instance/g143/ZN                                                 -       A1->ZN R     NR2XD2        15 18.5   136    96     719    (-,-) 
  basic_isa_instance/g81599/ZN                                               -       A1->ZN R     IOA21D2        2  2.6    47   134     853    (-,-) 
  basic_isa_instance/g72977/ZN                                               -       A1->ZN F     ND2D2          1  3.3    49    48     900    (-,-) 
  basic_isa_instance/g72963/ZN                                               -       B1->ZN R     IND2D4        12 14.9    69    61     961    (-,-) 
  basic_isa_instance/g72968/ZN                                               -       A1->ZN F     CKND2D2        1  1.6    39    42    1003    (-,-) 
  basic_isa_instance/g72965/ZN                                               -       A1->ZN R     ND2D2          2  3.5    44    40    1044    (-,-) 
  basic_isa_instance/g82658/ZN                                               -       A1->ZN F     ND2D2          4  5.2    63    56    1100    (-,-) 
  basic_isa_instance/g82662/ZN                                               -       A1->ZN R     OAI22D2        3  4.4   123    84    1184    (-,-) 
  basic_isa_instance/g82661/ZN                                               -       A1->ZN F     ND2D2          1  1.9    54    57    1241    (-,-) 
  basic_isa_instance/g75480/ZN                                               -       A2->ZN R     ND3D2          1  1.9    42    47    1288    (-,-) 
  basic_isa_instance/u_branch_add_95_52_Y_u_branch_add_94_43_cdnadd_80081/CO -       CI->CO R     FA1D2          3  3.8    62   106    1394    (-,-) 
  basic_isa_instance/g75445/ZN                                               -       A1->ZN F     ND2D2          1  1.4    37    41    1435    (-,-) 
  basic_isa_instance/g75444/ZN                                               -       A1->ZN R     CKND2D2        2  3.4    53    46    1481    (-,-) 
  basic_isa_instance/g398/ZN                                                 -       A1->ZN F     CKND2D2        1  1.6    34    38    1519    (-,-) 
  basic_isa_instance/g395/ZN                                                 -       A1->ZN R     ND2D2          1  1.9    37    32    1551    (-,-) 
  basic_isa_instance/u_branch_add_95_52_Y_u_branch_add_94_43_cdnadd_8/CO     -       CI->CO R     FA1D2          1  1.9    51    95    1646    (-,-) 
  basic_isa_instance/u_branch_add_95_52_Y_u_branch_add_94_43_cdnadd_84991/CO -       CI->CO R     FA1D2          1  1.9    51   100    1746    (-,-) 
  basic_isa_instance/u_branch_add_95_52_Y_u_branch_add_94_43_cdnadd_10/CO    -       CI->CO R     FA1D2          1  1.9    51   100    1846    (-,-) 
  basic_isa_instance/u_branch_add_95_52_Y_u_branch_add_94_43_cdnadd_11/CO    -       CI->CO R     FA1D2          1  1.9    51   100    1945    (-,-) 
  basic_isa_instance/u_branch_add_95_52_Y_u_branch_add_94_43_cdnadd_12/CO    -       CI->CO R     FA1D2          3  3.6    61   108    2053    (-,-) 
  basic_isa_instance/g86044/ZN                                               -       A1->ZN F     AOI21D2        1  2.9    55    56    2109    (-,-) 
  basic_isa_instance/g86043/ZN                                               -       I->ZN  R     INVD3          3  3.6    34    40    2149    (-,-) 
  basic_isa_instance/g137/ZN                                                 -       A1->ZN F     ND2D2          1  2.3    39    38    2187    (-,-) 
  basic_isa_instance/g135/ZN                                                 -       A1->ZN R     CKND2D3        3  3.6    46    42    2230    (-,-) 
  basic_isa_instance/g83120/ZN                                               -       A1->ZN F     ND2D2          1  1.4    33    37    2266    (-,-) 
  basic_isa_instance/g113/ZN                                                 -       A1->ZN R     CKND2D2        1  1.9    40    36    2303    (-,-) 
  basic_isa_instance/u_branch_add_95_52_Y_u_branch_add_94_43_cdnadd_79059/CO -       CI->CO R     FA1D2          3  4.9    68   110    2412    (-,-) 
  basic_isa_instance/g86072/ZN                                               -       A1->ZN F     AOI21D4        2  3.3    46    50    2462    (-,-) 
  basic_isa_instance/g86074/ZN                                               -       A1->ZN R     OAI21D2        2  3.2    83    72    2535    (-,-) 
  basic_isa_instance/g86077/ZN                                               -       A1->ZN F     CKND2D2        1  1.4    40    44    2579    (-,-) 
  basic_isa_instance/g83153/ZN                                               -       A1->ZN R     CKND2D2        3  3.9    57    49    2628    (-,-) 
  basic_isa_instance/g75492/ZN                                               -       B2->ZN F     IND3D2         1  1.4    61    58    2686    (-,-) 
  basic_isa_instance/g75491/ZN                                               -       A1->ZN R     CKND2D2        4  5.5    68    66    2752    (-,-) 
  basic_isa_instance/g75461/ZN                                               -       B2->ZN F     IND3D2         1  1.4    63    61    2812    (-,-) 
  basic_isa_instance/g75460/ZN                                               -       A1->ZN R     CKND2D2        5  6.3    75    70    2883    (-,-) 
  basic_isa_instance/g400/ZN                                                 -       A1->ZN F     ND2D2          1  3.1    52    54    2937    (-,-) 
  basic_isa_instance/g393/ZN                                                 -       A1->ZN R     CKND2D4        4  7.1    54    52    2990    (-,-) 
  basic_isa_instance/g642/ZN                                                 -       A1->ZN F     ND2D2          1  1.4    35    39    3029    (-,-) 
  basic_isa_instance/g641/ZN                                                 -       A1->ZN R     CKND2D2        4  4.6    61    51    3080    (-,-) 
  basic_isa_instance/g306/ZN                                                 -       A1->ZN F     ND2D2          2  3.1    49    50    3130    (-,-) 
  basic_isa_instance/g305/ZN                                                 -       I->ZN  R     CKND2          1  1.7    26    33    3163    (-,-) 
  basic_isa_instance/g299/ZN                                                 -       A1->ZN F     NR2D2          1  1.8    24    23    3186    (-,-) 
  basic_isa_instance/g297/ZN                                                 -       B->ZN  R     IAO21D2        1  1.9    51    45    3231    (-,-) 
  basic_isa_instance/g296/ZN                                                 -       B->ZN  F     IOA21D2        2  2.6    45    45    3276    (-,-) 
  basic_isa_instance/g87234/ZN                                               -       C1->ZN R     AOI222D2       1  1.8   156   162    3438    (-,-) 
  basic_isa_instance/g80610/ZN                                               -       A1->ZN F     ND2D2          2  2.3    64    66    3504    (-,-) 
  basic_isa_instance/g80614/ZN                                               -       A1->ZN R     CKND2D2        1  1.9    58    47    3551    (-,-) 
  basic_isa_instance/g81785/ZN                                               -       B->ZN  F     IOA21D2        1  0.9    33    38    3589    (-,-) 
  basic_isa_instance/u_if_u_pc_reg_core_to_int_reg[29]/D                     -       -      F     DFCNQD2        1    -     -     0    3589    (-,-) 
#----------------------------------------------------------------------------------------------------------------------------------------------------



Path 41: VIOLATED (-1038 ps) Setup Check with Pin basic_isa_instance/u_if_u_btb_U_FILE_target_arr_reg[7][1][29]/CP->D
          Group: core_clk
     Startpoint: (R) basic_isa_instance/u_id_ex_inst_ex_o_reg[17]/CP
          Clock: (R) core_clk
       Endpoint: (R) basic_isa_instance/u_if_u_btb_U_FILE_target_arr_reg[7][1][29]/D
          Clock: (R) core_clk

                     Capture       Launch     
        Clock Edge:+    2500            0     
       Src Latency:+       0            0     
       Net Latency:+       0 (I)        0 (I) 
           Arrival:=    2500            0     
                                              
             Setup:-      99                  
     Required Time:=    2401                  
      Launch Clock:-       0                  
         Data Path:-    3439                  
             Slack:=   -1038                  

#----------------------------------------------------------------------------------------------------------------------------------------------------
#                               Timing Point                                 Flags    Arc   Edge   Cell     Fanout Load Trans Delay Arrival Instance 
#                                                                                                                  (fF)  (ps)  (ps)   (ps)  Location 
#----------------------------------------------------------------------------------------------------------------------------------------------------
  basic_isa_instance/u_id_ex_inst_ex_o_reg[17]/CP                            -       -      R     (arrival)    452    -     0     -       0    (-,-) 
  basic_isa_instance/u_id_ex_inst_ex_o_reg[17]/Q                             -       CP->Q  R     DFCNQD4        5  8.6    68   290     290    (-,-) 
  basic_isa_instance/g26680/ZN                                               -       B2->ZN F     OAI22D2        1  2.1    57    77     367    (-,-) 
  basic_isa_instance/g76132/ZN                                               -       A2->ZN R     NR2D2          1  2.6    64    69     435    (-,-) 
  basic_isa_instance/g76131/ZN                                               -       A2->ZN F     CKND2D3        1  6.8    60    62     497    (-,-) 
  basic_isa_instance/g76130/ZN                                               -       A1->ZN R     NR2D8          2  6.8    53    54     551    (-,-) 
  basic_isa_instance/g76217/ZN                                               -       I->ZN  F     CKND4          2  3.6    25    32     583    (-,-) 
  basic_isa_instance/g77911/ZN                                               -       I->ZN  R     CKND2          2  5.3    44    39     622    (-,-) 
  basic_isa_instance/g78595/ZN                                               -       A1->ZN F     NR2D4          9 15.5    53    45     667    (-,-) 
  basic_isa_instance/g84072/ZN                                               -       A1->ZN R     AOI22D2        1  1.9    79    70     737    (-,-) 
  basic_isa_instance/g26450/ZN                                               -       B->ZN  F     IOA21D2        2  1.8    44    48     785    (-,-) 
  basic_isa_instance/g26333/Z                                                -       I1->Z  F     MUX2D2        12 14.4   100   169     954    (-,-) 
  basic_isa_instance/g75482/Z                                                -       I1->Z  F     MUX2D2         3  5.5    66   161    1115    (-,-) 
  basic_isa_instance/g75481/ZN                                               -       A2->ZN R     ND2D2          1  2.2    39    49    1164    (-,-) 
  basic_isa_instance/g75480/ZN                                               -       A3->ZN F     ND3D2          1  1.8    61    67    1231    (-,-) 
  basic_isa_instance/u_branch_add_95_52_Y_u_branch_add_94_43_cdnadd_80081/CO -       CI->CO F     FA1D2          3  3.5    71   131    1362    (-,-) 
  basic_isa_instance/g75445/ZN                                               -       A1->ZN R     ND2D2          1  1.6    35    42    1404    (-,-) 
  basic_isa_instance/g75444/ZN                                               -       A1->ZN F     CKND2D2        2  3.1    44    41    1445    (-,-) 
  basic_isa_instance/g398/ZN                                                 -       A1->ZN R     CKND2D2        1  1.8    38    40    1485    (-,-) 
  basic_isa_instance/g395/ZN                                                 -       A1->ZN F     ND2D2          1  1.8    37    37    1522    (-,-) 
  basic_isa_instance/u_branch_add_95_52_Y_u_branch_add_94_43_cdnadd_8/CO     -       CI->CO F     FA1D2          1  1.8    63   114    1636    (-,-) 
  basic_isa_instance/u_branch_add_95_52_Y_u_branch_add_94_43_cdnadd_84991/CO -       CI->CO F     FA1D2          1  1.8    63   123    1759    (-,-) 
  basic_isa_instance/u_branch_add_95_52_Y_u_branch_add_94_43_cdnadd_10/CO    -       CI->CO F     FA1D2          1  1.8    63   123    1882    (-,-) 
  basic_isa_instance/u_branch_add_95_52_Y_u_branch_add_94_43_cdnadd_11/CO    -       CI->CO F     FA1D2          1  1.8    63   123    2006    (-,-) 
  basic_isa_instance/u_branch_add_95_52_Y_u_branch_add_94_43_cdnadd_12/CO    -       CI->CO F     FA1D2          3  3.6    72   132    2138    (-,-) 
  basic_isa_instance/g86044/ZN                                               -       A1->ZN R     AOI21D2        1  3.0    87    77    2215    (-,-) 
  basic_isa_instance/g86043/ZN                                               -       I->ZN  F     INVD3          3  3.3    34    40    2255    (-,-) 
  basic_isa_instance/g137/ZN                                                 -       A1->ZN R     ND2D2          1  2.5    37    34    2290    (-,-) 
  basic_isa_instance/g135/ZN                                                 -       A1->ZN F     CKND2D3        3  3.3    38    38    2328    (-,-) 
  basic_isa_instance/g83120/ZN                                               -       A1->ZN R     ND2D2          1  1.6    31    32    2360    (-,-) 
  basic_isa_instance/g113/ZN                                                 -       A1->ZN F     CKND2D2        1  1.8    33    33    2393    (-,-) 
  basic_isa_instance/u_branch_add_95_52_Y_u_branch_add_94_43_cdnadd_79059/CO -       CI->CO F     FA1D2          3  4.9    77   126    2519    (-,-) 
  basic_isa_instance/g86072/ZN                                               -       A1->ZN R     AOI21D4        2  3.5    71    67    2586    (-,-) 
  basic_isa_instance/g86074/ZN                                               -       A1->ZN F     OAI21D2        2  2.9    60    59    2645    (-,-) 
  basic_isa_instance/g86077/ZN                                               -       A1->ZN R     CKND2D2        1  1.6    38    44    2689    (-,-) 
  basic_isa_instance/g83153/ZN                                               -       A1->ZN F     CKND2D2        3  3.6    48    44    2734    (-,-) 
  basic_isa_instance/g75492/ZN                                               -       B2->ZN R     IND3D2         1  1.6    43    41    2774    (-,-) 
  basic_isa_instance/g75491/ZN                                               -       A1->ZN F     CKND2D2        4  5.2    61    54    2828    (-,-) 
  basic_isa_instance/g75461/ZN                                               -       B2->ZN R     IND3D2         1  1.6    43    45    2873    (-,-) 
  basic_isa_instance/g75460/ZN                                               -       A1->ZN F     CKND2D2        5  6.1    69    58    2931    (-,-) 
  basic_isa_instance/g400/ZN                                                 -       A1->ZN R     ND2D2          1  3.4    44    50    2982    (-,-) 
  basic_isa_instance/g393/ZN                                                 -       A1->ZN F     CKND2D4        4  7.0    48    46    3028    (-,-) 
  basic_isa_instance/g642/ZN                                                 -       A1->ZN R     ND2D2          1  1.6    32    36    3064    (-,-) 
  basic_isa_instance/g641/ZN                                                 -       A1->ZN F     CKND2D2        4  4.2    52    45    3109    (-,-) 
  basic_isa_instance/g306/ZN                                                 -       A1->ZN R     ND2D2          2  3.4    44    45    3154    (-,-) 
  basic_isa_instance/g305/ZN                                                 -       I->ZN  F     CKND2          1  1.8    23    30    3183    (-,-) 
  basic_isa_instance/g299/ZN                                                 -       A1->ZN R     NR2D2          1  1.8    50    44    3227    (-,-) 
  basic_isa_instance/g297/ZN                                                 -       B->ZN  F     IAO21D2        1  1.7    40    29    3257    (-,-) 
  basic_isa_instance/g296/ZN                                                 -       B->ZN  R     IOA21D2        2  2.9    48    38    3295    (-,-) 
  basic_isa_instance/g35722/Z                                                -       A1->Z  R     AN2D2         16 14.4   119   144    3439    (-,-) 
  basic_isa_instance/u_if_u_btb_U_FILE_target_arr_reg[7][1][29]/D            -       -      R     DFCNQD2       16    -     -     0    3439    (-,-) 
#----------------------------------------------------------------------------------------------------------------------------------------------------



Path 42: VIOLATED (-1038 ps) Setup Check with Pin basic_isa_instance/u_if_u_btb_U_FILE_target_arr_reg[7][0][29]/CP->D
          Group: core_clk
     Startpoint: (R) basic_isa_instance/u_id_ex_inst_ex_o_reg[17]/CP
          Clock: (R) core_clk
       Endpoint: (R) basic_isa_instance/u_if_u_btb_U_FILE_target_arr_reg[7][0][29]/D
          Clock: (R) core_clk

                     Capture       Launch     
        Clock Edge:+    2500            0     
       Src Latency:+       0            0     
       Net Latency:+       0 (I)        0 (I) 
           Arrival:=    2500            0     
                                              
             Setup:-      99                  
     Required Time:=    2401                  
      Launch Clock:-       0                  
         Data Path:-    3439                  
             Slack:=   -1038                  

#----------------------------------------------------------------------------------------------------------------------------------------------------
#                               Timing Point                                 Flags    Arc   Edge   Cell     Fanout Load Trans Delay Arrival Instance 
#                                                                                                                  (fF)  (ps)  (ps)   (ps)  Location 
#----------------------------------------------------------------------------------------------------------------------------------------------------
  basic_isa_instance/u_id_ex_inst_ex_o_reg[17]/CP                            -       -      R     (arrival)    452    -     0     -       0    (-,-) 
  basic_isa_instance/u_id_ex_inst_ex_o_reg[17]/Q                             -       CP->Q  R     DFCNQD4        5  8.6    68   290     290    (-,-) 
  basic_isa_instance/g26680/ZN                                               -       B2->ZN F     OAI22D2        1  2.1    57    77     367    (-,-) 
  basic_isa_instance/g76132/ZN                                               -       A2->ZN R     NR2D2          1  2.6    64    69     435    (-,-) 
  basic_isa_instance/g76131/ZN                                               -       A2->ZN F     CKND2D3        1  6.8    60    62     497    (-,-) 
  basic_isa_instance/g76130/ZN                                               -       A1->ZN R     NR2D8          2  6.8    53    54     551    (-,-) 
  basic_isa_instance/g76217/ZN                                               -       I->ZN  F     CKND4          2  3.6    25    32     583    (-,-) 
  basic_isa_instance/g77911/ZN                                               -       I->ZN  R     CKND2          2  5.3    44    39     622    (-,-) 
  basic_isa_instance/g78595/ZN                                               -       A1->ZN F     NR2D4          9 15.5    53    45     667    (-,-) 
  basic_isa_instance/g84072/ZN                                               -       A1->ZN R     AOI22D2        1  1.9    79    70     737    (-,-) 
  basic_isa_instance/g26450/ZN                                               -       B->ZN  F     IOA21D2        2  1.8    44    48     785    (-,-) 
  basic_isa_instance/g26333/Z                                                -       I1->Z  F     MUX2D2        12 14.4   100   169     954    (-,-) 
  basic_isa_instance/g75482/Z                                                -       I1->Z  F     MUX2D2         3  5.5    66   161    1115    (-,-) 
  basic_isa_instance/g75481/ZN                                               -       A2->ZN R     ND2D2          1  2.2    39    49    1164    (-,-) 
  basic_isa_instance/g75480/ZN                                               -       A3->ZN F     ND3D2          1  1.8    61    67    1231    (-,-) 
  basic_isa_instance/u_branch_add_95_52_Y_u_branch_add_94_43_cdnadd_80081/CO -       CI->CO F     FA1D2          3  3.5    71   131    1362    (-,-) 
  basic_isa_instance/g75445/ZN                                               -       A1->ZN R     ND2D2          1  1.6    35    42    1404    (-,-) 
  basic_isa_instance/g75444/ZN                                               -       A1->ZN F     CKND2D2        2  3.1    44    41    1445    (-,-) 
  basic_isa_instance/g398/ZN                                                 -       A1->ZN R     CKND2D2        1  1.8    38    40    1485    (-,-) 
  basic_isa_instance/g395/ZN                                                 -       A1->ZN F     ND2D2          1  1.8    37    37    1522    (-,-) 
  basic_isa_instance/u_branch_add_95_52_Y_u_branch_add_94_43_cdnadd_8/CO     -       CI->CO F     FA1D2          1  1.8    63   114    1636    (-,-) 
  basic_isa_instance/u_branch_add_95_52_Y_u_branch_add_94_43_cdnadd_84991/CO -       CI->CO F     FA1D2          1  1.8    63   123    1759    (-,-) 
  basic_isa_instance/u_branch_add_95_52_Y_u_branch_add_94_43_cdnadd_10/CO    -       CI->CO F     FA1D2          1  1.8    63   123    1882    (-,-) 
  basic_isa_instance/u_branch_add_95_52_Y_u_branch_add_94_43_cdnadd_11/CO    -       CI->CO F     FA1D2          1  1.8    63   123    2006    (-,-) 
  basic_isa_instance/u_branch_add_95_52_Y_u_branch_add_94_43_cdnadd_12/CO    -       CI->CO F     FA1D2          3  3.6    72   132    2138    (-,-) 
  basic_isa_instance/g86044/ZN                                               -       A1->ZN R     AOI21D2        1  3.0    87    77    2215    (-,-) 
  basic_isa_instance/g86043/ZN                                               -       I->ZN  F     INVD3          3  3.3    34    40    2255    (-,-) 
  basic_isa_instance/g137/ZN                                                 -       A1->ZN R     ND2D2          1  2.5    37    34    2290    (-,-) 
  basic_isa_instance/g135/ZN                                                 -       A1->ZN F     CKND2D3        3  3.3    38    38    2328    (-,-) 
  basic_isa_instance/g83120/ZN                                               -       A1->ZN R     ND2D2          1  1.6    31    32    2360    (-,-) 
  basic_isa_instance/g113/ZN                                                 -       A1->ZN F     CKND2D2        1  1.8    33    33    2393    (-,-) 
  basic_isa_instance/u_branch_add_95_52_Y_u_branch_add_94_43_cdnadd_79059/CO -       CI->CO F     FA1D2          3  4.9    77   126    2519    (-,-) 
  basic_isa_instance/g86072/ZN                                               -       A1->ZN R     AOI21D4        2  3.5    71    67    2586    (-,-) 
  basic_isa_instance/g86074/ZN                                               -       A1->ZN F     OAI21D2        2  2.9    60    59    2645    (-,-) 
  basic_isa_instance/g86077/ZN                                               -       A1->ZN R     CKND2D2        1  1.6    38    44    2689    (-,-) 
  basic_isa_instance/g83153/ZN                                               -       A1->ZN F     CKND2D2        3  3.6    48    44    2734    (-,-) 
  basic_isa_instance/g75492/ZN                                               -       B2->ZN R     IND3D2         1  1.6    43    41    2774    (-,-) 
  basic_isa_instance/g75491/ZN                                               -       A1->ZN F     CKND2D2        4  5.2    61    54    2828    (-,-) 
  basic_isa_instance/g75461/ZN                                               -       B2->ZN R     IND3D2         1  1.6    43    45    2873    (-,-) 
  basic_isa_instance/g75460/ZN                                               -       A1->ZN F     CKND2D2        5  6.1    69    58    2931    (-,-) 
  basic_isa_instance/g400/ZN                                                 -       A1->ZN R     ND2D2          1  3.4    44    50    2982    (-,-) 
  basic_isa_instance/g393/ZN                                                 -       A1->ZN F     CKND2D4        4  7.0    48    46    3028    (-,-) 
  basic_isa_instance/g642/ZN                                                 -       A1->ZN R     ND2D2          1  1.6    32    36    3064    (-,-) 
  basic_isa_instance/g641/ZN                                                 -       A1->ZN F     CKND2D2        4  4.2    52    45    3109    (-,-) 
  basic_isa_instance/g306/ZN                                                 -       A1->ZN R     ND2D2          2  3.4    44    45    3154    (-,-) 
  basic_isa_instance/g305/ZN                                                 -       I->ZN  F     CKND2          1  1.8    23    30    3183    (-,-) 
  basic_isa_instance/g299/ZN                                                 -       A1->ZN R     NR2D2          1  1.8    50    44    3227    (-,-) 
  basic_isa_instance/g297/ZN                                                 -       B->ZN  F     IAO21D2        1  1.7    40    29    3257    (-,-) 
  basic_isa_instance/g296/ZN                                                 -       B->ZN  R     IOA21D2        2  2.9    48    38    3295    (-,-) 
  basic_isa_instance/g35722/Z                                                -       A1->Z  R     AN2D2         16 14.4   119   144    3439    (-,-) 
  basic_isa_instance/u_if_u_btb_U_FILE_target_arr_reg[7][0][29]/D            -       -      R     DFCNQD2       16    -     -     0    3439    (-,-) 
#----------------------------------------------------------------------------------------------------------------------------------------------------



Path 43: VIOLATED (-1038 ps) Setup Check with Pin basic_isa_instance/u_if_u_btb_U_FILE_target_arr_reg[6][1][29]/CP->D
          Group: core_clk
     Startpoint: (R) basic_isa_instance/u_id_ex_inst_ex_o_reg[17]/CP
          Clock: (R) core_clk
       Endpoint: (R) basic_isa_instance/u_if_u_btb_U_FILE_target_arr_reg[6][1][29]/D
          Clock: (R) core_clk

                     Capture       Launch     
        Clock Edge:+    2500            0     
       Src Latency:+       0            0     
       Net Latency:+       0 (I)        0 (I) 
           Arrival:=    2500            0     
                                              
             Setup:-      99                  
     Required Time:=    2401                  
      Launch Clock:-       0                  
         Data Path:-    3439                  
             Slack:=   -1038                  

#----------------------------------------------------------------------------------------------------------------------------------------------------
#                               Timing Point                                 Flags    Arc   Edge   Cell     Fanout Load Trans Delay Arrival Instance 
#                                                                                                                  (fF)  (ps)  (ps)   (ps)  Location 
#----------------------------------------------------------------------------------------------------------------------------------------------------
  basic_isa_instance/u_id_ex_inst_ex_o_reg[17]/CP                            -       -      R     (arrival)    452    -     0     -       0    (-,-) 
  basic_isa_instance/u_id_ex_inst_ex_o_reg[17]/Q                             -       CP->Q  R     DFCNQD4        5  8.6    68   290     290    (-,-) 
  basic_isa_instance/g26680/ZN                                               -       B2->ZN F     OAI22D2        1  2.1    57    77     367    (-,-) 
  basic_isa_instance/g76132/ZN                                               -       A2->ZN R     NR2D2          1  2.6    64    69     435    (-,-) 
  basic_isa_instance/g76131/ZN                                               -       A2->ZN F     CKND2D3        1  6.8    60    62     497    (-,-) 
  basic_isa_instance/g76130/ZN                                               -       A1->ZN R     NR2D8          2  6.8    53    54     551    (-,-) 
  basic_isa_instance/g76217/ZN                                               -       I->ZN  F     CKND4          2  3.6    25    32     583    (-,-) 
  basic_isa_instance/g77911/ZN                                               -       I->ZN  R     CKND2          2  5.3    44    39     622    (-,-) 
  basic_isa_instance/g78595/ZN                                               -       A1->ZN F     NR2D4          9 15.5    53    45     667    (-,-) 
  basic_isa_instance/g84072/ZN                                               -       A1->ZN R     AOI22D2        1  1.9    79    70     737    (-,-) 
  basic_isa_instance/g26450/ZN                                               -       B->ZN  F     IOA21D2        2  1.8    44    48     785    (-,-) 
  basic_isa_instance/g26333/Z                                                -       I1->Z  F     MUX2D2        12 14.4   100   169     954    (-,-) 
  basic_isa_instance/g75482/Z                                                -       I1->Z  F     MUX2D2         3  5.5    66   161    1115    (-,-) 
  basic_isa_instance/g75481/ZN                                               -       A2->ZN R     ND2D2          1  2.2    39    49    1164    (-,-) 
  basic_isa_instance/g75480/ZN                                               -       A3->ZN F     ND3D2          1  1.8    61    67    1231    (-,-) 
  basic_isa_instance/u_branch_add_95_52_Y_u_branch_add_94_43_cdnadd_80081/CO -       CI->CO F     FA1D2          3  3.5    71   131    1362    (-,-) 
  basic_isa_instance/g75445/ZN                                               -       A1->ZN R     ND2D2          1  1.6    35    42    1404    (-,-) 
  basic_isa_instance/g75444/ZN                                               -       A1->ZN F     CKND2D2        2  3.1    44    41    1445    (-,-) 
  basic_isa_instance/g398/ZN                                                 -       A1->ZN R     CKND2D2        1  1.8    38    40    1485    (-,-) 
  basic_isa_instance/g395/ZN                                                 -       A1->ZN F     ND2D2          1  1.8    37    37    1522    (-,-) 
  basic_isa_instance/u_branch_add_95_52_Y_u_branch_add_94_43_cdnadd_8/CO     -       CI->CO F     FA1D2          1  1.8    63   114    1636    (-,-) 
  basic_isa_instance/u_branch_add_95_52_Y_u_branch_add_94_43_cdnadd_84991/CO -       CI->CO F     FA1D2          1  1.8    63   123    1759    (-,-) 
  basic_isa_instance/u_branch_add_95_52_Y_u_branch_add_94_43_cdnadd_10/CO    -       CI->CO F     FA1D2          1  1.8    63   123    1882    (-,-) 
  basic_isa_instance/u_branch_add_95_52_Y_u_branch_add_94_43_cdnadd_11/CO    -       CI->CO F     FA1D2          1  1.8    63   123    2006    (-,-) 
  basic_isa_instance/u_branch_add_95_52_Y_u_branch_add_94_43_cdnadd_12/CO    -       CI->CO F     FA1D2          3  3.6    72   132    2138    (-,-) 
  basic_isa_instance/g86044/ZN                                               -       A1->ZN R     AOI21D2        1  3.0    87    77    2215    (-,-) 
  basic_isa_instance/g86043/ZN                                               -       I->ZN  F     INVD3          3  3.3    34    40    2255    (-,-) 
  basic_isa_instance/g137/ZN                                                 -       A1->ZN R     ND2D2          1  2.5    37    34    2290    (-,-) 
  basic_isa_instance/g135/ZN                                                 -       A1->ZN F     CKND2D3        3  3.3    38    38    2328    (-,-) 
  basic_isa_instance/g83120/ZN                                               -       A1->ZN R     ND2D2          1  1.6    31    32    2360    (-,-) 
  basic_isa_instance/g113/ZN                                                 -       A1->ZN F     CKND2D2        1  1.8    33    33    2393    (-,-) 
  basic_isa_instance/u_branch_add_95_52_Y_u_branch_add_94_43_cdnadd_79059/CO -       CI->CO F     FA1D2          3  4.9    77   126    2519    (-,-) 
  basic_isa_instance/g86072/ZN                                               -       A1->ZN R     AOI21D4        2  3.5    71    67    2586    (-,-) 
  basic_isa_instance/g86074/ZN                                               -       A1->ZN F     OAI21D2        2  2.9    60    59    2645    (-,-) 
  basic_isa_instance/g86077/ZN                                               -       A1->ZN R     CKND2D2        1  1.6    38    44    2689    (-,-) 
  basic_isa_instance/g83153/ZN                                               -       A1->ZN F     CKND2D2        3  3.6    48    44    2734    (-,-) 
  basic_isa_instance/g75492/ZN                                               -       B2->ZN R     IND3D2         1  1.6    43    41    2774    (-,-) 
  basic_isa_instance/g75491/ZN                                               -       A1->ZN F     CKND2D2        4  5.2    61    54    2828    (-,-) 
  basic_isa_instance/g75461/ZN                                               -       B2->ZN R     IND3D2         1  1.6    43    45    2873    (-,-) 
  basic_isa_instance/g75460/ZN                                               -       A1->ZN F     CKND2D2        5  6.1    69    58    2931    (-,-) 
  basic_isa_instance/g400/ZN                                                 -       A1->ZN R     ND2D2          1  3.4    44    50    2982    (-,-) 
  basic_isa_instance/g393/ZN                                                 -       A1->ZN F     CKND2D4        4  7.0    48    46    3028    (-,-) 
  basic_isa_instance/g642/ZN                                                 -       A1->ZN R     ND2D2          1  1.6    32    36    3064    (-,-) 
  basic_isa_instance/g641/ZN                                                 -       A1->ZN F     CKND2D2        4  4.2    52    45    3109    (-,-) 
  basic_isa_instance/g306/ZN                                                 -       A1->ZN R     ND2D2          2  3.4    44    45    3154    (-,-) 
  basic_isa_instance/g305/ZN                                                 -       I->ZN  F     CKND2          1  1.8    23    30    3183    (-,-) 
  basic_isa_instance/g299/ZN                                                 -       A1->ZN R     NR2D2          1  1.8    50    44    3227    (-,-) 
  basic_isa_instance/g297/ZN                                                 -       B->ZN  F     IAO21D2        1  1.7    40    29    3257    (-,-) 
  basic_isa_instance/g296/ZN                                                 -       B->ZN  R     IOA21D2        2  2.9    48    38    3295    (-,-) 
  basic_isa_instance/g35722/Z                                                -       A1->Z  R     AN2D2         16 14.4   119   144    3439    (-,-) 
  basic_isa_instance/u_if_u_btb_U_FILE_target_arr_reg[6][1][29]/D            -       -      R     DFCNQD2       16    -     -     0    3439    (-,-) 
#----------------------------------------------------------------------------------------------------------------------------------------------------



Path 44: VIOLATED (-1038 ps) Setup Check with Pin basic_isa_instance/u_if_u_btb_U_FILE_target_arr_reg[6][0][29]/CP->D
          Group: core_clk
     Startpoint: (R) basic_isa_instance/u_id_ex_inst_ex_o_reg[17]/CP
          Clock: (R) core_clk
       Endpoint: (R) basic_isa_instance/u_if_u_btb_U_FILE_target_arr_reg[6][0][29]/D
          Clock: (R) core_clk

                     Capture       Launch     
        Clock Edge:+    2500            0     
       Src Latency:+       0            0     
       Net Latency:+       0 (I)        0 (I) 
           Arrival:=    2500            0     
                                              
             Setup:-      99                  
     Required Time:=    2401                  
      Launch Clock:-       0                  
         Data Path:-    3439                  
             Slack:=   -1038                  

#----------------------------------------------------------------------------------------------------------------------------------------------------
#                               Timing Point                                 Flags    Arc   Edge   Cell     Fanout Load Trans Delay Arrival Instance 
#                                                                                                                  (fF)  (ps)  (ps)   (ps)  Location 
#----------------------------------------------------------------------------------------------------------------------------------------------------
  basic_isa_instance/u_id_ex_inst_ex_o_reg[17]/CP                            -       -      R     (arrival)    452    -     0     -       0    (-,-) 
  basic_isa_instance/u_id_ex_inst_ex_o_reg[17]/Q                             -       CP->Q  R     DFCNQD4        5  8.6    68   290     290    (-,-) 
  basic_isa_instance/g26680/ZN                                               -       B2->ZN F     OAI22D2        1  2.1    57    77     367    (-,-) 
  basic_isa_instance/g76132/ZN                                               -       A2->ZN R     NR2D2          1  2.6    64    69     435    (-,-) 
  basic_isa_instance/g76131/ZN                                               -       A2->ZN F     CKND2D3        1  6.8    60    62     497    (-,-) 
  basic_isa_instance/g76130/ZN                                               -       A1->ZN R     NR2D8          2  6.8    53    54     551    (-,-) 
  basic_isa_instance/g76217/ZN                                               -       I->ZN  F     CKND4          2  3.6    25    32     583    (-,-) 
  basic_isa_instance/g77911/ZN                                               -       I->ZN  R     CKND2          2  5.3    44    39     622    (-,-) 
  basic_isa_instance/g78595/ZN                                               -       A1->ZN F     NR2D4          9 15.5    53    45     667    (-,-) 
  basic_isa_instance/g84072/ZN                                               -       A1->ZN R     AOI22D2        1  1.9    79    70     737    (-,-) 
  basic_isa_instance/g26450/ZN                                               -       B->ZN  F     IOA21D2        2  1.8    44    48     785    (-,-) 
  basic_isa_instance/g26333/Z                                                -       I1->Z  F     MUX2D2        12 14.4   100   169     954    (-,-) 
  basic_isa_instance/g75482/Z                                                -       I1->Z  F     MUX2D2         3  5.5    66   161    1115    (-,-) 
  basic_isa_instance/g75481/ZN                                               -       A2->ZN R     ND2D2          1  2.2    39    49    1164    (-,-) 
  basic_isa_instance/g75480/ZN                                               -       A3->ZN F     ND3D2          1  1.8    61    67    1231    (-,-) 
  basic_isa_instance/u_branch_add_95_52_Y_u_branch_add_94_43_cdnadd_80081/CO -       CI->CO F     FA1D2          3  3.5    71   131    1362    (-,-) 
  basic_isa_instance/g75445/ZN                                               -       A1->ZN R     ND2D2          1  1.6    35    42    1404    (-,-) 
  basic_isa_instance/g75444/ZN                                               -       A1->ZN F     CKND2D2        2  3.1    44    41    1445    (-,-) 
  basic_isa_instance/g398/ZN                                                 -       A1->ZN R     CKND2D2        1  1.8    38    40    1485    (-,-) 
  basic_isa_instance/g395/ZN                                                 -       A1->ZN F     ND2D2          1  1.8    37    37    1522    (-,-) 
  basic_isa_instance/u_branch_add_95_52_Y_u_branch_add_94_43_cdnadd_8/CO     -       CI->CO F     FA1D2          1  1.8    63   114    1636    (-,-) 
  basic_isa_instance/u_branch_add_95_52_Y_u_branch_add_94_43_cdnadd_84991/CO -       CI->CO F     FA1D2          1  1.8    63   123    1759    (-,-) 
  basic_isa_instance/u_branch_add_95_52_Y_u_branch_add_94_43_cdnadd_10/CO    -       CI->CO F     FA1D2          1  1.8    63   123    1882    (-,-) 
  basic_isa_instance/u_branch_add_95_52_Y_u_branch_add_94_43_cdnadd_11/CO    -       CI->CO F     FA1D2          1  1.8    63   123    2006    (-,-) 
  basic_isa_instance/u_branch_add_95_52_Y_u_branch_add_94_43_cdnadd_12/CO    -       CI->CO F     FA1D2          3  3.6    72   132    2138    (-,-) 
  basic_isa_instance/g86044/ZN                                               -       A1->ZN R     AOI21D2        1  3.0    87    77    2215    (-,-) 
  basic_isa_instance/g86043/ZN                                               -       I->ZN  F     INVD3          3  3.3    34    40    2255    (-,-) 
  basic_isa_instance/g137/ZN                                                 -       A1->ZN R     ND2D2          1  2.5    37    34    2290    (-,-) 
  basic_isa_instance/g135/ZN                                                 -       A1->ZN F     CKND2D3        3  3.3    38    38    2328    (-,-) 
  basic_isa_instance/g83120/ZN                                               -       A1->ZN R     ND2D2          1  1.6    31    32    2360    (-,-) 
  basic_isa_instance/g113/ZN                                                 -       A1->ZN F     CKND2D2        1  1.8    33    33    2393    (-,-) 
  basic_isa_instance/u_branch_add_95_52_Y_u_branch_add_94_43_cdnadd_79059/CO -       CI->CO F     FA1D2          3  4.9    77   126    2519    (-,-) 
  basic_isa_instance/g86072/ZN                                               -       A1->ZN R     AOI21D4        2  3.5    71    67    2586    (-,-) 
  basic_isa_instance/g86074/ZN                                               -       A1->ZN F     OAI21D2        2  2.9    60    59    2645    (-,-) 
  basic_isa_instance/g86077/ZN                                               -       A1->ZN R     CKND2D2        1  1.6    38    44    2689    (-,-) 
  basic_isa_instance/g83153/ZN                                               -       A1->ZN F     CKND2D2        3  3.6    48    44    2734    (-,-) 
  basic_isa_instance/g75492/ZN                                               -       B2->ZN R     IND3D2         1  1.6    43    41    2774    (-,-) 
  basic_isa_instance/g75491/ZN                                               -       A1->ZN F     CKND2D2        4  5.2    61    54    2828    (-,-) 
  basic_isa_instance/g75461/ZN                                               -       B2->ZN R     IND3D2         1  1.6    43    45    2873    (-,-) 
  basic_isa_instance/g75460/ZN                                               -       A1->ZN F     CKND2D2        5  6.1    69    58    2931    (-,-) 
  basic_isa_instance/g400/ZN                                                 -       A1->ZN R     ND2D2          1  3.4    44    50    2982    (-,-) 
  basic_isa_instance/g393/ZN                                                 -       A1->ZN F     CKND2D4        4  7.0    48    46    3028    (-,-) 
  basic_isa_instance/g642/ZN                                                 -       A1->ZN R     ND2D2          1  1.6    32    36    3064    (-,-) 
  basic_isa_instance/g641/ZN                                                 -       A1->ZN F     CKND2D2        4  4.2    52    45    3109    (-,-) 
  basic_isa_instance/g306/ZN                                                 -       A1->ZN R     ND2D2          2  3.4    44    45    3154    (-,-) 
  basic_isa_instance/g305/ZN                                                 -       I->ZN  F     CKND2          1  1.8    23    30    3183    (-,-) 
  basic_isa_instance/g299/ZN                                                 -       A1->ZN R     NR2D2          1  1.8    50    44    3227    (-,-) 
  basic_isa_instance/g297/ZN                                                 -       B->ZN  F     IAO21D2        1  1.7    40    29    3257    (-,-) 
  basic_isa_instance/g296/ZN                                                 -       B->ZN  R     IOA21D2        2  2.9    48    38    3295    (-,-) 
  basic_isa_instance/g35722/Z                                                -       A1->Z  R     AN2D2         16 14.4   119   144    3439    (-,-) 
  basic_isa_instance/u_if_u_btb_U_FILE_target_arr_reg[6][0][29]/D            -       -      R     DFCNQD2       16    -     -     0    3439    (-,-) 
#----------------------------------------------------------------------------------------------------------------------------------------------------



Path 45: VIOLATED (-1038 ps) Setup Check with Pin basic_isa_instance/u_if_u_btb_U_FILE_target_arr_reg[5][1][29]/CP->D
          Group: core_clk
     Startpoint: (R) basic_isa_instance/u_id_ex_inst_ex_o_reg[17]/CP
          Clock: (R) core_clk
       Endpoint: (R) basic_isa_instance/u_if_u_btb_U_FILE_target_arr_reg[5][1][29]/D
          Clock: (R) core_clk

                     Capture       Launch     
        Clock Edge:+    2500            0     
       Src Latency:+       0            0     
       Net Latency:+       0 (I)        0 (I) 
           Arrival:=    2500            0     
                                              
             Setup:-      99                  
     Required Time:=    2401                  
      Launch Clock:-       0                  
         Data Path:-    3439                  
             Slack:=   -1038                  

#----------------------------------------------------------------------------------------------------------------------------------------------------
#                               Timing Point                                 Flags    Arc   Edge   Cell     Fanout Load Trans Delay Arrival Instance 
#                                                                                                                  (fF)  (ps)  (ps)   (ps)  Location 
#----------------------------------------------------------------------------------------------------------------------------------------------------
  basic_isa_instance/u_id_ex_inst_ex_o_reg[17]/CP                            -       -      R     (arrival)    452    -     0     -       0    (-,-) 
  basic_isa_instance/u_id_ex_inst_ex_o_reg[17]/Q                             -       CP->Q  R     DFCNQD4        5  8.6    68   290     290    (-,-) 
  basic_isa_instance/g26680/ZN                                               -       B2->ZN F     OAI22D2        1  2.1    57    77     367    (-,-) 
  basic_isa_instance/g76132/ZN                                               -       A2->ZN R     NR2D2          1  2.6    64    69     435    (-,-) 
  basic_isa_instance/g76131/ZN                                               -       A2->ZN F     CKND2D3        1  6.8    60    62     497    (-,-) 
  basic_isa_instance/g76130/ZN                                               -       A1->ZN R     NR2D8          2  6.8    53    54     551    (-,-) 
  basic_isa_instance/g76217/ZN                                               -       I->ZN  F     CKND4          2  3.6    25    32     583    (-,-) 
  basic_isa_instance/g77911/ZN                                               -       I->ZN  R     CKND2          2  5.3    44    39     622    (-,-) 
  basic_isa_instance/g78595/ZN                                               -       A1->ZN F     NR2D4          9 15.5    53    45     667    (-,-) 
  basic_isa_instance/g84072/ZN                                               -       A1->ZN R     AOI22D2        1  1.9    79    70     737    (-,-) 
  basic_isa_instance/g26450/ZN                                               -       B->ZN  F     IOA21D2        2  1.8    44    48     785    (-,-) 
  basic_isa_instance/g26333/Z                                                -       I1->Z  F     MUX2D2        12 14.4   100   169     954    (-,-) 
  basic_isa_instance/g75482/Z                                                -       I1->Z  F     MUX2D2         3  5.5    66   161    1115    (-,-) 
  basic_isa_instance/g75481/ZN                                               -       A2->ZN R     ND2D2          1  2.2    39    49    1164    (-,-) 
  basic_isa_instance/g75480/ZN                                               -       A3->ZN F     ND3D2          1  1.8    61    67    1231    (-,-) 
  basic_isa_instance/u_branch_add_95_52_Y_u_branch_add_94_43_cdnadd_80081/CO -       CI->CO F     FA1D2          3  3.5    71   131    1362    (-,-) 
  basic_isa_instance/g75445/ZN                                               -       A1->ZN R     ND2D2          1  1.6    35    42    1404    (-,-) 
  basic_isa_instance/g75444/ZN                                               -       A1->ZN F     CKND2D2        2  3.1    44    41    1445    (-,-) 
  basic_isa_instance/g398/ZN                                                 -       A1->ZN R     CKND2D2        1  1.8    38    40    1485    (-,-) 
  basic_isa_instance/g395/ZN                                                 -       A1->ZN F     ND2D2          1  1.8    37    37    1522    (-,-) 
  basic_isa_instance/u_branch_add_95_52_Y_u_branch_add_94_43_cdnadd_8/CO     -       CI->CO F     FA1D2          1  1.8    63   114    1636    (-,-) 
  basic_isa_instance/u_branch_add_95_52_Y_u_branch_add_94_43_cdnadd_84991/CO -       CI->CO F     FA1D2          1  1.8    63   123    1759    (-,-) 
  basic_isa_instance/u_branch_add_95_52_Y_u_branch_add_94_43_cdnadd_10/CO    -       CI->CO F     FA1D2          1  1.8    63   123    1882    (-,-) 
  basic_isa_instance/u_branch_add_95_52_Y_u_branch_add_94_43_cdnadd_11/CO    -       CI->CO F     FA1D2          1  1.8    63   123    2006    (-,-) 
  basic_isa_instance/u_branch_add_95_52_Y_u_branch_add_94_43_cdnadd_12/CO    -       CI->CO F     FA1D2          3  3.6    72   132    2138    (-,-) 
  basic_isa_instance/g86044/ZN                                               -       A1->ZN R     AOI21D2        1  3.0    87    77    2215    (-,-) 
  basic_isa_instance/g86043/ZN                                               -       I->ZN  F     INVD3          3  3.3    34    40    2255    (-,-) 
  basic_isa_instance/g137/ZN                                                 -       A1->ZN R     ND2D2          1  2.5    37    34    2290    (-,-) 
  basic_isa_instance/g135/ZN                                                 -       A1->ZN F     CKND2D3        3  3.3    38    38    2328    (-,-) 
  basic_isa_instance/g83120/ZN                                               -       A1->ZN R     ND2D2          1  1.6    31    32    2360    (-,-) 
  basic_isa_instance/g113/ZN                                                 -       A1->ZN F     CKND2D2        1  1.8    33    33    2393    (-,-) 
  basic_isa_instance/u_branch_add_95_52_Y_u_branch_add_94_43_cdnadd_79059/CO -       CI->CO F     FA1D2          3  4.9    77   126    2519    (-,-) 
  basic_isa_instance/g86072/ZN                                               -       A1->ZN R     AOI21D4        2  3.5    71    67    2586    (-,-) 
  basic_isa_instance/g86074/ZN                                               -       A1->ZN F     OAI21D2        2  2.9    60    59    2645    (-,-) 
  basic_isa_instance/g86077/ZN                                               -       A1->ZN R     CKND2D2        1  1.6    38    44    2689    (-,-) 
  basic_isa_instance/g83153/ZN                                               -       A1->ZN F     CKND2D2        3  3.6    48    44    2734    (-,-) 
  basic_isa_instance/g75492/ZN                                               -       B2->ZN R     IND3D2         1  1.6    43    41    2774    (-,-) 
  basic_isa_instance/g75491/ZN                                               -       A1->ZN F     CKND2D2        4  5.2    61    54    2828    (-,-) 
  basic_isa_instance/g75461/ZN                                               -       B2->ZN R     IND3D2         1  1.6    43    45    2873    (-,-) 
  basic_isa_instance/g75460/ZN                                               -       A1->ZN F     CKND2D2        5  6.1    69    58    2931    (-,-) 
  basic_isa_instance/g400/ZN                                                 -       A1->ZN R     ND2D2          1  3.4    44    50    2982    (-,-) 
  basic_isa_instance/g393/ZN                                                 -       A1->ZN F     CKND2D4        4  7.0    48    46    3028    (-,-) 
  basic_isa_instance/g642/ZN                                                 -       A1->ZN R     ND2D2          1  1.6    32    36    3064    (-,-) 
  basic_isa_instance/g641/ZN                                                 -       A1->ZN F     CKND2D2        4  4.2    52    45    3109    (-,-) 
  basic_isa_instance/g306/ZN                                                 -       A1->ZN R     ND2D2          2  3.4    44    45    3154    (-,-) 
  basic_isa_instance/g305/ZN                                                 -       I->ZN  F     CKND2          1  1.8    23    30    3183    (-,-) 
  basic_isa_instance/g299/ZN                                                 -       A1->ZN R     NR2D2          1  1.8    50    44    3227    (-,-) 
  basic_isa_instance/g297/ZN                                                 -       B->ZN  F     IAO21D2        1  1.7    40    29    3257    (-,-) 
  basic_isa_instance/g296/ZN                                                 -       B->ZN  R     IOA21D2        2  2.9    48    38    3295    (-,-) 
  basic_isa_instance/g35722/Z                                                -       A1->Z  R     AN2D2         16 14.4   119   144    3439    (-,-) 
  basic_isa_instance/u_if_u_btb_U_FILE_target_arr_reg[5][1][29]/D            -       -      R     DFCNQD2       16    -     -     0    3439    (-,-) 
#----------------------------------------------------------------------------------------------------------------------------------------------------



Path 46: VIOLATED (-1038 ps) Setup Check with Pin basic_isa_instance/u_if_u_btb_U_FILE_target_arr_reg[5][0][29]/CP->D
          Group: core_clk
     Startpoint: (R) basic_isa_instance/u_id_ex_inst_ex_o_reg[17]/CP
          Clock: (R) core_clk
       Endpoint: (R) basic_isa_instance/u_if_u_btb_U_FILE_target_arr_reg[5][0][29]/D
          Clock: (R) core_clk

                     Capture       Launch     
        Clock Edge:+    2500            0     
       Src Latency:+       0            0     
       Net Latency:+       0 (I)        0 (I) 
           Arrival:=    2500            0     
                                              
             Setup:-      99                  
     Required Time:=    2401                  
      Launch Clock:-       0                  
         Data Path:-    3439                  
             Slack:=   -1038                  

#----------------------------------------------------------------------------------------------------------------------------------------------------
#                               Timing Point                                 Flags    Arc   Edge   Cell     Fanout Load Trans Delay Arrival Instance 
#                                                                                                                  (fF)  (ps)  (ps)   (ps)  Location 
#----------------------------------------------------------------------------------------------------------------------------------------------------
  basic_isa_instance/u_id_ex_inst_ex_o_reg[17]/CP                            -       -      R     (arrival)    452    -     0     -       0    (-,-) 
  basic_isa_instance/u_id_ex_inst_ex_o_reg[17]/Q                             -       CP->Q  R     DFCNQD4        5  8.6    68   290     290    (-,-) 
  basic_isa_instance/g26680/ZN                                               -       B2->ZN F     OAI22D2        1  2.1    57    77     367    (-,-) 
  basic_isa_instance/g76132/ZN                                               -       A2->ZN R     NR2D2          1  2.6    64    69     435    (-,-) 
  basic_isa_instance/g76131/ZN                                               -       A2->ZN F     CKND2D3        1  6.8    60    62     497    (-,-) 
  basic_isa_instance/g76130/ZN                                               -       A1->ZN R     NR2D8          2  6.8    53    54     551    (-,-) 
  basic_isa_instance/g76217/ZN                                               -       I->ZN  F     CKND4          2  3.6    25    32     583    (-,-) 
  basic_isa_instance/g77911/ZN                                               -       I->ZN  R     CKND2          2  5.3    44    39     622    (-,-) 
  basic_isa_instance/g78595/ZN                                               -       A1->ZN F     NR2D4          9 15.5    53    45     667    (-,-) 
  basic_isa_instance/g84072/ZN                                               -       A1->ZN R     AOI22D2        1  1.9    79    70     737    (-,-) 
  basic_isa_instance/g26450/ZN                                               -       B->ZN  F     IOA21D2        2  1.8    44    48     785    (-,-) 
  basic_isa_instance/g26333/Z                                                -       I1->Z  F     MUX2D2        12 14.4   100   169     954    (-,-) 
  basic_isa_instance/g75482/Z                                                -       I1->Z  F     MUX2D2         3  5.5    66   161    1115    (-,-) 
  basic_isa_instance/g75481/ZN                                               -       A2->ZN R     ND2D2          1  2.2    39    49    1164    (-,-) 
  basic_isa_instance/g75480/ZN                                               -       A3->ZN F     ND3D2          1  1.8    61    67    1231    (-,-) 
  basic_isa_instance/u_branch_add_95_52_Y_u_branch_add_94_43_cdnadd_80081/CO -       CI->CO F     FA1D2          3  3.5    71   131    1362    (-,-) 
  basic_isa_instance/g75445/ZN                                               -       A1->ZN R     ND2D2          1  1.6    35    42    1404    (-,-) 
  basic_isa_instance/g75444/ZN                                               -       A1->ZN F     CKND2D2        2  3.1    44    41    1445    (-,-) 
  basic_isa_instance/g398/ZN                                                 -       A1->ZN R     CKND2D2        1  1.8    38    40    1485    (-,-) 
  basic_isa_instance/g395/ZN                                                 -       A1->ZN F     ND2D2          1  1.8    37    37    1522    (-,-) 
  basic_isa_instance/u_branch_add_95_52_Y_u_branch_add_94_43_cdnadd_8/CO     -       CI->CO F     FA1D2          1  1.8    63   114    1636    (-,-) 
  basic_isa_instance/u_branch_add_95_52_Y_u_branch_add_94_43_cdnadd_84991/CO -       CI->CO F     FA1D2          1  1.8    63   123    1759    (-,-) 
  basic_isa_instance/u_branch_add_95_52_Y_u_branch_add_94_43_cdnadd_10/CO    -       CI->CO F     FA1D2          1  1.8    63   123    1882    (-,-) 
  basic_isa_instance/u_branch_add_95_52_Y_u_branch_add_94_43_cdnadd_11/CO    -       CI->CO F     FA1D2          1  1.8    63   123    2006    (-,-) 
  basic_isa_instance/u_branch_add_95_52_Y_u_branch_add_94_43_cdnadd_12/CO    -       CI->CO F     FA1D2          3  3.6    72   132    2138    (-,-) 
  basic_isa_instance/g86044/ZN                                               -       A1->ZN R     AOI21D2        1  3.0    87    77    2215    (-,-) 
  basic_isa_instance/g86043/ZN                                               -       I->ZN  F     INVD3          3  3.3    34    40    2255    (-,-) 
  basic_isa_instance/g137/ZN                                                 -       A1->ZN R     ND2D2          1  2.5    37    34    2290    (-,-) 
  basic_isa_instance/g135/ZN                                                 -       A1->ZN F     CKND2D3        3  3.3    38    38    2328    (-,-) 
  basic_isa_instance/g83120/ZN                                               -       A1->ZN R     ND2D2          1  1.6    31    32    2360    (-,-) 
  basic_isa_instance/g113/ZN                                                 -       A1->ZN F     CKND2D2        1  1.8    33    33    2393    (-,-) 
  basic_isa_instance/u_branch_add_95_52_Y_u_branch_add_94_43_cdnadd_79059/CO -       CI->CO F     FA1D2          3  4.9    77   126    2519    (-,-) 
  basic_isa_instance/g86072/ZN                                               -       A1->ZN R     AOI21D4        2  3.5    71    67    2586    (-,-) 
  basic_isa_instance/g86074/ZN                                               -       A1->ZN F     OAI21D2        2  2.9    60    59    2645    (-,-) 
  basic_isa_instance/g86077/ZN                                               -       A1->ZN R     CKND2D2        1  1.6    38    44    2689    (-,-) 
  basic_isa_instance/g83153/ZN                                               -       A1->ZN F     CKND2D2        3  3.6    48    44    2734    (-,-) 
  basic_isa_instance/g75492/ZN                                               -       B2->ZN R     IND3D2         1  1.6    43    41    2774    (-,-) 
  basic_isa_instance/g75491/ZN                                               -       A1->ZN F     CKND2D2        4  5.2    61    54    2828    (-,-) 
  basic_isa_instance/g75461/ZN                                               -       B2->ZN R     IND3D2         1  1.6    43    45    2873    (-,-) 
  basic_isa_instance/g75460/ZN                                               -       A1->ZN F     CKND2D2        5  6.1    69    58    2931    (-,-) 
  basic_isa_instance/g400/ZN                                                 -       A1->ZN R     ND2D2          1  3.4    44    50    2982    (-,-) 
  basic_isa_instance/g393/ZN                                                 -       A1->ZN F     CKND2D4        4  7.0    48    46    3028    (-,-) 
  basic_isa_instance/g642/ZN                                                 -       A1->ZN R     ND2D2          1  1.6    32    36    3064    (-,-) 
  basic_isa_instance/g641/ZN                                                 -       A1->ZN F     CKND2D2        4  4.2    52    45    3109    (-,-) 
  basic_isa_instance/g306/ZN                                                 -       A1->ZN R     ND2D2          2  3.4    44    45    3154    (-,-) 
  basic_isa_instance/g305/ZN                                                 -       I->ZN  F     CKND2          1  1.8    23    30    3183    (-,-) 
  basic_isa_instance/g299/ZN                                                 -       A1->ZN R     NR2D2          1  1.8    50    44    3227    (-,-) 
  basic_isa_instance/g297/ZN                                                 -       B->ZN  F     IAO21D2        1  1.7    40    29    3257    (-,-) 
  basic_isa_instance/g296/ZN                                                 -       B->ZN  R     IOA21D2        2  2.9    48    38    3295    (-,-) 
  basic_isa_instance/g35722/Z                                                -       A1->Z  R     AN2D2         16 14.4   119   144    3439    (-,-) 
  basic_isa_instance/u_if_u_btb_U_FILE_target_arr_reg[5][0][29]/D            -       -      R     DFCNQD2       16    -     -     0    3439    (-,-) 
#----------------------------------------------------------------------------------------------------------------------------------------------------



Path 47: VIOLATED (-1038 ps) Setup Check with Pin basic_isa_instance/u_if_u_btb_U_FILE_target_arr_reg[4][1][29]/CP->D
          Group: core_clk
     Startpoint: (R) basic_isa_instance/u_id_ex_inst_ex_o_reg[17]/CP
          Clock: (R) core_clk
       Endpoint: (R) basic_isa_instance/u_if_u_btb_U_FILE_target_arr_reg[4][1][29]/D
          Clock: (R) core_clk

                     Capture       Launch     
        Clock Edge:+    2500            0     
       Src Latency:+       0            0     
       Net Latency:+       0 (I)        0 (I) 
           Arrival:=    2500            0     
                                              
             Setup:-      99                  
     Required Time:=    2401                  
      Launch Clock:-       0                  
         Data Path:-    3439                  
             Slack:=   -1038                  

#----------------------------------------------------------------------------------------------------------------------------------------------------
#                               Timing Point                                 Flags    Arc   Edge   Cell     Fanout Load Trans Delay Arrival Instance 
#                                                                                                                  (fF)  (ps)  (ps)   (ps)  Location 
#----------------------------------------------------------------------------------------------------------------------------------------------------
  basic_isa_instance/u_id_ex_inst_ex_o_reg[17]/CP                            -       -      R     (arrival)    452    -     0     -       0    (-,-) 
  basic_isa_instance/u_id_ex_inst_ex_o_reg[17]/Q                             -       CP->Q  R     DFCNQD4        5  8.6    68   290     290    (-,-) 
  basic_isa_instance/g26680/ZN                                               -       B2->ZN F     OAI22D2        1  2.1    57    77     367    (-,-) 
  basic_isa_instance/g76132/ZN                                               -       A2->ZN R     NR2D2          1  2.6    64    69     435    (-,-) 
  basic_isa_instance/g76131/ZN                                               -       A2->ZN F     CKND2D3        1  6.8    60    62     497    (-,-) 
  basic_isa_instance/g76130/ZN                                               -       A1->ZN R     NR2D8          2  6.8    53    54     551    (-,-) 
  basic_isa_instance/g76217/ZN                                               -       I->ZN  F     CKND4          2  3.6    25    32     583    (-,-) 
  basic_isa_instance/g77911/ZN                                               -       I->ZN  R     CKND2          2  5.3    44    39     622    (-,-) 
  basic_isa_instance/g78595/ZN                                               -       A1->ZN F     NR2D4          9 15.5    53    45     667    (-,-) 
  basic_isa_instance/g84072/ZN                                               -       A1->ZN R     AOI22D2        1  1.9    79    70     737    (-,-) 
  basic_isa_instance/g26450/ZN                                               -       B->ZN  F     IOA21D2        2  1.8    44    48     785    (-,-) 
  basic_isa_instance/g26333/Z                                                -       I1->Z  F     MUX2D2        12 14.4   100   169     954    (-,-) 
  basic_isa_instance/g75482/Z                                                -       I1->Z  F     MUX2D2         3  5.5    66   161    1115    (-,-) 
  basic_isa_instance/g75481/ZN                                               -       A2->ZN R     ND2D2          1  2.2    39    49    1164    (-,-) 
  basic_isa_instance/g75480/ZN                                               -       A3->ZN F     ND3D2          1  1.8    61    67    1231    (-,-) 
  basic_isa_instance/u_branch_add_95_52_Y_u_branch_add_94_43_cdnadd_80081/CO -       CI->CO F     FA1D2          3  3.5    71   131    1362    (-,-) 
  basic_isa_instance/g75445/ZN                                               -       A1->ZN R     ND2D2          1  1.6    35    42    1404    (-,-) 
  basic_isa_instance/g75444/ZN                                               -       A1->ZN F     CKND2D2        2  3.1    44    41    1445    (-,-) 
  basic_isa_instance/g398/ZN                                                 -       A1->ZN R     CKND2D2        1  1.8    38    40    1485    (-,-) 
  basic_isa_instance/g395/ZN                                                 -       A1->ZN F     ND2D2          1  1.8    37    37    1522    (-,-) 
  basic_isa_instance/u_branch_add_95_52_Y_u_branch_add_94_43_cdnadd_8/CO     -       CI->CO F     FA1D2          1  1.8    63   114    1636    (-,-) 
  basic_isa_instance/u_branch_add_95_52_Y_u_branch_add_94_43_cdnadd_84991/CO -       CI->CO F     FA1D2          1  1.8    63   123    1759    (-,-) 
  basic_isa_instance/u_branch_add_95_52_Y_u_branch_add_94_43_cdnadd_10/CO    -       CI->CO F     FA1D2          1  1.8    63   123    1882    (-,-) 
  basic_isa_instance/u_branch_add_95_52_Y_u_branch_add_94_43_cdnadd_11/CO    -       CI->CO F     FA1D2          1  1.8    63   123    2006    (-,-) 
  basic_isa_instance/u_branch_add_95_52_Y_u_branch_add_94_43_cdnadd_12/CO    -       CI->CO F     FA1D2          3  3.6    72   132    2138    (-,-) 
  basic_isa_instance/g86044/ZN                                               -       A1->ZN R     AOI21D2        1  3.0    87    77    2215    (-,-) 
  basic_isa_instance/g86043/ZN                                               -       I->ZN  F     INVD3          3  3.3    34    40    2255    (-,-) 
  basic_isa_instance/g137/ZN                                                 -       A1->ZN R     ND2D2          1  2.5    37    34    2290    (-,-) 
  basic_isa_instance/g135/ZN                                                 -       A1->ZN F     CKND2D3        3  3.3    38    38    2328    (-,-) 
  basic_isa_instance/g83120/ZN                                               -       A1->ZN R     ND2D2          1  1.6    31    32    2360    (-,-) 
  basic_isa_instance/g113/ZN                                                 -       A1->ZN F     CKND2D2        1  1.8    33    33    2393    (-,-) 
  basic_isa_instance/u_branch_add_95_52_Y_u_branch_add_94_43_cdnadd_79059/CO -       CI->CO F     FA1D2          3  4.9    77   126    2519    (-,-) 
  basic_isa_instance/g86072/ZN                                               -       A1->ZN R     AOI21D4        2  3.5    71    67    2586    (-,-) 
  basic_isa_instance/g86074/ZN                                               -       A1->ZN F     OAI21D2        2  2.9    60    59    2645    (-,-) 
  basic_isa_instance/g86077/ZN                                               -       A1->ZN R     CKND2D2        1  1.6    38    44    2689    (-,-) 
  basic_isa_instance/g83153/ZN                                               -       A1->ZN F     CKND2D2        3  3.6    48    44    2734    (-,-) 
  basic_isa_instance/g75492/ZN                                               -       B2->ZN R     IND3D2         1  1.6    43    41    2774    (-,-) 
  basic_isa_instance/g75491/ZN                                               -       A1->ZN F     CKND2D2        4  5.2    61    54    2828    (-,-) 
  basic_isa_instance/g75461/ZN                                               -       B2->ZN R     IND3D2         1  1.6    43    45    2873    (-,-) 
  basic_isa_instance/g75460/ZN                                               -       A1->ZN F     CKND2D2        5  6.1    69    58    2931    (-,-) 
  basic_isa_instance/g400/ZN                                                 -       A1->ZN R     ND2D2          1  3.4    44    50    2982    (-,-) 
  basic_isa_instance/g393/ZN                                                 -       A1->ZN F     CKND2D4        4  7.0    48    46    3028    (-,-) 
  basic_isa_instance/g642/ZN                                                 -       A1->ZN R     ND2D2          1  1.6    32    36    3064    (-,-) 
  basic_isa_instance/g641/ZN                                                 -       A1->ZN F     CKND2D2        4  4.2    52    45    3109    (-,-) 
  basic_isa_instance/g306/ZN                                                 -       A1->ZN R     ND2D2          2  3.4    44    45    3154    (-,-) 
  basic_isa_instance/g305/ZN                                                 -       I->ZN  F     CKND2          1  1.8    23    30    3183    (-,-) 
  basic_isa_instance/g299/ZN                                                 -       A1->ZN R     NR2D2          1  1.8    50    44    3227    (-,-) 
  basic_isa_instance/g297/ZN                                                 -       B->ZN  F     IAO21D2        1  1.7    40    29    3257    (-,-) 
  basic_isa_instance/g296/ZN                                                 -       B->ZN  R     IOA21D2        2  2.9    48    38    3295    (-,-) 
  basic_isa_instance/g35722/Z                                                -       A1->Z  R     AN2D2         16 14.4   119   144    3439    (-,-) 
  basic_isa_instance/u_if_u_btb_U_FILE_target_arr_reg[4][1][29]/D            -       -      R     DFCNQD2       16    -     -     0    3439    (-,-) 
#----------------------------------------------------------------------------------------------------------------------------------------------------



Path 48: VIOLATED (-1038 ps) Setup Check with Pin basic_isa_instance/u_if_u_btb_U_FILE_target_arr_reg[4][0][29]/CP->D
          Group: core_clk
     Startpoint: (R) basic_isa_instance/u_id_ex_inst_ex_o_reg[17]/CP
          Clock: (R) core_clk
       Endpoint: (R) basic_isa_instance/u_if_u_btb_U_FILE_target_arr_reg[4][0][29]/D
          Clock: (R) core_clk

                     Capture       Launch     
        Clock Edge:+    2500            0     
       Src Latency:+       0            0     
       Net Latency:+       0 (I)        0 (I) 
           Arrival:=    2500            0     
                                              
             Setup:-      99                  
     Required Time:=    2401                  
      Launch Clock:-       0                  
         Data Path:-    3439                  
             Slack:=   -1038                  

#----------------------------------------------------------------------------------------------------------------------------------------------------
#                               Timing Point                                 Flags    Arc   Edge   Cell     Fanout Load Trans Delay Arrival Instance 
#                                                                                                                  (fF)  (ps)  (ps)   (ps)  Location 
#----------------------------------------------------------------------------------------------------------------------------------------------------
  basic_isa_instance/u_id_ex_inst_ex_o_reg[17]/CP                            -       -      R     (arrival)    452    -     0     -       0    (-,-) 
  basic_isa_instance/u_id_ex_inst_ex_o_reg[17]/Q                             -       CP->Q  R     DFCNQD4        5  8.6    68   290     290    (-,-) 
  basic_isa_instance/g26680/ZN                                               -       B2->ZN F     OAI22D2        1  2.1    57    77     367    (-,-) 
  basic_isa_instance/g76132/ZN                                               -       A2->ZN R     NR2D2          1  2.6    64    69     435    (-,-) 
  basic_isa_instance/g76131/ZN                                               -       A2->ZN F     CKND2D3        1  6.8    60    62     497    (-,-) 
  basic_isa_instance/g76130/ZN                                               -       A1->ZN R     NR2D8          2  6.8    53    54     551    (-,-) 
  basic_isa_instance/g76217/ZN                                               -       I->ZN  F     CKND4          2  3.6    25    32     583    (-,-) 
  basic_isa_instance/g77911/ZN                                               -       I->ZN  R     CKND2          2  5.3    44    39     622    (-,-) 
  basic_isa_instance/g78595/ZN                                               -       A1->ZN F     NR2D4          9 15.5    53    45     667    (-,-) 
  basic_isa_instance/g84072/ZN                                               -       A1->ZN R     AOI22D2        1  1.9    79    70     737    (-,-) 
  basic_isa_instance/g26450/ZN                                               -       B->ZN  F     IOA21D2        2  1.8    44    48     785    (-,-) 
  basic_isa_instance/g26333/Z                                                -       I1->Z  F     MUX2D2        12 14.4   100   169     954    (-,-) 
  basic_isa_instance/g75482/Z                                                -       I1->Z  F     MUX2D2         3  5.5    66   161    1115    (-,-) 
  basic_isa_instance/g75481/ZN                                               -       A2->ZN R     ND2D2          1  2.2    39    49    1164    (-,-) 
  basic_isa_instance/g75480/ZN                                               -       A3->ZN F     ND3D2          1  1.8    61    67    1231    (-,-) 
  basic_isa_instance/u_branch_add_95_52_Y_u_branch_add_94_43_cdnadd_80081/CO -       CI->CO F     FA1D2          3  3.5    71   131    1362    (-,-) 
  basic_isa_instance/g75445/ZN                                               -       A1->ZN R     ND2D2          1  1.6    35    42    1404    (-,-) 
  basic_isa_instance/g75444/ZN                                               -       A1->ZN F     CKND2D2        2  3.1    44    41    1445    (-,-) 
  basic_isa_instance/g398/ZN                                                 -       A1->ZN R     CKND2D2        1  1.8    38    40    1485    (-,-) 
  basic_isa_instance/g395/ZN                                                 -       A1->ZN F     ND2D2          1  1.8    37    37    1522    (-,-) 
  basic_isa_instance/u_branch_add_95_52_Y_u_branch_add_94_43_cdnadd_8/CO     -       CI->CO F     FA1D2          1  1.8    63   114    1636    (-,-) 
  basic_isa_instance/u_branch_add_95_52_Y_u_branch_add_94_43_cdnadd_84991/CO -       CI->CO F     FA1D2          1  1.8    63   123    1759    (-,-) 
  basic_isa_instance/u_branch_add_95_52_Y_u_branch_add_94_43_cdnadd_10/CO    -       CI->CO F     FA1D2          1  1.8    63   123    1882    (-,-) 
  basic_isa_instance/u_branch_add_95_52_Y_u_branch_add_94_43_cdnadd_11/CO    -       CI->CO F     FA1D2          1  1.8    63   123    2006    (-,-) 
  basic_isa_instance/u_branch_add_95_52_Y_u_branch_add_94_43_cdnadd_12/CO    -       CI->CO F     FA1D2          3  3.6    72   132    2138    (-,-) 
  basic_isa_instance/g86044/ZN                                               -       A1->ZN R     AOI21D2        1  3.0    87    77    2215    (-,-) 
  basic_isa_instance/g86043/ZN                                               -       I->ZN  F     INVD3          3  3.3    34    40    2255    (-,-) 
  basic_isa_instance/g137/ZN                                                 -       A1->ZN R     ND2D2          1  2.5    37    34    2290    (-,-) 
  basic_isa_instance/g135/ZN                                                 -       A1->ZN F     CKND2D3        3  3.3    38    38    2328    (-,-) 
  basic_isa_instance/g83120/ZN                                               -       A1->ZN R     ND2D2          1  1.6    31    32    2360    (-,-) 
  basic_isa_instance/g113/ZN                                                 -       A1->ZN F     CKND2D2        1  1.8    33    33    2393    (-,-) 
  basic_isa_instance/u_branch_add_95_52_Y_u_branch_add_94_43_cdnadd_79059/CO -       CI->CO F     FA1D2          3  4.9    77   126    2519    (-,-) 
  basic_isa_instance/g86072/ZN                                               -       A1->ZN R     AOI21D4        2  3.5    71    67    2586    (-,-) 
  basic_isa_instance/g86074/ZN                                               -       A1->ZN F     OAI21D2        2  2.9    60    59    2645    (-,-) 
  basic_isa_instance/g86077/ZN                                               -       A1->ZN R     CKND2D2        1  1.6    38    44    2689    (-,-) 
  basic_isa_instance/g83153/ZN                                               -       A1->ZN F     CKND2D2        3  3.6    48    44    2734    (-,-) 
  basic_isa_instance/g75492/ZN                                               -       B2->ZN R     IND3D2         1  1.6    43    41    2774    (-,-) 
  basic_isa_instance/g75491/ZN                                               -       A1->ZN F     CKND2D2        4  5.2    61    54    2828    (-,-) 
  basic_isa_instance/g75461/ZN                                               -       B2->ZN R     IND3D2         1  1.6    43    45    2873    (-,-) 
  basic_isa_instance/g75460/ZN                                               -       A1->ZN F     CKND2D2        5  6.1    69    58    2931    (-,-) 
  basic_isa_instance/g400/ZN                                                 -       A1->ZN R     ND2D2          1  3.4    44    50    2982    (-,-) 
  basic_isa_instance/g393/ZN                                                 -       A1->ZN F     CKND2D4        4  7.0    48    46    3028    (-,-) 
  basic_isa_instance/g642/ZN                                                 -       A1->ZN R     ND2D2          1  1.6    32    36    3064    (-,-) 
  basic_isa_instance/g641/ZN                                                 -       A1->ZN F     CKND2D2        4  4.2    52    45    3109    (-,-) 
  basic_isa_instance/g306/ZN                                                 -       A1->ZN R     ND2D2          2  3.4    44    45    3154    (-,-) 
  basic_isa_instance/g305/ZN                                                 -       I->ZN  F     CKND2          1  1.8    23    30    3183    (-,-) 
  basic_isa_instance/g299/ZN                                                 -       A1->ZN R     NR2D2          1  1.8    50    44    3227    (-,-) 
  basic_isa_instance/g297/ZN                                                 -       B->ZN  F     IAO21D2        1  1.7    40    29    3257    (-,-) 
  basic_isa_instance/g296/ZN                                                 -       B->ZN  R     IOA21D2        2  2.9    48    38    3295    (-,-) 
  basic_isa_instance/g35722/Z                                                -       A1->Z  R     AN2D2         16 14.4   119   144    3439    (-,-) 
  basic_isa_instance/u_if_u_btb_U_FILE_target_arr_reg[4][0][29]/D            -       -      R     DFCNQD2       16    -     -     0    3439    (-,-) 
#----------------------------------------------------------------------------------------------------------------------------------------------------



Path 49: VIOLATED (-1038 ps) Setup Check with Pin basic_isa_instance/u_if_u_btb_U_FILE_target_arr_reg[3][1][29]/CP->D
          Group: core_clk
     Startpoint: (R) basic_isa_instance/u_id_ex_inst_ex_o_reg[17]/CP
          Clock: (R) core_clk
       Endpoint: (R) basic_isa_instance/u_if_u_btb_U_FILE_target_arr_reg[3][1][29]/D
          Clock: (R) core_clk

                     Capture       Launch     
        Clock Edge:+    2500            0     
       Src Latency:+       0            0     
       Net Latency:+       0 (I)        0 (I) 
           Arrival:=    2500            0     
                                              
             Setup:-      99                  
     Required Time:=    2401                  
      Launch Clock:-       0                  
         Data Path:-    3439                  
             Slack:=   -1038                  

#----------------------------------------------------------------------------------------------------------------------------------------------------
#                               Timing Point                                 Flags    Arc   Edge   Cell     Fanout Load Trans Delay Arrival Instance 
#                                                                                                                  (fF)  (ps)  (ps)   (ps)  Location 
#----------------------------------------------------------------------------------------------------------------------------------------------------
  basic_isa_instance/u_id_ex_inst_ex_o_reg[17]/CP                            -       -      R     (arrival)    452    -     0     -       0    (-,-) 
  basic_isa_instance/u_id_ex_inst_ex_o_reg[17]/Q                             -       CP->Q  R     DFCNQD4        5  8.6    68   290     290    (-,-) 
  basic_isa_instance/g26680/ZN                                               -       B2->ZN F     OAI22D2        1  2.1    57    77     367    (-,-) 
  basic_isa_instance/g76132/ZN                                               -       A2->ZN R     NR2D2          1  2.6    64    69     435    (-,-) 
  basic_isa_instance/g76131/ZN                                               -       A2->ZN F     CKND2D3        1  6.8    60    62     497    (-,-) 
  basic_isa_instance/g76130/ZN                                               -       A1->ZN R     NR2D8          2  6.8    53    54     551    (-,-) 
  basic_isa_instance/g76217/ZN                                               -       I->ZN  F     CKND4          2  3.6    25    32     583    (-,-) 
  basic_isa_instance/g77911/ZN                                               -       I->ZN  R     CKND2          2  5.3    44    39     622    (-,-) 
  basic_isa_instance/g78595/ZN                                               -       A1->ZN F     NR2D4          9 15.5    53    45     667    (-,-) 
  basic_isa_instance/g84072/ZN                                               -       A1->ZN R     AOI22D2        1  1.9    79    70     737    (-,-) 
  basic_isa_instance/g26450/ZN                                               -       B->ZN  F     IOA21D2        2  1.8    44    48     785    (-,-) 
  basic_isa_instance/g26333/Z                                                -       I1->Z  F     MUX2D2        12 14.4   100   169     954    (-,-) 
  basic_isa_instance/g75482/Z                                                -       I1->Z  F     MUX2D2         3  5.5    66   161    1115    (-,-) 
  basic_isa_instance/g75481/ZN                                               -       A2->ZN R     ND2D2          1  2.2    39    49    1164    (-,-) 
  basic_isa_instance/g75480/ZN                                               -       A3->ZN F     ND3D2          1  1.8    61    67    1231    (-,-) 
  basic_isa_instance/u_branch_add_95_52_Y_u_branch_add_94_43_cdnadd_80081/CO -       CI->CO F     FA1D2          3  3.5    71   131    1362    (-,-) 
  basic_isa_instance/g75445/ZN                                               -       A1->ZN R     ND2D2          1  1.6    35    42    1404    (-,-) 
  basic_isa_instance/g75444/ZN                                               -       A1->ZN F     CKND2D2        2  3.1    44    41    1445    (-,-) 
  basic_isa_instance/g398/ZN                                                 -       A1->ZN R     CKND2D2        1  1.8    38    40    1485    (-,-) 
  basic_isa_instance/g395/ZN                                                 -       A1->ZN F     ND2D2          1  1.8    37    37    1522    (-,-) 
  basic_isa_instance/u_branch_add_95_52_Y_u_branch_add_94_43_cdnadd_8/CO     -       CI->CO F     FA1D2          1  1.8    63   114    1636    (-,-) 
  basic_isa_instance/u_branch_add_95_52_Y_u_branch_add_94_43_cdnadd_84991/CO -       CI->CO F     FA1D2          1  1.8    63   123    1759    (-,-) 
  basic_isa_instance/u_branch_add_95_52_Y_u_branch_add_94_43_cdnadd_10/CO    -       CI->CO F     FA1D2          1  1.8    63   123    1882    (-,-) 
  basic_isa_instance/u_branch_add_95_52_Y_u_branch_add_94_43_cdnadd_11/CO    -       CI->CO F     FA1D2          1  1.8    63   123    2006    (-,-) 
  basic_isa_instance/u_branch_add_95_52_Y_u_branch_add_94_43_cdnadd_12/CO    -       CI->CO F     FA1D2          3  3.6    72   132    2138    (-,-) 
  basic_isa_instance/g86044/ZN                                               -       A1->ZN R     AOI21D2        1  3.0    87    77    2215    (-,-) 
  basic_isa_instance/g86043/ZN                                               -       I->ZN  F     INVD3          3  3.3    34    40    2255    (-,-) 
  basic_isa_instance/g137/ZN                                                 -       A1->ZN R     ND2D2          1  2.5    37    34    2290    (-,-) 
  basic_isa_instance/g135/ZN                                                 -       A1->ZN F     CKND2D3        3  3.3    38    38    2328    (-,-) 
  basic_isa_instance/g83120/ZN                                               -       A1->ZN R     ND2D2          1  1.6    31    32    2360    (-,-) 
  basic_isa_instance/g113/ZN                                                 -       A1->ZN F     CKND2D2        1  1.8    33    33    2393    (-,-) 
  basic_isa_instance/u_branch_add_95_52_Y_u_branch_add_94_43_cdnadd_79059/CO -       CI->CO F     FA1D2          3  4.9    77   126    2519    (-,-) 
  basic_isa_instance/g86072/ZN                                               -       A1->ZN R     AOI21D4        2  3.5    71    67    2586    (-,-) 
  basic_isa_instance/g86074/ZN                                               -       A1->ZN F     OAI21D2        2  2.9    60    59    2645    (-,-) 
  basic_isa_instance/g86077/ZN                                               -       A1->ZN R     CKND2D2        1  1.6    38    44    2689    (-,-) 
  basic_isa_instance/g83153/ZN                                               -       A1->ZN F     CKND2D2        3  3.6    48    44    2734    (-,-) 
  basic_isa_instance/g75492/ZN                                               -       B2->ZN R     IND3D2         1  1.6    43    41    2774    (-,-) 
  basic_isa_instance/g75491/ZN                                               -       A1->ZN F     CKND2D2        4  5.2    61    54    2828    (-,-) 
  basic_isa_instance/g75461/ZN                                               -       B2->ZN R     IND3D2         1  1.6    43    45    2873    (-,-) 
  basic_isa_instance/g75460/ZN                                               -       A1->ZN F     CKND2D2        5  6.1    69    58    2931    (-,-) 
  basic_isa_instance/g400/ZN                                                 -       A1->ZN R     ND2D2          1  3.4    44    50    2982    (-,-) 
  basic_isa_instance/g393/ZN                                                 -       A1->ZN F     CKND2D4        4  7.0    48    46    3028    (-,-) 
  basic_isa_instance/g642/ZN                                                 -       A1->ZN R     ND2D2          1  1.6    32    36    3064    (-,-) 
  basic_isa_instance/g641/ZN                                                 -       A1->ZN F     CKND2D2        4  4.2    52    45    3109    (-,-) 
  basic_isa_instance/g306/ZN                                                 -       A1->ZN R     ND2D2          2  3.4    44    45    3154    (-,-) 
  basic_isa_instance/g305/ZN                                                 -       I->ZN  F     CKND2          1  1.8    23    30    3183    (-,-) 
  basic_isa_instance/g299/ZN                                                 -       A1->ZN R     NR2D2          1  1.8    50    44    3227    (-,-) 
  basic_isa_instance/g297/ZN                                                 -       B->ZN  F     IAO21D2        1  1.7    40    29    3257    (-,-) 
  basic_isa_instance/g296/ZN                                                 -       B->ZN  R     IOA21D2        2  2.9    48    38    3295    (-,-) 
  basic_isa_instance/g35722/Z                                                -       A1->Z  R     AN2D2         16 14.4   119   144    3439    (-,-) 
  basic_isa_instance/u_if_u_btb_U_FILE_target_arr_reg[3][1][29]/D            -       -      R     DFCNQD2       16    -     -     0    3439    (-,-) 
#----------------------------------------------------------------------------------------------------------------------------------------------------



Path 50: VIOLATED (-1038 ps) Setup Check with Pin basic_isa_instance/u_if_u_btb_U_FILE_target_arr_reg[3][0][29]/CP->D
          Group: core_clk
     Startpoint: (R) basic_isa_instance/u_id_ex_inst_ex_o_reg[17]/CP
          Clock: (R) core_clk
       Endpoint: (R) basic_isa_instance/u_if_u_btb_U_FILE_target_arr_reg[3][0][29]/D
          Clock: (R) core_clk

                     Capture       Launch     
        Clock Edge:+    2500            0     
       Src Latency:+       0            0     
       Net Latency:+       0 (I)        0 (I) 
           Arrival:=    2500            0     
                                              
             Setup:-      99                  
     Required Time:=    2401                  
      Launch Clock:-       0                  
         Data Path:-    3439                  
             Slack:=   -1038                  

#----------------------------------------------------------------------------------------------------------------------------------------------------
#                               Timing Point                                 Flags    Arc   Edge   Cell     Fanout Load Trans Delay Arrival Instance 
#                                                                                                                  (fF)  (ps)  (ps)   (ps)  Location 
#----------------------------------------------------------------------------------------------------------------------------------------------------
  basic_isa_instance/u_id_ex_inst_ex_o_reg[17]/CP                            -       -      R     (arrival)    452    -     0     -       0    (-,-) 
  basic_isa_instance/u_id_ex_inst_ex_o_reg[17]/Q                             -       CP->Q  R     DFCNQD4        5  8.6    68   290     290    (-,-) 
  basic_isa_instance/g26680/ZN                                               -       B2->ZN F     OAI22D2        1  2.1    57    77     367    (-,-) 
  basic_isa_instance/g76132/ZN                                               -       A2->ZN R     NR2D2          1  2.6    64    69     435    (-,-) 
  basic_isa_instance/g76131/ZN                                               -       A2->ZN F     CKND2D3        1  6.8    60    62     497    (-,-) 
  basic_isa_instance/g76130/ZN                                               -       A1->ZN R     NR2D8          2  6.8    53    54     551    (-,-) 
  basic_isa_instance/g76217/ZN                                               -       I->ZN  F     CKND4          2  3.6    25    32     583    (-,-) 
  basic_isa_instance/g77911/ZN                                               -       I->ZN  R     CKND2          2  5.3    44    39     622    (-,-) 
  basic_isa_instance/g78595/ZN                                               -       A1->ZN F     NR2D4          9 15.5    53    45     667    (-,-) 
  basic_isa_instance/g84072/ZN                                               -       A1->ZN R     AOI22D2        1  1.9    79    70     737    (-,-) 
  basic_isa_instance/g26450/ZN                                               -       B->ZN  F     IOA21D2        2  1.8    44    48     785    (-,-) 
  basic_isa_instance/g26333/Z                                                -       I1->Z  F     MUX2D2        12 14.4   100   169     954    (-,-) 
  basic_isa_instance/g75482/Z                                                -       I1->Z  F     MUX2D2         3  5.5    66   161    1115    (-,-) 
  basic_isa_instance/g75481/ZN                                               -       A2->ZN R     ND2D2          1  2.2    39    49    1164    (-,-) 
  basic_isa_instance/g75480/ZN                                               -       A3->ZN F     ND3D2          1  1.8    61    67    1231    (-,-) 
  basic_isa_instance/u_branch_add_95_52_Y_u_branch_add_94_43_cdnadd_80081/CO -       CI->CO F     FA1D2          3  3.5    71   131    1362    (-,-) 
  basic_isa_instance/g75445/ZN                                               -       A1->ZN R     ND2D2          1  1.6    35    42    1404    (-,-) 
  basic_isa_instance/g75444/ZN                                               -       A1->ZN F     CKND2D2        2  3.1    44    41    1445    (-,-) 
  basic_isa_instance/g398/ZN                                                 -       A1->ZN R     CKND2D2        1  1.8    38    40    1485    (-,-) 
  basic_isa_instance/g395/ZN                                                 -       A1->ZN F     ND2D2          1  1.8    37    37    1522    (-,-) 
  basic_isa_instance/u_branch_add_95_52_Y_u_branch_add_94_43_cdnadd_8/CO     -       CI->CO F     FA1D2          1  1.8    63   114    1636    (-,-) 
  basic_isa_instance/u_branch_add_95_52_Y_u_branch_add_94_43_cdnadd_84991/CO -       CI->CO F     FA1D2          1  1.8    63   123    1759    (-,-) 
  basic_isa_instance/u_branch_add_95_52_Y_u_branch_add_94_43_cdnadd_10/CO    -       CI->CO F     FA1D2          1  1.8    63   123    1882    (-,-) 
  basic_isa_instance/u_branch_add_95_52_Y_u_branch_add_94_43_cdnadd_11/CO    -       CI->CO F     FA1D2          1  1.8    63   123    2006    (-,-) 
  basic_isa_instance/u_branch_add_95_52_Y_u_branch_add_94_43_cdnadd_12/CO    -       CI->CO F     FA1D2          3  3.6    72   132    2138    (-,-) 
  basic_isa_instance/g86044/ZN                                               -       A1->ZN R     AOI21D2        1  3.0    87    77    2215    (-,-) 
  basic_isa_instance/g86043/ZN                                               -       I->ZN  F     INVD3          3  3.3    34    40    2255    (-,-) 
  basic_isa_instance/g137/ZN                                                 -       A1->ZN R     ND2D2          1  2.5    37    34    2290    (-,-) 
  basic_isa_instance/g135/ZN                                                 -       A1->ZN F     CKND2D3        3  3.3    38    38    2328    (-,-) 
  basic_isa_instance/g83120/ZN                                               -       A1->ZN R     ND2D2          1  1.6    31    32    2360    (-,-) 
  basic_isa_instance/g113/ZN                                                 -       A1->ZN F     CKND2D2        1  1.8    33    33    2393    (-,-) 
  basic_isa_instance/u_branch_add_95_52_Y_u_branch_add_94_43_cdnadd_79059/CO -       CI->CO F     FA1D2          3  4.9    77   126    2519    (-,-) 
  basic_isa_instance/g86072/ZN                                               -       A1->ZN R     AOI21D4        2  3.5    71    67    2586    (-,-) 
  basic_isa_instance/g86074/ZN                                               -       A1->ZN F     OAI21D2        2  2.9    60    59    2645    (-,-) 
  basic_isa_instance/g86077/ZN                                               -       A1->ZN R     CKND2D2        1  1.6    38    44    2689    (-,-) 
  basic_isa_instance/g83153/ZN                                               -       A1->ZN F     CKND2D2        3  3.6    48    44    2734    (-,-) 
  basic_isa_instance/g75492/ZN                                               -       B2->ZN R     IND3D2         1  1.6    43    41    2774    (-,-) 
  basic_isa_instance/g75491/ZN                                               -       A1->ZN F     CKND2D2        4  5.2    61    54    2828    (-,-) 
  basic_isa_instance/g75461/ZN                                               -       B2->ZN R     IND3D2         1  1.6    43    45    2873    (-,-) 
  basic_isa_instance/g75460/ZN                                               -       A1->ZN F     CKND2D2        5  6.1    69    58    2931    (-,-) 
  basic_isa_instance/g400/ZN                                                 -       A1->ZN R     ND2D2          1  3.4    44    50    2982    (-,-) 
  basic_isa_instance/g393/ZN                                                 -       A1->ZN F     CKND2D4        4  7.0    48    46    3028    (-,-) 
  basic_isa_instance/g642/ZN                                                 -       A1->ZN R     ND2D2          1  1.6    32    36    3064    (-,-) 
  basic_isa_instance/g641/ZN                                                 -       A1->ZN F     CKND2D2        4  4.2    52    45    3109    (-,-) 
  basic_isa_instance/g306/ZN                                                 -       A1->ZN R     ND2D2          2  3.4    44    45    3154    (-,-) 
  basic_isa_instance/g305/ZN                                                 -       I->ZN  F     CKND2          1  1.8    23    30    3183    (-,-) 
  basic_isa_instance/g299/ZN                                                 -       A1->ZN R     NR2D2          1  1.8    50    44    3227    (-,-) 
  basic_isa_instance/g297/ZN                                                 -       B->ZN  F     IAO21D2        1  1.7    40    29    3257    (-,-) 
  basic_isa_instance/g296/ZN                                                 -       B->ZN  R     IOA21D2        2  2.9    48    38    3295    (-,-) 
  basic_isa_instance/g35722/Z                                                -       A1->Z  R     AN2D2         16 14.4   119   144    3439    (-,-) 
  basic_isa_instance/u_if_u_btb_U_FILE_target_arr_reg[3][0][29]/D            -       -      R     DFCNQD2       16    -     -     0    3439    (-,-) 
#----------------------------------------------------------------------------------------------------------------------------------------------------



Path 51: VIOLATED (-1038 ps) Setup Check with Pin basic_isa_instance/u_if_u_btb_U_FILE_target_arr_reg[2][1][29]/CP->D
          Group: core_clk
     Startpoint: (R) basic_isa_instance/u_id_ex_inst_ex_o_reg[17]/CP
          Clock: (R) core_clk
       Endpoint: (R) basic_isa_instance/u_if_u_btb_U_FILE_target_arr_reg[2][1][29]/D
          Clock: (R) core_clk

                     Capture       Launch     
        Clock Edge:+    2500            0     
       Src Latency:+       0            0     
       Net Latency:+       0 (I)        0 (I) 
           Arrival:=    2500            0     
                                              
             Setup:-      99                  
     Required Time:=    2401                  
      Launch Clock:-       0                  
         Data Path:-    3439                  
             Slack:=   -1038                  

#----------------------------------------------------------------------------------------------------------------------------------------------------
#                               Timing Point                                 Flags    Arc   Edge   Cell     Fanout Load Trans Delay Arrival Instance 
#                                                                                                                  (fF)  (ps)  (ps)   (ps)  Location 
#----------------------------------------------------------------------------------------------------------------------------------------------------
  basic_isa_instance/u_id_ex_inst_ex_o_reg[17]/CP                            -       -      R     (arrival)    452    -     0     -       0    (-,-) 
  basic_isa_instance/u_id_ex_inst_ex_o_reg[17]/Q                             -       CP->Q  R     DFCNQD4        5  8.6    68   290     290    (-,-) 
  basic_isa_instance/g26680/ZN                                               -       B2->ZN F     OAI22D2        1  2.1    57    77     367    (-,-) 
  basic_isa_instance/g76132/ZN                                               -       A2->ZN R     NR2D2          1  2.6    64    69     435    (-,-) 
  basic_isa_instance/g76131/ZN                                               -       A2->ZN F     CKND2D3        1  6.8    60    62     497    (-,-) 
  basic_isa_instance/g76130/ZN                                               -       A1->ZN R     NR2D8          2  6.8    53    54     551    (-,-) 
  basic_isa_instance/g76217/ZN                                               -       I->ZN  F     CKND4          2  3.6    25    32     583    (-,-) 
  basic_isa_instance/g77911/ZN                                               -       I->ZN  R     CKND2          2  5.3    44    39     622    (-,-) 
  basic_isa_instance/g78595/ZN                                               -       A1->ZN F     NR2D4          9 15.5    53    45     667    (-,-) 
  basic_isa_instance/g84072/ZN                                               -       A1->ZN R     AOI22D2        1  1.9    79    70     737    (-,-) 
  basic_isa_instance/g26450/ZN                                               -       B->ZN  F     IOA21D2        2  1.8    44    48     785    (-,-) 
  basic_isa_instance/g26333/Z                                                -       I1->Z  F     MUX2D2        12 14.4   100   169     954    (-,-) 
  basic_isa_instance/g75482/Z                                                -       I1->Z  F     MUX2D2         3  5.5    66   161    1115    (-,-) 
  basic_isa_instance/g75481/ZN                                               -       A2->ZN R     ND2D2          1  2.2    39    49    1164    (-,-) 
  basic_isa_instance/g75480/ZN                                               -       A3->ZN F     ND3D2          1  1.8    61    67    1231    (-,-) 
  basic_isa_instance/u_branch_add_95_52_Y_u_branch_add_94_43_cdnadd_80081/CO -       CI->CO F     FA1D2          3  3.5    71   131    1362    (-,-) 
  basic_isa_instance/g75445/ZN                                               -       A1->ZN R     ND2D2          1  1.6    35    42    1404    (-,-) 
  basic_isa_instance/g75444/ZN                                               -       A1->ZN F     CKND2D2        2  3.1    44    41    1445    (-,-) 
  basic_isa_instance/g398/ZN                                                 -       A1->ZN R     CKND2D2        1  1.8    38    40    1485    (-,-) 
  basic_isa_instance/g395/ZN                                                 -       A1->ZN F     ND2D2          1  1.8    37    37    1522    (-,-) 
  basic_isa_instance/u_branch_add_95_52_Y_u_branch_add_94_43_cdnadd_8/CO     -       CI->CO F     FA1D2          1  1.8    63   114    1636    (-,-) 
  basic_isa_instance/u_branch_add_95_52_Y_u_branch_add_94_43_cdnadd_84991/CO -       CI->CO F     FA1D2          1  1.8    63   123    1759    (-,-) 
  basic_isa_instance/u_branch_add_95_52_Y_u_branch_add_94_43_cdnadd_10/CO    -       CI->CO F     FA1D2          1  1.8    63   123    1882    (-,-) 
  basic_isa_instance/u_branch_add_95_52_Y_u_branch_add_94_43_cdnadd_11/CO    -       CI->CO F     FA1D2          1  1.8    63   123    2006    (-,-) 
  basic_isa_instance/u_branch_add_95_52_Y_u_branch_add_94_43_cdnadd_12/CO    -       CI->CO F     FA1D2          3  3.6    72   132    2138    (-,-) 
  basic_isa_instance/g86044/ZN                                               -       A1->ZN R     AOI21D2        1  3.0    87    77    2215    (-,-) 
  basic_isa_instance/g86043/ZN                                               -       I->ZN  F     INVD3          3  3.3    34    40    2255    (-,-) 
  basic_isa_instance/g137/ZN                                                 -       A1->ZN R     ND2D2          1  2.5    37    34    2290    (-,-) 
  basic_isa_instance/g135/ZN                                                 -       A1->ZN F     CKND2D3        3  3.3    38    38    2328    (-,-) 
  basic_isa_instance/g83120/ZN                                               -       A1->ZN R     ND2D2          1  1.6    31    32    2360    (-,-) 
  basic_isa_instance/g113/ZN                                                 -       A1->ZN F     CKND2D2        1  1.8    33    33    2393    (-,-) 
  basic_isa_instance/u_branch_add_95_52_Y_u_branch_add_94_43_cdnadd_79059/CO -       CI->CO F     FA1D2          3  4.9    77   126    2519    (-,-) 
  basic_isa_instance/g86072/ZN                                               -       A1->ZN R     AOI21D4        2  3.5    71    67    2586    (-,-) 
  basic_isa_instance/g86074/ZN                                               -       A1->ZN F     OAI21D2        2  2.9    60    59    2645    (-,-) 
  basic_isa_instance/g86077/ZN                                               -       A1->ZN R     CKND2D2        1  1.6    38    44    2689    (-,-) 
  basic_isa_instance/g83153/ZN                                               -       A1->ZN F     CKND2D2        3  3.6    48    44    2734    (-,-) 
  basic_isa_instance/g75492/ZN                                               -       B2->ZN R     IND3D2         1  1.6    43    41    2774    (-,-) 
  basic_isa_instance/g75491/ZN                                               -       A1->ZN F     CKND2D2        4  5.2    61    54    2828    (-,-) 
  basic_isa_instance/g75461/ZN                                               -       B2->ZN R     IND3D2         1  1.6    43    45    2873    (-,-) 
  basic_isa_instance/g75460/ZN                                               -       A1->ZN F     CKND2D2        5  6.1    69    58    2931    (-,-) 
  basic_isa_instance/g400/ZN                                                 -       A1->ZN R     ND2D2          1  3.4    44    50    2982    (-,-) 
  basic_isa_instance/g393/ZN                                                 -       A1->ZN F     CKND2D4        4  7.0    48    46    3028    (-,-) 
  basic_isa_instance/g642/ZN                                                 -       A1->ZN R     ND2D2          1  1.6    32    36    3064    (-,-) 
  basic_isa_instance/g641/ZN                                                 -       A1->ZN F     CKND2D2        4  4.2    52    45    3109    (-,-) 
  basic_isa_instance/g306/ZN                                                 -       A1->ZN R     ND2D2          2  3.4    44    45    3154    (-,-) 
  basic_isa_instance/g305/ZN                                                 -       I->ZN  F     CKND2          1  1.8    23    30    3183    (-,-) 
  basic_isa_instance/g299/ZN                                                 -       A1->ZN R     NR2D2          1  1.8    50    44    3227    (-,-) 
  basic_isa_instance/g297/ZN                                                 -       B->ZN  F     IAO21D2        1  1.7    40    29    3257    (-,-) 
  basic_isa_instance/g296/ZN                                                 -       B->ZN  R     IOA21D2        2  2.9    48    38    3295    (-,-) 
  basic_isa_instance/g35722/Z                                                -       A1->Z  R     AN2D2         16 14.4   119   144    3439    (-,-) 
  basic_isa_instance/u_if_u_btb_U_FILE_target_arr_reg[2][1][29]/D            -       -      R     DFCNQD2       16    -     -     0    3439    (-,-) 
#----------------------------------------------------------------------------------------------------------------------------------------------------



Path 52: VIOLATED (-1038 ps) Setup Check with Pin basic_isa_instance/u_if_u_btb_U_FILE_target_arr_reg[2][0][29]/CP->D
          Group: core_clk
     Startpoint: (R) basic_isa_instance/u_id_ex_inst_ex_o_reg[17]/CP
          Clock: (R) core_clk
       Endpoint: (R) basic_isa_instance/u_if_u_btb_U_FILE_target_arr_reg[2][0][29]/D
          Clock: (R) core_clk

                     Capture       Launch     
        Clock Edge:+    2500            0     
       Src Latency:+       0            0     
       Net Latency:+       0 (I)        0 (I) 
           Arrival:=    2500            0     
                                              
             Setup:-      99                  
     Required Time:=    2401                  
      Launch Clock:-       0                  
         Data Path:-    3439                  
             Slack:=   -1038                  

#----------------------------------------------------------------------------------------------------------------------------------------------------
#                               Timing Point                                 Flags    Arc   Edge   Cell     Fanout Load Trans Delay Arrival Instance 
#                                                                                                                  (fF)  (ps)  (ps)   (ps)  Location 
#----------------------------------------------------------------------------------------------------------------------------------------------------
  basic_isa_instance/u_id_ex_inst_ex_o_reg[17]/CP                            -       -      R     (arrival)    452    -     0     -       0    (-,-) 
  basic_isa_instance/u_id_ex_inst_ex_o_reg[17]/Q                             -       CP->Q  R     DFCNQD4        5  8.6    68   290     290    (-,-) 
  basic_isa_instance/g26680/ZN                                               -       B2->ZN F     OAI22D2        1  2.1    57    77     367    (-,-) 
  basic_isa_instance/g76132/ZN                                               -       A2->ZN R     NR2D2          1  2.6    64    69     435    (-,-) 
  basic_isa_instance/g76131/ZN                                               -       A2->ZN F     CKND2D3        1  6.8    60    62     497    (-,-) 
  basic_isa_instance/g76130/ZN                                               -       A1->ZN R     NR2D8          2  6.8    53    54     551    (-,-) 
  basic_isa_instance/g76217/ZN                                               -       I->ZN  F     CKND4          2  3.6    25    32     583    (-,-) 
  basic_isa_instance/g77911/ZN                                               -       I->ZN  R     CKND2          2  5.3    44    39     622    (-,-) 
  basic_isa_instance/g78595/ZN                                               -       A1->ZN F     NR2D4          9 15.5    53    45     667    (-,-) 
  basic_isa_instance/g84072/ZN                                               -       A1->ZN R     AOI22D2        1  1.9    79    70     737    (-,-) 
  basic_isa_instance/g26450/ZN                                               -       B->ZN  F     IOA21D2        2  1.8    44    48     785    (-,-) 
  basic_isa_instance/g26333/Z                                                -       I1->Z  F     MUX2D2        12 14.4   100   169     954    (-,-) 
  basic_isa_instance/g75482/Z                                                -       I1->Z  F     MUX2D2         3  5.5    66   161    1115    (-,-) 
  basic_isa_instance/g75481/ZN                                               -       A2->ZN R     ND2D2          1  2.2    39    49    1164    (-,-) 
  basic_isa_instance/g75480/ZN                                               -       A3->ZN F     ND3D2          1  1.8    61    67    1231    (-,-) 
  basic_isa_instance/u_branch_add_95_52_Y_u_branch_add_94_43_cdnadd_80081/CO -       CI->CO F     FA1D2          3  3.5    71   131    1362    (-,-) 
  basic_isa_instance/g75445/ZN                                               -       A1->ZN R     ND2D2          1  1.6    35    42    1404    (-,-) 
  basic_isa_instance/g75444/ZN                                               -       A1->ZN F     CKND2D2        2  3.1    44    41    1445    (-,-) 
  basic_isa_instance/g398/ZN                                                 -       A1->ZN R     CKND2D2        1  1.8    38    40    1485    (-,-) 
  basic_isa_instance/g395/ZN                                                 -       A1->ZN F     ND2D2          1  1.8    37    37    1522    (-,-) 
  basic_isa_instance/u_branch_add_95_52_Y_u_branch_add_94_43_cdnadd_8/CO     -       CI->CO F     FA1D2          1  1.8    63   114    1636    (-,-) 
  basic_isa_instance/u_branch_add_95_52_Y_u_branch_add_94_43_cdnadd_84991/CO -       CI->CO F     FA1D2          1  1.8    63   123    1759    (-,-) 
  basic_isa_instance/u_branch_add_95_52_Y_u_branch_add_94_43_cdnadd_10/CO    -       CI->CO F     FA1D2          1  1.8    63   123    1882    (-,-) 
  basic_isa_instance/u_branch_add_95_52_Y_u_branch_add_94_43_cdnadd_11/CO    -       CI->CO F     FA1D2          1  1.8    63   123    2006    (-,-) 
  basic_isa_instance/u_branch_add_95_52_Y_u_branch_add_94_43_cdnadd_12/CO    -       CI->CO F     FA1D2          3  3.6    72   132    2138    (-,-) 
  basic_isa_instance/g86044/ZN                                               -       A1->ZN R     AOI21D2        1  3.0    87    77    2215    (-,-) 
  basic_isa_instance/g86043/ZN                                               -       I->ZN  F     INVD3          3  3.3    34    40    2255    (-,-) 
  basic_isa_instance/g137/ZN                                                 -       A1->ZN R     ND2D2          1  2.5    37    34    2290    (-,-) 
  basic_isa_instance/g135/ZN                                                 -       A1->ZN F     CKND2D3        3  3.3    38    38    2328    (-,-) 
  basic_isa_instance/g83120/ZN                                               -       A1->ZN R     ND2D2          1  1.6    31    32    2360    (-,-) 
  basic_isa_instance/g113/ZN                                                 -       A1->ZN F     CKND2D2        1  1.8    33    33    2393    (-,-) 
  basic_isa_instance/u_branch_add_95_52_Y_u_branch_add_94_43_cdnadd_79059/CO -       CI->CO F     FA1D2          3  4.9    77   126    2519    (-,-) 
  basic_isa_instance/g86072/ZN                                               -       A1->ZN R     AOI21D4        2  3.5    71    67    2586    (-,-) 
  basic_isa_instance/g86074/ZN                                               -       A1->ZN F     OAI21D2        2  2.9    60    59    2645    (-,-) 
  basic_isa_instance/g86077/ZN                                               -       A1->ZN R     CKND2D2        1  1.6    38    44    2689    (-,-) 
  basic_isa_instance/g83153/ZN                                               -       A1->ZN F     CKND2D2        3  3.6    48    44    2734    (-,-) 
  basic_isa_instance/g75492/ZN                                               -       B2->ZN R     IND3D2         1  1.6    43    41    2774    (-,-) 
  basic_isa_instance/g75491/ZN                                               -       A1->ZN F     CKND2D2        4  5.2    61    54    2828    (-,-) 
  basic_isa_instance/g75461/ZN                                               -       B2->ZN R     IND3D2         1  1.6    43    45    2873    (-,-) 
  basic_isa_instance/g75460/ZN                                               -       A1->ZN F     CKND2D2        5  6.1    69    58    2931    (-,-) 
  basic_isa_instance/g400/ZN                                                 -       A1->ZN R     ND2D2          1  3.4    44    50    2982    (-,-) 
  basic_isa_instance/g393/ZN                                                 -       A1->ZN F     CKND2D4        4  7.0    48    46    3028    (-,-) 
  basic_isa_instance/g642/ZN                                                 -       A1->ZN R     ND2D2          1  1.6    32    36    3064    (-,-) 
  basic_isa_instance/g641/ZN                                                 -       A1->ZN F     CKND2D2        4  4.2    52    45    3109    (-,-) 
  basic_isa_instance/g306/ZN                                                 -       A1->ZN R     ND2D2          2  3.4    44    45    3154    (-,-) 
  basic_isa_instance/g305/ZN                                                 -       I->ZN  F     CKND2          1  1.8    23    30    3183    (-,-) 
  basic_isa_instance/g299/ZN                                                 -       A1->ZN R     NR2D2          1  1.8    50    44    3227    (-,-) 
  basic_isa_instance/g297/ZN                                                 -       B->ZN  F     IAO21D2        1  1.7    40    29    3257    (-,-) 
  basic_isa_instance/g296/ZN                                                 -       B->ZN  R     IOA21D2        2  2.9    48    38    3295    (-,-) 
  basic_isa_instance/g35722/Z                                                -       A1->Z  R     AN2D2         16 14.4   119   144    3439    (-,-) 
  basic_isa_instance/u_if_u_btb_U_FILE_target_arr_reg[2][0][29]/D            -       -      R     DFCNQD2       16    -     -     0    3439    (-,-) 
#----------------------------------------------------------------------------------------------------------------------------------------------------



Path 53: VIOLATED (-1038 ps) Setup Check with Pin basic_isa_instance/u_if_u_btb_U_FILE_target_arr_reg[1][1][29]/CP->D
          Group: core_clk
     Startpoint: (R) basic_isa_instance/u_id_ex_inst_ex_o_reg[17]/CP
          Clock: (R) core_clk
       Endpoint: (R) basic_isa_instance/u_if_u_btb_U_FILE_target_arr_reg[1][1][29]/D
          Clock: (R) core_clk

                     Capture       Launch     
        Clock Edge:+    2500            0     
       Src Latency:+       0            0     
       Net Latency:+       0 (I)        0 (I) 
           Arrival:=    2500            0     
                                              
             Setup:-      99                  
     Required Time:=    2401                  
      Launch Clock:-       0                  
         Data Path:-    3439                  
             Slack:=   -1038                  

#----------------------------------------------------------------------------------------------------------------------------------------------------
#                               Timing Point                                 Flags    Arc   Edge   Cell     Fanout Load Trans Delay Arrival Instance 
#                                                                                                                  (fF)  (ps)  (ps)   (ps)  Location 
#----------------------------------------------------------------------------------------------------------------------------------------------------
  basic_isa_instance/u_id_ex_inst_ex_o_reg[17]/CP                            -       -      R     (arrival)    452    -     0     -       0    (-,-) 
  basic_isa_instance/u_id_ex_inst_ex_o_reg[17]/Q                             -       CP->Q  R     DFCNQD4        5  8.6    68   290     290    (-,-) 
  basic_isa_instance/g26680/ZN                                               -       B2->ZN F     OAI22D2        1  2.1    57    77     367    (-,-) 
  basic_isa_instance/g76132/ZN                                               -       A2->ZN R     NR2D2          1  2.6    64    69     435    (-,-) 
  basic_isa_instance/g76131/ZN                                               -       A2->ZN F     CKND2D3        1  6.8    60    62     497    (-,-) 
  basic_isa_instance/g76130/ZN                                               -       A1->ZN R     NR2D8          2  6.8    53    54     551    (-,-) 
  basic_isa_instance/g76217/ZN                                               -       I->ZN  F     CKND4          2  3.6    25    32     583    (-,-) 
  basic_isa_instance/g77911/ZN                                               -       I->ZN  R     CKND2          2  5.3    44    39     622    (-,-) 
  basic_isa_instance/g78595/ZN                                               -       A1->ZN F     NR2D4          9 15.5    53    45     667    (-,-) 
  basic_isa_instance/g84072/ZN                                               -       A1->ZN R     AOI22D2        1  1.9    79    70     737    (-,-) 
  basic_isa_instance/g26450/ZN                                               -       B->ZN  F     IOA21D2        2  1.8    44    48     785    (-,-) 
  basic_isa_instance/g26333/Z                                                -       I1->Z  F     MUX2D2        12 14.4   100   169     954    (-,-) 
  basic_isa_instance/g75482/Z                                                -       I1->Z  F     MUX2D2         3  5.5    66   161    1115    (-,-) 
  basic_isa_instance/g75481/ZN                                               -       A2->ZN R     ND2D2          1  2.2    39    49    1164    (-,-) 
  basic_isa_instance/g75480/ZN                                               -       A3->ZN F     ND3D2          1  1.8    61    67    1231    (-,-) 
  basic_isa_instance/u_branch_add_95_52_Y_u_branch_add_94_43_cdnadd_80081/CO -       CI->CO F     FA1D2          3  3.5    71   131    1362    (-,-) 
  basic_isa_instance/g75445/ZN                                               -       A1->ZN R     ND2D2          1  1.6    35    42    1404    (-,-) 
  basic_isa_instance/g75444/ZN                                               -       A1->ZN F     CKND2D2        2  3.1    44    41    1445    (-,-) 
  basic_isa_instance/g398/ZN                                                 -       A1->ZN R     CKND2D2        1  1.8    38    40    1485    (-,-) 
  basic_isa_instance/g395/ZN                                                 -       A1->ZN F     ND2D2          1  1.8    37    37    1522    (-,-) 
  basic_isa_instance/u_branch_add_95_52_Y_u_branch_add_94_43_cdnadd_8/CO     -       CI->CO F     FA1D2          1  1.8    63   114    1636    (-,-) 
  basic_isa_instance/u_branch_add_95_52_Y_u_branch_add_94_43_cdnadd_84991/CO -       CI->CO F     FA1D2          1  1.8    63   123    1759    (-,-) 
  basic_isa_instance/u_branch_add_95_52_Y_u_branch_add_94_43_cdnadd_10/CO    -       CI->CO F     FA1D2          1  1.8    63   123    1882    (-,-) 
  basic_isa_instance/u_branch_add_95_52_Y_u_branch_add_94_43_cdnadd_11/CO    -       CI->CO F     FA1D2          1  1.8    63   123    2006    (-,-) 
  basic_isa_instance/u_branch_add_95_52_Y_u_branch_add_94_43_cdnadd_12/CO    -       CI->CO F     FA1D2          3  3.6    72   132    2138    (-,-) 
  basic_isa_instance/g86044/ZN                                               -       A1->ZN R     AOI21D2        1  3.0    87    77    2215    (-,-) 
  basic_isa_instance/g86043/ZN                                               -       I->ZN  F     INVD3          3  3.3    34    40    2255    (-,-) 
  basic_isa_instance/g137/ZN                                                 -       A1->ZN R     ND2D2          1  2.5    37    34    2290    (-,-) 
  basic_isa_instance/g135/ZN                                                 -       A1->ZN F     CKND2D3        3  3.3    38    38    2328    (-,-) 
  basic_isa_instance/g83120/ZN                                               -       A1->ZN R     ND2D2          1  1.6    31    32    2360    (-,-) 
  basic_isa_instance/g113/ZN                                                 -       A1->ZN F     CKND2D2        1  1.8    33    33    2393    (-,-) 
  basic_isa_instance/u_branch_add_95_52_Y_u_branch_add_94_43_cdnadd_79059/CO -       CI->CO F     FA1D2          3  4.9    77   126    2519    (-,-) 
  basic_isa_instance/g86072/ZN                                               -       A1->ZN R     AOI21D4        2  3.5    71    67    2586    (-,-) 
  basic_isa_instance/g86074/ZN                                               -       A1->ZN F     OAI21D2        2  2.9    60    59    2645    (-,-) 
  basic_isa_instance/g86077/ZN                                               -       A1->ZN R     CKND2D2        1  1.6    38    44    2689    (-,-) 
  basic_isa_instance/g83153/ZN                                               -       A1->ZN F     CKND2D2        3  3.6    48    44    2734    (-,-) 
  basic_isa_instance/g75492/ZN                                               -       B2->ZN R     IND3D2         1  1.6    43    41    2774    (-,-) 
  basic_isa_instance/g75491/ZN                                               -       A1->ZN F     CKND2D2        4  5.2    61    54    2828    (-,-) 
  basic_isa_instance/g75461/ZN                                               -       B2->ZN R     IND3D2         1  1.6    43    45    2873    (-,-) 
  basic_isa_instance/g75460/ZN                                               -       A1->ZN F     CKND2D2        5  6.1    69    58    2931    (-,-) 
  basic_isa_instance/g400/ZN                                                 -       A1->ZN R     ND2D2          1  3.4    44    50    2982    (-,-) 
  basic_isa_instance/g393/ZN                                                 -       A1->ZN F     CKND2D4        4  7.0    48    46    3028    (-,-) 
  basic_isa_instance/g642/ZN                                                 -       A1->ZN R     ND2D2          1  1.6    32    36    3064    (-,-) 
  basic_isa_instance/g641/ZN                                                 -       A1->ZN F     CKND2D2        4  4.2    52    45    3109    (-,-) 
  basic_isa_instance/g306/ZN                                                 -       A1->ZN R     ND2D2          2  3.4    44    45    3154    (-,-) 
  basic_isa_instance/g305/ZN                                                 -       I->ZN  F     CKND2          1  1.8    23    30    3183    (-,-) 
  basic_isa_instance/g299/ZN                                                 -       A1->ZN R     NR2D2          1  1.8    50    44    3227    (-,-) 
  basic_isa_instance/g297/ZN                                                 -       B->ZN  F     IAO21D2        1  1.7    40    29    3257    (-,-) 
  basic_isa_instance/g296/ZN                                                 -       B->ZN  R     IOA21D2        2  2.9    48    38    3295    (-,-) 
  basic_isa_instance/g35722/Z                                                -       A1->Z  R     AN2D2         16 14.4   119   144    3439    (-,-) 
  basic_isa_instance/u_if_u_btb_U_FILE_target_arr_reg[1][1][29]/D            -       -      R     DFCNQD2       16    -     -     0    3439    (-,-) 
#----------------------------------------------------------------------------------------------------------------------------------------------------



Path 54: VIOLATED (-1038 ps) Setup Check with Pin basic_isa_instance/u_if_u_btb_U_FILE_target_arr_reg[1][0][29]/CP->D
          Group: core_clk
     Startpoint: (R) basic_isa_instance/u_id_ex_inst_ex_o_reg[17]/CP
          Clock: (R) core_clk
       Endpoint: (R) basic_isa_instance/u_if_u_btb_U_FILE_target_arr_reg[1][0][29]/D
          Clock: (R) core_clk

                     Capture       Launch     
        Clock Edge:+    2500            0     
       Src Latency:+       0            0     
       Net Latency:+       0 (I)        0 (I) 
           Arrival:=    2500            0     
                                              
             Setup:-      99                  
     Required Time:=    2401                  
      Launch Clock:-       0                  
         Data Path:-    3439                  
             Slack:=   -1038                  

#----------------------------------------------------------------------------------------------------------------------------------------------------
#                               Timing Point                                 Flags    Arc   Edge   Cell     Fanout Load Trans Delay Arrival Instance 
#                                                                                                                  (fF)  (ps)  (ps)   (ps)  Location 
#----------------------------------------------------------------------------------------------------------------------------------------------------
  basic_isa_instance/u_id_ex_inst_ex_o_reg[17]/CP                            -       -      R     (arrival)    452    -     0     -       0    (-,-) 
  basic_isa_instance/u_id_ex_inst_ex_o_reg[17]/Q                             -       CP->Q  R     DFCNQD4        5  8.6    68   290     290    (-,-) 
  basic_isa_instance/g26680/ZN                                               -       B2->ZN F     OAI22D2        1  2.1    57    77     367    (-,-) 
  basic_isa_instance/g76132/ZN                                               -       A2->ZN R     NR2D2          1  2.6    64    69     435    (-,-) 
  basic_isa_instance/g76131/ZN                                               -       A2->ZN F     CKND2D3        1  6.8    60    62     497    (-,-) 
  basic_isa_instance/g76130/ZN                                               -       A1->ZN R     NR2D8          2  6.8    53    54     551    (-,-) 
  basic_isa_instance/g76217/ZN                                               -       I->ZN  F     CKND4          2  3.6    25    32     583    (-,-) 
  basic_isa_instance/g77911/ZN                                               -       I->ZN  R     CKND2          2  5.3    44    39     622    (-,-) 
  basic_isa_instance/g78595/ZN                                               -       A1->ZN F     NR2D4          9 15.5    53    45     667    (-,-) 
  basic_isa_instance/g84072/ZN                                               -       A1->ZN R     AOI22D2        1  1.9    79    70     737    (-,-) 
  basic_isa_instance/g26450/ZN                                               -       B->ZN  F     IOA21D2        2  1.8    44    48     785    (-,-) 
  basic_isa_instance/g26333/Z                                                -       I1->Z  F     MUX2D2        12 14.4   100   169     954    (-,-) 
  basic_isa_instance/g75482/Z                                                -       I1->Z  F     MUX2D2         3  5.5    66   161    1115    (-,-) 
  basic_isa_instance/g75481/ZN                                               -       A2->ZN R     ND2D2          1  2.2    39    49    1164    (-,-) 
  basic_isa_instance/g75480/ZN                                               -       A3->ZN F     ND3D2          1  1.8    61    67    1231    (-,-) 
  basic_isa_instance/u_branch_add_95_52_Y_u_branch_add_94_43_cdnadd_80081/CO -       CI->CO F     FA1D2          3  3.5    71   131    1362    (-,-) 
  basic_isa_instance/g75445/ZN                                               -       A1->ZN R     ND2D2          1  1.6    35    42    1404    (-,-) 
  basic_isa_instance/g75444/ZN                                               -       A1->ZN F     CKND2D2        2  3.1    44    41    1445    (-,-) 
  basic_isa_instance/g398/ZN                                                 -       A1->ZN R     CKND2D2        1  1.8    38    40    1485    (-,-) 
  basic_isa_instance/g395/ZN                                                 -       A1->ZN F     ND2D2          1  1.8    37    37    1522    (-,-) 
  basic_isa_instance/u_branch_add_95_52_Y_u_branch_add_94_43_cdnadd_8/CO     -       CI->CO F     FA1D2          1  1.8    63   114    1636    (-,-) 
  basic_isa_instance/u_branch_add_95_52_Y_u_branch_add_94_43_cdnadd_84991/CO -       CI->CO F     FA1D2          1  1.8    63   123    1759    (-,-) 
  basic_isa_instance/u_branch_add_95_52_Y_u_branch_add_94_43_cdnadd_10/CO    -       CI->CO F     FA1D2          1  1.8    63   123    1882    (-,-) 
  basic_isa_instance/u_branch_add_95_52_Y_u_branch_add_94_43_cdnadd_11/CO    -       CI->CO F     FA1D2          1  1.8    63   123    2006    (-,-) 
  basic_isa_instance/u_branch_add_95_52_Y_u_branch_add_94_43_cdnadd_12/CO    -       CI->CO F     FA1D2          3  3.6    72   132    2138    (-,-) 
  basic_isa_instance/g86044/ZN                                               -       A1->ZN R     AOI21D2        1  3.0    87    77    2215    (-,-) 
  basic_isa_instance/g86043/ZN                                               -       I->ZN  F     INVD3          3  3.3    34    40    2255    (-,-) 
  basic_isa_instance/g137/ZN                                                 -       A1->ZN R     ND2D2          1  2.5    37    34    2290    (-,-) 
  basic_isa_instance/g135/ZN                                                 -       A1->ZN F     CKND2D3        3  3.3    38    38    2328    (-,-) 
  basic_isa_instance/g83120/ZN                                               -       A1->ZN R     ND2D2          1  1.6    31    32    2360    (-,-) 
  basic_isa_instance/g113/ZN                                                 -       A1->ZN F     CKND2D2        1  1.8    33    33    2393    (-,-) 
  basic_isa_instance/u_branch_add_95_52_Y_u_branch_add_94_43_cdnadd_79059/CO -       CI->CO F     FA1D2          3  4.9    77   126    2519    (-,-) 
  basic_isa_instance/g86072/ZN                                               -       A1->ZN R     AOI21D4        2  3.5    71    67    2586    (-,-) 
  basic_isa_instance/g86074/ZN                                               -       A1->ZN F     OAI21D2        2  2.9    60    59    2645    (-,-) 
  basic_isa_instance/g86077/ZN                                               -       A1->ZN R     CKND2D2        1  1.6    38    44    2689    (-,-) 
  basic_isa_instance/g83153/ZN                                               -       A1->ZN F     CKND2D2        3  3.6    48    44    2734    (-,-) 
  basic_isa_instance/g75492/ZN                                               -       B2->ZN R     IND3D2         1  1.6    43    41    2774    (-,-) 
  basic_isa_instance/g75491/ZN                                               -       A1->ZN F     CKND2D2        4  5.2    61    54    2828    (-,-) 
  basic_isa_instance/g75461/ZN                                               -       B2->ZN R     IND3D2         1  1.6    43    45    2873    (-,-) 
  basic_isa_instance/g75460/ZN                                               -       A1->ZN F     CKND2D2        5  6.1    69    58    2931    (-,-) 
  basic_isa_instance/g400/ZN                                                 -       A1->ZN R     ND2D2          1  3.4    44    50    2982    (-,-) 
  basic_isa_instance/g393/ZN                                                 -       A1->ZN F     CKND2D4        4  7.0    48    46    3028    (-,-) 
  basic_isa_instance/g642/ZN                                                 -       A1->ZN R     ND2D2          1  1.6    32    36    3064    (-,-) 
  basic_isa_instance/g641/ZN                                                 -       A1->ZN F     CKND2D2        4  4.2    52    45    3109    (-,-) 
  basic_isa_instance/g306/ZN                                                 -       A1->ZN R     ND2D2          2  3.4    44    45    3154    (-,-) 
  basic_isa_instance/g305/ZN                                                 -       I->ZN  F     CKND2          1  1.8    23    30    3183    (-,-) 
  basic_isa_instance/g299/ZN                                                 -       A1->ZN R     NR2D2          1  1.8    50    44    3227    (-,-) 
  basic_isa_instance/g297/ZN                                                 -       B->ZN  F     IAO21D2        1  1.7    40    29    3257    (-,-) 
  basic_isa_instance/g296/ZN                                                 -       B->ZN  R     IOA21D2        2  2.9    48    38    3295    (-,-) 
  basic_isa_instance/g35722/Z                                                -       A1->Z  R     AN2D2         16 14.4   119   144    3439    (-,-) 
  basic_isa_instance/u_if_u_btb_U_FILE_target_arr_reg[1][0][29]/D            -       -      R     DFCNQD2       16    -     -     0    3439    (-,-) 
#----------------------------------------------------------------------------------------------------------------------------------------------------



Path 55: VIOLATED (-1038 ps) Setup Check with Pin basic_isa_instance/u_if_u_btb_U_FILE_target_arr_reg[0][1][29]/CP->D
          Group: core_clk
     Startpoint: (R) basic_isa_instance/u_id_ex_inst_ex_o_reg[17]/CP
          Clock: (R) core_clk
       Endpoint: (R) basic_isa_instance/u_if_u_btb_U_FILE_target_arr_reg[0][1][29]/D
          Clock: (R) core_clk

                     Capture       Launch     
        Clock Edge:+    2500            0     
       Src Latency:+       0            0     
       Net Latency:+       0 (I)        0 (I) 
           Arrival:=    2500            0     
                                              
             Setup:-      99                  
     Required Time:=    2401                  
      Launch Clock:-       0                  
         Data Path:-    3439                  
             Slack:=   -1038                  

#----------------------------------------------------------------------------------------------------------------------------------------------------
#                               Timing Point                                 Flags    Arc   Edge   Cell     Fanout Load Trans Delay Arrival Instance 
#                                                                                                                  (fF)  (ps)  (ps)   (ps)  Location 
#----------------------------------------------------------------------------------------------------------------------------------------------------
  basic_isa_instance/u_id_ex_inst_ex_o_reg[17]/CP                            -       -      R     (arrival)    452    -     0     -       0    (-,-) 
  basic_isa_instance/u_id_ex_inst_ex_o_reg[17]/Q                             -       CP->Q  R     DFCNQD4        5  8.6    68   290     290    (-,-) 
  basic_isa_instance/g26680/ZN                                               -       B2->ZN F     OAI22D2        1  2.1    57    77     367    (-,-) 
  basic_isa_instance/g76132/ZN                                               -       A2->ZN R     NR2D2          1  2.6    64    69     435    (-,-) 
  basic_isa_instance/g76131/ZN                                               -       A2->ZN F     CKND2D3        1  6.8    60    62     497    (-,-) 
  basic_isa_instance/g76130/ZN                                               -       A1->ZN R     NR2D8          2  6.8    53    54     551    (-,-) 
  basic_isa_instance/g76217/ZN                                               -       I->ZN  F     CKND4          2  3.6    25    32     583    (-,-) 
  basic_isa_instance/g77911/ZN                                               -       I->ZN  R     CKND2          2  5.3    44    39     622    (-,-) 
  basic_isa_instance/g78595/ZN                                               -       A1->ZN F     NR2D4          9 15.5    53    45     667    (-,-) 
  basic_isa_instance/g84072/ZN                                               -       A1->ZN R     AOI22D2        1  1.9    79    70     737    (-,-) 
  basic_isa_instance/g26450/ZN                                               -       B->ZN  F     IOA21D2        2  1.8    44    48     785    (-,-) 
  basic_isa_instance/g26333/Z                                                -       I1->Z  F     MUX2D2        12 14.4   100   169     954    (-,-) 
  basic_isa_instance/g75482/Z                                                -       I1->Z  F     MUX2D2         3  5.5    66   161    1115    (-,-) 
  basic_isa_instance/g75481/ZN                                               -       A2->ZN R     ND2D2          1  2.2    39    49    1164    (-,-) 
  basic_isa_instance/g75480/ZN                                               -       A3->ZN F     ND3D2          1  1.8    61    67    1231    (-,-) 
  basic_isa_instance/u_branch_add_95_52_Y_u_branch_add_94_43_cdnadd_80081/CO -       CI->CO F     FA1D2          3  3.5    71   131    1362    (-,-) 
  basic_isa_instance/g75445/ZN                                               -       A1->ZN R     ND2D2          1  1.6    35    42    1404    (-,-) 
  basic_isa_instance/g75444/ZN                                               -       A1->ZN F     CKND2D2        2  3.1    44    41    1445    (-,-) 
  basic_isa_instance/g398/ZN                                                 -       A1->ZN R     CKND2D2        1  1.8    38    40    1485    (-,-) 
  basic_isa_instance/g395/ZN                                                 -       A1->ZN F     ND2D2          1  1.8    37    37    1522    (-,-) 
  basic_isa_instance/u_branch_add_95_52_Y_u_branch_add_94_43_cdnadd_8/CO     -       CI->CO F     FA1D2          1  1.8    63   114    1636    (-,-) 
  basic_isa_instance/u_branch_add_95_52_Y_u_branch_add_94_43_cdnadd_84991/CO -       CI->CO F     FA1D2          1  1.8    63   123    1759    (-,-) 
  basic_isa_instance/u_branch_add_95_52_Y_u_branch_add_94_43_cdnadd_10/CO    -       CI->CO F     FA1D2          1  1.8    63   123    1882    (-,-) 
  basic_isa_instance/u_branch_add_95_52_Y_u_branch_add_94_43_cdnadd_11/CO    -       CI->CO F     FA1D2          1  1.8    63   123    2006    (-,-) 
  basic_isa_instance/u_branch_add_95_52_Y_u_branch_add_94_43_cdnadd_12/CO    -       CI->CO F     FA1D2          3  3.6    72   132    2138    (-,-) 
  basic_isa_instance/g86044/ZN                                               -       A1->ZN R     AOI21D2        1  3.0    87    77    2215    (-,-) 
  basic_isa_instance/g86043/ZN                                               -       I->ZN  F     INVD3          3  3.3    34    40    2255    (-,-) 
  basic_isa_instance/g137/ZN                                                 -       A1->ZN R     ND2D2          1  2.5    37    34    2290    (-,-) 
  basic_isa_instance/g135/ZN                                                 -       A1->ZN F     CKND2D3        3  3.3    38    38    2328    (-,-) 
  basic_isa_instance/g83120/ZN                                               -       A1->ZN R     ND2D2          1  1.6    31    32    2360    (-,-) 
  basic_isa_instance/g113/ZN                                                 -       A1->ZN F     CKND2D2        1  1.8    33    33    2393    (-,-) 
  basic_isa_instance/u_branch_add_95_52_Y_u_branch_add_94_43_cdnadd_79059/CO -       CI->CO F     FA1D2          3  4.9    77   126    2519    (-,-) 
  basic_isa_instance/g86072/ZN                                               -       A1->ZN R     AOI21D4        2  3.5    71    67    2586    (-,-) 
  basic_isa_instance/g86074/ZN                                               -       A1->ZN F     OAI21D2        2  2.9    60    59    2645    (-,-) 
  basic_isa_instance/g86077/ZN                                               -       A1->ZN R     CKND2D2        1  1.6    38    44    2689    (-,-) 
  basic_isa_instance/g83153/ZN                                               -       A1->ZN F     CKND2D2        3  3.6    48    44    2734    (-,-) 
  basic_isa_instance/g75492/ZN                                               -       B2->ZN R     IND3D2         1  1.6    43    41    2774    (-,-) 
  basic_isa_instance/g75491/ZN                                               -       A1->ZN F     CKND2D2        4  5.2    61    54    2828    (-,-) 
  basic_isa_instance/g75461/ZN                                               -       B2->ZN R     IND3D2         1  1.6    43    45    2873    (-,-) 
  basic_isa_instance/g75460/ZN                                               -       A1->ZN F     CKND2D2        5  6.1    69    58    2931    (-,-) 
  basic_isa_instance/g400/ZN                                                 -       A1->ZN R     ND2D2          1  3.4    44    50    2982    (-,-) 
  basic_isa_instance/g393/ZN                                                 -       A1->ZN F     CKND2D4        4  7.0    48    46    3028    (-,-) 
  basic_isa_instance/g642/ZN                                                 -       A1->ZN R     ND2D2          1  1.6    32    36    3064    (-,-) 
  basic_isa_instance/g641/ZN                                                 -       A1->ZN F     CKND2D2        4  4.2    52    45    3109    (-,-) 
  basic_isa_instance/g306/ZN                                                 -       A1->ZN R     ND2D2          2  3.4    44    45    3154    (-,-) 
  basic_isa_instance/g305/ZN                                                 -       I->ZN  F     CKND2          1  1.8    23    30    3183    (-,-) 
  basic_isa_instance/g299/ZN                                                 -       A1->ZN R     NR2D2          1  1.8    50    44    3227    (-,-) 
  basic_isa_instance/g297/ZN                                                 -       B->ZN  F     IAO21D2        1  1.7    40    29    3257    (-,-) 
  basic_isa_instance/g296/ZN                                                 -       B->ZN  R     IOA21D2        2  2.9    48    38    3295    (-,-) 
  basic_isa_instance/g35722/Z                                                -       A1->Z  R     AN2D2         16 14.4   119   144    3439    (-,-) 
  basic_isa_instance/u_if_u_btb_U_FILE_target_arr_reg[0][1][29]/D            -       -      R     DFCNQD2       16    -     -     0    3439    (-,-) 
#----------------------------------------------------------------------------------------------------------------------------------------------------



Path 56: VIOLATED (-1038 ps) Setup Check with Pin basic_isa_instance/u_if_u_btb_U_FILE_target_arr_reg[0][0][29]/CP->D
          Group: core_clk
     Startpoint: (R) basic_isa_instance/u_id_ex_inst_ex_o_reg[17]/CP
          Clock: (R) core_clk
       Endpoint: (R) basic_isa_instance/u_if_u_btb_U_FILE_target_arr_reg[0][0][29]/D
          Clock: (R) core_clk

                     Capture       Launch     
        Clock Edge:+    2500            0     
       Src Latency:+       0            0     
       Net Latency:+       0 (I)        0 (I) 
           Arrival:=    2500            0     
                                              
             Setup:-      99                  
     Required Time:=    2401                  
      Launch Clock:-       0                  
         Data Path:-    3439                  
             Slack:=   -1038                  

#----------------------------------------------------------------------------------------------------------------------------------------------------
#                               Timing Point                                 Flags    Arc   Edge   Cell     Fanout Load Trans Delay Arrival Instance 
#                                                                                                                  (fF)  (ps)  (ps)   (ps)  Location 
#----------------------------------------------------------------------------------------------------------------------------------------------------
  basic_isa_instance/u_id_ex_inst_ex_o_reg[17]/CP                            -       -      R     (arrival)    452    -     0     -       0    (-,-) 
  basic_isa_instance/u_id_ex_inst_ex_o_reg[17]/Q                             -       CP->Q  R     DFCNQD4        5  8.6    68   290     290    (-,-) 
  basic_isa_instance/g26680/ZN                                               -       B2->ZN F     OAI22D2        1  2.1    57    77     367    (-,-) 
  basic_isa_instance/g76132/ZN                                               -       A2->ZN R     NR2D2          1  2.6    64    69     435    (-,-) 
  basic_isa_instance/g76131/ZN                                               -       A2->ZN F     CKND2D3        1  6.8    60    62     497    (-,-) 
  basic_isa_instance/g76130/ZN                                               -       A1->ZN R     NR2D8          2  6.8    53    54     551    (-,-) 
  basic_isa_instance/g76217/ZN                                               -       I->ZN  F     CKND4          2  3.6    25    32     583    (-,-) 
  basic_isa_instance/g77911/ZN                                               -       I->ZN  R     CKND2          2  5.3    44    39     622    (-,-) 
  basic_isa_instance/g78595/ZN                                               -       A1->ZN F     NR2D4          9 15.5    53    45     667    (-,-) 
  basic_isa_instance/g84072/ZN                                               -       A1->ZN R     AOI22D2        1  1.9    79    70     737    (-,-) 
  basic_isa_instance/g26450/ZN                                               -       B->ZN  F     IOA21D2        2  1.8    44    48     785    (-,-) 
  basic_isa_instance/g26333/Z                                                -       I1->Z  F     MUX2D2        12 14.4   100   169     954    (-,-) 
  basic_isa_instance/g75482/Z                                                -       I1->Z  F     MUX2D2         3  5.5    66   161    1115    (-,-) 
  basic_isa_instance/g75481/ZN                                               -       A2->ZN R     ND2D2          1  2.2    39    49    1164    (-,-) 
  basic_isa_instance/g75480/ZN                                               -       A3->ZN F     ND3D2          1  1.8    61    67    1231    (-,-) 
  basic_isa_instance/u_branch_add_95_52_Y_u_branch_add_94_43_cdnadd_80081/CO -       CI->CO F     FA1D2          3  3.5    71   131    1362    (-,-) 
  basic_isa_instance/g75445/ZN                                               -       A1->ZN R     ND2D2          1  1.6    35    42    1404    (-,-) 
  basic_isa_instance/g75444/ZN                                               -       A1->ZN F     CKND2D2        2  3.1    44    41    1445    (-,-) 
  basic_isa_instance/g398/ZN                                                 -       A1->ZN R     CKND2D2        1  1.8    38    40    1485    (-,-) 
  basic_isa_instance/g395/ZN                                                 -       A1->ZN F     ND2D2          1  1.8    37    37    1522    (-,-) 
  basic_isa_instance/u_branch_add_95_52_Y_u_branch_add_94_43_cdnadd_8/CO     -       CI->CO F     FA1D2          1  1.8    63   114    1636    (-,-) 
  basic_isa_instance/u_branch_add_95_52_Y_u_branch_add_94_43_cdnadd_84991/CO -       CI->CO F     FA1D2          1  1.8    63   123    1759    (-,-) 
  basic_isa_instance/u_branch_add_95_52_Y_u_branch_add_94_43_cdnadd_10/CO    -       CI->CO F     FA1D2          1  1.8    63   123    1882    (-,-) 
  basic_isa_instance/u_branch_add_95_52_Y_u_branch_add_94_43_cdnadd_11/CO    -       CI->CO F     FA1D2          1  1.8    63   123    2006    (-,-) 
  basic_isa_instance/u_branch_add_95_52_Y_u_branch_add_94_43_cdnadd_12/CO    -       CI->CO F     FA1D2          3  3.6    72   132    2138    (-,-) 
  basic_isa_instance/g86044/ZN                                               -       A1->ZN R     AOI21D2        1  3.0    87    77    2215    (-,-) 
  basic_isa_instance/g86043/ZN                                               -       I->ZN  F     INVD3          3  3.3    34    40    2255    (-,-) 
  basic_isa_instance/g137/ZN                                                 -       A1->ZN R     ND2D2          1  2.5    37    34    2290    (-,-) 
  basic_isa_instance/g135/ZN                                                 -       A1->ZN F     CKND2D3        3  3.3    38    38    2328    (-,-) 
  basic_isa_instance/g83120/ZN                                               -       A1->ZN R     ND2D2          1  1.6    31    32    2360    (-,-) 
  basic_isa_instance/g113/ZN                                                 -       A1->ZN F     CKND2D2        1  1.8    33    33    2393    (-,-) 
  basic_isa_instance/u_branch_add_95_52_Y_u_branch_add_94_43_cdnadd_79059/CO -       CI->CO F     FA1D2          3  4.9    77   126    2519    (-,-) 
  basic_isa_instance/g86072/ZN                                               -       A1->ZN R     AOI21D4        2  3.5    71    67    2586    (-,-) 
  basic_isa_instance/g86074/ZN                                               -       A1->ZN F     OAI21D2        2  2.9    60    59    2645    (-,-) 
  basic_isa_instance/g86077/ZN                                               -       A1->ZN R     CKND2D2        1  1.6    38    44    2689    (-,-) 
  basic_isa_instance/g83153/ZN                                               -       A1->ZN F     CKND2D2        3  3.6    48    44    2734    (-,-) 
  basic_isa_instance/g75492/ZN                                               -       B2->ZN R     IND3D2         1  1.6    43    41    2774    (-,-) 
  basic_isa_instance/g75491/ZN                                               -       A1->ZN F     CKND2D2        4  5.2    61    54    2828    (-,-) 
  basic_isa_instance/g75461/ZN                                               -       B2->ZN R     IND3D2         1  1.6    43    45    2873    (-,-) 
  basic_isa_instance/g75460/ZN                                               -       A1->ZN F     CKND2D2        5  6.1    69    58    2931    (-,-) 
  basic_isa_instance/g400/ZN                                                 -       A1->ZN R     ND2D2          1  3.4    44    50    2982    (-,-) 
  basic_isa_instance/g393/ZN                                                 -       A1->ZN F     CKND2D4        4  7.0    48    46    3028    (-,-) 
  basic_isa_instance/g642/ZN                                                 -       A1->ZN R     ND2D2          1  1.6    32    36    3064    (-,-) 
  basic_isa_instance/g641/ZN                                                 -       A1->ZN F     CKND2D2        4  4.2    52    45    3109    (-,-) 
  basic_isa_instance/g306/ZN                                                 -       A1->ZN R     ND2D2          2  3.4    44    45    3154    (-,-) 
  basic_isa_instance/g305/ZN                                                 -       I->ZN  F     CKND2          1  1.8    23    30    3183    (-,-) 
  basic_isa_instance/g299/ZN                                                 -       A1->ZN R     NR2D2          1  1.8    50    44    3227    (-,-) 
  basic_isa_instance/g297/ZN                                                 -       B->ZN  F     IAO21D2        1  1.7    40    29    3257    (-,-) 
  basic_isa_instance/g296/ZN                                                 -       B->ZN  R     IOA21D2        2  2.9    48    38    3295    (-,-) 
  basic_isa_instance/g35722/Z                                                -       A1->Z  R     AN2D2         16 14.4   119   144    3439    (-,-) 
  basic_isa_instance/u_if_u_btb_U_FILE_target_arr_reg[0][0][29]/D            -       -      R     DFCNQD2       16    -     -     0    3439    (-,-) 
#----------------------------------------------------------------------------------------------------------------------------------------------------



Path 57: VIOLATED (-999 ps) Setup Check with Pin basic_isa_instance/u_if_u_btb_U_FILE_target_arr_reg[7][1][28]/CP->D
          Group: core_clk
     Startpoint: (R) basic_isa_instance/u_id_ex_inst_ex_o_reg[17]/CP
          Clock: (R) core_clk
       Endpoint: (R) basic_isa_instance/u_if_u_btb_U_FILE_target_arr_reg[7][1][28]/D
          Clock: (R) core_clk

                     Capture       Launch     
        Clock Edge:+    2500            0     
       Src Latency:+       0            0     
       Net Latency:+       0 (I)        0 (I) 
           Arrival:=    2500            0     
                                              
             Setup:-      99                  
     Required Time:=    2401                  
      Launch Clock:-       0                  
         Data Path:-    3400                  
             Slack:=    -999                  

#----------------------------------------------------------------------------------------------------------------------------------------------------
#                               Timing Point                                 Flags    Arc   Edge   Cell     Fanout Load Trans Delay Arrival Instance 
#                                                                                                                  (fF)  (ps)  (ps)   (ps)  Location 
#----------------------------------------------------------------------------------------------------------------------------------------------------
  basic_isa_instance/u_id_ex_inst_ex_o_reg[17]/CP                            -       -      R     (arrival)    452    -     0     -       0    (-,-) 
  basic_isa_instance/u_id_ex_inst_ex_o_reg[17]/Q                             -       CP->Q  R     DFCNQD4        5  8.6    68   290     290    (-,-) 
  basic_isa_instance/g26680/ZN                                               -       B2->ZN F     OAI22D2        1  2.1    57    77     367    (-,-) 
  basic_isa_instance/g76132/ZN                                               -       A2->ZN R     NR2D2          1  2.6    64    69     435    (-,-) 
  basic_isa_instance/g76131/ZN                                               -       A2->ZN F     CKND2D3        1  6.8    60    62     497    (-,-) 
  basic_isa_instance/g76130/ZN                                               -       A1->ZN R     NR2D8          2  6.8    53    54     551    (-,-) 
  basic_isa_instance/g76217/ZN                                               -       I->ZN  F     CKND4          2  3.6    25    32     583    (-,-) 
  basic_isa_instance/g77911/ZN                                               -       I->ZN  R     CKND2          2  5.3    44    39     622    (-,-) 
  basic_isa_instance/g78595/ZN                                               -       A1->ZN F     NR2D4          9 15.5    53    45     667    (-,-) 
  basic_isa_instance/g84072/ZN                                               -       A1->ZN R     AOI22D2        1  1.9    79    70     737    (-,-) 
  basic_isa_instance/g26450/ZN                                               -       B->ZN  F     IOA21D2        2  1.8    44    48     785    (-,-) 
  basic_isa_instance/g26333/Z                                                -       I1->Z  F     MUX2D2        12 14.4   100   169     954    (-,-) 
  basic_isa_instance/g75482/Z                                                -       I1->Z  F     MUX2D2         3  5.5    66   161    1115    (-,-) 
  basic_isa_instance/g75481/ZN                                               -       A2->ZN R     ND2D2          1  2.2    39    49    1164    (-,-) 
  basic_isa_instance/g75480/ZN                                               -       A3->ZN F     ND3D2          1  1.8    61    67    1231    (-,-) 
  basic_isa_instance/u_branch_add_95_52_Y_u_branch_add_94_43_cdnadd_80081/CO -       CI->CO F     FA1D2          3  3.5    71   131    1362    (-,-) 
  basic_isa_instance/g75445/ZN                                               -       A1->ZN R     ND2D2          1  1.6    35    42    1404    (-,-) 
  basic_isa_instance/g75444/ZN                                               -       A1->ZN F     CKND2D2        2  3.1    44    41    1445    (-,-) 
  basic_isa_instance/g398/ZN                                                 -       A1->ZN R     CKND2D2        1  1.8    38    40    1485    (-,-) 
  basic_isa_instance/g395/ZN                                                 -       A1->ZN F     ND2D2          1  1.8    37    37    1522    (-,-) 
  basic_isa_instance/u_branch_add_95_52_Y_u_branch_add_94_43_cdnadd_8/CO     -       CI->CO F     FA1D2          1  1.8    63   114    1636    (-,-) 
  basic_isa_instance/u_branch_add_95_52_Y_u_branch_add_94_43_cdnadd_84991/CO -       CI->CO F     FA1D2          1  1.8    63   123    1759    (-,-) 
  basic_isa_instance/u_branch_add_95_52_Y_u_branch_add_94_43_cdnadd_10/CO    -       CI->CO F     FA1D2          1  1.8    63   123    1882    (-,-) 
  basic_isa_instance/u_branch_add_95_52_Y_u_branch_add_94_43_cdnadd_11/CO    -       CI->CO F     FA1D2          1  1.8    63   123    2006    (-,-) 
  basic_isa_instance/u_branch_add_95_52_Y_u_branch_add_94_43_cdnadd_12/CO    -       CI->CO F     FA1D2          3  3.6    72   132    2138    (-,-) 
  basic_isa_instance/g86044/ZN                                               -       A1->ZN R     AOI21D2        1  3.0    87    77    2215    (-,-) 
  basic_isa_instance/g86043/ZN                                               -       I->ZN  F     INVD3          3  3.3    34    40    2255    (-,-) 
  basic_isa_instance/g137/ZN                                                 -       A1->ZN R     ND2D2          1  2.5    37    34    2290    (-,-) 
  basic_isa_instance/g135/ZN                                                 -       A1->ZN F     CKND2D3        3  3.3    38    38    2328    (-,-) 
  basic_isa_instance/g83120/ZN                                               -       A1->ZN R     ND2D2          1  1.6    31    32    2360    (-,-) 
  basic_isa_instance/g113/ZN                                                 -       A1->ZN F     CKND2D2        1  1.8    33    33    2393    (-,-) 
  basic_isa_instance/u_branch_add_95_52_Y_u_branch_add_94_43_cdnadd_79059/CO -       CI->CO F     FA1D2          3  4.9    77   126    2519    (-,-) 
  basic_isa_instance/g86072/ZN                                               -       A1->ZN R     AOI21D4        2  3.5    71    67    2586    (-,-) 
  basic_isa_instance/g86074/ZN                                               -       A1->ZN F     OAI21D2        2  2.9    60    59    2645    (-,-) 
  basic_isa_instance/g86077/ZN                                               -       A1->ZN R     CKND2D2        1  1.6    38    44    2689    (-,-) 
  basic_isa_instance/g83153/ZN                                               -       A1->ZN F     CKND2D2        3  3.6    48    44    2734    (-,-) 
  basic_isa_instance/g75492/ZN                                               -       B2->ZN R     IND3D2         1  1.6    43    41    2774    (-,-) 
  basic_isa_instance/g75491/ZN                                               -       A1->ZN F     CKND2D2        4  5.2    61    54    2828    (-,-) 
  basic_isa_instance/g75461/ZN                                               -       B2->ZN R     IND3D2         1  1.6    43    45    2873    (-,-) 
  basic_isa_instance/g75460/ZN                                               -       A1->ZN F     CKND2D2        5  6.1    69    58    2931    (-,-) 
  basic_isa_instance/g400/ZN                                                 -       A1->ZN R     ND2D2          1  3.4    44    50    2982    (-,-) 
  basic_isa_instance/g393/ZN                                                 -       A1->ZN F     CKND2D4        4  7.0    48    46    3028    (-,-) 
  basic_isa_instance/g642/ZN                                                 -       A1->ZN R     ND2D2          1  1.6    32    36    3064    (-,-) 
  basic_isa_instance/g641/ZN                                                 -       A1->ZN F     CKND2D2        4  4.2    52    45    3109    (-,-) 
  basic_isa_instance/g307/Z                                                  -       A1->Z  F     OR2D2          1  1.7    39   110    3219    (-,-) 
  basic_isa_instance/g76671/ZN                                               -       B->ZN  R     IOA21D2        2  2.6    46    37    3256    (-,-) 
  basic_isa_instance/g35732/Z                                                -       A1->Z  R     AN2D2         16 14.4   119   143    3400    (-,-) 
  basic_isa_instance/u_if_u_btb_U_FILE_target_arr_reg[7][1][28]/D            -       -      R     DFCNQD2       16    -     -     0    3400    (-,-) 
#----------------------------------------------------------------------------------------------------------------------------------------------------



Path 58: VIOLATED (-999 ps) Setup Check with Pin basic_isa_instance/u_if_u_btb_U_FILE_target_arr_reg[7][0][28]/CP->D
          Group: core_clk
     Startpoint: (R) basic_isa_instance/u_id_ex_inst_ex_o_reg[17]/CP
          Clock: (R) core_clk
       Endpoint: (R) basic_isa_instance/u_if_u_btb_U_FILE_target_arr_reg[7][0][28]/D
          Clock: (R) core_clk

                     Capture       Launch     
        Clock Edge:+    2500            0     
       Src Latency:+       0            0     
       Net Latency:+       0 (I)        0 (I) 
           Arrival:=    2500            0     
                                              
             Setup:-      99                  
     Required Time:=    2401                  
      Launch Clock:-       0                  
         Data Path:-    3400                  
             Slack:=    -999                  

#----------------------------------------------------------------------------------------------------------------------------------------------------
#                               Timing Point                                 Flags    Arc   Edge   Cell     Fanout Load Trans Delay Arrival Instance 
#                                                                                                                  (fF)  (ps)  (ps)   (ps)  Location 
#----------------------------------------------------------------------------------------------------------------------------------------------------
  basic_isa_instance/u_id_ex_inst_ex_o_reg[17]/CP                            -       -      R     (arrival)    452    -     0     -       0    (-,-) 
  basic_isa_instance/u_id_ex_inst_ex_o_reg[17]/Q                             -       CP->Q  R     DFCNQD4        5  8.6    68   290     290    (-,-) 
  basic_isa_instance/g26680/ZN                                               -       B2->ZN F     OAI22D2        1  2.1    57    77     367    (-,-) 
  basic_isa_instance/g76132/ZN                                               -       A2->ZN R     NR2D2          1  2.6    64    69     435    (-,-) 
  basic_isa_instance/g76131/ZN                                               -       A2->ZN F     CKND2D3        1  6.8    60    62     497    (-,-) 
  basic_isa_instance/g76130/ZN                                               -       A1->ZN R     NR2D8          2  6.8    53    54     551    (-,-) 
  basic_isa_instance/g76217/ZN                                               -       I->ZN  F     CKND4          2  3.6    25    32     583    (-,-) 
  basic_isa_instance/g77911/ZN                                               -       I->ZN  R     CKND2          2  5.3    44    39     622    (-,-) 
  basic_isa_instance/g78595/ZN                                               -       A1->ZN F     NR2D4          9 15.5    53    45     667    (-,-) 
  basic_isa_instance/g84072/ZN                                               -       A1->ZN R     AOI22D2        1  1.9    79    70     737    (-,-) 
  basic_isa_instance/g26450/ZN                                               -       B->ZN  F     IOA21D2        2  1.8    44    48     785    (-,-) 
  basic_isa_instance/g26333/Z                                                -       I1->Z  F     MUX2D2        12 14.4   100   169     954    (-,-) 
  basic_isa_instance/g75482/Z                                                -       I1->Z  F     MUX2D2         3  5.5    66   161    1115    (-,-) 
  basic_isa_instance/g75481/ZN                                               -       A2->ZN R     ND2D2          1  2.2    39    49    1164    (-,-) 
  basic_isa_instance/g75480/ZN                                               -       A3->ZN F     ND3D2          1  1.8    61    67    1231    (-,-) 
  basic_isa_instance/u_branch_add_95_52_Y_u_branch_add_94_43_cdnadd_80081/CO -       CI->CO F     FA1D2          3  3.5    71   131    1362    (-,-) 
  basic_isa_instance/g75445/ZN                                               -       A1->ZN R     ND2D2          1  1.6    35    42    1404    (-,-) 
  basic_isa_instance/g75444/ZN                                               -       A1->ZN F     CKND2D2        2  3.1    44    41    1445    (-,-) 
  basic_isa_instance/g398/ZN                                                 -       A1->ZN R     CKND2D2        1  1.8    38    40    1485    (-,-) 
  basic_isa_instance/g395/ZN                                                 -       A1->ZN F     ND2D2          1  1.8    37    37    1522    (-,-) 
  basic_isa_instance/u_branch_add_95_52_Y_u_branch_add_94_43_cdnadd_8/CO     -       CI->CO F     FA1D2          1  1.8    63   114    1636    (-,-) 
  basic_isa_instance/u_branch_add_95_52_Y_u_branch_add_94_43_cdnadd_84991/CO -       CI->CO F     FA1D2          1  1.8    63   123    1759    (-,-) 
  basic_isa_instance/u_branch_add_95_52_Y_u_branch_add_94_43_cdnadd_10/CO    -       CI->CO F     FA1D2          1  1.8    63   123    1882    (-,-) 
  basic_isa_instance/u_branch_add_95_52_Y_u_branch_add_94_43_cdnadd_11/CO    -       CI->CO F     FA1D2          1  1.8    63   123    2006    (-,-) 
  basic_isa_instance/u_branch_add_95_52_Y_u_branch_add_94_43_cdnadd_12/CO    -       CI->CO F     FA1D2          3  3.6    72   132    2138    (-,-) 
  basic_isa_instance/g86044/ZN                                               -       A1->ZN R     AOI21D2        1  3.0    87    77    2215    (-,-) 
  basic_isa_instance/g86043/ZN                                               -       I->ZN  F     INVD3          3  3.3    34    40    2255    (-,-) 
  basic_isa_instance/g137/ZN                                                 -       A1->ZN R     ND2D2          1  2.5    37    34    2290    (-,-) 
  basic_isa_instance/g135/ZN                                                 -       A1->ZN F     CKND2D3        3  3.3    38    38    2328    (-,-) 
  basic_isa_instance/g83120/ZN                                               -       A1->ZN R     ND2D2          1  1.6    31    32    2360    (-,-) 
  basic_isa_instance/g113/ZN                                                 -       A1->ZN F     CKND2D2        1  1.8    33    33    2393    (-,-) 
  basic_isa_instance/u_branch_add_95_52_Y_u_branch_add_94_43_cdnadd_79059/CO -       CI->CO F     FA1D2          3  4.9    77   126    2519    (-,-) 
  basic_isa_instance/g86072/ZN                                               -       A1->ZN R     AOI21D4        2  3.5    71    67    2586    (-,-) 
  basic_isa_instance/g86074/ZN                                               -       A1->ZN F     OAI21D2        2  2.9    60    59    2645    (-,-) 
  basic_isa_instance/g86077/ZN                                               -       A1->ZN R     CKND2D2        1  1.6    38    44    2689    (-,-) 
  basic_isa_instance/g83153/ZN                                               -       A1->ZN F     CKND2D2        3  3.6    48    44    2734    (-,-) 
  basic_isa_instance/g75492/ZN                                               -       B2->ZN R     IND3D2         1  1.6    43    41    2774    (-,-) 
  basic_isa_instance/g75491/ZN                                               -       A1->ZN F     CKND2D2        4  5.2    61    54    2828    (-,-) 
  basic_isa_instance/g75461/ZN                                               -       B2->ZN R     IND3D2         1  1.6    43    45    2873    (-,-) 
  basic_isa_instance/g75460/ZN                                               -       A1->ZN F     CKND2D2        5  6.1    69    58    2931    (-,-) 
  basic_isa_instance/g400/ZN                                                 -       A1->ZN R     ND2D2          1  3.4    44    50    2982    (-,-) 
  basic_isa_instance/g393/ZN                                                 -       A1->ZN F     CKND2D4        4  7.0    48    46    3028    (-,-) 
  basic_isa_instance/g642/ZN                                                 -       A1->ZN R     ND2D2          1  1.6    32    36    3064    (-,-) 
  basic_isa_instance/g641/ZN                                                 -       A1->ZN F     CKND2D2        4  4.2    52    45    3109    (-,-) 
  basic_isa_instance/g307/Z                                                  -       A1->Z  F     OR2D2          1  1.7    39   110    3219    (-,-) 
  basic_isa_instance/g76671/ZN                                               -       B->ZN  R     IOA21D2        2  2.6    46    37    3256    (-,-) 
  basic_isa_instance/g35732/Z                                                -       A1->Z  R     AN2D2         16 14.4   119   143    3400    (-,-) 
  basic_isa_instance/u_if_u_btb_U_FILE_target_arr_reg[7][0][28]/D            -       -      R     DFCNQD2       16    -     -     0    3400    (-,-) 
#----------------------------------------------------------------------------------------------------------------------------------------------------



Path 59: VIOLATED (-999 ps) Setup Check with Pin basic_isa_instance/u_if_u_btb_U_FILE_target_arr_reg[6][1][28]/CP->D
          Group: core_clk
     Startpoint: (R) basic_isa_instance/u_id_ex_inst_ex_o_reg[17]/CP
          Clock: (R) core_clk
       Endpoint: (R) basic_isa_instance/u_if_u_btb_U_FILE_target_arr_reg[6][1][28]/D
          Clock: (R) core_clk

                     Capture       Launch     
        Clock Edge:+    2500            0     
       Src Latency:+       0            0     
       Net Latency:+       0 (I)        0 (I) 
           Arrival:=    2500            0     
                                              
             Setup:-      99                  
     Required Time:=    2401                  
      Launch Clock:-       0                  
         Data Path:-    3400                  
             Slack:=    -999                  

#----------------------------------------------------------------------------------------------------------------------------------------------------
#                               Timing Point                                 Flags    Arc   Edge   Cell     Fanout Load Trans Delay Arrival Instance 
#                                                                                                                  (fF)  (ps)  (ps)   (ps)  Location 
#----------------------------------------------------------------------------------------------------------------------------------------------------
  basic_isa_instance/u_id_ex_inst_ex_o_reg[17]/CP                            -       -      R     (arrival)    452    -     0     -       0    (-,-) 
  basic_isa_instance/u_id_ex_inst_ex_o_reg[17]/Q                             -       CP->Q  R     DFCNQD4        5  8.6    68   290     290    (-,-) 
  basic_isa_instance/g26680/ZN                                               -       B2->ZN F     OAI22D2        1  2.1    57    77     367    (-,-) 
  basic_isa_instance/g76132/ZN                                               -       A2->ZN R     NR2D2          1  2.6    64    69     435    (-,-) 
  basic_isa_instance/g76131/ZN                                               -       A2->ZN F     CKND2D3        1  6.8    60    62     497    (-,-) 
  basic_isa_instance/g76130/ZN                                               -       A1->ZN R     NR2D8          2  6.8    53    54     551    (-,-) 
  basic_isa_instance/g76217/ZN                                               -       I->ZN  F     CKND4          2  3.6    25    32     583    (-,-) 
  basic_isa_instance/g77911/ZN                                               -       I->ZN  R     CKND2          2  5.3    44    39     622    (-,-) 
  basic_isa_instance/g78595/ZN                                               -       A1->ZN F     NR2D4          9 15.5    53    45     667    (-,-) 
  basic_isa_instance/g84072/ZN                                               -       A1->ZN R     AOI22D2        1  1.9    79    70     737    (-,-) 
  basic_isa_instance/g26450/ZN                                               -       B->ZN  F     IOA21D2        2  1.8    44    48     785    (-,-) 
  basic_isa_instance/g26333/Z                                                -       I1->Z  F     MUX2D2        12 14.4   100   169     954    (-,-) 
  basic_isa_instance/g75482/Z                                                -       I1->Z  F     MUX2D2         3  5.5    66   161    1115    (-,-) 
  basic_isa_instance/g75481/ZN                                               -       A2->ZN R     ND2D2          1  2.2    39    49    1164    (-,-) 
  basic_isa_instance/g75480/ZN                                               -       A3->ZN F     ND3D2          1  1.8    61    67    1231    (-,-) 
  basic_isa_instance/u_branch_add_95_52_Y_u_branch_add_94_43_cdnadd_80081/CO -       CI->CO F     FA1D2          3  3.5    71   131    1362    (-,-) 
  basic_isa_instance/g75445/ZN                                               -       A1->ZN R     ND2D2          1  1.6    35    42    1404    (-,-) 
  basic_isa_instance/g75444/ZN                                               -       A1->ZN F     CKND2D2        2  3.1    44    41    1445    (-,-) 
  basic_isa_instance/g398/ZN                                                 -       A1->ZN R     CKND2D2        1  1.8    38    40    1485    (-,-) 
  basic_isa_instance/g395/ZN                                                 -       A1->ZN F     ND2D2          1  1.8    37    37    1522    (-,-) 
  basic_isa_instance/u_branch_add_95_52_Y_u_branch_add_94_43_cdnadd_8/CO     -       CI->CO F     FA1D2          1  1.8    63   114    1636    (-,-) 
  basic_isa_instance/u_branch_add_95_52_Y_u_branch_add_94_43_cdnadd_84991/CO -       CI->CO F     FA1D2          1  1.8    63   123    1759    (-,-) 
  basic_isa_instance/u_branch_add_95_52_Y_u_branch_add_94_43_cdnadd_10/CO    -       CI->CO F     FA1D2          1  1.8    63   123    1882    (-,-) 
  basic_isa_instance/u_branch_add_95_52_Y_u_branch_add_94_43_cdnadd_11/CO    -       CI->CO F     FA1D2          1  1.8    63   123    2006    (-,-) 
  basic_isa_instance/u_branch_add_95_52_Y_u_branch_add_94_43_cdnadd_12/CO    -       CI->CO F     FA1D2          3  3.6    72   132    2138    (-,-) 
  basic_isa_instance/g86044/ZN                                               -       A1->ZN R     AOI21D2        1  3.0    87    77    2215    (-,-) 
  basic_isa_instance/g86043/ZN                                               -       I->ZN  F     INVD3          3  3.3    34    40    2255    (-,-) 
  basic_isa_instance/g137/ZN                                                 -       A1->ZN R     ND2D2          1  2.5    37    34    2290    (-,-) 
  basic_isa_instance/g135/ZN                                                 -       A1->ZN F     CKND2D3        3  3.3    38    38    2328    (-,-) 
  basic_isa_instance/g83120/ZN                                               -       A1->ZN R     ND2D2          1  1.6    31    32    2360    (-,-) 
  basic_isa_instance/g113/ZN                                                 -       A1->ZN F     CKND2D2        1  1.8    33    33    2393    (-,-) 
  basic_isa_instance/u_branch_add_95_52_Y_u_branch_add_94_43_cdnadd_79059/CO -       CI->CO F     FA1D2          3  4.9    77   126    2519    (-,-) 
  basic_isa_instance/g86072/ZN                                               -       A1->ZN R     AOI21D4        2  3.5    71    67    2586    (-,-) 
  basic_isa_instance/g86074/ZN                                               -       A1->ZN F     OAI21D2        2  2.9    60    59    2645    (-,-) 
  basic_isa_instance/g86077/ZN                                               -       A1->ZN R     CKND2D2        1  1.6    38    44    2689    (-,-) 
  basic_isa_instance/g83153/ZN                                               -       A1->ZN F     CKND2D2        3  3.6    48    44    2734    (-,-) 
  basic_isa_instance/g75492/ZN                                               -       B2->ZN R     IND3D2         1  1.6    43    41    2774    (-,-) 
  basic_isa_instance/g75491/ZN                                               -       A1->ZN F     CKND2D2        4  5.2    61    54    2828    (-,-) 
  basic_isa_instance/g75461/ZN                                               -       B2->ZN R     IND3D2         1  1.6    43    45    2873    (-,-) 
  basic_isa_instance/g75460/ZN                                               -       A1->ZN F     CKND2D2        5  6.1    69    58    2931    (-,-) 
  basic_isa_instance/g400/ZN                                                 -       A1->ZN R     ND2D2          1  3.4    44    50    2982    (-,-) 
  basic_isa_instance/g393/ZN                                                 -       A1->ZN F     CKND2D4        4  7.0    48    46    3028    (-,-) 
  basic_isa_instance/g642/ZN                                                 -       A1->ZN R     ND2D2          1  1.6    32    36    3064    (-,-) 
  basic_isa_instance/g641/ZN                                                 -       A1->ZN F     CKND2D2        4  4.2    52    45    3109    (-,-) 
  basic_isa_instance/g307/Z                                                  -       A1->Z  F     OR2D2          1  1.7    39   110    3219    (-,-) 
  basic_isa_instance/g76671/ZN                                               -       B->ZN  R     IOA21D2        2  2.6    46    37    3256    (-,-) 
  basic_isa_instance/g35732/Z                                                -       A1->Z  R     AN2D2         16 14.4   119   143    3400    (-,-) 
  basic_isa_instance/u_if_u_btb_U_FILE_target_arr_reg[6][1][28]/D            -       -      R     DFCNQD2       16    -     -     0    3400    (-,-) 
#----------------------------------------------------------------------------------------------------------------------------------------------------



Path 60: VIOLATED (-999 ps) Setup Check with Pin basic_isa_instance/u_if_u_btb_U_FILE_target_arr_reg[6][0][28]/CP->D
          Group: core_clk
     Startpoint: (R) basic_isa_instance/u_id_ex_inst_ex_o_reg[17]/CP
          Clock: (R) core_clk
       Endpoint: (R) basic_isa_instance/u_if_u_btb_U_FILE_target_arr_reg[6][0][28]/D
          Clock: (R) core_clk

                     Capture       Launch     
        Clock Edge:+    2500            0     
       Src Latency:+       0            0     
       Net Latency:+       0 (I)        0 (I) 
           Arrival:=    2500            0     
                                              
             Setup:-      99                  
     Required Time:=    2401                  
      Launch Clock:-       0                  
         Data Path:-    3400                  
             Slack:=    -999                  

#----------------------------------------------------------------------------------------------------------------------------------------------------
#                               Timing Point                                 Flags    Arc   Edge   Cell     Fanout Load Trans Delay Arrival Instance 
#                                                                                                                  (fF)  (ps)  (ps)   (ps)  Location 
#----------------------------------------------------------------------------------------------------------------------------------------------------
  basic_isa_instance/u_id_ex_inst_ex_o_reg[17]/CP                            -       -      R     (arrival)    452    -     0     -       0    (-,-) 
  basic_isa_instance/u_id_ex_inst_ex_o_reg[17]/Q                             -       CP->Q  R     DFCNQD4        5  8.6    68   290     290    (-,-) 
  basic_isa_instance/g26680/ZN                                               -       B2->ZN F     OAI22D2        1  2.1    57    77     367    (-,-) 
  basic_isa_instance/g76132/ZN                                               -       A2->ZN R     NR2D2          1  2.6    64    69     435    (-,-) 
  basic_isa_instance/g76131/ZN                                               -       A2->ZN F     CKND2D3        1  6.8    60    62     497    (-,-) 
  basic_isa_instance/g76130/ZN                                               -       A1->ZN R     NR2D8          2  6.8    53    54     551    (-,-) 
  basic_isa_instance/g76217/ZN                                               -       I->ZN  F     CKND4          2  3.6    25    32     583    (-,-) 
  basic_isa_instance/g77911/ZN                                               -       I->ZN  R     CKND2          2  5.3    44    39     622    (-,-) 
  basic_isa_instance/g78595/ZN                                               -       A1->ZN F     NR2D4          9 15.5    53    45     667    (-,-) 
  basic_isa_instance/g84072/ZN                                               -       A1->ZN R     AOI22D2        1  1.9    79    70     737    (-,-) 
  basic_isa_instance/g26450/ZN                                               -       B->ZN  F     IOA21D2        2  1.8    44    48     785    (-,-) 
  basic_isa_instance/g26333/Z                                                -       I1->Z  F     MUX2D2        12 14.4   100   169     954    (-,-) 
  basic_isa_instance/g75482/Z                                                -       I1->Z  F     MUX2D2         3  5.5    66   161    1115    (-,-) 
  basic_isa_instance/g75481/ZN                                               -       A2->ZN R     ND2D2          1  2.2    39    49    1164    (-,-) 
  basic_isa_instance/g75480/ZN                                               -       A3->ZN F     ND3D2          1  1.8    61    67    1231    (-,-) 
  basic_isa_instance/u_branch_add_95_52_Y_u_branch_add_94_43_cdnadd_80081/CO -       CI->CO F     FA1D2          3  3.5    71   131    1362    (-,-) 
  basic_isa_instance/g75445/ZN                                               -       A1->ZN R     ND2D2          1  1.6    35    42    1404    (-,-) 
  basic_isa_instance/g75444/ZN                                               -       A1->ZN F     CKND2D2        2  3.1    44    41    1445    (-,-) 
  basic_isa_instance/g398/ZN                                                 -       A1->ZN R     CKND2D2        1  1.8    38    40    1485    (-,-) 
  basic_isa_instance/g395/ZN                                                 -       A1->ZN F     ND2D2          1  1.8    37    37    1522    (-,-) 
  basic_isa_instance/u_branch_add_95_52_Y_u_branch_add_94_43_cdnadd_8/CO     -       CI->CO F     FA1D2          1  1.8    63   114    1636    (-,-) 
  basic_isa_instance/u_branch_add_95_52_Y_u_branch_add_94_43_cdnadd_84991/CO -       CI->CO F     FA1D2          1  1.8    63   123    1759    (-,-) 
  basic_isa_instance/u_branch_add_95_52_Y_u_branch_add_94_43_cdnadd_10/CO    -       CI->CO F     FA1D2          1  1.8    63   123    1882    (-,-) 
  basic_isa_instance/u_branch_add_95_52_Y_u_branch_add_94_43_cdnadd_11/CO    -       CI->CO F     FA1D2          1  1.8    63   123    2006    (-,-) 
  basic_isa_instance/u_branch_add_95_52_Y_u_branch_add_94_43_cdnadd_12/CO    -       CI->CO F     FA1D2          3  3.6    72   132    2138    (-,-) 
  basic_isa_instance/g86044/ZN                                               -       A1->ZN R     AOI21D2        1  3.0    87    77    2215    (-,-) 
  basic_isa_instance/g86043/ZN                                               -       I->ZN  F     INVD3          3  3.3    34    40    2255    (-,-) 
  basic_isa_instance/g137/ZN                                                 -       A1->ZN R     ND2D2          1  2.5    37    34    2290    (-,-) 
  basic_isa_instance/g135/ZN                                                 -       A1->ZN F     CKND2D3        3  3.3    38    38    2328    (-,-) 
  basic_isa_instance/g83120/ZN                                               -       A1->ZN R     ND2D2          1  1.6    31    32    2360    (-,-) 
  basic_isa_instance/g113/ZN                                                 -       A1->ZN F     CKND2D2        1  1.8    33    33    2393    (-,-) 
  basic_isa_instance/u_branch_add_95_52_Y_u_branch_add_94_43_cdnadd_79059/CO -       CI->CO F     FA1D2          3  4.9    77   126    2519    (-,-) 
  basic_isa_instance/g86072/ZN                                               -       A1->ZN R     AOI21D4        2  3.5    71    67    2586    (-,-) 
  basic_isa_instance/g86074/ZN                                               -       A1->ZN F     OAI21D2        2  2.9    60    59    2645    (-,-) 
  basic_isa_instance/g86077/ZN                                               -       A1->ZN R     CKND2D2        1  1.6    38    44    2689    (-,-) 
  basic_isa_instance/g83153/ZN                                               -       A1->ZN F     CKND2D2        3  3.6    48    44    2734    (-,-) 
  basic_isa_instance/g75492/ZN                                               -       B2->ZN R     IND3D2         1  1.6    43    41    2774    (-,-) 
  basic_isa_instance/g75491/ZN                                               -       A1->ZN F     CKND2D2        4  5.2    61    54    2828    (-,-) 
  basic_isa_instance/g75461/ZN                                               -       B2->ZN R     IND3D2         1  1.6    43    45    2873    (-,-) 
  basic_isa_instance/g75460/ZN                                               -       A1->ZN F     CKND2D2        5  6.1    69    58    2931    (-,-) 
  basic_isa_instance/g400/ZN                                                 -       A1->ZN R     ND2D2          1  3.4    44    50    2982    (-,-) 
  basic_isa_instance/g393/ZN                                                 -       A1->ZN F     CKND2D4        4  7.0    48    46    3028    (-,-) 
  basic_isa_instance/g642/ZN                                                 -       A1->ZN R     ND2D2          1  1.6    32    36    3064    (-,-) 
  basic_isa_instance/g641/ZN                                                 -       A1->ZN F     CKND2D2        4  4.2    52    45    3109    (-,-) 
  basic_isa_instance/g307/Z                                                  -       A1->Z  F     OR2D2          1  1.7    39   110    3219    (-,-) 
  basic_isa_instance/g76671/ZN                                               -       B->ZN  R     IOA21D2        2  2.6    46    37    3256    (-,-) 
  basic_isa_instance/g35732/Z                                                -       A1->Z  R     AN2D2         16 14.4   119   143    3400    (-,-) 
  basic_isa_instance/u_if_u_btb_U_FILE_target_arr_reg[6][0][28]/D            -       -      R     DFCNQD2       16    -     -     0    3400    (-,-) 
#----------------------------------------------------------------------------------------------------------------------------------------------------



Path 61: VIOLATED (-999 ps) Setup Check with Pin basic_isa_instance/u_if_u_btb_U_FILE_target_arr_reg[5][1][28]/CP->D
          Group: core_clk
     Startpoint: (R) basic_isa_instance/u_id_ex_inst_ex_o_reg[17]/CP
          Clock: (R) core_clk
       Endpoint: (R) basic_isa_instance/u_if_u_btb_U_FILE_target_arr_reg[5][1][28]/D
          Clock: (R) core_clk

                     Capture       Launch     
        Clock Edge:+    2500            0     
       Src Latency:+       0            0     
       Net Latency:+       0 (I)        0 (I) 
           Arrival:=    2500            0     
                                              
             Setup:-      99                  
     Required Time:=    2401                  
      Launch Clock:-       0                  
         Data Path:-    3400                  
             Slack:=    -999                  

#----------------------------------------------------------------------------------------------------------------------------------------------------
#                               Timing Point                                 Flags    Arc   Edge   Cell     Fanout Load Trans Delay Arrival Instance 
#                                                                                                                  (fF)  (ps)  (ps)   (ps)  Location 
#----------------------------------------------------------------------------------------------------------------------------------------------------
  basic_isa_instance/u_id_ex_inst_ex_o_reg[17]/CP                            -       -      R     (arrival)    452    -     0     -       0    (-,-) 
  basic_isa_instance/u_id_ex_inst_ex_o_reg[17]/Q                             -       CP->Q  R     DFCNQD4        5  8.6    68   290     290    (-,-) 
  basic_isa_instance/g26680/ZN                                               -       B2->ZN F     OAI22D2        1  2.1    57    77     367    (-,-) 
  basic_isa_instance/g76132/ZN                                               -       A2->ZN R     NR2D2          1  2.6    64    69     435    (-,-) 
  basic_isa_instance/g76131/ZN                                               -       A2->ZN F     CKND2D3        1  6.8    60    62     497    (-,-) 
  basic_isa_instance/g76130/ZN                                               -       A1->ZN R     NR2D8          2  6.8    53    54     551    (-,-) 
  basic_isa_instance/g76217/ZN                                               -       I->ZN  F     CKND4          2  3.6    25    32     583    (-,-) 
  basic_isa_instance/g77911/ZN                                               -       I->ZN  R     CKND2          2  5.3    44    39     622    (-,-) 
  basic_isa_instance/g78595/ZN                                               -       A1->ZN F     NR2D4          9 15.5    53    45     667    (-,-) 
  basic_isa_instance/g84072/ZN                                               -       A1->ZN R     AOI22D2        1  1.9    79    70     737    (-,-) 
  basic_isa_instance/g26450/ZN                                               -       B->ZN  F     IOA21D2        2  1.8    44    48     785    (-,-) 
  basic_isa_instance/g26333/Z                                                -       I1->Z  F     MUX2D2        12 14.4   100   169     954    (-,-) 
  basic_isa_instance/g75482/Z                                                -       I1->Z  F     MUX2D2         3  5.5    66   161    1115    (-,-) 
  basic_isa_instance/g75481/ZN                                               -       A2->ZN R     ND2D2          1  2.2    39    49    1164    (-,-) 
  basic_isa_instance/g75480/ZN                                               -       A3->ZN F     ND3D2          1  1.8    61    67    1231    (-,-) 
  basic_isa_instance/u_branch_add_95_52_Y_u_branch_add_94_43_cdnadd_80081/CO -       CI->CO F     FA1D2          3  3.5    71   131    1362    (-,-) 
  basic_isa_instance/g75445/ZN                                               -       A1->ZN R     ND2D2          1  1.6    35    42    1404    (-,-) 
  basic_isa_instance/g75444/ZN                                               -       A1->ZN F     CKND2D2        2  3.1    44    41    1445    (-,-) 
  basic_isa_instance/g398/ZN                                                 -       A1->ZN R     CKND2D2        1  1.8    38    40    1485    (-,-) 
  basic_isa_instance/g395/ZN                                                 -       A1->ZN F     ND2D2          1  1.8    37    37    1522    (-,-) 
  basic_isa_instance/u_branch_add_95_52_Y_u_branch_add_94_43_cdnadd_8/CO     -       CI->CO F     FA1D2          1  1.8    63   114    1636    (-,-) 
  basic_isa_instance/u_branch_add_95_52_Y_u_branch_add_94_43_cdnadd_84991/CO -       CI->CO F     FA1D2          1  1.8    63   123    1759    (-,-) 
  basic_isa_instance/u_branch_add_95_52_Y_u_branch_add_94_43_cdnadd_10/CO    -       CI->CO F     FA1D2          1  1.8    63   123    1882    (-,-) 
  basic_isa_instance/u_branch_add_95_52_Y_u_branch_add_94_43_cdnadd_11/CO    -       CI->CO F     FA1D2          1  1.8    63   123    2006    (-,-) 
  basic_isa_instance/u_branch_add_95_52_Y_u_branch_add_94_43_cdnadd_12/CO    -       CI->CO F     FA1D2          3  3.6    72   132    2138    (-,-) 
  basic_isa_instance/g86044/ZN                                               -       A1->ZN R     AOI21D2        1  3.0    87    77    2215    (-,-) 
  basic_isa_instance/g86043/ZN                                               -       I->ZN  F     INVD3          3  3.3    34    40    2255    (-,-) 
  basic_isa_instance/g137/ZN                                                 -       A1->ZN R     ND2D2          1  2.5    37    34    2290    (-,-) 
  basic_isa_instance/g135/ZN                                                 -       A1->ZN F     CKND2D3        3  3.3    38    38    2328    (-,-) 
  basic_isa_instance/g83120/ZN                                               -       A1->ZN R     ND2D2          1  1.6    31    32    2360    (-,-) 
  basic_isa_instance/g113/ZN                                                 -       A1->ZN F     CKND2D2        1  1.8    33    33    2393    (-,-) 
  basic_isa_instance/u_branch_add_95_52_Y_u_branch_add_94_43_cdnadd_79059/CO -       CI->CO F     FA1D2          3  4.9    77   126    2519    (-,-) 
  basic_isa_instance/g86072/ZN                                               -       A1->ZN R     AOI21D4        2  3.5    71    67    2586    (-,-) 
  basic_isa_instance/g86074/ZN                                               -       A1->ZN F     OAI21D2        2  2.9    60    59    2645    (-,-) 
  basic_isa_instance/g86077/ZN                                               -       A1->ZN R     CKND2D2        1  1.6    38    44    2689    (-,-) 
  basic_isa_instance/g83153/ZN                                               -       A1->ZN F     CKND2D2        3  3.6    48    44    2734    (-,-) 
  basic_isa_instance/g75492/ZN                                               -       B2->ZN R     IND3D2         1  1.6    43    41    2774    (-,-) 
  basic_isa_instance/g75491/ZN                                               -       A1->ZN F     CKND2D2        4  5.2    61    54    2828    (-,-) 
  basic_isa_instance/g75461/ZN                                               -       B2->ZN R     IND3D2         1  1.6    43    45    2873    (-,-) 
  basic_isa_instance/g75460/ZN                                               -       A1->ZN F     CKND2D2        5  6.1    69    58    2931    (-,-) 
  basic_isa_instance/g400/ZN                                                 -       A1->ZN R     ND2D2          1  3.4    44    50    2982    (-,-) 
  basic_isa_instance/g393/ZN                                                 -       A1->ZN F     CKND2D4        4  7.0    48    46    3028    (-,-) 
  basic_isa_instance/g642/ZN                                                 -       A1->ZN R     ND2D2          1  1.6    32    36    3064    (-,-) 
  basic_isa_instance/g641/ZN                                                 -       A1->ZN F     CKND2D2        4  4.2    52    45    3109    (-,-) 
  basic_isa_instance/g307/Z                                                  -       A1->Z  F     OR2D2          1  1.7    39   110    3219    (-,-) 
  basic_isa_instance/g76671/ZN                                               -       B->ZN  R     IOA21D2        2  2.6    46    37    3256    (-,-) 
  basic_isa_instance/g35732/Z                                                -       A1->Z  R     AN2D2         16 14.4   119   143    3400    (-,-) 
  basic_isa_instance/u_if_u_btb_U_FILE_target_arr_reg[5][1][28]/D            -       -      R     DFCNQD2       16    -     -     0    3400    (-,-) 
#----------------------------------------------------------------------------------------------------------------------------------------------------



Path 62: VIOLATED (-999 ps) Setup Check with Pin basic_isa_instance/u_if_u_btb_U_FILE_target_arr_reg[5][0][28]/CP->D
          Group: core_clk
     Startpoint: (R) basic_isa_instance/u_id_ex_inst_ex_o_reg[17]/CP
          Clock: (R) core_clk
       Endpoint: (R) basic_isa_instance/u_if_u_btb_U_FILE_target_arr_reg[5][0][28]/D
          Clock: (R) core_clk

                     Capture       Launch     
        Clock Edge:+    2500            0     
       Src Latency:+       0            0     
       Net Latency:+       0 (I)        0 (I) 
           Arrival:=    2500            0     
                                              
             Setup:-      99                  
     Required Time:=    2401                  
      Launch Clock:-       0                  
         Data Path:-    3400                  
             Slack:=    -999                  

#----------------------------------------------------------------------------------------------------------------------------------------------------
#                               Timing Point                                 Flags    Arc   Edge   Cell     Fanout Load Trans Delay Arrival Instance 
#                                                                                                                  (fF)  (ps)  (ps)   (ps)  Location 
#----------------------------------------------------------------------------------------------------------------------------------------------------
  basic_isa_instance/u_id_ex_inst_ex_o_reg[17]/CP                            -       -      R     (arrival)    452    -     0     -       0    (-,-) 
  basic_isa_instance/u_id_ex_inst_ex_o_reg[17]/Q                             -       CP->Q  R     DFCNQD4        5  8.6    68   290     290    (-,-) 
  basic_isa_instance/g26680/ZN                                               -       B2->ZN F     OAI22D2        1  2.1    57    77     367    (-,-) 
  basic_isa_instance/g76132/ZN                                               -       A2->ZN R     NR2D2          1  2.6    64    69     435    (-,-) 
  basic_isa_instance/g76131/ZN                                               -       A2->ZN F     CKND2D3        1  6.8    60    62     497    (-,-) 
  basic_isa_instance/g76130/ZN                                               -       A1->ZN R     NR2D8          2  6.8    53    54     551    (-,-) 
  basic_isa_instance/g76217/ZN                                               -       I->ZN  F     CKND4          2  3.6    25    32     583    (-,-) 
  basic_isa_instance/g77911/ZN                                               -       I->ZN  R     CKND2          2  5.3    44    39     622    (-,-) 
  basic_isa_instance/g78595/ZN                                               -       A1->ZN F     NR2D4          9 15.5    53    45     667    (-,-) 
  basic_isa_instance/g84072/ZN                                               -       A1->ZN R     AOI22D2        1  1.9    79    70     737    (-,-) 
  basic_isa_instance/g26450/ZN                                               -       B->ZN  F     IOA21D2        2  1.8    44    48     785    (-,-) 
  basic_isa_instance/g26333/Z                                                -       I1->Z  F     MUX2D2        12 14.4   100   169     954    (-,-) 
  basic_isa_instance/g75482/Z                                                -       I1->Z  F     MUX2D2         3  5.5    66   161    1115    (-,-) 
  basic_isa_instance/g75481/ZN                                               -       A2->ZN R     ND2D2          1  2.2    39    49    1164    (-,-) 
  basic_isa_instance/g75480/ZN                                               -       A3->ZN F     ND3D2          1  1.8    61    67    1231    (-,-) 
  basic_isa_instance/u_branch_add_95_52_Y_u_branch_add_94_43_cdnadd_80081/CO -       CI->CO F     FA1D2          3  3.5    71   131    1362    (-,-) 
  basic_isa_instance/g75445/ZN                                               -       A1->ZN R     ND2D2          1  1.6    35    42    1404    (-,-) 
  basic_isa_instance/g75444/ZN                                               -       A1->ZN F     CKND2D2        2  3.1    44    41    1445    (-,-) 
  basic_isa_instance/g398/ZN                                                 -       A1->ZN R     CKND2D2        1  1.8    38    40    1485    (-,-) 
  basic_isa_instance/g395/ZN                                                 -       A1->ZN F     ND2D2          1  1.8    37    37    1522    (-,-) 
  basic_isa_instance/u_branch_add_95_52_Y_u_branch_add_94_43_cdnadd_8/CO     -       CI->CO F     FA1D2          1  1.8    63   114    1636    (-,-) 
  basic_isa_instance/u_branch_add_95_52_Y_u_branch_add_94_43_cdnadd_84991/CO -       CI->CO F     FA1D2          1  1.8    63   123    1759    (-,-) 
  basic_isa_instance/u_branch_add_95_52_Y_u_branch_add_94_43_cdnadd_10/CO    -       CI->CO F     FA1D2          1  1.8    63   123    1882    (-,-) 
  basic_isa_instance/u_branch_add_95_52_Y_u_branch_add_94_43_cdnadd_11/CO    -       CI->CO F     FA1D2          1  1.8    63   123    2006    (-,-) 
  basic_isa_instance/u_branch_add_95_52_Y_u_branch_add_94_43_cdnadd_12/CO    -       CI->CO F     FA1D2          3  3.6    72   132    2138    (-,-) 
  basic_isa_instance/g86044/ZN                                               -       A1->ZN R     AOI21D2        1  3.0    87    77    2215    (-,-) 
  basic_isa_instance/g86043/ZN                                               -       I->ZN  F     INVD3          3  3.3    34    40    2255    (-,-) 
  basic_isa_instance/g137/ZN                                                 -       A1->ZN R     ND2D2          1  2.5    37    34    2290    (-,-) 
  basic_isa_instance/g135/ZN                                                 -       A1->ZN F     CKND2D3        3  3.3    38    38    2328    (-,-) 
  basic_isa_instance/g83120/ZN                                               -       A1->ZN R     ND2D2          1  1.6    31    32    2360    (-,-) 
  basic_isa_instance/g113/ZN                                                 -       A1->ZN F     CKND2D2        1  1.8    33    33    2393    (-,-) 
  basic_isa_instance/u_branch_add_95_52_Y_u_branch_add_94_43_cdnadd_79059/CO -       CI->CO F     FA1D2          3  4.9    77   126    2519    (-,-) 
  basic_isa_instance/g86072/ZN                                               -       A1->ZN R     AOI21D4        2  3.5    71    67    2586    (-,-) 
  basic_isa_instance/g86074/ZN                                               -       A1->ZN F     OAI21D2        2  2.9    60    59    2645    (-,-) 
  basic_isa_instance/g86077/ZN                                               -       A1->ZN R     CKND2D2        1  1.6    38    44    2689    (-,-) 
  basic_isa_instance/g83153/ZN                                               -       A1->ZN F     CKND2D2        3  3.6    48    44    2734    (-,-) 
  basic_isa_instance/g75492/ZN                                               -       B2->ZN R     IND3D2         1  1.6    43    41    2774    (-,-) 
  basic_isa_instance/g75491/ZN                                               -       A1->ZN F     CKND2D2        4  5.2    61    54    2828    (-,-) 
  basic_isa_instance/g75461/ZN                                               -       B2->ZN R     IND3D2         1  1.6    43    45    2873    (-,-) 
  basic_isa_instance/g75460/ZN                                               -       A1->ZN F     CKND2D2        5  6.1    69    58    2931    (-,-) 
  basic_isa_instance/g400/ZN                                                 -       A1->ZN R     ND2D2          1  3.4    44    50    2982    (-,-) 
  basic_isa_instance/g393/ZN                                                 -       A1->ZN F     CKND2D4        4  7.0    48    46    3028    (-,-) 
  basic_isa_instance/g642/ZN                                                 -       A1->ZN R     ND2D2          1  1.6    32    36    3064    (-,-) 
  basic_isa_instance/g641/ZN                                                 -       A1->ZN F     CKND2D2        4  4.2    52    45    3109    (-,-) 
  basic_isa_instance/g307/Z                                                  -       A1->Z  F     OR2D2          1  1.7    39   110    3219    (-,-) 
  basic_isa_instance/g76671/ZN                                               -       B->ZN  R     IOA21D2        2  2.6    46    37    3256    (-,-) 
  basic_isa_instance/g35732/Z                                                -       A1->Z  R     AN2D2         16 14.4   119   143    3400    (-,-) 
  basic_isa_instance/u_if_u_btb_U_FILE_target_arr_reg[5][0][28]/D            -       -      R     DFCNQD2       16    -     -     0    3400    (-,-) 
#----------------------------------------------------------------------------------------------------------------------------------------------------



Path 63: VIOLATED (-999 ps) Setup Check with Pin basic_isa_instance/u_if_u_btb_U_FILE_target_arr_reg[4][1][28]/CP->D
          Group: core_clk
     Startpoint: (R) basic_isa_instance/u_id_ex_inst_ex_o_reg[17]/CP
          Clock: (R) core_clk
       Endpoint: (R) basic_isa_instance/u_if_u_btb_U_FILE_target_arr_reg[4][1][28]/D
          Clock: (R) core_clk

                     Capture       Launch     
        Clock Edge:+    2500            0     
       Src Latency:+       0            0     
       Net Latency:+       0 (I)        0 (I) 
           Arrival:=    2500            0     
                                              
             Setup:-      99                  
     Required Time:=    2401                  
      Launch Clock:-       0                  
         Data Path:-    3400                  
             Slack:=    -999                  

#----------------------------------------------------------------------------------------------------------------------------------------------------
#                               Timing Point                                 Flags    Arc   Edge   Cell     Fanout Load Trans Delay Arrival Instance 
#                                                                                                                  (fF)  (ps)  (ps)   (ps)  Location 
#----------------------------------------------------------------------------------------------------------------------------------------------------
  basic_isa_instance/u_id_ex_inst_ex_o_reg[17]/CP                            -       -      R     (arrival)    452    -     0     -       0    (-,-) 
  basic_isa_instance/u_id_ex_inst_ex_o_reg[17]/Q                             -       CP->Q  R     DFCNQD4        5  8.6    68   290     290    (-,-) 
  basic_isa_instance/g26680/ZN                                               -       B2->ZN F     OAI22D2        1  2.1    57    77     367    (-,-) 
  basic_isa_instance/g76132/ZN                                               -       A2->ZN R     NR2D2          1  2.6    64    69     435    (-,-) 
  basic_isa_instance/g76131/ZN                                               -       A2->ZN F     CKND2D3        1  6.8    60    62     497    (-,-) 
  basic_isa_instance/g76130/ZN                                               -       A1->ZN R     NR2D8          2  6.8    53    54     551    (-,-) 
  basic_isa_instance/g76217/ZN                                               -       I->ZN  F     CKND4          2  3.6    25    32     583    (-,-) 
  basic_isa_instance/g77911/ZN                                               -       I->ZN  R     CKND2          2  5.3    44    39     622    (-,-) 
  basic_isa_instance/g78595/ZN                                               -       A1->ZN F     NR2D4          9 15.5    53    45     667    (-,-) 
  basic_isa_instance/g84072/ZN                                               -       A1->ZN R     AOI22D2        1  1.9    79    70     737    (-,-) 
  basic_isa_instance/g26450/ZN                                               -       B->ZN  F     IOA21D2        2  1.8    44    48     785    (-,-) 
  basic_isa_instance/g26333/Z                                                -       I1->Z  F     MUX2D2        12 14.4   100   169     954    (-,-) 
  basic_isa_instance/g75482/Z                                                -       I1->Z  F     MUX2D2         3  5.5    66   161    1115    (-,-) 
  basic_isa_instance/g75481/ZN                                               -       A2->ZN R     ND2D2          1  2.2    39    49    1164    (-,-) 
  basic_isa_instance/g75480/ZN                                               -       A3->ZN F     ND3D2          1  1.8    61    67    1231    (-,-) 
  basic_isa_instance/u_branch_add_95_52_Y_u_branch_add_94_43_cdnadd_80081/CO -       CI->CO F     FA1D2          3  3.5    71   131    1362    (-,-) 
  basic_isa_instance/g75445/ZN                                               -       A1->ZN R     ND2D2          1  1.6    35    42    1404    (-,-) 
  basic_isa_instance/g75444/ZN                                               -       A1->ZN F     CKND2D2        2  3.1    44    41    1445    (-,-) 
  basic_isa_instance/g398/ZN                                                 -       A1->ZN R     CKND2D2        1  1.8    38    40    1485    (-,-) 
  basic_isa_instance/g395/ZN                                                 -       A1->ZN F     ND2D2          1  1.8    37    37    1522    (-,-) 
  basic_isa_instance/u_branch_add_95_52_Y_u_branch_add_94_43_cdnadd_8/CO     -       CI->CO F     FA1D2          1  1.8    63   114    1636    (-,-) 
  basic_isa_instance/u_branch_add_95_52_Y_u_branch_add_94_43_cdnadd_84991/CO -       CI->CO F     FA1D2          1  1.8    63   123    1759    (-,-) 
  basic_isa_instance/u_branch_add_95_52_Y_u_branch_add_94_43_cdnadd_10/CO    -       CI->CO F     FA1D2          1  1.8    63   123    1882    (-,-) 
  basic_isa_instance/u_branch_add_95_52_Y_u_branch_add_94_43_cdnadd_11/CO    -       CI->CO F     FA1D2          1  1.8    63   123    2006    (-,-) 
  basic_isa_instance/u_branch_add_95_52_Y_u_branch_add_94_43_cdnadd_12/CO    -       CI->CO F     FA1D2          3  3.6    72   132    2138    (-,-) 
  basic_isa_instance/g86044/ZN                                               -       A1->ZN R     AOI21D2        1  3.0    87    77    2215    (-,-) 
  basic_isa_instance/g86043/ZN                                               -       I->ZN  F     INVD3          3  3.3    34    40    2255    (-,-) 
  basic_isa_instance/g137/ZN                                                 -       A1->ZN R     ND2D2          1  2.5    37    34    2290    (-,-) 
  basic_isa_instance/g135/ZN                                                 -       A1->ZN F     CKND2D3        3  3.3    38    38    2328    (-,-) 
  basic_isa_instance/g83120/ZN                                               -       A1->ZN R     ND2D2          1  1.6    31    32    2360    (-,-) 
  basic_isa_instance/g113/ZN                                                 -       A1->ZN F     CKND2D2        1  1.8    33    33    2393    (-,-) 
  basic_isa_instance/u_branch_add_95_52_Y_u_branch_add_94_43_cdnadd_79059/CO -       CI->CO F     FA1D2          3  4.9    77   126    2519    (-,-) 
  basic_isa_instance/g86072/ZN                                               -       A1->ZN R     AOI21D4        2  3.5    71    67    2586    (-,-) 
  basic_isa_instance/g86074/ZN                                               -       A1->ZN F     OAI21D2        2  2.9    60    59    2645    (-,-) 
  basic_isa_instance/g86077/ZN                                               -       A1->ZN R     CKND2D2        1  1.6    38    44    2689    (-,-) 
  basic_isa_instance/g83153/ZN                                               -       A1->ZN F     CKND2D2        3  3.6    48    44    2734    (-,-) 
  basic_isa_instance/g75492/ZN                                               -       B2->ZN R     IND3D2         1  1.6    43    41    2774    (-,-) 
  basic_isa_instance/g75491/ZN                                               -       A1->ZN F     CKND2D2        4  5.2    61    54    2828    (-,-) 
  basic_isa_instance/g75461/ZN                                               -       B2->ZN R     IND3D2         1  1.6    43    45    2873    (-,-) 
  basic_isa_instance/g75460/ZN                                               -       A1->ZN F     CKND2D2        5  6.1    69    58    2931    (-,-) 
  basic_isa_instance/g400/ZN                                                 -       A1->ZN R     ND2D2          1  3.4    44    50    2982    (-,-) 
  basic_isa_instance/g393/ZN                                                 -       A1->ZN F     CKND2D4        4  7.0    48    46    3028    (-,-) 
  basic_isa_instance/g642/ZN                                                 -       A1->ZN R     ND2D2          1  1.6    32    36    3064    (-,-) 
  basic_isa_instance/g641/ZN                                                 -       A1->ZN F     CKND2D2        4  4.2    52    45    3109    (-,-) 
  basic_isa_instance/g307/Z                                                  -       A1->Z  F     OR2D2          1  1.7    39   110    3219    (-,-) 
  basic_isa_instance/g76671/ZN                                               -       B->ZN  R     IOA21D2        2  2.6    46    37    3256    (-,-) 
  basic_isa_instance/g35732/Z                                                -       A1->Z  R     AN2D2         16 14.4   119   143    3400    (-,-) 
  basic_isa_instance/u_if_u_btb_U_FILE_target_arr_reg[4][1][28]/D            -       -      R     DFCNQD2       16    -     -     0    3400    (-,-) 
#----------------------------------------------------------------------------------------------------------------------------------------------------



Path 64: VIOLATED (-999 ps) Setup Check with Pin basic_isa_instance/u_if_u_btb_U_FILE_target_arr_reg[4][0][28]/CP->D
          Group: core_clk
     Startpoint: (R) basic_isa_instance/u_id_ex_inst_ex_o_reg[17]/CP
          Clock: (R) core_clk
       Endpoint: (R) basic_isa_instance/u_if_u_btb_U_FILE_target_arr_reg[4][0][28]/D
          Clock: (R) core_clk

                     Capture       Launch     
        Clock Edge:+    2500            0     
       Src Latency:+       0            0     
       Net Latency:+       0 (I)        0 (I) 
           Arrival:=    2500            0     
                                              
             Setup:-      99                  
     Required Time:=    2401                  
      Launch Clock:-       0                  
         Data Path:-    3400                  
             Slack:=    -999                  

#----------------------------------------------------------------------------------------------------------------------------------------------------
#                               Timing Point                                 Flags    Arc   Edge   Cell     Fanout Load Trans Delay Arrival Instance 
#                                                                                                                  (fF)  (ps)  (ps)   (ps)  Location 
#----------------------------------------------------------------------------------------------------------------------------------------------------
  basic_isa_instance/u_id_ex_inst_ex_o_reg[17]/CP                            -       -      R     (arrival)    452    -     0     -       0    (-,-) 
  basic_isa_instance/u_id_ex_inst_ex_o_reg[17]/Q                             -       CP->Q  R     DFCNQD4        5  8.6    68   290     290    (-,-) 
  basic_isa_instance/g26680/ZN                                               -       B2->ZN F     OAI22D2        1  2.1    57    77     367    (-,-) 
  basic_isa_instance/g76132/ZN                                               -       A2->ZN R     NR2D2          1  2.6    64    69     435    (-,-) 
  basic_isa_instance/g76131/ZN                                               -       A2->ZN F     CKND2D3        1  6.8    60    62     497    (-,-) 
  basic_isa_instance/g76130/ZN                                               -       A1->ZN R     NR2D8          2  6.8    53    54     551    (-,-) 
  basic_isa_instance/g76217/ZN                                               -       I->ZN  F     CKND4          2  3.6    25    32     583    (-,-) 
  basic_isa_instance/g77911/ZN                                               -       I->ZN  R     CKND2          2  5.3    44    39     622    (-,-) 
  basic_isa_instance/g78595/ZN                                               -       A1->ZN F     NR2D4          9 15.5    53    45     667    (-,-) 
  basic_isa_instance/g84072/ZN                                               -       A1->ZN R     AOI22D2        1  1.9    79    70     737    (-,-) 
  basic_isa_instance/g26450/ZN                                               -       B->ZN  F     IOA21D2        2  1.8    44    48     785    (-,-) 
  basic_isa_instance/g26333/Z                                                -       I1->Z  F     MUX2D2        12 14.4   100   169     954    (-,-) 
  basic_isa_instance/g75482/Z                                                -       I1->Z  F     MUX2D2         3  5.5    66   161    1115    (-,-) 
  basic_isa_instance/g75481/ZN                                               -       A2->ZN R     ND2D2          1  2.2    39    49    1164    (-,-) 
  basic_isa_instance/g75480/ZN                                               -       A3->ZN F     ND3D2          1  1.8    61    67    1231    (-,-) 
  basic_isa_instance/u_branch_add_95_52_Y_u_branch_add_94_43_cdnadd_80081/CO -       CI->CO F     FA1D2          3  3.5    71   131    1362    (-,-) 
  basic_isa_instance/g75445/ZN                                               -       A1->ZN R     ND2D2          1  1.6    35    42    1404    (-,-) 
  basic_isa_instance/g75444/ZN                                               -       A1->ZN F     CKND2D2        2  3.1    44    41    1445    (-,-) 
  basic_isa_instance/g398/ZN                                                 -       A1->ZN R     CKND2D2        1  1.8    38    40    1485    (-,-) 
  basic_isa_instance/g395/ZN                                                 -       A1->ZN F     ND2D2          1  1.8    37    37    1522    (-,-) 
  basic_isa_instance/u_branch_add_95_52_Y_u_branch_add_94_43_cdnadd_8/CO     -       CI->CO F     FA1D2          1  1.8    63   114    1636    (-,-) 
  basic_isa_instance/u_branch_add_95_52_Y_u_branch_add_94_43_cdnadd_84991/CO -       CI->CO F     FA1D2          1  1.8    63   123    1759    (-,-) 
  basic_isa_instance/u_branch_add_95_52_Y_u_branch_add_94_43_cdnadd_10/CO    -       CI->CO F     FA1D2          1  1.8    63   123    1882    (-,-) 
  basic_isa_instance/u_branch_add_95_52_Y_u_branch_add_94_43_cdnadd_11/CO    -       CI->CO F     FA1D2          1  1.8    63   123    2006    (-,-) 
  basic_isa_instance/u_branch_add_95_52_Y_u_branch_add_94_43_cdnadd_12/CO    -       CI->CO F     FA1D2          3  3.6    72   132    2138    (-,-) 
  basic_isa_instance/g86044/ZN                                               -       A1->ZN R     AOI21D2        1  3.0    87    77    2215    (-,-) 
  basic_isa_instance/g86043/ZN                                               -       I->ZN  F     INVD3          3  3.3    34    40    2255    (-,-) 
  basic_isa_instance/g137/ZN                                                 -       A1->ZN R     ND2D2          1  2.5    37    34    2290    (-,-) 
  basic_isa_instance/g135/ZN                                                 -       A1->ZN F     CKND2D3        3  3.3    38    38    2328    (-,-) 
  basic_isa_instance/g83120/ZN                                               -       A1->ZN R     ND2D2          1  1.6    31    32    2360    (-,-) 
  basic_isa_instance/g113/ZN                                                 -       A1->ZN F     CKND2D2        1  1.8    33    33    2393    (-,-) 
  basic_isa_instance/u_branch_add_95_52_Y_u_branch_add_94_43_cdnadd_79059/CO -       CI->CO F     FA1D2          3  4.9    77   126    2519    (-,-) 
  basic_isa_instance/g86072/ZN                                               -       A1->ZN R     AOI21D4        2  3.5    71    67    2586    (-,-) 
  basic_isa_instance/g86074/ZN                                               -       A1->ZN F     OAI21D2        2  2.9    60    59    2645    (-,-) 
  basic_isa_instance/g86077/ZN                                               -       A1->ZN R     CKND2D2        1  1.6    38    44    2689    (-,-) 
  basic_isa_instance/g83153/ZN                                               -       A1->ZN F     CKND2D2        3  3.6    48    44    2734    (-,-) 
  basic_isa_instance/g75492/ZN                                               -       B2->ZN R     IND3D2         1  1.6    43    41    2774    (-,-) 
  basic_isa_instance/g75491/ZN                                               -       A1->ZN F     CKND2D2        4  5.2    61    54    2828    (-,-) 
  basic_isa_instance/g75461/ZN                                               -       B2->ZN R     IND3D2         1  1.6    43    45    2873    (-,-) 
  basic_isa_instance/g75460/ZN                                               -       A1->ZN F     CKND2D2        5  6.1    69    58    2931    (-,-) 
  basic_isa_instance/g400/ZN                                                 -       A1->ZN R     ND2D2          1  3.4    44    50    2982    (-,-) 
  basic_isa_instance/g393/ZN                                                 -       A1->ZN F     CKND2D4        4  7.0    48    46    3028    (-,-) 
  basic_isa_instance/g642/ZN                                                 -       A1->ZN R     ND2D2          1  1.6    32    36    3064    (-,-) 
  basic_isa_instance/g641/ZN                                                 -       A1->ZN F     CKND2D2        4  4.2    52    45    3109    (-,-) 
  basic_isa_instance/g307/Z                                                  -       A1->Z  F     OR2D2          1  1.7    39   110    3219    (-,-) 
  basic_isa_instance/g76671/ZN                                               -       B->ZN  R     IOA21D2        2  2.6    46    37    3256    (-,-) 
  basic_isa_instance/g35732/Z                                                -       A1->Z  R     AN2D2         16 14.4   119   143    3400    (-,-) 
  basic_isa_instance/u_if_u_btb_U_FILE_target_arr_reg[4][0][28]/D            -       -      R     DFCNQD2       16    -     -     0    3400    (-,-) 
#----------------------------------------------------------------------------------------------------------------------------------------------------



Path 65: VIOLATED (-999 ps) Setup Check with Pin basic_isa_instance/u_if_u_btb_U_FILE_target_arr_reg[3][1][28]/CP->D
          Group: core_clk
     Startpoint: (R) basic_isa_instance/u_id_ex_inst_ex_o_reg[17]/CP
          Clock: (R) core_clk
       Endpoint: (R) basic_isa_instance/u_if_u_btb_U_FILE_target_arr_reg[3][1][28]/D
          Clock: (R) core_clk

                     Capture       Launch     
        Clock Edge:+    2500            0     
       Src Latency:+       0            0     
       Net Latency:+       0 (I)        0 (I) 
           Arrival:=    2500            0     
                                              
             Setup:-      99                  
     Required Time:=    2401                  
      Launch Clock:-       0                  
         Data Path:-    3400                  
             Slack:=    -999                  

#----------------------------------------------------------------------------------------------------------------------------------------------------
#                               Timing Point                                 Flags    Arc   Edge   Cell     Fanout Load Trans Delay Arrival Instance 
#                                                                                                                  (fF)  (ps)  (ps)   (ps)  Location 
#----------------------------------------------------------------------------------------------------------------------------------------------------
  basic_isa_instance/u_id_ex_inst_ex_o_reg[17]/CP                            -       -      R     (arrival)    452    -     0     -       0    (-,-) 
  basic_isa_instance/u_id_ex_inst_ex_o_reg[17]/Q                             -       CP->Q  R     DFCNQD4        5  8.6    68   290     290    (-,-) 
  basic_isa_instance/g26680/ZN                                               -       B2->ZN F     OAI22D2        1  2.1    57    77     367    (-,-) 
  basic_isa_instance/g76132/ZN                                               -       A2->ZN R     NR2D2          1  2.6    64    69     435    (-,-) 
  basic_isa_instance/g76131/ZN                                               -       A2->ZN F     CKND2D3        1  6.8    60    62     497    (-,-) 
  basic_isa_instance/g76130/ZN                                               -       A1->ZN R     NR2D8          2  6.8    53    54     551    (-,-) 
  basic_isa_instance/g76217/ZN                                               -       I->ZN  F     CKND4          2  3.6    25    32     583    (-,-) 
  basic_isa_instance/g77911/ZN                                               -       I->ZN  R     CKND2          2  5.3    44    39     622    (-,-) 
  basic_isa_instance/g78595/ZN                                               -       A1->ZN F     NR2D4          9 15.5    53    45     667    (-,-) 
  basic_isa_instance/g84072/ZN                                               -       A1->ZN R     AOI22D2        1  1.9    79    70     737    (-,-) 
  basic_isa_instance/g26450/ZN                                               -       B->ZN  F     IOA21D2        2  1.8    44    48     785    (-,-) 
  basic_isa_instance/g26333/Z                                                -       I1->Z  F     MUX2D2        12 14.4   100   169     954    (-,-) 
  basic_isa_instance/g75482/Z                                                -       I1->Z  F     MUX2D2         3  5.5    66   161    1115    (-,-) 
  basic_isa_instance/g75481/ZN                                               -       A2->ZN R     ND2D2          1  2.2    39    49    1164    (-,-) 
  basic_isa_instance/g75480/ZN                                               -       A3->ZN F     ND3D2          1  1.8    61    67    1231    (-,-) 
  basic_isa_instance/u_branch_add_95_52_Y_u_branch_add_94_43_cdnadd_80081/CO -       CI->CO F     FA1D2          3  3.5    71   131    1362    (-,-) 
  basic_isa_instance/g75445/ZN                                               -       A1->ZN R     ND2D2          1  1.6    35    42    1404    (-,-) 
  basic_isa_instance/g75444/ZN                                               -       A1->ZN F     CKND2D2        2  3.1    44    41    1445    (-,-) 
  basic_isa_instance/g398/ZN                                                 -       A1->ZN R     CKND2D2        1  1.8    38    40    1485    (-,-) 
  basic_isa_instance/g395/ZN                                                 -       A1->ZN F     ND2D2          1  1.8    37    37    1522    (-,-) 
  basic_isa_instance/u_branch_add_95_52_Y_u_branch_add_94_43_cdnadd_8/CO     -       CI->CO F     FA1D2          1  1.8    63   114    1636    (-,-) 
  basic_isa_instance/u_branch_add_95_52_Y_u_branch_add_94_43_cdnadd_84991/CO -       CI->CO F     FA1D2          1  1.8    63   123    1759    (-,-) 
  basic_isa_instance/u_branch_add_95_52_Y_u_branch_add_94_43_cdnadd_10/CO    -       CI->CO F     FA1D2          1  1.8    63   123    1882    (-,-) 
  basic_isa_instance/u_branch_add_95_52_Y_u_branch_add_94_43_cdnadd_11/CO    -       CI->CO F     FA1D2          1  1.8    63   123    2006    (-,-) 
  basic_isa_instance/u_branch_add_95_52_Y_u_branch_add_94_43_cdnadd_12/CO    -       CI->CO F     FA1D2          3  3.6    72   132    2138    (-,-) 
  basic_isa_instance/g86044/ZN                                               -       A1->ZN R     AOI21D2        1  3.0    87    77    2215    (-,-) 
  basic_isa_instance/g86043/ZN                                               -       I->ZN  F     INVD3          3  3.3    34    40    2255    (-,-) 
  basic_isa_instance/g137/ZN                                                 -       A1->ZN R     ND2D2          1  2.5    37    34    2290    (-,-) 
  basic_isa_instance/g135/ZN                                                 -       A1->ZN F     CKND2D3        3  3.3    38    38    2328    (-,-) 
  basic_isa_instance/g83120/ZN                                               -       A1->ZN R     ND2D2          1  1.6    31    32    2360    (-,-) 
  basic_isa_instance/g113/ZN                                                 -       A1->ZN F     CKND2D2        1  1.8    33    33    2393    (-,-) 
  basic_isa_instance/u_branch_add_95_52_Y_u_branch_add_94_43_cdnadd_79059/CO -       CI->CO F     FA1D2          3  4.9    77   126    2519    (-,-) 
  basic_isa_instance/g86072/ZN                                               -       A1->ZN R     AOI21D4        2  3.5    71    67    2586    (-,-) 
  basic_isa_instance/g86074/ZN                                               -       A1->ZN F     OAI21D2        2  2.9    60    59    2645    (-,-) 
  basic_isa_instance/g86077/ZN                                               -       A1->ZN R     CKND2D2        1  1.6    38    44    2689    (-,-) 
  basic_isa_instance/g83153/ZN                                               -       A1->ZN F     CKND2D2        3  3.6    48    44    2734    (-,-) 
  basic_isa_instance/g75492/ZN                                               -       B2->ZN R     IND3D2         1  1.6    43    41    2774    (-,-) 
  basic_isa_instance/g75491/ZN                                               -       A1->ZN F     CKND2D2        4  5.2    61    54    2828    (-,-) 
  basic_isa_instance/g75461/ZN                                               -       B2->ZN R     IND3D2         1  1.6    43    45    2873    (-,-) 
  basic_isa_instance/g75460/ZN                                               -       A1->ZN F     CKND2D2        5  6.1    69    58    2931    (-,-) 
  basic_isa_instance/g400/ZN                                                 -       A1->ZN R     ND2D2          1  3.4    44    50    2982    (-,-) 
  basic_isa_instance/g393/ZN                                                 -       A1->ZN F     CKND2D4        4  7.0    48    46    3028    (-,-) 
  basic_isa_instance/g642/ZN                                                 -       A1->ZN R     ND2D2          1  1.6    32    36    3064    (-,-) 
  basic_isa_instance/g641/ZN                                                 -       A1->ZN F     CKND2D2        4  4.2    52    45    3109    (-,-) 
  basic_isa_instance/g307/Z                                                  -       A1->Z  F     OR2D2          1  1.7    39   110    3219    (-,-) 
  basic_isa_instance/g76671/ZN                                               -       B->ZN  R     IOA21D2        2  2.6    46    37    3256    (-,-) 
  basic_isa_instance/g35732/Z                                                -       A1->Z  R     AN2D2         16 14.4   119   143    3400    (-,-) 
  basic_isa_instance/u_if_u_btb_U_FILE_target_arr_reg[3][1][28]/D            -       -      R     DFCNQD2       16    -     -     0    3400    (-,-) 
#----------------------------------------------------------------------------------------------------------------------------------------------------



Path 66: VIOLATED (-999 ps) Setup Check with Pin basic_isa_instance/u_if_u_btb_U_FILE_target_arr_reg[3][0][28]/CP->D
          Group: core_clk
     Startpoint: (R) basic_isa_instance/u_id_ex_inst_ex_o_reg[17]/CP
          Clock: (R) core_clk
       Endpoint: (R) basic_isa_instance/u_if_u_btb_U_FILE_target_arr_reg[3][0][28]/D
          Clock: (R) core_clk

                     Capture       Launch     
        Clock Edge:+    2500            0     
       Src Latency:+       0            0     
       Net Latency:+       0 (I)        0 (I) 
           Arrival:=    2500            0     
                                              
             Setup:-      99                  
     Required Time:=    2401                  
      Launch Clock:-       0                  
         Data Path:-    3400                  
             Slack:=    -999                  

#----------------------------------------------------------------------------------------------------------------------------------------------------
#                               Timing Point                                 Flags    Arc   Edge   Cell     Fanout Load Trans Delay Arrival Instance 
#                                                                                                                  (fF)  (ps)  (ps)   (ps)  Location 
#----------------------------------------------------------------------------------------------------------------------------------------------------
  basic_isa_instance/u_id_ex_inst_ex_o_reg[17]/CP                            -       -      R     (arrival)    452    -     0     -       0    (-,-) 
  basic_isa_instance/u_id_ex_inst_ex_o_reg[17]/Q                             -       CP->Q  R     DFCNQD4        5  8.6    68   290     290    (-,-) 
  basic_isa_instance/g26680/ZN                                               -       B2->ZN F     OAI22D2        1  2.1    57    77     367    (-,-) 
  basic_isa_instance/g76132/ZN                                               -       A2->ZN R     NR2D2          1  2.6    64    69     435    (-,-) 
  basic_isa_instance/g76131/ZN                                               -       A2->ZN F     CKND2D3        1  6.8    60    62     497    (-,-) 
  basic_isa_instance/g76130/ZN                                               -       A1->ZN R     NR2D8          2  6.8    53    54     551    (-,-) 
  basic_isa_instance/g76217/ZN                                               -       I->ZN  F     CKND4          2  3.6    25    32     583    (-,-) 
  basic_isa_instance/g77911/ZN                                               -       I->ZN  R     CKND2          2  5.3    44    39     622    (-,-) 
  basic_isa_instance/g78595/ZN                                               -       A1->ZN F     NR2D4          9 15.5    53    45     667    (-,-) 
  basic_isa_instance/g84072/ZN                                               -       A1->ZN R     AOI22D2        1  1.9    79    70     737    (-,-) 
  basic_isa_instance/g26450/ZN                                               -       B->ZN  F     IOA21D2        2  1.8    44    48     785    (-,-) 
  basic_isa_instance/g26333/Z                                                -       I1->Z  F     MUX2D2        12 14.4   100   169     954    (-,-) 
  basic_isa_instance/g75482/Z                                                -       I1->Z  F     MUX2D2         3  5.5    66   161    1115    (-,-) 
  basic_isa_instance/g75481/ZN                                               -       A2->ZN R     ND2D2          1  2.2    39    49    1164    (-,-) 
  basic_isa_instance/g75480/ZN                                               -       A3->ZN F     ND3D2          1  1.8    61    67    1231    (-,-) 
  basic_isa_instance/u_branch_add_95_52_Y_u_branch_add_94_43_cdnadd_80081/CO -       CI->CO F     FA1D2          3  3.5    71   131    1362    (-,-) 
  basic_isa_instance/g75445/ZN                                               -       A1->ZN R     ND2D2          1  1.6    35    42    1404    (-,-) 
  basic_isa_instance/g75444/ZN                                               -       A1->ZN F     CKND2D2        2  3.1    44    41    1445    (-,-) 
  basic_isa_instance/g398/ZN                                                 -       A1->ZN R     CKND2D2        1  1.8    38    40    1485    (-,-) 
  basic_isa_instance/g395/ZN                                                 -       A1->ZN F     ND2D2          1  1.8    37    37    1522    (-,-) 
  basic_isa_instance/u_branch_add_95_52_Y_u_branch_add_94_43_cdnadd_8/CO     -       CI->CO F     FA1D2          1  1.8    63   114    1636    (-,-) 
  basic_isa_instance/u_branch_add_95_52_Y_u_branch_add_94_43_cdnadd_84991/CO -       CI->CO F     FA1D2          1  1.8    63   123    1759    (-,-) 
  basic_isa_instance/u_branch_add_95_52_Y_u_branch_add_94_43_cdnadd_10/CO    -       CI->CO F     FA1D2          1  1.8    63   123    1882    (-,-) 
  basic_isa_instance/u_branch_add_95_52_Y_u_branch_add_94_43_cdnadd_11/CO    -       CI->CO F     FA1D2          1  1.8    63   123    2006    (-,-) 
  basic_isa_instance/u_branch_add_95_52_Y_u_branch_add_94_43_cdnadd_12/CO    -       CI->CO F     FA1D2          3  3.6    72   132    2138    (-,-) 
  basic_isa_instance/g86044/ZN                                               -       A1->ZN R     AOI21D2        1  3.0    87    77    2215    (-,-) 
  basic_isa_instance/g86043/ZN                                               -       I->ZN  F     INVD3          3  3.3    34    40    2255    (-,-) 
  basic_isa_instance/g137/ZN                                                 -       A1->ZN R     ND2D2          1  2.5    37    34    2290    (-,-) 
  basic_isa_instance/g135/ZN                                                 -       A1->ZN F     CKND2D3        3  3.3    38    38    2328    (-,-) 
  basic_isa_instance/g83120/ZN                                               -       A1->ZN R     ND2D2          1  1.6    31    32    2360    (-,-) 
  basic_isa_instance/g113/ZN                                                 -       A1->ZN F     CKND2D2        1  1.8    33    33    2393    (-,-) 
  basic_isa_instance/u_branch_add_95_52_Y_u_branch_add_94_43_cdnadd_79059/CO -       CI->CO F     FA1D2          3  4.9    77   126    2519    (-,-) 
  basic_isa_instance/g86072/ZN                                               -       A1->ZN R     AOI21D4        2  3.5    71    67    2586    (-,-) 
  basic_isa_instance/g86074/ZN                                               -       A1->ZN F     OAI21D2        2  2.9    60    59    2645    (-,-) 
  basic_isa_instance/g86077/ZN                                               -       A1->ZN R     CKND2D2        1  1.6    38    44    2689    (-,-) 
  basic_isa_instance/g83153/ZN                                               -       A1->ZN F     CKND2D2        3  3.6    48    44    2734    (-,-) 
  basic_isa_instance/g75492/ZN                                               -       B2->ZN R     IND3D2         1  1.6    43    41    2774    (-,-) 
  basic_isa_instance/g75491/ZN                                               -       A1->ZN F     CKND2D2        4  5.2    61    54    2828    (-,-) 
  basic_isa_instance/g75461/ZN                                               -       B2->ZN R     IND3D2         1  1.6    43    45    2873    (-,-) 
  basic_isa_instance/g75460/ZN                                               -       A1->ZN F     CKND2D2        5  6.1    69    58    2931    (-,-) 
  basic_isa_instance/g400/ZN                                                 -       A1->ZN R     ND2D2          1  3.4    44    50    2982    (-,-) 
  basic_isa_instance/g393/ZN                                                 -       A1->ZN F     CKND2D4        4  7.0    48    46    3028    (-,-) 
  basic_isa_instance/g642/ZN                                                 -       A1->ZN R     ND2D2          1  1.6    32    36    3064    (-,-) 
  basic_isa_instance/g641/ZN                                                 -       A1->ZN F     CKND2D2        4  4.2    52    45    3109    (-,-) 
  basic_isa_instance/g307/Z                                                  -       A1->Z  F     OR2D2          1  1.7    39   110    3219    (-,-) 
  basic_isa_instance/g76671/ZN                                               -       B->ZN  R     IOA21D2        2  2.6    46    37    3256    (-,-) 
  basic_isa_instance/g35732/Z                                                -       A1->Z  R     AN2D2         16 14.4   119   143    3400    (-,-) 
  basic_isa_instance/u_if_u_btb_U_FILE_target_arr_reg[3][0][28]/D            -       -      R     DFCNQD2       16    -     -     0    3400    (-,-) 
#----------------------------------------------------------------------------------------------------------------------------------------------------



Path 67: VIOLATED (-999 ps) Setup Check with Pin basic_isa_instance/u_if_u_btb_U_FILE_target_arr_reg[2][1][28]/CP->D
          Group: core_clk
     Startpoint: (R) basic_isa_instance/u_id_ex_inst_ex_o_reg[17]/CP
          Clock: (R) core_clk
       Endpoint: (R) basic_isa_instance/u_if_u_btb_U_FILE_target_arr_reg[2][1][28]/D
          Clock: (R) core_clk

                     Capture       Launch     
        Clock Edge:+    2500            0     
       Src Latency:+       0            0     
       Net Latency:+       0 (I)        0 (I) 
           Arrival:=    2500            0     
                                              
             Setup:-      99                  
     Required Time:=    2401                  
      Launch Clock:-       0                  
         Data Path:-    3400                  
             Slack:=    -999                  

#----------------------------------------------------------------------------------------------------------------------------------------------------
#                               Timing Point                                 Flags    Arc   Edge   Cell     Fanout Load Trans Delay Arrival Instance 
#                                                                                                                  (fF)  (ps)  (ps)   (ps)  Location 
#----------------------------------------------------------------------------------------------------------------------------------------------------
  basic_isa_instance/u_id_ex_inst_ex_o_reg[17]/CP                            -       -      R     (arrival)    452    -     0     -       0    (-,-) 
  basic_isa_instance/u_id_ex_inst_ex_o_reg[17]/Q                             -       CP->Q  R     DFCNQD4        5  8.6    68   290     290    (-,-) 
  basic_isa_instance/g26680/ZN                                               -       B2->ZN F     OAI22D2        1  2.1    57    77     367    (-,-) 
  basic_isa_instance/g76132/ZN                                               -       A2->ZN R     NR2D2          1  2.6    64    69     435    (-,-) 
  basic_isa_instance/g76131/ZN                                               -       A2->ZN F     CKND2D3        1  6.8    60    62     497    (-,-) 
  basic_isa_instance/g76130/ZN                                               -       A1->ZN R     NR2D8          2  6.8    53    54     551    (-,-) 
  basic_isa_instance/g76217/ZN                                               -       I->ZN  F     CKND4          2  3.6    25    32     583    (-,-) 
  basic_isa_instance/g77911/ZN                                               -       I->ZN  R     CKND2          2  5.3    44    39     622    (-,-) 
  basic_isa_instance/g78595/ZN                                               -       A1->ZN F     NR2D4          9 15.5    53    45     667    (-,-) 
  basic_isa_instance/g84072/ZN                                               -       A1->ZN R     AOI22D2        1  1.9    79    70     737    (-,-) 
  basic_isa_instance/g26450/ZN                                               -       B->ZN  F     IOA21D2        2  1.8    44    48     785    (-,-) 
  basic_isa_instance/g26333/Z                                                -       I1->Z  F     MUX2D2        12 14.4   100   169     954    (-,-) 
  basic_isa_instance/g75482/Z                                                -       I1->Z  F     MUX2D2         3  5.5    66   161    1115    (-,-) 
  basic_isa_instance/g75481/ZN                                               -       A2->ZN R     ND2D2          1  2.2    39    49    1164    (-,-) 
  basic_isa_instance/g75480/ZN                                               -       A3->ZN F     ND3D2          1  1.8    61    67    1231    (-,-) 
  basic_isa_instance/u_branch_add_95_52_Y_u_branch_add_94_43_cdnadd_80081/CO -       CI->CO F     FA1D2          3  3.5    71   131    1362    (-,-) 
  basic_isa_instance/g75445/ZN                                               -       A1->ZN R     ND2D2          1  1.6    35    42    1404    (-,-) 
  basic_isa_instance/g75444/ZN                                               -       A1->ZN F     CKND2D2        2  3.1    44    41    1445    (-,-) 
  basic_isa_instance/g398/ZN                                                 -       A1->ZN R     CKND2D2        1  1.8    38    40    1485    (-,-) 
  basic_isa_instance/g395/ZN                                                 -       A1->ZN F     ND2D2          1  1.8    37    37    1522    (-,-) 
  basic_isa_instance/u_branch_add_95_52_Y_u_branch_add_94_43_cdnadd_8/CO     -       CI->CO F     FA1D2          1  1.8    63   114    1636    (-,-) 
  basic_isa_instance/u_branch_add_95_52_Y_u_branch_add_94_43_cdnadd_84991/CO -       CI->CO F     FA1D2          1  1.8    63   123    1759    (-,-) 
  basic_isa_instance/u_branch_add_95_52_Y_u_branch_add_94_43_cdnadd_10/CO    -       CI->CO F     FA1D2          1  1.8    63   123    1882    (-,-) 
  basic_isa_instance/u_branch_add_95_52_Y_u_branch_add_94_43_cdnadd_11/CO    -       CI->CO F     FA1D2          1  1.8    63   123    2006    (-,-) 
  basic_isa_instance/u_branch_add_95_52_Y_u_branch_add_94_43_cdnadd_12/CO    -       CI->CO F     FA1D2          3  3.6    72   132    2138    (-,-) 
  basic_isa_instance/g86044/ZN                                               -       A1->ZN R     AOI21D2        1  3.0    87    77    2215    (-,-) 
  basic_isa_instance/g86043/ZN                                               -       I->ZN  F     INVD3          3  3.3    34    40    2255    (-,-) 
  basic_isa_instance/g137/ZN                                                 -       A1->ZN R     ND2D2          1  2.5    37    34    2290    (-,-) 
  basic_isa_instance/g135/ZN                                                 -       A1->ZN F     CKND2D3        3  3.3    38    38    2328    (-,-) 
  basic_isa_instance/g83120/ZN                                               -       A1->ZN R     ND2D2          1  1.6    31    32    2360    (-,-) 
  basic_isa_instance/g113/ZN                                                 -       A1->ZN F     CKND2D2        1  1.8    33    33    2393    (-,-) 
  basic_isa_instance/u_branch_add_95_52_Y_u_branch_add_94_43_cdnadd_79059/CO -       CI->CO F     FA1D2          3  4.9    77   126    2519    (-,-) 
  basic_isa_instance/g86072/ZN                                               -       A1->ZN R     AOI21D4        2  3.5    71    67    2586    (-,-) 
  basic_isa_instance/g86074/ZN                                               -       A1->ZN F     OAI21D2        2  2.9    60    59    2645    (-,-) 
  basic_isa_instance/g86077/ZN                                               -       A1->ZN R     CKND2D2        1  1.6    38    44    2689    (-,-) 
  basic_isa_instance/g83153/ZN                                               -       A1->ZN F     CKND2D2        3  3.6    48    44    2734    (-,-) 
  basic_isa_instance/g75492/ZN                                               -       B2->ZN R     IND3D2         1  1.6    43    41    2774    (-,-) 
  basic_isa_instance/g75491/ZN                                               -       A1->ZN F     CKND2D2        4  5.2    61    54    2828    (-,-) 
  basic_isa_instance/g75461/ZN                                               -       B2->ZN R     IND3D2         1  1.6    43    45    2873    (-,-) 
  basic_isa_instance/g75460/ZN                                               -       A1->ZN F     CKND2D2        5  6.1    69    58    2931    (-,-) 
  basic_isa_instance/g400/ZN                                                 -       A1->ZN R     ND2D2          1  3.4    44    50    2982    (-,-) 
  basic_isa_instance/g393/ZN                                                 -       A1->ZN F     CKND2D4        4  7.0    48    46    3028    (-,-) 
  basic_isa_instance/g642/ZN                                                 -       A1->ZN R     ND2D2          1  1.6    32    36    3064    (-,-) 
  basic_isa_instance/g641/ZN                                                 -       A1->ZN F     CKND2D2        4  4.2    52    45    3109    (-,-) 
  basic_isa_instance/g307/Z                                                  -       A1->Z  F     OR2D2          1  1.7    39   110    3219    (-,-) 
  basic_isa_instance/g76671/ZN                                               -       B->ZN  R     IOA21D2        2  2.6    46    37    3256    (-,-) 
  basic_isa_instance/g35732/Z                                                -       A1->Z  R     AN2D2         16 14.4   119   143    3400    (-,-) 
  basic_isa_instance/u_if_u_btb_U_FILE_target_arr_reg[2][1][28]/D            -       -      R     DFCNQD2       16    -     -     0    3400    (-,-) 
#----------------------------------------------------------------------------------------------------------------------------------------------------



Path 68: VIOLATED (-999 ps) Setup Check with Pin basic_isa_instance/u_if_u_btb_U_FILE_target_arr_reg[2][0][28]/CP->D
          Group: core_clk
     Startpoint: (R) basic_isa_instance/u_id_ex_inst_ex_o_reg[17]/CP
          Clock: (R) core_clk
       Endpoint: (R) basic_isa_instance/u_if_u_btb_U_FILE_target_arr_reg[2][0][28]/D
          Clock: (R) core_clk

                     Capture       Launch     
        Clock Edge:+    2500            0     
       Src Latency:+       0            0     
       Net Latency:+       0 (I)        0 (I) 
           Arrival:=    2500            0     
                                              
             Setup:-      99                  
     Required Time:=    2401                  
      Launch Clock:-       0                  
         Data Path:-    3400                  
             Slack:=    -999                  

#----------------------------------------------------------------------------------------------------------------------------------------------------
#                               Timing Point                                 Flags    Arc   Edge   Cell     Fanout Load Trans Delay Arrival Instance 
#                                                                                                                  (fF)  (ps)  (ps)   (ps)  Location 
#----------------------------------------------------------------------------------------------------------------------------------------------------
  basic_isa_instance/u_id_ex_inst_ex_o_reg[17]/CP                            -       -      R     (arrival)    452    -     0     -       0    (-,-) 
  basic_isa_instance/u_id_ex_inst_ex_o_reg[17]/Q                             -       CP->Q  R     DFCNQD4        5  8.6    68   290     290    (-,-) 
  basic_isa_instance/g26680/ZN                                               -       B2->ZN F     OAI22D2        1  2.1    57    77     367    (-,-) 
  basic_isa_instance/g76132/ZN                                               -       A2->ZN R     NR2D2          1  2.6    64    69     435    (-,-) 
  basic_isa_instance/g76131/ZN                                               -       A2->ZN F     CKND2D3        1  6.8    60    62     497    (-,-) 
  basic_isa_instance/g76130/ZN                                               -       A1->ZN R     NR2D8          2  6.8    53    54     551    (-,-) 
  basic_isa_instance/g76217/ZN                                               -       I->ZN  F     CKND4          2  3.6    25    32     583    (-,-) 
  basic_isa_instance/g77911/ZN                                               -       I->ZN  R     CKND2          2  5.3    44    39     622    (-,-) 
  basic_isa_instance/g78595/ZN                                               -       A1->ZN F     NR2D4          9 15.5    53    45     667    (-,-) 
  basic_isa_instance/g84072/ZN                                               -       A1->ZN R     AOI22D2        1  1.9    79    70     737    (-,-) 
  basic_isa_instance/g26450/ZN                                               -       B->ZN  F     IOA21D2        2  1.8    44    48     785    (-,-) 
  basic_isa_instance/g26333/Z                                                -       I1->Z  F     MUX2D2        12 14.4   100   169     954    (-,-) 
  basic_isa_instance/g75482/Z                                                -       I1->Z  F     MUX2D2         3  5.5    66   161    1115    (-,-) 
  basic_isa_instance/g75481/ZN                                               -       A2->ZN R     ND2D2          1  2.2    39    49    1164    (-,-) 
  basic_isa_instance/g75480/ZN                                               -       A3->ZN F     ND3D2          1  1.8    61    67    1231    (-,-) 
  basic_isa_instance/u_branch_add_95_52_Y_u_branch_add_94_43_cdnadd_80081/CO -       CI->CO F     FA1D2          3  3.5    71   131    1362    (-,-) 
  basic_isa_instance/g75445/ZN                                               -       A1->ZN R     ND2D2          1  1.6    35    42    1404    (-,-) 
  basic_isa_instance/g75444/ZN                                               -       A1->ZN F     CKND2D2        2  3.1    44    41    1445    (-,-) 
  basic_isa_instance/g398/ZN                                                 -       A1->ZN R     CKND2D2        1  1.8    38    40    1485    (-,-) 
  basic_isa_instance/g395/ZN                                                 -       A1->ZN F     ND2D2          1  1.8    37    37    1522    (-,-) 
  basic_isa_instance/u_branch_add_95_52_Y_u_branch_add_94_43_cdnadd_8/CO     -       CI->CO F     FA1D2          1  1.8    63   114    1636    (-,-) 
  basic_isa_instance/u_branch_add_95_52_Y_u_branch_add_94_43_cdnadd_84991/CO -       CI->CO F     FA1D2          1  1.8    63   123    1759    (-,-) 
  basic_isa_instance/u_branch_add_95_52_Y_u_branch_add_94_43_cdnadd_10/CO    -       CI->CO F     FA1D2          1  1.8    63   123    1882    (-,-) 
  basic_isa_instance/u_branch_add_95_52_Y_u_branch_add_94_43_cdnadd_11/CO    -       CI->CO F     FA1D2          1  1.8    63   123    2006    (-,-) 
  basic_isa_instance/u_branch_add_95_52_Y_u_branch_add_94_43_cdnadd_12/CO    -       CI->CO F     FA1D2          3  3.6    72   132    2138    (-,-) 
  basic_isa_instance/g86044/ZN                                               -       A1->ZN R     AOI21D2        1  3.0    87    77    2215    (-,-) 
  basic_isa_instance/g86043/ZN                                               -       I->ZN  F     INVD3          3  3.3    34    40    2255    (-,-) 
  basic_isa_instance/g137/ZN                                                 -       A1->ZN R     ND2D2          1  2.5    37    34    2290    (-,-) 
  basic_isa_instance/g135/ZN                                                 -       A1->ZN F     CKND2D3        3  3.3    38    38    2328    (-,-) 
  basic_isa_instance/g83120/ZN                                               -       A1->ZN R     ND2D2          1  1.6    31    32    2360    (-,-) 
  basic_isa_instance/g113/ZN                                                 -       A1->ZN F     CKND2D2        1  1.8    33    33    2393    (-,-) 
  basic_isa_instance/u_branch_add_95_52_Y_u_branch_add_94_43_cdnadd_79059/CO -       CI->CO F     FA1D2          3  4.9    77   126    2519    (-,-) 
  basic_isa_instance/g86072/ZN                                               -       A1->ZN R     AOI21D4        2  3.5    71    67    2586    (-,-) 
  basic_isa_instance/g86074/ZN                                               -       A1->ZN F     OAI21D2        2  2.9    60    59    2645    (-,-) 
  basic_isa_instance/g86077/ZN                                               -       A1->ZN R     CKND2D2        1  1.6    38    44    2689    (-,-) 
  basic_isa_instance/g83153/ZN                                               -       A1->ZN F     CKND2D2        3  3.6    48    44    2734    (-,-) 
  basic_isa_instance/g75492/ZN                                               -       B2->ZN R     IND3D2         1  1.6    43    41    2774    (-,-) 
  basic_isa_instance/g75491/ZN                                               -       A1->ZN F     CKND2D2        4  5.2    61    54    2828    (-,-) 
  basic_isa_instance/g75461/ZN                                               -       B2->ZN R     IND3D2         1  1.6    43    45    2873    (-,-) 
  basic_isa_instance/g75460/ZN                                               -       A1->ZN F     CKND2D2        5  6.1    69    58    2931    (-,-) 
  basic_isa_instance/g400/ZN                                                 -       A1->ZN R     ND2D2          1  3.4    44    50    2982    (-,-) 
  basic_isa_instance/g393/ZN                                                 -       A1->ZN F     CKND2D4        4  7.0    48    46    3028    (-,-) 
  basic_isa_instance/g642/ZN                                                 -       A1->ZN R     ND2D2          1  1.6    32    36    3064    (-,-) 
  basic_isa_instance/g641/ZN                                                 -       A1->ZN F     CKND2D2        4  4.2    52    45    3109    (-,-) 
  basic_isa_instance/g307/Z                                                  -       A1->Z  F     OR2D2          1  1.7    39   110    3219    (-,-) 
  basic_isa_instance/g76671/ZN                                               -       B->ZN  R     IOA21D2        2  2.6    46    37    3256    (-,-) 
  basic_isa_instance/g35732/Z                                                -       A1->Z  R     AN2D2         16 14.4   119   143    3400    (-,-) 
  basic_isa_instance/u_if_u_btb_U_FILE_target_arr_reg[2][0][28]/D            -       -      R     DFCNQD2       16    -     -     0    3400    (-,-) 
#----------------------------------------------------------------------------------------------------------------------------------------------------



Path 69: VIOLATED (-999 ps) Setup Check with Pin basic_isa_instance/u_if_u_btb_U_FILE_target_arr_reg[1][1][28]/CP->D
          Group: core_clk
     Startpoint: (R) basic_isa_instance/u_id_ex_inst_ex_o_reg[17]/CP
          Clock: (R) core_clk
       Endpoint: (R) basic_isa_instance/u_if_u_btb_U_FILE_target_arr_reg[1][1][28]/D
          Clock: (R) core_clk

                     Capture       Launch     
        Clock Edge:+    2500            0     
       Src Latency:+       0            0     
       Net Latency:+       0 (I)        0 (I) 
           Arrival:=    2500            0     
                                              
             Setup:-      99                  
     Required Time:=    2401                  
      Launch Clock:-       0                  
         Data Path:-    3400                  
             Slack:=    -999                  

#----------------------------------------------------------------------------------------------------------------------------------------------------
#                               Timing Point                                 Flags    Arc   Edge   Cell     Fanout Load Trans Delay Arrival Instance 
#                                                                                                                  (fF)  (ps)  (ps)   (ps)  Location 
#----------------------------------------------------------------------------------------------------------------------------------------------------
  basic_isa_instance/u_id_ex_inst_ex_o_reg[17]/CP                            -       -      R     (arrival)    452    -     0     -       0    (-,-) 
  basic_isa_instance/u_id_ex_inst_ex_o_reg[17]/Q                             -       CP->Q  R     DFCNQD4        5  8.6    68   290     290    (-,-) 
  basic_isa_instance/g26680/ZN                                               -       B2->ZN F     OAI22D2        1  2.1    57    77     367    (-,-) 
  basic_isa_instance/g76132/ZN                                               -       A2->ZN R     NR2D2          1  2.6    64    69     435    (-,-) 
  basic_isa_instance/g76131/ZN                                               -       A2->ZN F     CKND2D3        1  6.8    60    62     497    (-,-) 
  basic_isa_instance/g76130/ZN                                               -       A1->ZN R     NR2D8          2  6.8    53    54     551    (-,-) 
  basic_isa_instance/g76217/ZN                                               -       I->ZN  F     CKND4          2  3.6    25    32     583    (-,-) 
  basic_isa_instance/g77911/ZN                                               -       I->ZN  R     CKND2          2  5.3    44    39     622    (-,-) 
  basic_isa_instance/g78595/ZN                                               -       A1->ZN F     NR2D4          9 15.5    53    45     667    (-,-) 
  basic_isa_instance/g84072/ZN                                               -       A1->ZN R     AOI22D2        1  1.9    79    70     737    (-,-) 
  basic_isa_instance/g26450/ZN                                               -       B->ZN  F     IOA21D2        2  1.8    44    48     785    (-,-) 
  basic_isa_instance/g26333/Z                                                -       I1->Z  F     MUX2D2        12 14.4   100   169     954    (-,-) 
  basic_isa_instance/g75482/Z                                                -       I1->Z  F     MUX2D2         3  5.5    66   161    1115    (-,-) 
  basic_isa_instance/g75481/ZN                                               -       A2->ZN R     ND2D2          1  2.2    39    49    1164    (-,-) 
  basic_isa_instance/g75480/ZN                                               -       A3->ZN F     ND3D2          1  1.8    61    67    1231    (-,-) 
  basic_isa_instance/u_branch_add_95_52_Y_u_branch_add_94_43_cdnadd_80081/CO -       CI->CO F     FA1D2          3  3.5    71   131    1362    (-,-) 
  basic_isa_instance/g75445/ZN                                               -       A1->ZN R     ND2D2          1  1.6    35    42    1404    (-,-) 
  basic_isa_instance/g75444/ZN                                               -       A1->ZN F     CKND2D2        2  3.1    44    41    1445    (-,-) 
  basic_isa_instance/g398/ZN                                                 -       A1->ZN R     CKND2D2        1  1.8    38    40    1485    (-,-) 
  basic_isa_instance/g395/ZN                                                 -       A1->ZN F     ND2D2          1  1.8    37    37    1522    (-,-) 
  basic_isa_instance/u_branch_add_95_52_Y_u_branch_add_94_43_cdnadd_8/CO     -       CI->CO F     FA1D2          1  1.8    63   114    1636    (-,-) 
  basic_isa_instance/u_branch_add_95_52_Y_u_branch_add_94_43_cdnadd_84991/CO -       CI->CO F     FA1D2          1  1.8    63   123    1759    (-,-) 
  basic_isa_instance/u_branch_add_95_52_Y_u_branch_add_94_43_cdnadd_10/CO    -       CI->CO F     FA1D2          1  1.8    63   123    1882    (-,-) 
  basic_isa_instance/u_branch_add_95_52_Y_u_branch_add_94_43_cdnadd_11/CO    -       CI->CO F     FA1D2          1  1.8    63   123    2006    (-,-) 
  basic_isa_instance/u_branch_add_95_52_Y_u_branch_add_94_43_cdnadd_12/CO    -       CI->CO F     FA1D2          3  3.6    72   132    2138    (-,-) 
  basic_isa_instance/g86044/ZN                                               -       A1->ZN R     AOI21D2        1  3.0    87    77    2215    (-,-) 
  basic_isa_instance/g86043/ZN                                               -       I->ZN  F     INVD3          3  3.3    34    40    2255    (-,-) 
  basic_isa_instance/g137/ZN                                                 -       A1->ZN R     ND2D2          1  2.5    37    34    2290    (-,-) 
  basic_isa_instance/g135/ZN                                                 -       A1->ZN F     CKND2D3        3  3.3    38    38    2328    (-,-) 
  basic_isa_instance/g83120/ZN                                               -       A1->ZN R     ND2D2          1  1.6    31    32    2360    (-,-) 
  basic_isa_instance/g113/ZN                                                 -       A1->ZN F     CKND2D2        1  1.8    33    33    2393    (-,-) 
  basic_isa_instance/u_branch_add_95_52_Y_u_branch_add_94_43_cdnadd_79059/CO -       CI->CO F     FA1D2          3  4.9    77   126    2519    (-,-) 
  basic_isa_instance/g86072/ZN                                               -       A1->ZN R     AOI21D4        2  3.5    71    67    2586    (-,-) 
  basic_isa_instance/g86074/ZN                                               -       A1->ZN F     OAI21D2        2  2.9    60    59    2645    (-,-) 
  basic_isa_instance/g86077/ZN                                               -       A1->ZN R     CKND2D2        1  1.6    38    44    2689    (-,-) 
  basic_isa_instance/g83153/ZN                                               -       A1->ZN F     CKND2D2        3  3.6    48    44    2734    (-,-) 
  basic_isa_instance/g75492/ZN                                               -       B2->ZN R     IND3D2         1  1.6    43    41    2774    (-,-) 
  basic_isa_instance/g75491/ZN                                               -       A1->ZN F     CKND2D2        4  5.2    61    54    2828    (-,-) 
  basic_isa_instance/g75461/ZN                                               -       B2->ZN R     IND3D2         1  1.6    43    45    2873    (-,-) 
  basic_isa_instance/g75460/ZN                                               -       A1->ZN F     CKND2D2        5  6.1    69    58    2931    (-,-) 
  basic_isa_instance/g400/ZN                                                 -       A1->ZN R     ND2D2          1  3.4    44    50    2982    (-,-) 
  basic_isa_instance/g393/ZN                                                 -       A1->ZN F     CKND2D4        4  7.0    48    46    3028    (-,-) 
  basic_isa_instance/g642/ZN                                                 -       A1->ZN R     ND2D2          1  1.6    32    36    3064    (-,-) 
  basic_isa_instance/g641/ZN                                                 -       A1->ZN F     CKND2D2        4  4.2    52    45    3109    (-,-) 
  basic_isa_instance/g307/Z                                                  -       A1->Z  F     OR2D2          1  1.7    39   110    3219    (-,-) 
  basic_isa_instance/g76671/ZN                                               -       B->ZN  R     IOA21D2        2  2.6    46    37    3256    (-,-) 
  basic_isa_instance/g35732/Z                                                -       A1->Z  R     AN2D2         16 14.4   119   143    3400    (-,-) 
  basic_isa_instance/u_if_u_btb_U_FILE_target_arr_reg[1][1][28]/D            -       -      R     DFCNQD2       16    -     -     0    3400    (-,-) 
#----------------------------------------------------------------------------------------------------------------------------------------------------



Path 70: VIOLATED (-999 ps) Setup Check with Pin basic_isa_instance/u_if_u_btb_U_FILE_target_arr_reg[1][0][28]/CP->D
          Group: core_clk
     Startpoint: (R) basic_isa_instance/u_id_ex_inst_ex_o_reg[17]/CP
          Clock: (R) core_clk
       Endpoint: (R) basic_isa_instance/u_if_u_btb_U_FILE_target_arr_reg[1][0][28]/D
          Clock: (R) core_clk

                     Capture       Launch     
        Clock Edge:+    2500            0     
       Src Latency:+       0            0     
       Net Latency:+       0 (I)        0 (I) 
           Arrival:=    2500            0     
                                              
             Setup:-      99                  
     Required Time:=    2401                  
      Launch Clock:-       0                  
         Data Path:-    3400                  
             Slack:=    -999                  

#----------------------------------------------------------------------------------------------------------------------------------------------------
#                               Timing Point                                 Flags    Arc   Edge   Cell     Fanout Load Trans Delay Arrival Instance 
#                                                                                                                  (fF)  (ps)  (ps)   (ps)  Location 
#----------------------------------------------------------------------------------------------------------------------------------------------------
  basic_isa_instance/u_id_ex_inst_ex_o_reg[17]/CP                            -       -      R     (arrival)    452    -     0     -       0    (-,-) 
  basic_isa_instance/u_id_ex_inst_ex_o_reg[17]/Q                             -       CP->Q  R     DFCNQD4        5  8.6    68   290     290    (-,-) 
  basic_isa_instance/g26680/ZN                                               -       B2->ZN F     OAI22D2        1  2.1    57    77     367    (-,-) 
  basic_isa_instance/g76132/ZN                                               -       A2->ZN R     NR2D2          1  2.6    64    69     435    (-,-) 
  basic_isa_instance/g76131/ZN                                               -       A2->ZN F     CKND2D3        1  6.8    60    62     497    (-,-) 
  basic_isa_instance/g76130/ZN                                               -       A1->ZN R     NR2D8          2  6.8    53    54     551    (-,-) 
  basic_isa_instance/g76217/ZN                                               -       I->ZN  F     CKND4          2  3.6    25    32     583    (-,-) 
  basic_isa_instance/g77911/ZN                                               -       I->ZN  R     CKND2          2  5.3    44    39     622    (-,-) 
  basic_isa_instance/g78595/ZN                                               -       A1->ZN F     NR2D4          9 15.5    53    45     667    (-,-) 
  basic_isa_instance/g84072/ZN                                               -       A1->ZN R     AOI22D2        1  1.9    79    70     737    (-,-) 
  basic_isa_instance/g26450/ZN                                               -       B->ZN  F     IOA21D2        2  1.8    44    48     785    (-,-) 
  basic_isa_instance/g26333/Z                                                -       I1->Z  F     MUX2D2        12 14.4   100   169     954    (-,-) 
  basic_isa_instance/g75482/Z                                                -       I1->Z  F     MUX2D2         3  5.5    66   161    1115    (-,-) 
  basic_isa_instance/g75481/ZN                                               -       A2->ZN R     ND2D2          1  2.2    39    49    1164    (-,-) 
  basic_isa_instance/g75480/ZN                                               -       A3->ZN F     ND3D2          1  1.8    61    67    1231    (-,-) 
  basic_isa_instance/u_branch_add_95_52_Y_u_branch_add_94_43_cdnadd_80081/CO -       CI->CO F     FA1D2          3  3.5    71   131    1362    (-,-) 
  basic_isa_instance/g75445/ZN                                               -       A1->ZN R     ND2D2          1  1.6    35    42    1404    (-,-) 
  basic_isa_instance/g75444/ZN                                               -       A1->ZN F     CKND2D2        2  3.1    44    41    1445    (-,-) 
  basic_isa_instance/g398/ZN                                                 -       A1->ZN R     CKND2D2        1  1.8    38    40    1485    (-,-) 
  basic_isa_instance/g395/ZN                                                 -       A1->ZN F     ND2D2          1  1.8    37    37    1522    (-,-) 
  basic_isa_instance/u_branch_add_95_52_Y_u_branch_add_94_43_cdnadd_8/CO     -       CI->CO F     FA1D2          1  1.8    63   114    1636    (-,-) 
  basic_isa_instance/u_branch_add_95_52_Y_u_branch_add_94_43_cdnadd_84991/CO -       CI->CO F     FA1D2          1  1.8    63   123    1759    (-,-) 
  basic_isa_instance/u_branch_add_95_52_Y_u_branch_add_94_43_cdnadd_10/CO    -       CI->CO F     FA1D2          1  1.8    63   123    1882    (-,-) 
  basic_isa_instance/u_branch_add_95_52_Y_u_branch_add_94_43_cdnadd_11/CO    -       CI->CO F     FA1D2          1  1.8    63   123    2006    (-,-) 
  basic_isa_instance/u_branch_add_95_52_Y_u_branch_add_94_43_cdnadd_12/CO    -       CI->CO F     FA1D2          3  3.6    72   132    2138    (-,-) 
  basic_isa_instance/g86044/ZN                                               -       A1->ZN R     AOI21D2        1  3.0    87    77    2215    (-,-) 
  basic_isa_instance/g86043/ZN                                               -       I->ZN  F     INVD3          3  3.3    34    40    2255    (-,-) 
  basic_isa_instance/g137/ZN                                                 -       A1->ZN R     ND2D2          1  2.5    37    34    2290    (-,-) 
  basic_isa_instance/g135/ZN                                                 -       A1->ZN F     CKND2D3        3  3.3    38    38    2328    (-,-) 
  basic_isa_instance/g83120/ZN                                               -       A1->ZN R     ND2D2          1  1.6    31    32    2360    (-,-) 
  basic_isa_instance/g113/ZN                                                 -       A1->ZN F     CKND2D2        1  1.8    33    33    2393    (-,-) 
  basic_isa_instance/u_branch_add_95_52_Y_u_branch_add_94_43_cdnadd_79059/CO -       CI->CO F     FA1D2          3  4.9    77   126    2519    (-,-) 
  basic_isa_instance/g86072/ZN                                               -       A1->ZN R     AOI21D4        2  3.5    71    67    2586    (-,-) 
  basic_isa_instance/g86074/ZN                                               -       A1->ZN F     OAI21D2        2  2.9    60    59    2645    (-,-) 
  basic_isa_instance/g86077/ZN                                               -       A1->ZN R     CKND2D2        1  1.6    38    44    2689    (-,-) 
  basic_isa_instance/g83153/ZN                                               -       A1->ZN F     CKND2D2        3  3.6    48    44    2734    (-,-) 
  basic_isa_instance/g75492/ZN                                               -       B2->ZN R     IND3D2         1  1.6    43    41    2774    (-,-) 
  basic_isa_instance/g75491/ZN                                               -       A1->ZN F     CKND2D2        4  5.2    61    54    2828    (-,-) 
  basic_isa_instance/g75461/ZN                                               -       B2->ZN R     IND3D2         1  1.6    43    45    2873    (-,-) 
  basic_isa_instance/g75460/ZN                                               -       A1->ZN F     CKND2D2        5  6.1    69    58    2931    (-,-) 
  basic_isa_instance/g400/ZN                                                 -       A1->ZN R     ND2D2          1  3.4    44    50    2982    (-,-) 
  basic_isa_instance/g393/ZN                                                 -       A1->ZN F     CKND2D4        4  7.0    48    46    3028    (-,-) 
  basic_isa_instance/g642/ZN                                                 -       A1->ZN R     ND2D2          1  1.6    32    36    3064    (-,-) 
  basic_isa_instance/g641/ZN                                                 -       A1->ZN F     CKND2D2        4  4.2    52    45    3109    (-,-) 
  basic_isa_instance/g307/Z                                                  -       A1->Z  F     OR2D2          1  1.7    39   110    3219    (-,-) 
  basic_isa_instance/g76671/ZN                                               -       B->ZN  R     IOA21D2        2  2.6    46    37    3256    (-,-) 
  basic_isa_instance/g35732/Z                                                -       A1->Z  R     AN2D2         16 14.4   119   143    3400    (-,-) 
  basic_isa_instance/u_if_u_btb_U_FILE_target_arr_reg[1][0][28]/D            -       -      R     DFCNQD2       16    -     -     0    3400    (-,-) 
#----------------------------------------------------------------------------------------------------------------------------------------------------



Path 71: VIOLATED (-999 ps) Setup Check with Pin basic_isa_instance/u_if_u_btb_U_FILE_target_arr_reg[0][1][28]/CP->D
          Group: core_clk
     Startpoint: (R) basic_isa_instance/u_id_ex_inst_ex_o_reg[17]/CP
          Clock: (R) core_clk
       Endpoint: (R) basic_isa_instance/u_if_u_btb_U_FILE_target_arr_reg[0][1][28]/D
          Clock: (R) core_clk

                     Capture       Launch     
        Clock Edge:+    2500            0     
       Src Latency:+       0            0     
       Net Latency:+       0 (I)        0 (I) 
           Arrival:=    2500            0     
                                              
             Setup:-      99                  
     Required Time:=    2401                  
      Launch Clock:-       0                  
         Data Path:-    3400                  
             Slack:=    -999                  

#----------------------------------------------------------------------------------------------------------------------------------------------------
#                               Timing Point                                 Flags    Arc   Edge   Cell     Fanout Load Trans Delay Arrival Instance 
#                                                                                                                  (fF)  (ps)  (ps)   (ps)  Location 
#----------------------------------------------------------------------------------------------------------------------------------------------------
  basic_isa_instance/u_id_ex_inst_ex_o_reg[17]/CP                            -       -      R     (arrival)    452    -     0     -       0    (-,-) 
  basic_isa_instance/u_id_ex_inst_ex_o_reg[17]/Q                             -       CP->Q  R     DFCNQD4        5  8.6    68   290     290    (-,-) 
  basic_isa_instance/g26680/ZN                                               -       B2->ZN F     OAI22D2        1  2.1    57    77     367    (-,-) 
  basic_isa_instance/g76132/ZN                                               -       A2->ZN R     NR2D2          1  2.6    64    69     435    (-,-) 
  basic_isa_instance/g76131/ZN                                               -       A2->ZN F     CKND2D3        1  6.8    60    62     497    (-,-) 
  basic_isa_instance/g76130/ZN                                               -       A1->ZN R     NR2D8          2  6.8    53    54     551    (-,-) 
  basic_isa_instance/g76217/ZN                                               -       I->ZN  F     CKND4          2  3.6    25    32     583    (-,-) 
  basic_isa_instance/g77911/ZN                                               -       I->ZN  R     CKND2          2  5.3    44    39     622    (-,-) 
  basic_isa_instance/g78595/ZN                                               -       A1->ZN F     NR2D4          9 15.5    53    45     667    (-,-) 
  basic_isa_instance/g84072/ZN                                               -       A1->ZN R     AOI22D2        1  1.9    79    70     737    (-,-) 
  basic_isa_instance/g26450/ZN                                               -       B->ZN  F     IOA21D2        2  1.8    44    48     785    (-,-) 
  basic_isa_instance/g26333/Z                                                -       I1->Z  F     MUX2D2        12 14.4   100   169     954    (-,-) 
  basic_isa_instance/g75482/Z                                                -       I1->Z  F     MUX2D2         3  5.5    66   161    1115    (-,-) 
  basic_isa_instance/g75481/ZN                                               -       A2->ZN R     ND2D2          1  2.2    39    49    1164    (-,-) 
  basic_isa_instance/g75480/ZN                                               -       A3->ZN F     ND3D2          1  1.8    61    67    1231    (-,-) 
  basic_isa_instance/u_branch_add_95_52_Y_u_branch_add_94_43_cdnadd_80081/CO -       CI->CO F     FA1D2          3  3.5    71   131    1362    (-,-) 
  basic_isa_instance/g75445/ZN                                               -       A1->ZN R     ND2D2          1  1.6    35    42    1404    (-,-) 
  basic_isa_instance/g75444/ZN                                               -       A1->ZN F     CKND2D2        2  3.1    44    41    1445    (-,-) 
  basic_isa_instance/g398/ZN                                                 -       A1->ZN R     CKND2D2        1  1.8    38    40    1485    (-,-) 
  basic_isa_instance/g395/ZN                                                 -       A1->ZN F     ND2D2          1  1.8    37    37    1522    (-,-) 
  basic_isa_instance/u_branch_add_95_52_Y_u_branch_add_94_43_cdnadd_8/CO     -       CI->CO F     FA1D2          1  1.8    63   114    1636    (-,-) 
  basic_isa_instance/u_branch_add_95_52_Y_u_branch_add_94_43_cdnadd_84991/CO -       CI->CO F     FA1D2          1  1.8    63   123    1759    (-,-) 
  basic_isa_instance/u_branch_add_95_52_Y_u_branch_add_94_43_cdnadd_10/CO    -       CI->CO F     FA1D2          1  1.8    63   123    1882    (-,-) 
  basic_isa_instance/u_branch_add_95_52_Y_u_branch_add_94_43_cdnadd_11/CO    -       CI->CO F     FA1D2          1  1.8    63   123    2006    (-,-) 
  basic_isa_instance/u_branch_add_95_52_Y_u_branch_add_94_43_cdnadd_12/CO    -       CI->CO F     FA1D2          3  3.6    72   132    2138    (-,-) 
  basic_isa_instance/g86044/ZN                                               -       A1->ZN R     AOI21D2        1  3.0    87    77    2215    (-,-) 
  basic_isa_instance/g86043/ZN                                               -       I->ZN  F     INVD3          3  3.3    34    40    2255    (-,-) 
  basic_isa_instance/g137/ZN                                                 -       A1->ZN R     ND2D2          1  2.5    37    34    2290    (-,-) 
  basic_isa_instance/g135/ZN                                                 -       A1->ZN F     CKND2D3        3  3.3    38    38    2328    (-,-) 
  basic_isa_instance/g83120/ZN                                               -       A1->ZN R     ND2D2          1  1.6    31    32    2360    (-,-) 
  basic_isa_instance/g113/ZN                                                 -       A1->ZN F     CKND2D2        1  1.8    33    33    2393    (-,-) 
  basic_isa_instance/u_branch_add_95_52_Y_u_branch_add_94_43_cdnadd_79059/CO -       CI->CO F     FA1D2          3  4.9    77   126    2519    (-,-) 
  basic_isa_instance/g86072/ZN                                               -       A1->ZN R     AOI21D4        2  3.5    71    67    2586    (-,-) 
  basic_isa_instance/g86074/ZN                                               -       A1->ZN F     OAI21D2        2  2.9    60    59    2645    (-,-) 
  basic_isa_instance/g86077/ZN                                               -       A1->ZN R     CKND2D2        1  1.6    38    44    2689    (-,-) 
  basic_isa_instance/g83153/ZN                                               -       A1->ZN F     CKND2D2        3  3.6    48    44    2734    (-,-) 
  basic_isa_instance/g75492/ZN                                               -       B2->ZN R     IND3D2         1  1.6    43    41    2774    (-,-) 
  basic_isa_instance/g75491/ZN                                               -       A1->ZN F     CKND2D2        4  5.2    61    54    2828    (-,-) 
  basic_isa_instance/g75461/ZN                                               -       B2->ZN R     IND3D2         1  1.6    43    45    2873    (-,-) 
  basic_isa_instance/g75460/ZN                                               -       A1->ZN F     CKND2D2        5  6.1    69    58    2931    (-,-) 
  basic_isa_instance/g400/ZN                                                 -       A1->ZN R     ND2D2          1  3.4    44    50    2982    (-,-) 
  basic_isa_instance/g393/ZN                                                 -       A1->ZN F     CKND2D4        4  7.0    48    46    3028    (-,-) 
  basic_isa_instance/g642/ZN                                                 -       A1->ZN R     ND2D2          1  1.6    32    36    3064    (-,-) 
  basic_isa_instance/g641/ZN                                                 -       A1->ZN F     CKND2D2        4  4.2    52    45    3109    (-,-) 
  basic_isa_instance/g307/Z                                                  -       A1->Z  F     OR2D2          1  1.7    39   110    3219    (-,-) 
  basic_isa_instance/g76671/ZN                                               -       B->ZN  R     IOA21D2        2  2.6    46    37    3256    (-,-) 
  basic_isa_instance/g35732/Z                                                -       A1->Z  R     AN2D2         16 14.4   119   143    3400    (-,-) 
  basic_isa_instance/u_if_u_btb_U_FILE_target_arr_reg[0][1][28]/D            -       -      R     DFCNQD2       16    -     -     0    3400    (-,-) 
#----------------------------------------------------------------------------------------------------------------------------------------------------



Path 72: VIOLATED (-999 ps) Setup Check with Pin basic_isa_instance/u_if_u_btb_U_FILE_target_arr_reg[0][0][28]/CP->D
          Group: core_clk
     Startpoint: (R) basic_isa_instance/u_id_ex_inst_ex_o_reg[17]/CP
          Clock: (R) core_clk
       Endpoint: (R) basic_isa_instance/u_if_u_btb_U_FILE_target_arr_reg[0][0][28]/D
          Clock: (R) core_clk

                     Capture       Launch     
        Clock Edge:+    2500            0     
       Src Latency:+       0            0     
       Net Latency:+       0 (I)        0 (I) 
           Arrival:=    2500            0     
                                              
             Setup:-      99                  
     Required Time:=    2401                  
      Launch Clock:-       0                  
         Data Path:-    3400                  
             Slack:=    -999                  

#----------------------------------------------------------------------------------------------------------------------------------------------------
#                               Timing Point                                 Flags    Arc   Edge   Cell     Fanout Load Trans Delay Arrival Instance 
#                                                                                                                  (fF)  (ps)  (ps)   (ps)  Location 
#----------------------------------------------------------------------------------------------------------------------------------------------------
  basic_isa_instance/u_id_ex_inst_ex_o_reg[17]/CP                            -       -      R     (arrival)    452    -     0     -       0    (-,-) 
  basic_isa_instance/u_id_ex_inst_ex_o_reg[17]/Q                             -       CP->Q  R     DFCNQD4        5  8.6    68   290     290    (-,-) 
  basic_isa_instance/g26680/ZN                                               -       B2->ZN F     OAI22D2        1  2.1    57    77     367    (-,-) 
  basic_isa_instance/g76132/ZN                                               -       A2->ZN R     NR2D2          1  2.6    64    69     435    (-,-) 
  basic_isa_instance/g76131/ZN                                               -       A2->ZN F     CKND2D3        1  6.8    60    62     497    (-,-) 
  basic_isa_instance/g76130/ZN                                               -       A1->ZN R     NR2D8          2  6.8    53    54     551    (-,-) 
  basic_isa_instance/g76217/ZN                                               -       I->ZN  F     CKND4          2  3.6    25    32     583    (-,-) 
  basic_isa_instance/g77911/ZN                                               -       I->ZN  R     CKND2          2  5.3    44    39     622    (-,-) 
  basic_isa_instance/g78595/ZN                                               -       A1->ZN F     NR2D4          9 15.5    53    45     667    (-,-) 
  basic_isa_instance/g84072/ZN                                               -       A1->ZN R     AOI22D2        1  1.9    79    70     737    (-,-) 
  basic_isa_instance/g26450/ZN                                               -       B->ZN  F     IOA21D2        2  1.8    44    48     785    (-,-) 
  basic_isa_instance/g26333/Z                                                -       I1->Z  F     MUX2D2        12 14.4   100   169     954    (-,-) 
  basic_isa_instance/g75482/Z                                                -       I1->Z  F     MUX2D2         3  5.5    66   161    1115    (-,-) 
  basic_isa_instance/g75481/ZN                                               -       A2->ZN R     ND2D2          1  2.2    39    49    1164    (-,-) 
  basic_isa_instance/g75480/ZN                                               -       A3->ZN F     ND3D2          1  1.8    61    67    1231    (-,-) 
  basic_isa_instance/u_branch_add_95_52_Y_u_branch_add_94_43_cdnadd_80081/CO -       CI->CO F     FA1D2          3  3.5    71   131    1362    (-,-) 
  basic_isa_instance/g75445/ZN                                               -       A1->ZN R     ND2D2          1  1.6    35    42    1404    (-,-) 
  basic_isa_instance/g75444/ZN                                               -       A1->ZN F     CKND2D2        2  3.1    44    41    1445    (-,-) 
  basic_isa_instance/g398/ZN                                                 -       A1->ZN R     CKND2D2        1  1.8    38    40    1485    (-,-) 
  basic_isa_instance/g395/ZN                                                 -       A1->ZN F     ND2D2          1  1.8    37    37    1522    (-,-) 
  basic_isa_instance/u_branch_add_95_52_Y_u_branch_add_94_43_cdnadd_8/CO     -       CI->CO F     FA1D2          1  1.8    63   114    1636    (-,-) 
  basic_isa_instance/u_branch_add_95_52_Y_u_branch_add_94_43_cdnadd_84991/CO -       CI->CO F     FA1D2          1  1.8    63   123    1759    (-,-) 
  basic_isa_instance/u_branch_add_95_52_Y_u_branch_add_94_43_cdnadd_10/CO    -       CI->CO F     FA1D2          1  1.8    63   123    1882    (-,-) 
  basic_isa_instance/u_branch_add_95_52_Y_u_branch_add_94_43_cdnadd_11/CO    -       CI->CO F     FA1D2          1  1.8    63   123    2006    (-,-) 
  basic_isa_instance/u_branch_add_95_52_Y_u_branch_add_94_43_cdnadd_12/CO    -       CI->CO F     FA1D2          3  3.6    72   132    2138    (-,-) 
  basic_isa_instance/g86044/ZN                                               -       A1->ZN R     AOI21D2        1  3.0    87    77    2215    (-,-) 
  basic_isa_instance/g86043/ZN                                               -       I->ZN  F     INVD3          3  3.3    34    40    2255    (-,-) 
  basic_isa_instance/g137/ZN                                                 -       A1->ZN R     ND2D2          1  2.5    37    34    2290    (-,-) 
  basic_isa_instance/g135/ZN                                                 -       A1->ZN F     CKND2D3        3  3.3    38    38    2328    (-,-) 
  basic_isa_instance/g83120/ZN                                               -       A1->ZN R     ND2D2          1  1.6    31    32    2360    (-,-) 
  basic_isa_instance/g113/ZN                                                 -       A1->ZN F     CKND2D2        1  1.8    33    33    2393    (-,-) 
  basic_isa_instance/u_branch_add_95_52_Y_u_branch_add_94_43_cdnadd_79059/CO -       CI->CO F     FA1D2          3  4.9    77   126    2519    (-,-) 
  basic_isa_instance/g86072/ZN                                               -       A1->ZN R     AOI21D4        2  3.5    71    67    2586    (-,-) 
  basic_isa_instance/g86074/ZN                                               -       A1->ZN F     OAI21D2        2  2.9    60    59    2645    (-,-) 
  basic_isa_instance/g86077/ZN                                               -       A1->ZN R     CKND2D2        1  1.6    38    44    2689    (-,-) 
  basic_isa_instance/g83153/ZN                                               -       A1->ZN F     CKND2D2        3  3.6    48    44    2734    (-,-) 
  basic_isa_instance/g75492/ZN                                               -       B2->ZN R     IND3D2         1  1.6    43    41    2774    (-,-) 
  basic_isa_instance/g75491/ZN                                               -       A1->ZN F     CKND2D2        4  5.2    61    54    2828    (-,-) 
  basic_isa_instance/g75461/ZN                                               -       B2->ZN R     IND3D2         1  1.6    43    45    2873    (-,-) 
  basic_isa_instance/g75460/ZN                                               -       A1->ZN F     CKND2D2        5  6.1    69    58    2931    (-,-) 
  basic_isa_instance/g400/ZN                                                 -       A1->ZN R     ND2D2          1  3.4    44    50    2982    (-,-) 
  basic_isa_instance/g393/ZN                                                 -       A1->ZN F     CKND2D4        4  7.0    48    46    3028    (-,-) 
  basic_isa_instance/g642/ZN                                                 -       A1->ZN R     ND2D2          1  1.6    32    36    3064    (-,-) 
  basic_isa_instance/g641/ZN                                                 -       A1->ZN F     CKND2D2        4  4.2    52    45    3109    (-,-) 
  basic_isa_instance/g307/Z                                                  -       A1->Z  F     OR2D2          1  1.7    39   110    3219    (-,-) 
  basic_isa_instance/g76671/ZN                                               -       B->ZN  R     IOA21D2        2  2.6    46    37    3256    (-,-) 
  basic_isa_instance/g35732/Z                                                -       A1->Z  R     AN2D2         16 14.4   119   143    3400    (-,-) 
  basic_isa_instance/u_if_u_btb_U_FILE_target_arr_reg[0][0][28]/D            -       -      R     DFCNQD2       16    -     -     0    3400    (-,-) 
#----------------------------------------------------------------------------------------------------------------------------------------------------



Path 73: VIOLATED (-973 ps) Setup Check with Pin basic_isa_instance/u_if_u_pc_reg_pc_reg[28]/CP->D
          Group: core_clk
     Startpoint: (R) basic_isa_instance/u_id_ex_inst_ex_o_reg[17]/CP
          Clock: (R) core_clk
       Endpoint: (R) basic_isa_instance/u_if_u_pc_reg_pc_reg[28]/D
          Clock: (R) core_clk

                     Capture       Launch     
        Clock Edge:+    2500            0     
       Src Latency:+       0            0     
       Net Latency:+       0 (I)        0 (I) 
           Arrival:=    2500            0     
                                              
             Setup:-      55                  
     Required Time:=    2445                  
      Launch Clock:-       0                  
         Data Path:-    3417                  
             Slack:=    -973                  

#----------------------------------------------------------------------------------------------------------------------------------------------------
#                               Timing Point                                 Flags    Arc   Edge   Cell     Fanout Load Trans Delay Arrival Instance 
#                                                                                                                  (fF)  (ps)  (ps)   (ps)  Location 
#----------------------------------------------------------------------------------------------------------------------------------------------------
  basic_isa_instance/u_id_ex_inst_ex_o_reg[17]/CP                            -       -      R     (arrival)    452    -     0     -       0    (-,-) 
  basic_isa_instance/u_id_ex_inst_ex_o_reg[17]/Q                             -       CP->Q  R     DFCNQD4        5  8.6    68   290     290    (-,-) 
  basic_isa_instance/g26680/ZN                                               -       B2->ZN F     OAI22D2        1  2.1    57    77     367    (-,-) 
  basic_isa_instance/g76132/ZN                                               -       A2->ZN R     NR2D2          1  2.6    64    69     435    (-,-) 
  basic_isa_instance/g76131/ZN                                               -       A2->ZN F     CKND2D3        1  6.8    60    62     497    (-,-) 
  basic_isa_instance/g76130/ZN                                               -       A1->ZN R     NR2D8          2  6.8    53    54     551    (-,-) 
  basic_isa_instance/g76217/ZN                                               -       I->ZN  F     CKND4          2  3.6    25    32     583    (-,-) 
  basic_isa_instance/g77911/ZN                                               -       I->ZN  R     CKND2          2  5.3    44    39     622    (-,-) 
  basic_isa_instance/g78595/ZN                                               -       A1->ZN F     NR2D4          9 15.5    53    45     667    (-,-) 
  basic_isa_instance/g84072/ZN                                               -       A1->ZN R     AOI22D2        1  1.9    79    70     737    (-,-) 
  basic_isa_instance/g26450/ZN                                               -       B->ZN  F     IOA21D2        2  1.8    44    48     785    (-,-) 
  basic_isa_instance/g26333/Z                                                -       I1->Z  F     MUX2D2        12 14.4   100   169     954    (-,-) 
  basic_isa_instance/g75482/Z                                                -       I1->Z  F     MUX2D2         3  5.5    66   161    1115    (-,-) 
  basic_isa_instance/g75481/ZN                                               -       A2->ZN R     ND2D2          1  2.2    39    49    1164    (-,-) 
  basic_isa_instance/g75480/ZN                                               -       A3->ZN F     ND3D2          1  1.8    61    67    1231    (-,-) 
  basic_isa_instance/u_branch_add_95_52_Y_u_branch_add_94_43_cdnadd_80081/CO -       CI->CO F     FA1D2          3  3.5    71   131    1362    (-,-) 
  basic_isa_instance/g75445/ZN                                               -       A1->ZN R     ND2D2          1  1.6    35    42    1404    (-,-) 
  basic_isa_instance/g75444/ZN                                               -       A1->ZN F     CKND2D2        2  3.1    44    41    1445    (-,-) 
  basic_isa_instance/g398/ZN                                                 -       A1->ZN R     CKND2D2        1  1.8    38    40    1485    (-,-) 
  basic_isa_instance/g395/ZN                                                 -       A1->ZN F     ND2D2          1  1.8    37    37    1522    (-,-) 
  basic_isa_instance/u_branch_add_95_52_Y_u_branch_add_94_43_cdnadd_8/CO     -       CI->CO F     FA1D2          1  1.8    63   114    1636    (-,-) 
  basic_isa_instance/u_branch_add_95_52_Y_u_branch_add_94_43_cdnadd_84991/CO -       CI->CO F     FA1D2          1  1.8    63   123    1759    (-,-) 
  basic_isa_instance/u_branch_add_95_52_Y_u_branch_add_94_43_cdnadd_10/CO    -       CI->CO F     FA1D2          1  1.8    63   123    1882    (-,-) 
  basic_isa_instance/u_branch_add_95_52_Y_u_branch_add_94_43_cdnadd_11/CO    -       CI->CO F     FA1D2          1  1.8    63   123    2006    (-,-) 
  basic_isa_instance/u_branch_add_95_52_Y_u_branch_add_94_43_cdnadd_12/CO    -       CI->CO F     FA1D2          3  3.6    72   132    2138    (-,-) 
  basic_isa_instance/g86044/ZN                                               -       A1->ZN R     AOI21D2        1  3.0    87    77    2215    (-,-) 
  basic_isa_instance/g86043/ZN                                               -       I->ZN  F     INVD3          3  3.3    34    40    2255    (-,-) 
  basic_isa_instance/g137/ZN                                                 -       A1->ZN R     ND2D2          1  2.5    37    34    2290    (-,-) 
  basic_isa_instance/g135/ZN                                                 -       A1->ZN F     CKND2D3        3  3.3    38    38    2328    (-,-) 
  basic_isa_instance/g83120/ZN                                               -       A1->ZN R     ND2D2          1  1.6    31    32    2360    (-,-) 
  basic_isa_instance/g113/ZN                                                 -       A1->ZN F     CKND2D2        1  1.8    33    33    2393    (-,-) 
  basic_isa_instance/u_branch_add_95_52_Y_u_branch_add_94_43_cdnadd_79059/CO -       CI->CO F     FA1D2          3  4.9    77   126    2519    (-,-) 
  basic_isa_instance/g86072/ZN                                               -       A1->ZN R     AOI21D4        2  3.5    71    67    2586    (-,-) 
  basic_isa_instance/g86074/ZN                                               -       A1->ZN F     OAI21D2        2  2.9    60    59    2645    (-,-) 
  basic_isa_instance/g86077/ZN                                               -       A1->ZN R     CKND2D2        1  1.6    38    44    2689    (-,-) 
  basic_isa_instance/g83153/ZN                                               -       A1->ZN F     CKND2D2        3  3.6    48    44    2734    (-,-) 
  basic_isa_instance/g75492/ZN                                               -       B2->ZN R     IND3D2         1  1.6    43    41    2774    (-,-) 
  basic_isa_instance/g75491/ZN                                               -       A1->ZN F     CKND2D2        4  5.2    61    54    2828    (-,-) 
  basic_isa_instance/g75461/ZN                                               -       B2->ZN R     IND3D2         1  1.6    43    45    2873    (-,-) 
  basic_isa_instance/g75460/ZN                                               -       A1->ZN F     CKND2D2        5  6.1    69    58    2931    (-,-) 
  basic_isa_instance/g400/ZN                                                 -       A1->ZN R     ND2D2          1  3.4    44    50    2982    (-,-) 
  basic_isa_instance/g393/ZN                                                 -       A1->ZN F     CKND2D4        4  7.0    48    46    3028    (-,-) 
  basic_isa_instance/g642/ZN                                                 -       A1->ZN R     ND2D2          1  1.6    32    36    3064    (-,-) 
  basic_isa_instance/g641/ZN                                                 -       A1->ZN F     CKND2D2        4  4.2    52    45    3109    (-,-) 
  basic_isa_instance/g307/Z                                                  -       A1->Z  F     OR2D2          1  1.7    39   110    3219    (-,-) 
  basic_isa_instance/g76671/ZN                                               -       B->ZN  R     IOA21D2        2  2.6    46    37    3256    (-,-) 
  basic_isa_instance/g82918/ZN                                               -       A1->ZN F     CKND2D2        1  1.6    40    36    3293    (-,-) 
  basic_isa_instance/g82917/ZN                                               -       A1->ZN R     ND2D2          2  2.5    36    37    3330    (-,-) 
  basic_isa_instance/g82923/Z                                                -       A1->Z  R     AO21D2         1  1.0    37    88    3417    (-,-) 
  basic_isa_instance/u_if_u_pc_reg_pc_reg[28]/D                              -       -      R     DFCSNQD2       1    -     -     0    3417    (-,-) 
#----------------------------------------------------------------------------------------------------------------------------------------------------



Path 74: VIOLATED (-958 ps) Setup Check with Pin basic_isa_instance/u_if_u_btb_U_FILE_target_arr_reg[7][1][27]/CP->D
          Group: core_clk
     Startpoint: (R) basic_isa_instance/u_id_ex_inst_ex_o_reg[17]/CP
          Clock: (R) core_clk
       Endpoint: (R) basic_isa_instance/u_if_u_btb_U_FILE_target_arr_reg[7][1][27]/D
          Clock: (R) core_clk

                     Capture       Launch     
        Clock Edge:+    2500            0     
       Src Latency:+       0            0     
       Net Latency:+       0 (I)        0 (I) 
           Arrival:=    2500            0     
                                              
             Setup:-      99                  
     Required Time:=    2401                  
      Launch Clock:-       0                  
         Data Path:-    3358                  
             Slack:=    -958                  

#----------------------------------------------------------------------------------------------------------------------------------------------------
#                               Timing Point                                 Flags    Arc   Edge   Cell     Fanout Load Trans Delay Arrival Instance 
#                                                                                                                  (fF)  (ps)  (ps)   (ps)  Location 
#----------------------------------------------------------------------------------------------------------------------------------------------------
  basic_isa_instance/u_id_ex_inst_ex_o_reg[17]/CP                            -       -      R     (arrival)    452    -     0     -       0    (-,-) 
  basic_isa_instance/u_id_ex_inst_ex_o_reg[17]/Q                             -       CP->Q  R     DFCNQD4        5  8.6    68   290     290    (-,-) 
  basic_isa_instance/g26680/ZN                                               -       B2->ZN F     OAI22D2        1  2.1    57    77     367    (-,-) 
  basic_isa_instance/g76132/ZN                                               -       A2->ZN R     NR2D2          1  2.6    64    69     435    (-,-) 
  basic_isa_instance/g76131/ZN                                               -       A2->ZN F     CKND2D3        1  6.8    60    62     497    (-,-) 
  basic_isa_instance/g76130/ZN                                               -       A1->ZN R     NR2D8          2  6.8    53    54     551    (-,-) 
  basic_isa_instance/g76217/ZN                                               -       I->ZN  F     CKND4          2  3.6    25    32     583    (-,-) 
  basic_isa_instance/g77911/ZN                                               -       I->ZN  R     CKND2          2  5.3    44    39     622    (-,-) 
  basic_isa_instance/g78595/ZN                                               -       A1->ZN F     NR2D4          9 15.5    53    45     667    (-,-) 
  basic_isa_instance/g84072/ZN                                               -       A1->ZN R     AOI22D2        1  1.9    79    70     737    (-,-) 
  basic_isa_instance/g26450/ZN                                               -       B->ZN  F     IOA21D2        2  1.8    44    48     785    (-,-) 
  basic_isa_instance/g26333/Z                                                -       I1->Z  F     MUX2D2        12 14.4   100   169     954    (-,-) 
  basic_isa_instance/g75482/Z                                                -       I1->Z  F     MUX2D2         3  5.5    66   161    1115    (-,-) 
  basic_isa_instance/g75481/ZN                                               -       A2->ZN R     ND2D2          1  2.2    39    49    1164    (-,-) 
  basic_isa_instance/g75480/ZN                                               -       A3->ZN F     ND3D2          1  1.8    61    67    1231    (-,-) 
  basic_isa_instance/u_branch_add_95_52_Y_u_branch_add_94_43_cdnadd_80081/CO -       CI->CO F     FA1D2          3  3.5    71   131    1362    (-,-) 
  basic_isa_instance/g75445/ZN                                               -       A1->ZN R     ND2D2          1  1.6    35    42    1404    (-,-) 
  basic_isa_instance/g75444/ZN                                               -       A1->ZN F     CKND2D2        2  3.1    44    41    1445    (-,-) 
  basic_isa_instance/g398/ZN                                                 -       A1->ZN R     CKND2D2        1  1.8    38    40    1485    (-,-) 
  basic_isa_instance/g395/ZN                                                 -       A1->ZN F     ND2D2          1  1.8    37    37    1522    (-,-) 
  basic_isa_instance/u_branch_add_95_52_Y_u_branch_add_94_43_cdnadd_8/CO     -       CI->CO F     FA1D2          1  1.8    63   114    1636    (-,-) 
  basic_isa_instance/u_branch_add_95_52_Y_u_branch_add_94_43_cdnadd_84991/CO -       CI->CO F     FA1D2          1  1.8    63   123    1759    (-,-) 
  basic_isa_instance/u_branch_add_95_52_Y_u_branch_add_94_43_cdnadd_10/CO    -       CI->CO F     FA1D2          1  1.8    63   123    1882    (-,-) 
  basic_isa_instance/u_branch_add_95_52_Y_u_branch_add_94_43_cdnadd_11/CO    -       CI->CO F     FA1D2          1  1.8    63   123    2006    (-,-) 
  basic_isa_instance/u_branch_add_95_52_Y_u_branch_add_94_43_cdnadd_12/CO    -       CI->CO F     FA1D2          3  3.6    72   132    2138    (-,-) 
  basic_isa_instance/g86044/ZN                                               -       A1->ZN R     AOI21D2        1  3.0    87    77    2215    (-,-) 
  basic_isa_instance/g86043/ZN                                               -       I->ZN  F     INVD3          3  3.3    34    40    2255    (-,-) 
  basic_isa_instance/g137/ZN                                                 -       A1->ZN R     ND2D2          1  2.5    37    34    2290    (-,-) 
  basic_isa_instance/g135/ZN                                                 -       A1->ZN F     CKND2D3        3  3.3    38    38    2328    (-,-) 
  basic_isa_instance/g83120/ZN                                               -       A1->ZN R     ND2D2          1  1.6    31    32    2360    (-,-) 
  basic_isa_instance/g113/ZN                                                 -       A1->ZN F     CKND2D2        1  1.8    33    33    2393    (-,-) 
  basic_isa_instance/u_branch_add_95_52_Y_u_branch_add_94_43_cdnadd_79059/CO -       CI->CO F     FA1D2          3  4.9    77   126    2519    (-,-) 
  basic_isa_instance/g86072/ZN                                               -       A1->ZN R     AOI21D4        2  3.5    71    67    2586    (-,-) 
  basic_isa_instance/g86074/ZN                                               -       A1->ZN F     OAI21D2        2  2.9    60    59    2645    (-,-) 
  basic_isa_instance/g86077/ZN                                               -       A1->ZN R     CKND2D2        1  1.6    38    44    2689    (-,-) 
  basic_isa_instance/g83153/ZN                                               -       A1->ZN F     CKND2D2        3  3.6    48    44    2734    (-,-) 
  basic_isa_instance/g75492/ZN                                               -       B2->ZN R     IND3D2         1  1.6    43    41    2774    (-,-) 
  basic_isa_instance/g75491/ZN                                               -       A1->ZN F     CKND2D2        4  5.2    61    54    2828    (-,-) 
  basic_isa_instance/g75461/ZN                                               -       B2->ZN R     IND3D2         1  1.6    43    45    2873    (-,-) 
  basic_isa_instance/g75460/ZN                                               -       A1->ZN F     CKND2D2        5  6.1    69    58    2931    (-,-) 
  basic_isa_instance/g400/ZN                                                 -       A1->ZN R     ND2D2          1  3.4    44    50    2982    (-,-) 
  basic_isa_instance/g393/ZN                                                 -       A1->ZN F     CKND2D4        4  7.0    48    46    3028    (-,-) 
  basic_isa_instance/g647/ZN                                                 -       A1->ZN R     AOI21D2        2  3.6    94    74    3102    (-,-) 
  basic_isa_instance/g644/ZN                                                 -       A1->ZN F     CKND2D2        1  1.8    46    50    3152    (-,-) 
  basic_isa_instance/g76695/ZN                                               -       B->ZN  R     OAI21D2        2  2.6    77    52    3205    (-,-) 
  basic_isa_instance/g35719/Z                                                -       A1->Z  R     AN2D2         16 14.4   119   154    3358    (-,-) 
  basic_isa_instance/u_if_u_btb_U_FILE_target_arr_reg[7][1][27]/D            -       -      R     DFCNQD2       16    -     -     0    3358    (-,-) 
#----------------------------------------------------------------------------------------------------------------------------------------------------



Path 75: VIOLATED (-958 ps) Setup Check with Pin basic_isa_instance/u_if_u_btb_U_FILE_target_arr_reg[7][0][27]/CP->D
          Group: core_clk
     Startpoint: (R) basic_isa_instance/u_id_ex_inst_ex_o_reg[17]/CP
          Clock: (R) core_clk
       Endpoint: (R) basic_isa_instance/u_if_u_btb_U_FILE_target_arr_reg[7][0][27]/D
          Clock: (R) core_clk

                     Capture       Launch     
        Clock Edge:+    2500            0     
       Src Latency:+       0            0     
       Net Latency:+       0 (I)        0 (I) 
           Arrival:=    2500            0     
                                              
             Setup:-      99                  
     Required Time:=    2401                  
      Launch Clock:-       0                  
         Data Path:-    3358                  
             Slack:=    -958                  

#----------------------------------------------------------------------------------------------------------------------------------------------------
#                               Timing Point                                 Flags    Arc   Edge   Cell     Fanout Load Trans Delay Arrival Instance 
#                                                                                                                  (fF)  (ps)  (ps)   (ps)  Location 
#----------------------------------------------------------------------------------------------------------------------------------------------------
  basic_isa_instance/u_id_ex_inst_ex_o_reg[17]/CP                            -       -      R     (arrival)    452    -     0     -       0    (-,-) 
  basic_isa_instance/u_id_ex_inst_ex_o_reg[17]/Q                             -       CP->Q  R     DFCNQD4        5  8.6    68   290     290    (-,-) 
  basic_isa_instance/g26680/ZN                                               -       B2->ZN F     OAI22D2        1  2.1    57    77     367    (-,-) 
  basic_isa_instance/g76132/ZN                                               -       A2->ZN R     NR2D2          1  2.6    64    69     435    (-,-) 
  basic_isa_instance/g76131/ZN                                               -       A2->ZN F     CKND2D3        1  6.8    60    62     497    (-,-) 
  basic_isa_instance/g76130/ZN                                               -       A1->ZN R     NR2D8          2  6.8    53    54     551    (-,-) 
  basic_isa_instance/g76217/ZN                                               -       I->ZN  F     CKND4          2  3.6    25    32     583    (-,-) 
  basic_isa_instance/g77911/ZN                                               -       I->ZN  R     CKND2          2  5.3    44    39     622    (-,-) 
  basic_isa_instance/g78595/ZN                                               -       A1->ZN F     NR2D4          9 15.5    53    45     667    (-,-) 
  basic_isa_instance/g84072/ZN                                               -       A1->ZN R     AOI22D2        1  1.9    79    70     737    (-,-) 
  basic_isa_instance/g26450/ZN                                               -       B->ZN  F     IOA21D2        2  1.8    44    48     785    (-,-) 
  basic_isa_instance/g26333/Z                                                -       I1->Z  F     MUX2D2        12 14.4   100   169     954    (-,-) 
  basic_isa_instance/g75482/Z                                                -       I1->Z  F     MUX2D2         3  5.5    66   161    1115    (-,-) 
  basic_isa_instance/g75481/ZN                                               -       A2->ZN R     ND2D2          1  2.2    39    49    1164    (-,-) 
  basic_isa_instance/g75480/ZN                                               -       A3->ZN F     ND3D2          1  1.8    61    67    1231    (-,-) 
  basic_isa_instance/u_branch_add_95_52_Y_u_branch_add_94_43_cdnadd_80081/CO -       CI->CO F     FA1D2          3  3.5    71   131    1362    (-,-) 
  basic_isa_instance/g75445/ZN                                               -       A1->ZN R     ND2D2          1  1.6    35    42    1404    (-,-) 
  basic_isa_instance/g75444/ZN                                               -       A1->ZN F     CKND2D2        2  3.1    44    41    1445    (-,-) 
  basic_isa_instance/g398/ZN                                                 -       A1->ZN R     CKND2D2        1  1.8    38    40    1485    (-,-) 
  basic_isa_instance/g395/ZN                                                 -       A1->ZN F     ND2D2          1  1.8    37    37    1522    (-,-) 
  basic_isa_instance/u_branch_add_95_52_Y_u_branch_add_94_43_cdnadd_8/CO     -       CI->CO F     FA1D2          1  1.8    63   114    1636    (-,-) 
  basic_isa_instance/u_branch_add_95_52_Y_u_branch_add_94_43_cdnadd_84991/CO -       CI->CO F     FA1D2          1  1.8    63   123    1759    (-,-) 
  basic_isa_instance/u_branch_add_95_52_Y_u_branch_add_94_43_cdnadd_10/CO    -       CI->CO F     FA1D2          1  1.8    63   123    1882    (-,-) 
  basic_isa_instance/u_branch_add_95_52_Y_u_branch_add_94_43_cdnadd_11/CO    -       CI->CO F     FA1D2          1  1.8    63   123    2006    (-,-) 
  basic_isa_instance/u_branch_add_95_52_Y_u_branch_add_94_43_cdnadd_12/CO    -       CI->CO F     FA1D2          3  3.6    72   132    2138    (-,-) 
  basic_isa_instance/g86044/ZN                                               -       A1->ZN R     AOI21D2        1  3.0    87    77    2215    (-,-) 
  basic_isa_instance/g86043/ZN                                               -       I->ZN  F     INVD3          3  3.3    34    40    2255    (-,-) 
  basic_isa_instance/g137/ZN                                                 -       A1->ZN R     ND2D2          1  2.5    37    34    2290    (-,-) 
  basic_isa_instance/g135/ZN                                                 -       A1->ZN F     CKND2D3        3  3.3    38    38    2328    (-,-) 
  basic_isa_instance/g83120/ZN                                               -       A1->ZN R     ND2D2          1  1.6    31    32    2360    (-,-) 
  basic_isa_instance/g113/ZN                                                 -       A1->ZN F     CKND2D2        1  1.8    33    33    2393    (-,-) 
  basic_isa_instance/u_branch_add_95_52_Y_u_branch_add_94_43_cdnadd_79059/CO -       CI->CO F     FA1D2          3  4.9    77   126    2519    (-,-) 
  basic_isa_instance/g86072/ZN                                               -       A1->ZN R     AOI21D4        2  3.5    71    67    2586    (-,-) 
  basic_isa_instance/g86074/ZN                                               -       A1->ZN F     OAI21D2        2  2.9    60    59    2645    (-,-) 
  basic_isa_instance/g86077/ZN                                               -       A1->ZN R     CKND2D2        1  1.6    38    44    2689    (-,-) 
  basic_isa_instance/g83153/ZN                                               -       A1->ZN F     CKND2D2        3  3.6    48    44    2734    (-,-) 
  basic_isa_instance/g75492/ZN                                               -       B2->ZN R     IND3D2         1  1.6    43    41    2774    (-,-) 
  basic_isa_instance/g75491/ZN                                               -       A1->ZN F     CKND2D2        4  5.2    61    54    2828    (-,-) 
  basic_isa_instance/g75461/ZN                                               -       B2->ZN R     IND3D2         1  1.6    43    45    2873    (-,-) 
  basic_isa_instance/g75460/ZN                                               -       A1->ZN F     CKND2D2        5  6.1    69    58    2931    (-,-) 
  basic_isa_instance/g400/ZN                                                 -       A1->ZN R     ND2D2          1  3.4    44    50    2982    (-,-) 
  basic_isa_instance/g393/ZN                                                 -       A1->ZN F     CKND2D4        4  7.0    48    46    3028    (-,-) 
  basic_isa_instance/g647/ZN                                                 -       A1->ZN R     AOI21D2        2  3.6    94    74    3102    (-,-) 
  basic_isa_instance/g644/ZN                                                 -       A1->ZN F     CKND2D2        1  1.8    46    50    3152    (-,-) 
  basic_isa_instance/g76695/ZN                                               -       B->ZN  R     OAI21D2        2  2.6    77    52    3205    (-,-) 
  basic_isa_instance/g35719/Z                                                -       A1->Z  R     AN2D2         16 14.4   119   154    3358    (-,-) 
  basic_isa_instance/u_if_u_btb_U_FILE_target_arr_reg[7][0][27]/D            -       -      R     DFCNQD2       16    -     -     0    3358    (-,-) 
#----------------------------------------------------------------------------------------------------------------------------------------------------



Path 76: VIOLATED (-958 ps) Setup Check with Pin basic_isa_instance/u_if_u_btb_U_FILE_target_arr_reg[6][1][27]/CP->D
          Group: core_clk
     Startpoint: (R) basic_isa_instance/u_id_ex_inst_ex_o_reg[17]/CP
          Clock: (R) core_clk
       Endpoint: (R) basic_isa_instance/u_if_u_btb_U_FILE_target_arr_reg[6][1][27]/D
          Clock: (R) core_clk

                     Capture       Launch     
        Clock Edge:+    2500            0     
       Src Latency:+       0            0     
       Net Latency:+       0 (I)        0 (I) 
           Arrival:=    2500            0     
                                              
             Setup:-      99                  
     Required Time:=    2401                  
      Launch Clock:-       0                  
         Data Path:-    3358                  
             Slack:=    -958                  

#----------------------------------------------------------------------------------------------------------------------------------------------------
#                               Timing Point                                 Flags    Arc   Edge   Cell     Fanout Load Trans Delay Arrival Instance 
#                                                                                                                  (fF)  (ps)  (ps)   (ps)  Location 
#----------------------------------------------------------------------------------------------------------------------------------------------------
  basic_isa_instance/u_id_ex_inst_ex_o_reg[17]/CP                            -       -      R     (arrival)    452    -     0     -       0    (-,-) 
  basic_isa_instance/u_id_ex_inst_ex_o_reg[17]/Q                             -       CP->Q  R     DFCNQD4        5  8.6    68   290     290    (-,-) 
  basic_isa_instance/g26680/ZN                                               -       B2->ZN F     OAI22D2        1  2.1    57    77     367    (-,-) 
  basic_isa_instance/g76132/ZN                                               -       A2->ZN R     NR2D2          1  2.6    64    69     435    (-,-) 
  basic_isa_instance/g76131/ZN                                               -       A2->ZN F     CKND2D3        1  6.8    60    62     497    (-,-) 
  basic_isa_instance/g76130/ZN                                               -       A1->ZN R     NR2D8          2  6.8    53    54     551    (-,-) 
  basic_isa_instance/g76217/ZN                                               -       I->ZN  F     CKND4          2  3.6    25    32     583    (-,-) 
  basic_isa_instance/g77911/ZN                                               -       I->ZN  R     CKND2          2  5.3    44    39     622    (-,-) 
  basic_isa_instance/g78595/ZN                                               -       A1->ZN F     NR2D4          9 15.5    53    45     667    (-,-) 
  basic_isa_instance/g84072/ZN                                               -       A1->ZN R     AOI22D2        1  1.9    79    70     737    (-,-) 
  basic_isa_instance/g26450/ZN                                               -       B->ZN  F     IOA21D2        2  1.8    44    48     785    (-,-) 
  basic_isa_instance/g26333/Z                                                -       I1->Z  F     MUX2D2        12 14.4   100   169     954    (-,-) 
  basic_isa_instance/g75482/Z                                                -       I1->Z  F     MUX2D2         3  5.5    66   161    1115    (-,-) 
  basic_isa_instance/g75481/ZN                                               -       A2->ZN R     ND2D2          1  2.2    39    49    1164    (-,-) 
  basic_isa_instance/g75480/ZN                                               -       A3->ZN F     ND3D2          1  1.8    61    67    1231    (-,-) 
  basic_isa_instance/u_branch_add_95_52_Y_u_branch_add_94_43_cdnadd_80081/CO -       CI->CO F     FA1D2          3  3.5    71   131    1362    (-,-) 
  basic_isa_instance/g75445/ZN                                               -       A1->ZN R     ND2D2          1  1.6    35    42    1404    (-,-) 
  basic_isa_instance/g75444/ZN                                               -       A1->ZN F     CKND2D2        2  3.1    44    41    1445    (-,-) 
  basic_isa_instance/g398/ZN                                                 -       A1->ZN R     CKND2D2        1  1.8    38    40    1485    (-,-) 
  basic_isa_instance/g395/ZN                                                 -       A1->ZN F     ND2D2          1  1.8    37    37    1522    (-,-) 
  basic_isa_instance/u_branch_add_95_52_Y_u_branch_add_94_43_cdnadd_8/CO     -       CI->CO F     FA1D2          1  1.8    63   114    1636    (-,-) 
  basic_isa_instance/u_branch_add_95_52_Y_u_branch_add_94_43_cdnadd_84991/CO -       CI->CO F     FA1D2          1  1.8    63   123    1759    (-,-) 
  basic_isa_instance/u_branch_add_95_52_Y_u_branch_add_94_43_cdnadd_10/CO    -       CI->CO F     FA1D2          1  1.8    63   123    1882    (-,-) 
  basic_isa_instance/u_branch_add_95_52_Y_u_branch_add_94_43_cdnadd_11/CO    -       CI->CO F     FA1D2          1  1.8    63   123    2006    (-,-) 
  basic_isa_instance/u_branch_add_95_52_Y_u_branch_add_94_43_cdnadd_12/CO    -       CI->CO F     FA1D2          3  3.6    72   132    2138    (-,-) 
  basic_isa_instance/g86044/ZN                                               -       A1->ZN R     AOI21D2        1  3.0    87    77    2215    (-,-) 
  basic_isa_instance/g86043/ZN                                               -       I->ZN  F     INVD3          3  3.3    34    40    2255    (-,-) 
  basic_isa_instance/g137/ZN                                                 -       A1->ZN R     ND2D2          1  2.5    37    34    2290    (-,-) 
  basic_isa_instance/g135/ZN                                                 -       A1->ZN F     CKND2D3        3  3.3    38    38    2328    (-,-) 
  basic_isa_instance/g83120/ZN                                               -       A1->ZN R     ND2D2          1  1.6    31    32    2360    (-,-) 
  basic_isa_instance/g113/ZN                                                 -       A1->ZN F     CKND2D2        1  1.8    33    33    2393    (-,-) 
  basic_isa_instance/u_branch_add_95_52_Y_u_branch_add_94_43_cdnadd_79059/CO -       CI->CO F     FA1D2          3  4.9    77   126    2519    (-,-) 
  basic_isa_instance/g86072/ZN                                               -       A1->ZN R     AOI21D4        2  3.5    71    67    2586    (-,-) 
  basic_isa_instance/g86074/ZN                                               -       A1->ZN F     OAI21D2        2  2.9    60    59    2645    (-,-) 
  basic_isa_instance/g86077/ZN                                               -       A1->ZN R     CKND2D2        1  1.6    38    44    2689    (-,-) 
  basic_isa_instance/g83153/ZN                                               -       A1->ZN F     CKND2D2        3  3.6    48    44    2734    (-,-) 
  basic_isa_instance/g75492/ZN                                               -       B2->ZN R     IND3D2         1  1.6    43    41    2774    (-,-) 
  basic_isa_instance/g75491/ZN                                               -       A1->ZN F     CKND2D2        4  5.2    61    54    2828    (-,-) 
  basic_isa_instance/g75461/ZN                                               -       B2->ZN R     IND3D2         1  1.6    43    45    2873    (-,-) 
  basic_isa_instance/g75460/ZN                                               -       A1->ZN F     CKND2D2        5  6.1    69    58    2931    (-,-) 
  basic_isa_instance/g400/ZN                                                 -       A1->ZN R     ND2D2          1  3.4    44    50    2982    (-,-) 
  basic_isa_instance/g393/ZN                                                 -       A1->ZN F     CKND2D4        4  7.0    48    46    3028    (-,-) 
  basic_isa_instance/g647/ZN                                                 -       A1->ZN R     AOI21D2        2  3.6    94    74    3102    (-,-) 
  basic_isa_instance/g644/ZN                                                 -       A1->ZN F     CKND2D2        1  1.8    46    50    3152    (-,-) 
  basic_isa_instance/g76695/ZN                                               -       B->ZN  R     OAI21D2        2  2.6    77    52    3205    (-,-) 
  basic_isa_instance/g35719/Z                                                -       A1->Z  R     AN2D2         16 14.4   119   154    3358    (-,-) 
  basic_isa_instance/u_if_u_btb_U_FILE_target_arr_reg[6][1][27]/D            -       -      R     DFCNQD2       16    -     -     0    3358    (-,-) 
#----------------------------------------------------------------------------------------------------------------------------------------------------



Path 77: VIOLATED (-958 ps) Setup Check with Pin basic_isa_instance/u_if_u_btb_U_FILE_target_arr_reg[6][0][27]/CP->D
          Group: core_clk
     Startpoint: (R) basic_isa_instance/u_id_ex_inst_ex_o_reg[17]/CP
          Clock: (R) core_clk
       Endpoint: (R) basic_isa_instance/u_if_u_btb_U_FILE_target_arr_reg[6][0][27]/D
          Clock: (R) core_clk

                     Capture       Launch     
        Clock Edge:+    2500            0     
       Src Latency:+       0            0     
       Net Latency:+       0 (I)        0 (I) 
           Arrival:=    2500            0     
                                              
             Setup:-      99                  
     Required Time:=    2401                  
      Launch Clock:-       0                  
         Data Path:-    3358                  
             Slack:=    -958                  

#----------------------------------------------------------------------------------------------------------------------------------------------------
#                               Timing Point                                 Flags    Arc   Edge   Cell     Fanout Load Trans Delay Arrival Instance 
#                                                                                                                  (fF)  (ps)  (ps)   (ps)  Location 
#----------------------------------------------------------------------------------------------------------------------------------------------------
  basic_isa_instance/u_id_ex_inst_ex_o_reg[17]/CP                            -       -      R     (arrival)    452    -     0     -       0    (-,-) 
  basic_isa_instance/u_id_ex_inst_ex_o_reg[17]/Q                             -       CP->Q  R     DFCNQD4        5  8.6    68   290     290    (-,-) 
  basic_isa_instance/g26680/ZN                                               -       B2->ZN F     OAI22D2        1  2.1    57    77     367    (-,-) 
  basic_isa_instance/g76132/ZN                                               -       A2->ZN R     NR2D2          1  2.6    64    69     435    (-,-) 
  basic_isa_instance/g76131/ZN                                               -       A2->ZN F     CKND2D3        1  6.8    60    62     497    (-,-) 
  basic_isa_instance/g76130/ZN                                               -       A1->ZN R     NR2D8          2  6.8    53    54     551    (-,-) 
  basic_isa_instance/g76217/ZN                                               -       I->ZN  F     CKND4          2  3.6    25    32     583    (-,-) 
  basic_isa_instance/g77911/ZN                                               -       I->ZN  R     CKND2          2  5.3    44    39     622    (-,-) 
  basic_isa_instance/g78595/ZN                                               -       A1->ZN F     NR2D4          9 15.5    53    45     667    (-,-) 
  basic_isa_instance/g84072/ZN                                               -       A1->ZN R     AOI22D2        1  1.9    79    70     737    (-,-) 
  basic_isa_instance/g26450/ZN                                               -       B->ZN  F     IOA21D2        2  1.8    44    48     785    (-,-) 
  basic_isa_instance/g26333/Z                                                -       I1->Z  F     MUX2D2        12 14.4   100   169     954    (-,-) 
  basic_isa_instance/g75482/Z                                                -       I1->Z  F     MUX2D2         3  5.5    66   161    1115    (-,-) 
  basic_isa_instance/g75481/ZN                                               -       A2->ZN R     ND2D2          1  2.2    39    49    1164    (-,-) 
  basic_isa_instance/g75480/ZN                                               -       A3->ZN F     ND3D2          1  1.8    61    67    1231    (-,-) 
  basic_isa_instance/u_branch_add_95_52_Y_u_branch_add_94_43_cdnadd_80081/CO -       CI->CO F     FA1D2          3  3.5    71   131    1362    (-,-) 
  basic_isa_instance/g75445/ZN                                               -       A1->ZN R     ND2D2          1  1.6    35    42    1404    (-,-) 
  basic_isa_instance/g75444/ZN                                               -       A1->ZN F     CKND2D2        2  3.1    44    41    1445    (-,-) 
  basic_isa_instance/g398/ZN                                                 -       A1->ZN R     CKND2D2        1  1.8    38    40    1485    (-,-) 
  basic_isa_instance/g395/ZN                                                 -       A1->ZN F     ND2D2          1  1.8    37    37    1522    (-,-) 
  basic_isa_instance/u_branch_add_95_52_Y_u_branch_add_94_43_cdnadd_8/CO     -       CI->CO F     FA1D2          1  1.8    63   114    1636    (-,-) 
  basic_isa_instance/u_branch_add_95_52_Y_u_branch_add_94_43_cdnadd_84991/CO -       CI->CO F     FA1D2          1  1.8    63   123    1759    (-,-) 
  basic_isa_instance/u_branch_add_95_52_Y_u_branch_add_94_43_cdnadd_10/CO    -       CI->CO F     FA1D2          1  1.8    63   123    1882    (-,-) 
  basic_isa_instance/u_branch_add_95_52_Y_u_branch_add_94_43_cdnadd_11/CO    -       CI->CO F     FA1D2          1  1.8    63   123    2006    (-,-) 
  basic_isa_instance/u_branch_add_95_52_Y_u_branch_add_94_43_cdnadd_12/CO    -       CI->CO F     FA1D2          3  3.6    72   132    2138    (-,-) 
  basic_isa_instance/g86044/ZN                                               -       A1->ZN R     AOI21D2        1  3.0    87    77    2215    (-,-) 
  basic_isa_instance/g86043/ZN                                               -       I->ZN  F     INVD3          3  3.3    34    40    2255    (-,-) 
  basic_isa_instance/g137/ZN                                                 -       A1->ZN R     ND2D2          1  2.5    37    34    2290    (-,-) 
  basic_isa_instance/g135/ZN                                                 -       A1->ZN F     CKND2D3        3  3.3    38    38    2328    (-,-) 
  basic_isa_instance/g83120/ZN                                               -       A1->ZN R     ND2D2          1  1.6    31    32    2360    (-,-) 
  basic_isa_instance/g113/ZN                                                 -       A1->ZN F     CKND2D2        1  1.8    33    33    2393    (-,-) 
  basic_isa_instance/u_branch_add_95_52_Y_u_branch_add_94_43_cdnadd_79059/CO -       CI->CO F     FA1D2          3  4.9    77   126    2519    (-,-) 
  basic_isa_instance/g86072/ZN                                               -       A1->ZN R     AOI21D4        2  3.5    71    67    2586    (-,-) 
  basic_isa_instance/g86074/ZN                                               -       A1->ZN F     OAI21D2        2  2.9    60    59    2645    (-,-) 
  basic_isa_instance/g86077/ZN                                               -       A1->ZN R     CKND2D2        1  1.6    38    44    2689    (-,-) 
  basic_isa_instance/g83153/ZN                                               -       A1->ZN F     CKND2D2        3  3.6    48    44    2734    (-,-) 
  basic_isa_instance/g75492/ZN                                               -       B2->ZN R     IND3D2         1  1.6    43    41    2774    (-,-) 
  basic_isa_instance/g75491/ZN                                               -       A1->ZN F     CKND2D2        4  5.2    61    54    2828    (-,-) 
  basic_isa_instance/g75461/ZN                                               -       B2->ZN R     IND3D2         1  1.6    43    45    2873    (-,-) 
  basic_isa_instance/g75460/ZN                                               -       A1->ZN F     CKND2D2        5  6.1    69    58    2931    (-,-) 
  basic_isa_instance/g400/ZN                                                 -       A1->ZN R     ND2D2          1  3.4    44    50    2982    (-,-) 
  basic_isa_instance/g393/ZN                                                 -       A1->ZN F     CKND2D4        4  7.0    48    46    3028    (-,-) 
  basic_isa_instance/g647/ZN                                                 -       A1->ZN R     AOI21D2        2  3.6    94    74    3102    (-,-) 
  basic_isa_instance/g644/ZN                                                 -       A1->ZN F     CKND2D2        1  1.8    46    50    3152    (-,-) 
  basic_isa_instance/g76695/ZN                                               -       B->ZN  R     OAI21D2        2  2.6    77    52    3205    (-,-) 
  basic_isa_instance/g35719/Z                                                -       A1->Z  R     AN2D2         16 14.4   119   154    3358    (-,-) 
  basic_isa_instance/u_if_u_btb_U_FILE_target_arr_reg[6][0][27]/D            -       -      R     DFCNQD2       16    -     -     0    3358    (-,-) 
#----------------------------------------------------------------------------------------------------------------------------------------------------



Path 78: VIOLATED (-958 ps) Setup Check with Pin basic_isa_instance/u_if_u_btb_U_FILE_target_arr_reg[5][1][27]/CP->D
          Group: core_clk
     Startpoint: (R) basic_isa_instance/u_id_ex_inst_ex_o_reg[17]/CP
          Clock: (R) core_clk
       Endpoint: (R) basic_isa_instance/u_if_u_btb_U_FILE_target_arr_reg[5][1][27]/D
          Clock: (R) core_clk

                     Capture       Launch     
        Clock Edge:+    2500            0     
       Src Latency:+       0            0     
       Net Latency:+       0 (I)        0 (I) 
           Arrival:=    2500            0     
                                              
             Setup:-      99                  
     Required Time:=    2401                  
      Launch Clock:-       0                  
         Data Path:-    3358                  
             Slack:=    -958                  

#----------------------------------------------------------------------------------------------------------------------------------------------------
#                               Timing Point                                 Flags    Arc   Edge   Cell     Fanout Load Trans Delay Arrival Instance 
#                                                                                                                  (fF)  (ps)  (ps)   (ps)  Location 
#----------------------------------------------------------------------------------------------------------------------------------------------------
  basic_isa_instance/u_id_ex_inst_ex_o_reg[17]/CP                            -       -      R     (arrival)    452    -     0     -       0    (-,-) 
  basic_isa_instance/u_id_ex_inst_ex_o_reg[17]/Q                             -       CP->Q  R     DFCNQD4        5  8.6    68   290     290    (-,-) 
  basic_isa_instance/g26680/ZN                                               -       B2->ZN F     OAI22D2        1  2.1    57    77     367    (-,-) 
  basic_isa_instance/g76132/ZN                                               -       A2->ZN R     NR2D2          1  2.6    64    69     435    (-,-) 
  basic_isa_instance/g76131/ZN                                               -       A2->ZN F     CKND2D3        1  6.8    60    62     497    (-,-) 
  basic_isa_instance/g76130/ZN                                               -       A1->ZN R     NR2D8          2  6.8    53    54     551    (-,-) 
  basic_isa_instance/g76217/ZN                                               -       I->ZN  F     CKND4          2  3.6    25    32     583    (-,-) 
  basic_isa_instance/g77911/ZN                                               -       I->ZN  R     CKND2          2  5.3    44    39     622    (-,-) 
  basic_isa_instance/g78595/ZN                                               -       A1->ZN F     NR2D4          9 15.5    53    45     667    (-,-) 
  basic_isa_instance/g84072/ZN                                               -       A1->ZN R     AOI22D2        1  1.9    79    70     737    (-,-) 
  basic_isa_instance/g26450/ZN                                               -       B->ZN  F     IOA21D2        2  1.8    44    48     785    (-,-) 
  basic_isa_instance/g26333/Z                                                -       I1->Z  F     MUX2D2        12 14.4   100   169     954    (-,-) 
  basic_isa_instance/g75482/Z                                                -       I1->Z  F     MUX2D2         3  5.5    66   161    1115    (-,-) 
  basic_isa_instance/g75481/ZN                                               -       A2->ZN R     ND2D2          1  2.2    39    49    1164    (-,-) 
  basic_isa_instance/g75480/ZN                                               -       A3->ZN F     ND3D2          1  1.8    61    67    1231    (-,-) 
  basic_isa_instance/u_branch_add_95_52_Y_u_branch_add_94_43_cdnadd_80081/CO -       CI->CO F     FA1D2          3  3.5    71   131    1362    (-,-) 
  basic_isa_instance/g75445/ZN                                               -       A1->ZN R     ND2D2          1  1.6    35    42    1404    (-,-) 
  basic_isa_instance/g75444/ZN                                               -       A1->ZN F     CKND2D2        2  3.1    44    41    1445    (-,-) 
  basic_isa_instance/g398/ZN                                                 -       A1->ZN R     CKND2D2        1  1.8    38    40    1485    (-,-) 
  basic_isa_instance/g395/ZN                                                 -       A1->ZN F     ND2D2          1  1.8    37    37    1522    (-,-) 
  basic_isa_instance/u_branch_add_95_52_Y_u_branch_add_94_43_cdnadd_8/CO     -       CI->CO F     FA1D2          1  1.8    63   114    1636    (-,-) 
  basic_isa_instance/u_branch_add_95_52_Y_u_branch_add_94_43_cdnadd_84991/CO -       CI->CO F     FA1D2          1  1.8    63   123    1759    (-,-) 
  basic_isa_instance/u_branch_add_95_52_Y_u_branch_add_94_43_cdnadd_10/CO    -       CI->CO F     FA1D2          1  1.8    63   123    1882    (-,-) 
  basic_isa_instance/u_branch_add_95_52_Y_u_branch_add_94_43_cdnadd_11/CO    -       CI->CO F     FA1D2          1  1.8    63   123    2006    (-,-) 
  basic_isa_instance/u_branch_add_95_52_Y_u_branch_add_94_43_cdnadd_12/CO    -       CI->CO F     FA1D2          3  3.6    72   132    2138    (-,-) 
  basic_isa_instance/g86044/ZN                                               -       A1->ZN R     AOI21D2        1  3.0    87    77    2215    (-,-) 
  basic_isa_instance/g86043/ZN                                               -       I->ZN  F     INVD3          3  3.3    34    40    2255    (-,-) 
  basic_isa_instance/g137/ZN                                                 -       A1->ZN R     ND2D2          1  2.5    37    34    2290    (-,-) 
  basic_isa_instance/g135/ZN                                                 -       A1->ZN F     CKND2D3        3  3.3    38    38    2328    (-,-) 
  basic_isa_instance/g83120/ZN                                               -       A1->ZN R     ND2D2          1  1.6    31    32    2360    (-,-) 
  basic_isa_instance/g113/ZN                                                 -       A1->ZN F     CKND2D2        1  1.8    33    33    2393    (-,-) 
  basic_isa_instance/u_branch_add_95_52_Y_u_branch_add_94_43_cdnadd_79059/CO -       CI->CO F     FA1D2          3  4.9    77   126    2519    (-,-) 
  basic_isa_instance/g86072/ZN                                               -       A1->ZN R     AOI21D4        2  3.5    71    67    2586    (-,-) 
  basic_isa_instance/g86074/ZN                                               -       A1->ZN F     OAI21D2        2  2.9    60    59    2645    (-,-) 
  basic_isa_instance/g86077/ZN                                               -       A1->ZN R     CKND2D2        1  1.6    38    44    2689    (-,-) 
  basic_isa_instance/g83153/ZN                                               -       A1->ZN F     CKND2D2        3  3.6    48    44    2734    (-,-) 
  basic_isa_instance/g75492/ZN                                               -       B2->ZN R     IND3D2         1  1.6    43    41    2774    (-,-) 
  basic_isa_instance/g75491/ZN                                               -       A1->ZN F     CKND2D2        4  5.2    61    54    2828    (-,-) 
  basic_isa_instance/g75461/ZN                                               -       B2->ZN R     IND3D2         1  1.6    43    45    2873    (-,-) 
  basic_isa_instance/g75460/ZN                                               -       A1->ZN F     CKND2D2        5  6.1    69    58    2931    (-,-) 
  basic_isa_instance/g400/ZN                                                 -       A1->ZN R     ND2D2          1  3.4    44    50    2982    (-,-) 
  basic_isa_instance/g393/ZN                                                 -       A1->ZN F     CKND2D4        4  7.0    48    46    3028    (-,-) 
  basic_isa_instance/g647/ZN                                                 -       A1->ZN R     AOI21D2        2  3.6    94    74    3102    (-,-) 
  basic_isa_instance/g644/ZN                                                 -       A1->ZN F     CKND2D2        1  1.8    46    50    3152    (-,-) 
  basic_isa_instance/g76695/ZN                                               -       B->ZN  R     OAI21D2        2  2.6    77    52    3205    (-,-) 
  basic_isa_instance/g35719/Z                                                -       A1->Z  R     AN2D2         16 14.4   119   154    3358    (-,-) 
  basic_isa_instance/u_if_u_btb_U_FILE_target_arr_reg[5][1][27]/D            -       -      R     DFCNQD2       16    -     -     0    3358    (-,-) 
#----------------------------------------------------------------------------------------------------------------------------------------------------



Path 79: VIOLATED (-958 ps) Setup Check with Pin basic_isa_instance/u_if_u_btb_U_FILE_target_arr_reg[5][0][27]/CP->D
          Group: core_clk
     Startpoint: (R) basic_isa_instance/u_id_ex_inst_ex_o_reg[17]/CP
          Clock: (R) core_clk
       Endpoint: (R) basic_isa_instance/u_if_u_btb_U_FILE_target_arr_reg[5][0][27]/D
          Clock: (R) core_clk

                     Capture       Launch     
        Clock Edge:+    2500            0     
       Src Latency:+       0            0     
       Net Latency:+       0 (I)        0 (I) 
           Arrival:=    2500            0     
                                              
             Setup:-      99                  
     Required Time:=    2401                  
      Launch Clock:-       0                  
         Data Path:-    3358                  
             Slack:=    -958                  

#----------------------------------------------------------------------------------------------------------------------------------------------------
#                               Timing Point                                 Flags    Arc   Edge   Cell     Fanout Load Trans Delay Arrival Instance 
#                                                                                                                  (fF)  (ps)  (ps)   (ps)  Location 
#----------------------------------------------------------------------------------------------------------------------------------------------------
  basic_isa_instance/u_id_ex_inst_ex_o_reg[17]/CP                            -       -      R     (arrival)    452    -     0     -       0    (-,-) 
  basic_isa_instance/u_id_ex_inst_ex_o_reg[17]/Q                             -       CP->Q  R     DFCNQD4        5  8.6    68   290     290    (-,-) 
  basic_isa_instance/g26680/ZN                                               -       B2->ZN F     OAI22D2        1  2.1    57    77     367    (-,-) 
  basic_isa_instance/g76132/ZN                                               -       A2->ZN R     NR2D2          1  2.6    64    69     435    (-,-) 
  basic_isa_instance/g76131/ZN                                               -       A2->ZN F     CKND2D3        1  6.8    60    62     497    (-,-) 
  basic_isa_instance/g76130/ZN                                               -       A1->ZN R     NR2D8          2  6.8    53    54     551    (-,-) 
  basic_isa_instance/g76217/ZN                                               -       I->ZN  F     CKND4          2  3.6    25    32     583    (-,-) 
  basic_isa_instance/g77911/ZN                                               -       I->ZN  R     CKND2          2  5.3    44    39     622    (-,-) 
  basic_isa_instance/g78595/ZN                                               -       A1->ZN F     NR2D4          9 15.5    53    45     667    (-,-) 
  basic_isa_instance/g84072/ZN                                               -       A1->ZN R     AOI22D2        1  1.9    79    70     737    (-,-) 
  basic_isa_instance/g26450/ZN                                               -       B->ZN  F     IOA21D2        2  1.8    44    48     785    (-,-) 
  basic_isa_instance/g26333/Z                                                -       I1->Z  F     MUX2D2        12 14.4   100   169     954    (-,-) 
  basic_isa_instance/g75482/Z                                                -       I1->Z  F     MUX2D2         3  5.5    66   161    1115    (-,-) 
  basic_isa_instance/g75481/ZN                                               -       A2->ZN R     ND2D2          1  2.2    39    49    1164    (-,-) 
  basic_isa_instance/g75480/ZN                                               -       A3->ZN F     ND3D2          1  1.8    61    67    1231    (-,-) 
  basic_isa_instance/u_branch_add_95_52_Y_u_branch_add_94_43_cdnadd_80081/CO -       CI->CO F     FA1D2          3  3.5    71   131    1362    (-,-) 
  basic_isa_instance/g75445/ZN                                               -       A1->ZN R     ND2D2          1  1.6    35    42    1404    (-,-) 
  basic_isa_instance/g75444/ZN                                               -       A1->ZN F     CKND2D2        2  3.1    44    41    1445    (-,-) 
  basic_isa_instance/g398/ZN                                                 -       A1->ZN R     CKND2D2        1  1.8    38    40    1485    (-,-) 
  basic_isa_instance/g395/ZN                                                 -       A1->ZN F     ND2D2          1  1.8    37    37    1522    (-,-) 
  basic_isa_instance/u_branch_add_95_52_Y_u_branch_add_94_43_cdnadd_8/CO     -       CI->CO F     FA1D2          1  1.8    63   114    1636    (-,-) 
  basic_isa_instance/u_branch_add_95_52_Y_u_branch_add_94_43_cdnadd_84991/CO -       CI->CO F     FA1D2          1  1.8    63   123    1759    (-,-) 
  basic_isa_instance/u_branch_add_95_52_Y_u_branch_add_94_43_cdnadd_10/CO    -       CI->CO F     FA1D2          1  1.8    63   123    1882    (-,-) 
  basic_isa_instance/u_branch_add_95_52_Y_u_branch_add_94_43_cdnadd_11/CO    -       CI->CO F     FA1D2          1  1.8    63   123    2006    (-,-) 
  basic_isa_instance/u_branch_add_95_52_Y_u_branch_add_94_43_cdnadd_12/CO    -       CI->CO F     FA1D2          3  3.6    72   132    2138    (-,-) 
  basic_isa_instance/g86044/ZN                                               -       A1->ZN R     AOI21D2        1  3.0    87    77    2215    (-,-) 
  basic_isa_instance/g86043/ZN                                               -       I->ZN  F     INVD3          3  3.3    34    40    2255    (-,-) 
  basic_isa_instance/g137/ZN                                                 -       A1->ZN R     ND2D2          1  2.5    37    34    2290    (-,-) 
  basic_isa_instance/g135/ZN                                                 -       A1->ZN F     CKND2D3        3  3.3    38    38    2328    (-,-) 
  basic_isa_instance/g83120/ZN                                               -       A1->ZN R     ND2D2          1  1.6    31    32    2360    (-,-) 
  basic_isa_instance/g113/ZN                                                 -       A1->ZN F     CKND2D2        1  1.8    33    33    2393    (-,-) 
  basic_isa_instance/u_branch_add_95_52_Y_u_branch_add_94_43_cdnadd_79059/CO -       CI->CO F     FA1D2          3  4.9    77   126    2519    (-,-) 
  basic_isa_instance/g86072/ZN                                               -       A1->ZN R     AOI21D4        2  3.5    71    67    2586    (-,-) 
  basic_isa_instance/g86074/ZN                                               -       A1->ZN F     OAI21D2        2  2.9    60    59    2645    (-,-) 
  basic_isa_instance/g86077/ZN                                               -       A1->ZN R     CKND2D2        1  1.6    38    44    2689    (-,-) 
  basic_isa_instance/g83153/ZN                                               -       A1->ZN F     CKND2D2        3  3.6    48    44    2734    (-,-) 
  basic_isa_instance/g75492/ZN                                               -       B2->ZN R     IND3D2         1  1.6    43    41    2774    (-,-) 
  basic_isa_instance/g75491/ZN                                               -       A1->ZN F     CKND2D2        4  5.2    61    54    2828    (-,-) 
  basic_isa_instance/g75461/ZN                                               -       B2->ZN R     IND3D2         1  1.6    43    45    2873    (-,-) 
  basic_isa_instance/g75460/ZN                                               -       A1->ZN F     CKND2D2        5  6.1    69    58    2931    (-,-) 
  basic_isa_instance/g400/ZN                                                 -       A1->ZN R     ND2D2          1  3.4    44    50    2982    (-,-) 
  basic_isa_instance/g393/ZN                                                 -       A1->ZN F     CKND2D4        4  7.0    48    46    3028    (-,-) 
  basic_isa_instance/g647/ZN                                                 -       A1->ZN R     AOI21D2        2  3.6    94    74    3102    (-,-) 
  basic_isa_instance/g644/ZN                                                 -       A1->ZN F     CKND2D2        1  1.8    46    50    3152    (-,-) 
  basic_isa_instance/g76695/ZN                                               -       B->ZN  R     OAI21D2        2  2.6    77    52    3205    (-,-) 
  basic_isa_instance/g35719/Z                                                -       A1->Z  R     AN2D2         16 14.4   119   154    3358    (-,-) 
  basic_isa_instance/u_if_u_btb_U_FILE_target_arr_reg[5][0][27]/D            -       -      R     DFCNQD2       16    -     -     0    3358    (-,-) 
#----------------------------------------------------------------------------------------------------------------------------------------------------



Path 80: VIOLATED (-958 ps) Setup Check with Pin basic_isa_instance/u_if_u_btb_U_FILE_target_arr_reg[4][1][27]/CP->D
          Group: core_clk
     Startpoint: (R) basic_isa_instance/u_id_ex_inst_ex_o_reg[17]/CP
          Clock: (R) core_clk
       Endpoint: (R) basic_isa_instance/u_if_u_btb_U_FILE_target_arr_reg[4][1][27]/D
          Clock: (R) core_clk

                     Capture       Launch     
        Clock Edge:+    2500            0     
       Src Latency:+       0            0     
       Net Latency:+       0 (I)        0 (I) 
           Arrival:=    2500            0     
                                              
             Setup:-      99                  
     Required Time:=    2401                  
      Launch Clock:-       0                  
         Data Path:-    3358                  
             Slack:=    -958                  

#----------------------------------------------------------------------------------------------------------------------------------------------------
#                               Timing Point                                 Flags    Arc   Edge   Cell     Fanout Load Trans Delay Arrival Instance 
#                                                                                                                  (fF)  (ps)  (ps)   (ps)  Location 
#----------------------------------------------------------------------------------------------------------------------------------------------------
  basic_isa_instance/u_id_ex_inst_ex_o_reg[17]/CP                            -       -      R     (arrival)    452    -     0     -       0    (-,-) 
  basic_isa_instance/u_id_ex_inst_ex_o_reg[17]/Q                             -       CP->Q  R     DFCNQD4        5  8.6    68   290     290    (-,-) 
  basic_isa_instance/g26680/ZN                                               -       B2->ZN F     OAI22D2        1  2.1    57    77     367    (-,-) 
  basic_isa_instance/g76132/ZN                                               -       A2->ZN R     NR2D2          1  2.6    64    69     435    (-,-) 
  basic_isa_instance/g76131/ZN                                               -       A2->ZN F     CKND2D3        1  6.8    60    62     497    (-,-) 
  basic_isa_instance/g76130/ZN                                               -       A1->ZN R     NR2D8          2  6.8    53    54     551    (-,-) 
  basic_isa_instance/g76217/ZN                                               -       I->ZN  F     CKND4          2  3.6    25    32     583    (-,-) 
  basic_isa_instance/g77911/ZN                                               -       I->ZN  R     CKND2          2  5.3    44    39     622    (-,-) 
  basic_isa_instance/g78595/ZN                                               -       A1->ZN F     NR2D4          9 15.5    53    45     667    (-,-) 
  basic_isa_instance/g84072/ZN                                               -       A1->ZN R     AOI22D2        1  1.9    79    70     737    (-,-) 
  basic_isa_instance/g26450/ZN                                               -       B->ZN  F     IOA21D2        2  1.8    44    48     785    (-,-) 
  basic_isa_instance/g26333/Z                                                -       I1->Z  F     MUX2D2        12 14.4   100   169     954    (-,-) 
  basic_isa_instance/g75482/Z                                                -       I1->Z  F     MUX2D2         3  5.5    66   161    1115    (-,-) 
  basic_isa_instance/g75481/ZN                                               -       A2->ZN R     ND2D2          1  2.2    39    49    1164    (-,-) 
  basic_isa_instance/g75480/ZN                                               -       A3->ZN F     ND3D2          1  1.8    61    67    1231    (-,-) 
  basic_isa_instance/u_branch_add_95_52_Y_u_branch_add_94_43_cdnadd_80081/CO -       CI->CO F     FA1D2          3  3.5    71   131    1362    (-,-) 
  basic_isa_instance/g75445/ZN                                               -       A1->ZN R     ND2D2          1  1.6    35    42    1404    (-,-) 
  basic_isa_instance/g75444/ZN                                               -       A1->ZN F     CKND2D2        2  3.1    44    41    1445    (-,-) 
  basic_isa_instance/g398/ZN                                                 -       A1->ZN R     CKND2D2        1  1.8    38    40    1485    (-,-) 
  basic_isa_instance/g395/ZN                                                 -       A1->ZN F     ND2D2          1  1.8    37    37    1522    (-,-) 
  basic_isa_instance/u_branch_add_95_52_Y_u_branch_add_94_43_cdnadd_8/CO     -       CI->CO F     FA1D2          1  1.8    63   114    1636    (-,-) 
  basic_isa_instance/u_branch_add_95_52_Y_u_branch_add_94_43_cdnadd_84991/CO -       CI->CO F     FA1D2          1  1.8    63   123    1759    (-,-) 
  basic_isa_instance/u_branch_add_95_52_Y_u_branch_add_94_43_cdnadd_10/CO    -       CI->CO F     FA1D2          1  1.8    63   123    1882    (-,-) 
  basic_isa_instance/u_branch_add_95_52_Y_u_branch_add_94_43_cdnadd_11/CO    -       CI->CO F     FA1D2          1  1.8    63   123    2006    (-,-) 
  basic_isa_instance/u_branch_add_95_52_Y_u_branch_add_94_43_cdnadd_12/CO    -       CI->CO F     FA1D2          3  3.6    72   132    2138    (-,-) 
  basic_isa_instance/g86044/ZN                                               -       A1->ZN R     AOI21D2        1  3.0    87    77    2215    (-,-) 
  basic_isa_instance/g86043/ZN                                               -       I->ZN  F     INVD3          3  3.3    34    40    2255    (-,-) 
  basic_isa_instance/g137/ZN                                                 -       A1->ZN R     ND2D2          1  2.5    37    34    2290    (-,-) 
  basic_isa_instance/g135/ZN                                                 -       A1->ZN F     CKND2D3        3  3.3    38    38    2328    (-,-) 
  basic_isa_instance/g83120/ZN                                               -       A1->ZN R     ND2D2          1  1.6    31    32    2360    (-,-) 
  basic_isa_instance/g113/ZN                                                 -       A1->ZN F     CKND2D2        1  1.8    33    33    2393    (-,-) 
  basic_isa_instance/u_branch_add_95_52_Y_u_branch_add_94_43_cdnadd_79059/CO -       CI->CO F     FA1D2          3  4.9    77   126    2519    (-,-) 
  basic_isa_instance/g86072/ZN                                               -       A1->ZN R     AOI21D4        2  3.5    71    67    2586    (-,-) 
  basic_isa_instance/g86074/ZN                                               -       A1->ZN F     OAI21D2        2  2.9    60    59    2645    (-,-) 
  basic_isa_instance/g86077/ZN                                               -       A1->ZN R     CKND2D2        1  1.6    38    44    2689    (-,-) 
  basic_isa_instance/g83153/ZN                                               -       A1->ZN F     CKND2D2        3  3.6    48    44    2734    (-,-) 
  basic_isa_instance/g75492/ZN                                               -       B2->ZN R     IND3D2         1  1.6    43    41    2774    (-,-) 
  basic_isa_instance/g75491/ZN                                               -       A1->ZN F     CKND2D2        4  5.2    61    54    2828    (-,-) 
  basic_isa_instance/g75461/ZN                                               -       B2->ZN R     IND3D2         1  1.6    43    45    2873    (-,-) 
  basic_isa_instance/g75460/ZN                                               -       A1->ZN F     CKND2D2        5  6.1    69    58    2931    (-,-) 
  basic_isa_instance/g400/ZN                                                 -       A1->ZN R     ND2D2          1  3.4    44    50    2982    (-,-) 
  basic_isa_instance/g393/ZN                                                 -       A1->ZN F     CKND2D4        4  7.0    48    46    3028    (-,-) 
  basic_isa_instance/g647/ZN                                                 -       A1->ZN R     AOI21D2        2  3.6    94    74    3102    (-,-) 
  basic_isa_instance/g644/ZN                                                 -       A1->ZN F     CKND2D2        1  1.8    46    50    3152    (-,-) 
  basic_isa_instance/g76695/ZN                                               -       B->ZN  R     OAI21D2        2  2.6    77    52    3205    (-,-) 
  basic_isa_instance/g35719/Z                                                -       A1->Z  R     AN2D2         16 14.4   119   154    3358    (-,-) 
  basic_isa_instance/u_if_u_btb_U_FILE_target_arr_reg[4][1][27]/D            -       -      R     DFCNQD2       16    -     -     0    3358    (-,-) 
#----------------------------------------------------------------------------------------------------------------------------------------------------



Path 81: VIOLATED (-958 ps) Setup Check with Pin basic_isa_instance/u_if_u_btb_U_FILE_target_arr_reg[4][0][27]/CP->D
          Group: core_clk
     Startpoint: (R) basic_isa_instance/u_id_ex_inst_ex_o_reg[17]/CP
          Clock: (R) core_clk
       Endpoint: (R) basic_isa_instance/u_if_u_btb_U_FILE_target_arr_reg[4][0][27]/D
          Clock: (R) core_clk

                     Capture       Launch     
        Clock Edge:+    2500            0     
       Src Latency:+       0            0     
       Net Latency:+       0 (I)        0 (I) 
           Arrival:=    2500            0     
                                              
             Setup:-      99                  
     Required Time:=    2401                  
      Launch Clock:-       0                  
         Data Path:-    3358                  
             Slack:=    -958                  

#----------------------------------------------------------------------------------------------------------------------------------------------------
#                               Timing Point                                 Flags    Arc   Edge   Cell     Fanout Load Trans Delay Arrival Instance 
#                                                                                                                  (fF)  (ps)  (ps)   (ps)  Location 
#----------------------------------------------------------------------------------------------------------------------------------------------------
  basic_isa_instance/u_id_ex_inst_ex_o_reg[17]/CP                            -       -      R     (arrival)    452    -     0     -       0    (-,-) 
  basic_isa_instance/u_id_ex_inst_ex_o_reg[17]/Q                             -       CP->Q  R     DFCNQD4        5  8.6    68   290     290    (-,-) 
  basic_isa_instance/g26680/ZN                                               -       B2->ZN F     OAI22D2        1  2.1    57    77     367    (-,-) 
  basic_isa_instance/g76132/ZN                                               -       A2->ZN R     NR2D2          1  2.6    64    69     435    (-,-) 
  basic_isa_instance/g76131/ZN                                               -       A2->ZN F     CKND2D3        1  6.8    60    62     497    (-,-) 
  basic_isa_instance/g76130/ZN                                               -       A1->ZN R     NR2D8          2  6.8    53    54     551    (-,-) 
  basic_isa_instance/g76217/ZN                                               -       I->ZN  F     CKND4          2  3.6    25    32     583    (-,-) 
  basic_isa_instance/g77911/ZN                                               -       I->ZN  R     CKND2          2  5.3    44    39     622    (-,-) 
  basic_isa_instance/g78595/ZN                                               -       A1->ZN F     NR2D4          9 15.5    53    45     667    (-,-) 
  basic_isa_instance/g84072/ZN                                               -       A1->ZN R     AOI22D2        1  1.9    79    70     737    (-,-) 
  basic_isa_instance/g26450/ZN                                               -       B->ZN  F     IOA21D2        2  1.8    44    48     785    (-,-) 
  basic_isa_instance/g26333/Z                                                -       I1->Z  F     MUX2D2        12 14.4   100   169     954    (-,-) 
  basic_isa_instance/g75482/Z                                                -       I1->Z  F     MUX2D2         3  5.5    66   161    1115    (-,-) 
  basic_isa_instance/g75481/ZN                                               -       A2->ZN R     ND2D2          1  2.2    39    49    1164    (-,-) 
  basic_isa_instance/g75480/ZN                                               -       A3->ZN F     ND3D2          1  1.8    61    67    1231    (-,-) 
  basic_isa_instance/u_branch_add_95_52_Y_u_branch_add_94_43_cdnadd_80081/CO -       CI->CO F     FA1D2          3  3.5    71   131    1362    (-,-) 
  basic_isa_instance/g75445/ZN                                               -       A1->ZN R     ND2D2          1  1.6    35    42    1404    (-,-) 
  basic_isa_instance/g75444/ZN                                               -       A1->ZN F     CKND2D2        2  3.1    44    41    1445    (-,-) 
  basic_isa_instance/g398/ZN                                                 -       A1->ZN R     CKND2D2        1  1.8    38    40    1485    (-,-) 
  basic_isa_instance/g395/ZN                                                 -       A1->ZN F     ND2D2          1  1.8    37    37    1522    (-,-) 
  basic_isa_instance/u_branch_add_95_52_Y_u_branch_add_94_43_cdnadd_8/CO     -       CI->CO F     FA1D2          1  1.8    63   114    1636    (-,-) 
  basic_isa_instance/u_branch_add_95_52_Y_u_branch_add_94_43_cdnadd_84991/CO -       CI->CO F     FA1D2          1  1.8    63   123    1759    (-,-) 
  basic_isa_instance/u_branch_add_95_52_Y_u_branch_add_94_43_cdnadd_10/CO    -       CI->CO F     FA1D2          1  1.8    63   123    1882    (-,-) 
  basic_isa_instance/u_branch_add_95_52_Y_u_branch_add_94_43_cdnadd_11/CO    -       CI->CO F     FA1D2          1  1.8    63   123    2006    (-,-) 
  basic_isa_instance/u_branch_add_95_52_Y_u_branch_add_94_43_cdnadd_12/CO    -       CI->CO F     FA1D2          3  3.6    72   132    2138    (-,-) 
  basic_isa_instance/g86044/ZN                                               -       A1->ZN R     AOI21D2        1  3.0    87    77    2215    (-,-) 
  basic_isa_instance/g86043/ZN                                               -       I->ZN  F     INVD3          3  3.3    34    40    2255    (-,-) 
  basic_isa_instance/g137/ZN                                                 -       A1->ZN R     ND2D2          1  2.5    37    34    2290    (-,-) 
  basic_isa_instance/g135/ZN                                                 -       A1->ZN F     CKND2D3        3  3.3    38    38    2328    (-,-) 
  basic_isa_instance/g83120/ZN                                               -       A1->ZN R     ND2D2          1  1.6    31    32    2360    (-,-) 
  basic_isa_instance/g113/ZN                                                 -       A1->ZN F     CKND2D2        1  1.8    33    33    2393    (-,-) 
  basic_isa_instance/u_branch_add_95_52_Y_u_branch_add_94_43_cdnadd_79059/CO -       CI->CO F     FA1D2          3  4.9    77   126    2519    (-,-) 
  basic_isa_instance/g86072/ZN                                               -       A1->ZN R     AOI21D4        2  3.5    71    67    2586    (-,-) 
  basic_isa_instance/g86074/ZN                                               -       A1->ZN F     OAI21D2        2  2.9    60    59    2645    (-,-) 
  basic_isa_instance/g86077/ZN                                               -       A1->ZN R     CKND2D2        1  1.6    38    44    2689    (-,-) 
  basic_isa_instance/g83153/ZN                                               -       A1->ZN F     CKND2D2        3  3.6    48    44    2734    (-,-) 
  basic_isa_instance/g75492/ZN                                               -       B2->ZN R     IND3D2         1  1.6    43    41    2774    (-,-) 
  basic_isa_instance/g75491/ZN                                               -       A1->ZN F     CKND2D2        4  5.2    61    54    2828    (-,-) 
  basic_isa_instance/g75461/ZN                                               -       B2->ZN R     IND3D2         1  1.6    43    45    2873    (-,-) 
  basic_isa_instance/g75460/ZN                                               -       A1->ZN F     CKND2D2        5  6.1    69    58    2931    (-,-) 
  basic_isa_instance/g400/ZN                                                 -       A1->ZN R     ND2D2          1  3.4    44    50    2982    (-,-) 
  basic_isa_instance/g393/ZN                                                 -       A1->ZN F     CKND2D4        4  7.0    48    46    3028    (-,-) 
  basic_isa_instance/g647/ZN                                                 -       A1->ZN R     AOI21D2        2  3.6    94    74    3102    (-,-) 
  basic_isa_instance/g644/ZN                                                 -       A1->ZN F     CKND2D2        1  1.8    46    50    3152    (-,-) 
  basic_isa_instance/g76695/ZN                                               -       B->ZN  R     OAI21D2        2  2.6    77    52    3205    (-,-) 
  basic_isa_instance/g35719/Z                                                -       A1->Z  R     AN2D2         16 14.4   119   154    3358    (-,-) 
  basic_isa_instance/u_if_u_btb_U_FILE_target_arr_reg[4][0][27]/D            -       -      R     DFCNQD2       16    -     -     0    3358    (-,-) 
#----------------------------------------------------------------------------------------------------------------------------------------------------



Path 82: VIOLATED (-958 ps) Setup Check with Pin basic_isa_instance/u_if_u_btb_U_FILE_target_arr_reg[3][1][27]/CP->D
          Group: core_clk
     Startpoint: (R) basic_isa_instance/u_id_ex_inst_ex_o_reg[17]/CP
          Clock: (R) core_clk
       Endpoint: (R) basic_isa_instance/u_if_u_btb_U_FILE_target_arr_reg[3][1][27]/D
          Clock: (R) core_clk

                     Capture       Launch     
        Clock Edge:+    2500            0     
       Src Latency:+       0            0     
       Net Latency:+       0 (I)        0 (I) 
           Arrival:=    2500            0     
                                              
             Setup:-      99                  
     Required Time:=    2401                  
      Launch Clock:-       0                  
         Data Path:-    3358                  
             Slack:=    -958                  

#----------------------------------------------------------------------------------------------------------------------------------------------------
#                               Timing Point                                 Flags    Arc   Edge   Cell     Fanout Load Trans Delay Arrival Instance 
#                                                                                                                  (fF)  (ps)  (ps)   (ps)  Location 
#----------------------------------------------------------------------------------------------------------------------------------------------------
  basic_isa_instance/u_id_ex_inst_ex_o_reg[17]/CP                            -       -      R     (arrival)    452    -     0     -       0    (-,-) 
  basic_isa_instance/u_id_ex_inst_ex_o_reg[17]/Q                             -       CP->Q  R     DFCNQD4        5  8.6    68   290     290    (-,-) 
  basic_isa_instance/g26680/ZN                                               -       B2->ZN F     OAI22D2        1  2.1    57    77     367    (-,-) 
  basic_isa_instance/g76132/ZN                                               -       A2->ZN R     NR2D2          1  2.6    64    69     435    (-,-) 
  basic_isa_instance/g76131/ZN                                               -       A2->ZN F     CKND2D3        1  6.8    60    62     497    (-,-) 
  basic_isa_instance/g76130/ZN                                               -       A1->ZN R     NR2D8          2  6.8    53    54     551    (-,-) 
  basic_isa_instance/g76217/ZN                                               -       I->ZN  F     CKND4          2  3.6    25    32     583    (-,-) 
  basic_isa_instance/g77911/ZN                                               -       I->ZN  R     CKND2          2  5.3    44    39     622    (-,-) 
  basic_isa_instance/g78595/ZN                                               -       A1->ZN F     NR2D4          9 15.5    53    45     667    (-,-) 
  basic_isa_instance/g84072/ZN                                               -       A1->ZN R     AOI22D2        1  1.9    79    70     737    (-,-) 
  basic_isa_instance/g26450/ZN                                               -       B->ZN  F     IOA21D2        2  1.8    44    48     785    (-,-) 
  basic_isa_instance/g26333/Z                                                -       I1->Z  F     MUX2D2        12 14.4   100   169     954    (-,-) 
  basic_isa_instance/g75482/Z                                                -       I1->Z  F     MUX2D2         3  5.5    66   161    1115    (-,-) 
  basic_isa_instance/g75481/ZN                                               -       A2->ZN R     ND2D2          1  2.2    39    49    1164    (-,-) 
  basic_isa_instance/g75480/ZN                                               -       A3->ZN F     ND3D2          1  1.8    61    67    1231    (-,-) 
  basic_isa_instance/u_branch_add_95_52_Y_u_branch_add_94_43_cdnadd_80081/CO -       CI->CO F     FA1D2          3  3.5    71   131    1362    (-,-) 
  basic_isa_instance/g75445/ZN                                               -       A1->ZN R     ND2D2          1  1.6    35    42    1404    (-,-) 
  basic_isa_instance/g75444/ZN                                               -       A1->ZN F     CKND2D2        2  3.1    44    41    1445    (-,-) 
  basic_isa_instance/g398/ZN                                                 -       A1->ZN R     CKND2D2        1  1.8    38    40    1485    (-,-) 
  basic_isa_instance/g395/ZN                                                 -       A1->ZN F     ND2D2          1  1.8    37    37    1522    (-,-) 
  basic_isa_instance/u_branch_add_95_52_Y_u_branch_add_94_43_cdnadd_8/CO     -       CI->CO F     FA1D2          1  1.8    63   114    1636    (-,-) 
  basic_isa_instance/u_branch_add_95_52_Y_u_branch_add_94_43_cdnadd_84991/CO -       CI->CO F     FA1D2          1  1.8    63   123    1759    (-,-) 
  basic_isa_instance/u_branch_add_95_52_Y_u_branch_add_94_43_cdnadd_10/CO    -       CI->CO F     FA1D2          1  1.8    63   123    1882    (-,-) 
  basic_isa_instance/u_branch_add_95_52_Y_u_branch_add_94_43_cdnadd_11/CO    -       CI->CO F     FA1D2          1  1.8    63   123    2006    (-,-) 
  basic_isa_instance/u_branch_add_95_52_Y_u_branch_add_94_43_cdnadd_12/CO    -       CI->CO F     FA1D2          3  3.6    72   132    2138    (-,-) 
  basic_isa_instance/g86044/ZN                                               -       A1->ZN R     AOI21D2        1  3.0    87    77    2215    (-,-) 
  basic_isa_instance/g86043/ZN                                               -       I->ZN  F     INVD3          3  3.3    34    40    2255    (-,-) 
  basic_isa_instance/g137/ZN                                                 -       A1->ZN R     ND2D2          1  2.5    37    34    2290    (-,-) 
  basic_isa_instance/g135/ZN                                                 -       A1->ZN F     CKND2D3        3  3.3    38    38    2328    (-,-) 
  basic_isa_instance/g83120/ZN                                               -       A1->ZN R     ND2D2          1  1.6    31    32    2360    (-,-) 
  basic_isa_instance/g113/ZN                                                 -       A1->ZN F     CKND2D2        1  1.8    33    33    2393    (-,-) 
  basic_isa_instance/u_branch_add_95_52_Y_u_branch_add_94_43_cdnadd_79059/CO -       CI->CO F     FA1D2          3  4.9    77   126    2519    (-,-) 
  basic_isa_instance/g86072/ZN                                               -       A1->ZN R     AOI21D4        2  3.5    71    67    2586    (-,-) 
  basic_isa_instance/g86074/ZN                                               -       A1->ZN F     OAI21D2        2  2.9    60    59    2645    (-,-) 
  basic_isa_instance/g86077/ZN                                               -       A1->ZN R     CKND2D2        1  1.6    38    44    2689    (-,-) 
  basic_isa_instance/g83153/ZN                                               -       A1->ZN F     CKND2D2        3  3.6    48    44    2734    (-,-) 
  basic_isa_instance/g75492/ZN                                               -       B2->ZN R     IND3D2         1  1.6    43    41    2774    (-,-) 
  basic_isa_instance/g75491/ZN                                               -       A1->ZN F     CKND2D2        4  5.2    61    54    2828    (-,-) 
  basic_isa_instance/g75461/ZN                                               -       B2->ZN R     IND3D2         1  1.6    43    45    2873    (-,-) 
  basic_isa_instance/g75460/ZN                                               -       A1->ZN F     CKND2D2        5  6.1    69    58    2931    (-,-) 
  basic_isa_instance/g400/ZN                                                 -       A1->ZN R     ND2D2          1  3.4    44    50    2982    (-,-) 
  basic_isa_instance/g393/ZN                                                 -       A1->ZN F     CKND2D4        4  7.0    48    46    3028    (-,-) 
  basic_isa_instance/g647/ZN                                                 -       A1->ZN R     AOI21D2        2  3.6    94    74    3102    (-,-) 
  basic_isa_instance/g644/ZN                                                 -       A1->ZN F     CKND2D2        1  1.8    46    50    3152    (-,-) 
  basic_isa_instance/g76695/ZN                                               -       B->ZN  R     OAI21D2        2  2.6    77    52    3205    (-,-) 
  basic_isa_instance/g35719/Z                                                -       A1->Z  R     AN2D2         16 14.4   119   154    3358    (-,-) 
  basic_isa_instance/u_if_u_btb_U_FILE_target_arr_reg[3][1][27]/D            -       -      R     DFCNQD2       16    -     -     0    3358    (-,-) 
#----------------------------------------------------------------------------------------------------------------------------------------------------



Path 83: VIOLATED (-958 ps) Setup Check with Pin basic_isa_instance/u_if_u_btb_U_FILE_target_arr_reg[3][0][27]/CP->D
          Group: core_clk
     Startpoint: (R) basic_isa_instance/u_id_ex_inst_ex_o_reg[17]/CP
          Clock: (R) core_clk
       Endpoint: (R) basic_isa_instance/u_if_u_btb_U_FILE_target_arr_reg[3][0][27]/D
          Clock: (R) core_clk

                     Capture       Launch     
        Clock Edge:+    2500            0     
       Src Latency:+       0            0     
       Net Latency:+       0 (I)        0 (I) 
           Arrival:=    2500            0     
                                              
             Setup:-      99                  
     Required Time:=    2401                  
      Launch Clock:-       0                  
         Data Path:-    3358                  
             Slack:=    -958                  

#----------------------------------------------------------------------------------------------------------------------------------------------------
#                               Timing Point                                 Flags    Arc   Edge   Cell     Fanout Load Trans Delay Arrival Instance 
#                                                                                                                  (fF)  (ps)  (ps)   (ps)  Location 
#----------------------------------------------------------------------------------------------------------------------------------------------------
  basic_isa_instance/u_id_ex_inst_ex_o_reg[17]/CP                            -       -      R     (arrival)    452    -     0     -       0    (-,-) 
  basic_isa_instance/u_id_ex_inst_ex_o_reg[17]/Q                             -       CP->Q  R     DFCNQD4        5  8.6    68   290     290    (-,-) 
  basic_isa_instance/g26680/ZN                                               -       B2->ZN F     OAI22D2        1  2.1    57    77     367    (-,-) 
  basic_isa_instance/g76132/ZN                                               -       A2->ZN R     NR2D2          1  2.6    64    69     435    (-,-) 
  basic_isa_instance/g76131/ZN                                               -       A2->ZN F     CKND2D3        1  6.8    60    62     497    (-,-) 
  basic_isa_instance/g76130/ZN                                               -       A1->ZN R     NR2D8          2  6.8    53    54     551    (-,-) 
  basic_isa_instance/g76217/ZN                                               -       I->ZN  F     CKND4          2  3.6    25    32     583    (-,-) 
  basic_isa_instance/g77911/ZN                                               -       I->ZN  R     CKND2          2  5.3    44    39     622    (-,-) 
  basic_isa_instance/g78595/ZN                                               -       A1->ZN F     NR2D4          9 15.5    53    45     667    (-,-) 
  basic_isa_instance/g84072/ZN                                               -       A1->ZN R     AOI22D2        1  1.9    79    70     737    (-,-) 
  basic_isa_instance/g26450/ZN                                               -       B->ZN  F     IOA21D2        2  1.8    44    48     785    (-,-) 
  basic_isa_instance/g26333/Z                                                -       I1->Z  F     MUX2D2        12 14.4   100   169     954    (-,-) 
  basic_isa_instance/g75482/Z                                                -       I1->Z  F     MUX2D2         3  5.5    66   161    1115    (-,-) 
  basic_isa_instance/g75481/ZN                                               -       A2->ZN R     ND2D2          1  2.2    39    49    1164    (-,-) 
  basic_isa_instance/g75480/ZN                                               -       A3->ZN F     ND3D2          1  1.8    61    67    1231    (-,-) 
  basic_isa_instance/u_branch_add_95_52_Y_u_branch_add_94_43_cdnadd_80081/CO -       CI->CO F     FA1D2          3  3.5    71   131    1362    (-,-) 
  basic_isa_instance/g75445/ZN                                               -       A1->ZN R     ND2D2          1  1.6    35    42    1404    (-,-) 
  basic_isa_instance/g75444/ZN                                               -       A1->ZN F     CKND2D2        2  3.1    44    41    1445    (-,-) 
  basic_isa_instance/g398/ZN                                                 -       A1->ZN R     CKND2D2        1  1.8    38    40    1485    (-,-) 
  basic_isa_instance/g395/ZN                                                 -       A1->ZN F     ND2D2          1  1.8    37    37    1522    (-,-) 
  basic_isa_instance/u_branch_add_95_52_Y_u_branch_add_94_43_cdnadd_8/CO     -       CI->CO F     FA1D2          1  1.8    63   114    1636    (-,-) 
  basic_isa_instance/u_branch_add_95_52_Y_u_branch_add_94_43_cdnadd_84991/CO -       CI->CO F     FA1D2          1  1.8    63   123    1759    (-,-) 
  basic_isa_instance/u_branch_add_95_52_Y_u_branch_add_94_43_cdnadd_10/CO    -       CI->CO F     FA1D2          1  1.8    63   123    1882    (-,-) 
  basic_isa_instance/u_branch_add_95_52_Y_u_branch_add_94_43_cdnadd_11/CO    -       CI->CO F     FA1D2          1  1.8    63   123    2006    (-,-) 
  basic_isa_instance/u_branch_add_95_52_Y_u_branch_add_94_43_cdnadd_12/CO    -       CI->CO F     FA1D2          3  3.6    72   132    2138    (-,-) 
  basic_isa_instance/g86044/ZN                                               -       A1->ZN R     AOI21D2        1  3.0    87    77    2215    (-,-) 
  basic_isa_instance/g86043/ZN                                               -       I->ZN  F     INVD3          3  3.3    34    40    2255    (-,-) 
  basic_isa_instance/g137/ZN                                                 -       A1->ZN R     ND2D2          1  2.5    37    34    2290    (-,-) 
  basic_isa_instance/g135/ZN                                                 -       A1->ZN F     CKND2D3        3  3.3    38    38    2328    (-,-) 
  basic_isa_instance/g83120/ZN                                               -       A1->ZN R     ND2D2          1  1.6    31    32    2360    (-,-) 
  basic_isa_instance/g113/ZN                                                 -       A1->ZN F     CKND2D2        1  1.8    33    33    2393    (-,-) 
  basic_isa_instance/u_branch_add_95_52_Y_u_branch_add_94_43_cdnadd_79059/CO -       CI->CO F     FA1D2          3  4.9    77   126    2519    (-,-) 
  basic_isa_instance/g86072/ZN                                               -       A1->ZN R     AOI21D4        2  3.5    71    67    2586    (-,-) 
  basic_isa_instance/g86074/ZN                                               -       A1->ZN F     OAI21D2        2  2.9    60    59    2645    (-,-) 
  basic_isa_instance/g86077/ZN                                               -       A1->ZN R     CKND2D2        1  1.6    38    44    2689    (-,-) 
  basic_isa_instance/g83153/ZN                                               -       A1->ZN F     CKND2D2        3  3.6    48    44    2734    (-,-) 
  basic_isa_instance/g75492/ZN                                               -       B2->ZN R     IND3D2         1  1.6    43    41    2774    (-,-) 
  basic_isa_instance/g75491/ZN                                               -       A1->ZN F     CKND2D2        4  5.2    61    54    2828    (-,-) 
  basic_isa_instance/g75461/ZN                                               -       B2->ZN R     IND3D2         1  1.6    43    45    2873    (-,-) 
  basic_isa_instance/g75460/ZN                                               -       A1->ZN F     CKND2D2        5  6.1    69    58    2931    (-,-) 
  basic_isa_instance/g400/ZN                                                 -       A1->ZN R     ND2D2          1  3.4    44    50    2982    (-,-) 
  basic_isa_instance/g393/ZN                                                 -       A1->ZN F     CKND2D4        4  7.0    48    46    3028    (-,-) 
  basic_isa_instance/g647/ZN                                                 -       A1->ZN R     AOI21D2        2  3.6    94    74    3102    (-,-) 
  basic_isa_instance/g644/ZN                                                 -       A1->ZN F     CKND2D2        1  1.8    46    50    3152    (-,-) 
  basic_isa_instance/g76695/ZN                                               -       B->ZN  R     OAI21D2        2  2.6    77    52    3205    (-,-) 
  basic_isa_instance/g35719/Z                                                -       A1->Z  R     AN2D2         16 14.4   119   154    3358    (-,-) 
  basic_isa_instance/u_if_u_btb_U_FILE_target_arr_reg[3][0][27]/D            -       -      R     DFCNQD2       16    -     -     0    3358    (-,-) 
#----------------------------------------------------------------------------------------------------------------------------------------------------



Path 84: VIOLATED (-958 ps) Setup Check with Pin basic_isa_instance/u_if_u_btb_U_FILE_target_arr_reg[2][1][27]/CP->D
          Group: core_clk
     Startpoint: (R) basic_isa_instance/u_id_ex_inst_ex_o_reg[17]/CP
          Clock: (R) core_clk
       Endpoint: (R) basic_isa_instance/u_if_u_btb_U_FILE_target_arr_reg[2][1][27]/D
          Clock: (R) core_clk

                     Capture       Launch     
        Clock Edge:+    2500            0     
       Src Latency:+       0            0     
       Net Latency:+       0 (I)        0 (I) 
           Arrival:=    2500            0     
                                              
             Setup:-      99                  
     Required Time:=    2401                  
      Launch Clock:-       0                  
         Data Path:-    3358                  
             Slack:=    -958                  

#----------------------------------------------------------------------------------------------------------------------------------------------------
#                               Timing Point                                 Flags    Arc   Edge   Cell     Fanout Load Trans Delay Arrival Instance 
#                                                                                                                  (fF)  (ps)  (ps)   (ps)  Location 
#----------------------------------------------------------------------------------------------------------------------------------------------------
  basic_isa_instance/u_id_ex_inst_ex_o_reg[17]/CP                            -       -      R     (arrival)    452    -     0     -       0    (-,-) 
  basic_isa_instance/u_id_ex_inst_ex_o_reg[17]/Q                             -       CP->Q  R     DFCNQD4        5  8.6    68   290     290    (-,-) 
  basic_isa_instance/g26680/ZN                                               -       B2->ZN F     OAI22D2        1  2.1    57    77     367    (-,-) 
  basic_isa_instance/g76132/ZN                                               -       A2->ZN R     NR2D2          1  2.6    64    69     435    (-,-) 
  basic_isa_instance/g76131/ZN                                               -       A2->ZN F     CKND2D3        1  6.8    60    62     497    (-,-) 
  basic_isa_instance/g76130/ZN                                               -       A1->ZN R     NR2D8          2  6.8    53    54     551    (-,-) 
  basic_isa_instance/g76217/ZN                                               -       I->ZN  F     CKND4          2  3.6    25    32     583    (-,-) 
  basic_isa_instance/g77911/ZN                                               -       I->ZN  R     CKND2          2  5.3    44    39     622    (-,-) 
  basic_isa_instance/g78595/ZN                                               -       A1->ZN F     NR2D4          9 15.5    53    45     667    (-,-) 
  basic_isa_instance/g84072/ZN                                               -       A1->ZN R     AOI22D2        1  1.9    79    70     737    (-,-) 
  basic_isa_instance/g26450/ZN                                               -       B->ZN  F     IOA21D2        2  1.8    44    48     785    (-,-) 
  basic_isa_instance/g26333/Z                                                -       I1->Z  F     MUX2D2        12 14.4   100   169     954    (-,-) 
  basic_isa_instance/g75482/Z                                                -       I1->Z  F     MUX2D2         3  5.5    66   161    1115    (-,-) 
  basic_isa_instance/g75481/ZN                                               -       A2->ZN R     ND2D2          1  2.2    39    49    1164    (-,-) 
  basic_isa_instance/g75480/ZN                                               -       A3->ZN F     ND3D2          1  1.8    61    67    1231    (-,-) 
  basic_isa_instance/u_branch_add_95_52_Y_u_branch_add_94_43_cdnadd_80081/CO -       CI->CO F     FA1D2          3  3.5    71   131    1362    (-,-) 
  basic_isa_instance/g75445/ZN                                               -       A1->ZN R     ND2D2          1  1.6    35    42    1404    (-,-) 
  basic_isa_instance/g75444/ZN                                               -       A1->ZN F     CKND2D2        2  3.1    44    41    1445    (-,-) 
  basic_isa_instance/g398/ZN                                                 -       A1->ZN R     CKND2D2        1  1.8    38    40    1485    (-,-) 
  basic_isa_instance/g395/ZN                                                 -       A1->ZN F     ND2D2          1  1.8    37    37    1522    (-,-) 
  basic_isa_instance/u_branch_add_95_52_Y_u_branch_add_94_43_cdnadd_8/CO     -       CI->CO F     FA1D2          1  1.8    63   114    1636    (-,-) 
  basic_isa_instance/u_branch_add_95_52_Y_u_branch_add_94_43_cdnadd_84991/CO -       CI->CO F     FA1D2          1  1.8    63   123    1759    (-,-) 
  basic_isa_instance/u_branch_add_95_52_Y_u_branch_add_94_43_cdnadd_10/CO    -       CI->CO F     FA1D2          1  1.8    63   123    1882    (-,-) 
  basic_isa_instance/u_branch_add_95_52_Y_u_branch_add_94_43_cdnadd_11/CO    -       CI->CO F     FA1D2          1  1.8    63   123    2006    (-,-) 
  basic_isa_instance/u_branch_add_95_52_Y_u_branch_add_94_43_cdnadd_12/CO    -       CI->CO F     FA1D2          3  3.6    72   132    2138    (-,-) 
  basic_isa_instance/g86044/ZN                                               -       A1->ZN R     AOI21D2        1  3.0    87    77    2215    (-,-) 
  basic_isa_instance/g86043/ZN                                               -       I->ZN  F     INVD3          3  3.3    34    40    2255    (-,-) 
  basic_isa_instance/g137/ZN                                                 -       A1->ZN R     ND2D2          1  2.5    37    34    2290    (-,-) 
  basic_isa_instance/g135/ZN                                                 -       A1->ZN F     CKND2D3        3  3.3    38    38    2328    (-,-) 
  basic_isa_instance/g83120/ZN                                               -       A1->ZN R     ND2D2          1  1.6    31    32    2360    (-,-) 
  basic_isa_instance/g113/ZN                                                 -       A1->ZN F     CKND2D2        1  1.8    33    33    2393    (-,-) 
  basic_isa_instance/u_branch_add_95_52_Y_u_branch_add_94_43_cdnadd_79059/CO -       CI->CO F     FA1D2          3  4.9    77   126    2519    (-,-) 
  basic_isa_instance/g86072/ZN                                               -       A1->ZN R     AOI21D4        2  3.5    71    67    2586    (-,-) 
  basic_isa_instance/g86074/ZN                                               -       A1->ZN F     OAI21D2        2  2.9    60    59    2645    (-,-) 
  basic_isa_instance/g86077/ZN                                               -       A1->ZN R     CKND2D2        1  1.6    38    44    2689    (-,-) 
  basic_isa_instance/g83153/ZN                                               -       A1->ZN F     CKND2D2        3  3.6    48    44    2734    (-,-) 
  basic_isa_instance/g75492/ZN                                               -       B2->ZN R     IND3D2         1  1.6    43    41    2774    (-,-) 
  basic_isa_instance/g75491/ZN                                               -       A1->ZN F     CKND2D2        4  5.2    61    54    2828    (-,-) 
  basic_isa_instance/g75461/ZN                                               -       B2->ZN R     IND3D2         1  1.6    43    45    2873    (-,-) 
  basic_isa_instance/g75460/ZN                                               -       A1->ZN F     CKND2D2        5  6.1    69    58    2931    (-,-) 
  basic_isa_instance/g400/ZN                                                 -       A1->ZN R     ND2D2          1  3.4    44    50    2982    (-,-) 
  basic_isa_instance/g393/ZN                                                 -       A1->ZN F     CKND2D4        4  7.0    48    46    3028    (-,-) 
  basic_isa_instance/g647/ZN                                                 -       A1->ZN R     AOI21D2        2  3.6    94    74    3102    (-,-) 
  basic_isa_instance/g644/ZN                                                 -       A1->ZN F     CKND2D2        1  1.8    46    50    3152    (-,-) 
  basic_isa_instance/g76695/ZN                                               -       B->ZN  R     OAI21D2        2  2.6    77    52    3205    (-,-) 
  basic_isa_instance/g35719/Z                                                -       A1->Z  R     AN2D2         16 14.4   119   154    3358    (-,-) 
  basic_isa_instance/u_if_u_btb_U_FILE_target_arr_reg[2][1][27]/D            -       -      R     DFCNQD2       16    -     -     0    3358    (-,-) 
#----------------------------------------------------------------------------------------------------------------------------------------------------



Path 85: VIOLATED (-958 ps) Setup Check with Pin basic_isa_instance/u_if_u_btb_U_FILE_target_arr_reg[2][0][27]/CP->D
          Group: core_clk
     Startpoint: (R) basic_isa_instance/u_id_ex_inst_ex_o_reg[17]/CP
          Clock: (R) core_clk
       Endpoint: (R) basic_isa_instance/u_if_u_btb_U_FILE_target_arr_reg[2][0][27]/D
          Clock: (R) core_clk

                     Capture       Launch     
        Clock Edge:+    2500            0     
       Src Latency:+       0            0     
       Net Latency:+       0 (I)        0 (I) 
           Arrival:=    2500            0     
                                              
             Setup:-      99                  
     Required Time:=    2401                  
      Launch Clock:-       0                  
         Data Path:-    3358                  
             Slack:=    -958                  

#----------------------------------------------------------------------------------------------------------------------------------------------------
#                               Timing Point                                 Flags    Arc   Edge   Cell     Fanout Load Trans Delay Arrival Instance 
#                                                                                                                  (fF)  (ps)  (ps)   (ps)  Location 
#----------------------------------------------------------------------------------------------------------------------------------------------------
  basic_isa_instance/u_id_ex_inst_ex_o_reg[17]/CP                            -       -      R     (arrival)    452    -     0     -       0    (-,-) 
  basic_isa_instance/u_id_ex_inst_ex_o_reg[17]/Q                             -       CP->Q  R     DFCNQD4        5  8.6    68   290     290    (-,-) 
  basic_isa_instance/g26680/ZN                                               -       B2->ZN F     OAI22D2        1  2.1    57    77     367    (-,-) 
  basic_isa_instance/g76132/ZN                                               -       A2->ZN R     NR2D2          1  2.6    64    69     435    (-,-) 
  basic_isa_instance/g76131/ZN                                               -       A2->ZN F     CKND2D3        1  6.8    60    62     497    (-,-) 
  basic_isa_instance/g76130/ZN                                               -       A1->ZN R     NR2D8          2  6.8    53    54     551    (-,-) 
  basic_isa_instance/g76217/ZN                                               -       I->ZN  F     CKND4          2  3.6    25    32     583    (-,-) 
  basic_isa_instance/g77911/ZN                                               -       I->ZN  R     CKND2          2  5.3    44    39     622    (-,-) 
  basic_isa_instance/g78595/ZN                                               -       A1->ZN F     NR2D4          9 15.5    53    45     667    (-,-) 
  basic_isa_instance/g84072/ZN                                               -       A1->ZN R     AOI22D2        1  1.9    79    70     737    (-,-) 
  basic_isa_instance/g26450/ZN                                               -       B->ZN  F     IOA21D2        2  1.8    44    48     785    (-,-) 
  basic_isa_instance/g26333/Z                                                -       I1->Z  F     MUX2D2        12 14.4   100   169     954    (-,-) 
  basic_isa_instance/g75482/Z                                                -       I1->Z  F     MUX2D2         3  5.5    66   161    1115    (-,-) 
  basic_isa_instance/g75481/ZN                                               -       A2->ZN R     ND2D2          1  2.2    39    49    1164    (-,-) 
  basic_isa_instance/g75480/ZN                                               -       A3->ZN F     ND3D2          1  1.8    61    67    1231    (-,-) 
  basic_isa_instance/u_branch_add_95_52_Y_u_branch_add_94_43_cdnadd_80081/CO -       CI->CO F     FA1D2          3  3.5    71   131    1362    (-,-) 
  basic_isa_instance/g75445/ZN                                               -       A1->ZN R     ND2D2          1  1.6    35    42    1404    (-,-) 
  basic_isa_instance/g75444/ZN                                               -       A1->ZN F     CKND2D2        2  3.1    44    41    1445    (-,-) 
  basic_isa_instance/g398/ZN                                                 -       A1->ZN R     CKND2D2        1  1.8    38    40    1485    (-,-) 
  basic_isa_instance/g395/ZN                                                 -       A1->ZN F     ND2D2          1  1.8    37    37    1522    (-,-) 
  basic_isa_instance/u_branch_add_95_52_Y_u_branch_add_94_43_cdnadd_8/CO     -       CI->CO F     FA1D2          1  1.8    63   114    1636    (-,-) 
  basic_isa_instance/u_branch_add_95_52_Y_u_branch_add_94_43_cdnadd_84991/CO -       CI->CO F     FA1D2          1  1.8    63   123    1759    (-,-) 
  basic_isa_instance/u_branch_add_95_52_Y_u_branch_add_94_43_cdnadd_10/CO    -       CI->CO F     FA1D2          1  1.8    63   123    1882    (-,-) 
  basic_isa_instance/u_branch_add_95_52_Y_u_branch_add_94_43_cdnadd_11/CO    -       CI->CO F     FA1D2          1  1.8    63   123    2006    (-,-) 
  basic_isa_instance/u_branch_add_95_52_Y_u_branch_add_94_43_cdnadd_12/CO    -       CI->CO F     FA1D2          3  3.6    72   132    2138    (-,-) 
  basic_isa_instance/g86044/ZN                                               -       A1->ZN R     AOI21D2        1  3.0    87    77    2215    (-,-) 
  basic_isa_instance/g86043/ZN                                               -       I->ZN  F     INVD3          3  3.3    34    40    2255    (-,-) 
  basic_isa_instance/g137/ZN                                                 -       A1->ZN R     ND2D2          1  2.5    37    34    2290    (-,-) 
  basic_isa_instance/g135/ZN                                                 -       A1->ZN F     CKND2D3        3  3.3    38    38    2328    (-,-) 
  basic_isa_instance/g83120/ZN                                               -       A1->ZN R     ND2D2          1  1.6    31    32    2360    (-,-) 
  basic_isa_instance/g113/ZN                                                 -       A1->ZN F     CKND2D2        1  1.8    33    33    2393    (-,-) 
  basic_isa_instance/u_branch_add_95_52_Y_u_branch_add_94_43_cdnadd_79059/CO -       CI->CO F     FA1D2          3  4.9    77   126    2519    (-,-) 
  basic_isa_instance/g86072/ZN                                               -       A1->ZN R     AOI21D4        2  3.5    71    67    2586    (-,-) 
  basic_isa_instance/g86074/ZN                                               -       A1->ZN F     OAI21D2        2  2.9    60    59    2645    (-,-) 
  basic_isa_instance/g86077/ZN                                               -       A1->ZN R     CKND2D2        1  1.6    38    44    2689    (-,-) 
  basic_isa_instance/g83153/ZN                                               -       A1->ZN F     CKND2D2        3  3.6    48    44    2734    (-,-) 
  basic_isa_instance/g75492/ZN                                               -       B2->ZN R     IND3D2         1  1.6    43    41    2774    (-,-) 
  basic_isa_instance/g75491/ZN                                               -       A1->ZN F     CKND2D2        4  5.2    61    54    2828    (-,-) 
  basic_isa_instance/g75461/ZN                                               -       B2->ZN R     IND3D2         1  1.6    43    45    2873    (-,-) 
  basic_isa_instance/g75460/ZN                                               -       A1->ZN F     CKND2D2        5  6.1    69    58    2931    (-,-) 
  basic_isa_instance/g400/ZN                                                 -       A1->ZN R     ND2D2          1  3.4    44    50    2982    (-,-) 
  basic_isa_instance/g393/ZN                                                 -       A1->ZN F     CKND2D4        4  7.0    48    46    3028    (-,-) 
  basic_isa_instance/g647/ZN                                                 -       A1->ZN R     AOI21D2        2  3.6    94    74    3102    (-,-) 
  basic_isa_instance/g644/ZN                                                 -       A1->ZN F     CKND2D2        1  1.8    46    50    3152    (-,-) 
  basic_isa_instance/g76695/ZN                                               -       B->ZN  R     OAI21D2        2  2.6    77    52    3205    (-,-) 
  basic_isa_instance/g35719/Z                                                -       A1->Z  R     AN2D2         16 14.4   119   154    3358    (-,-) 
  basic_isa_instance/u_if_u_btb_U_FILE_target_arr_reg[2][0][27]/D            -       -      R     DFCNQD2       16    -     -     0    3358    (-,-) 
#----------------------------------------------------------------------------------------------------------------------------------------------------



Path 86: VIOLATED (-958 ps) Setup Check with Pin basic_isa_instance/u_if_u_btb_U_FILE_target_arr_reg[1][1][27]/CP->D
          Group: core_clk
     Startpoint: (R) basic_isa_instance/u_id_ex_inst_ex_o_reg[17]/CP
          Clock: (R) core_clk
       Endpoint: (R) basic_isa_instance/u_if_u_btb_U_FILE_target_arr_reg[1][1][27]/D
          Clock: (R) core_clk

                     Capture       Launch     
        Clock Edge:+    2500            0     
       Src Latency:+       0            0     
       Net Latency:+       0 (I)        0 (I) 
           Arrival:=    2500            0     
                                              
             Setup:-      99                  
     Required Time:=    2401                  
      Launch Clock:-       0                  
         Data Path:-    3358                  
             Slack:=    -958                  

#----------------------------------------------------------------------------------------------------------------------------------------------------
#                               Timing Point                                 Flags    Arc   Edge   Cell     Fanout Load Trans Delay Arrival Instance 
#                                                                                                                  (fF)  (ps)  (ps)   (ps)  Location 
#----------------------------------------------------------------------------------------------------------------------------------------------------
  basic_isa_instance/u_id_ex_inst_ex_o_reg[17]/CP                            -       -      R     (arrival)    452    -     0     -       0    (-,-) 
  basic_isa_instance/u_id_ex_inst_ex_o_reg[17]/Q                             -       CP->Q  R     DFCNQD4        5  8.6    68   290     290    (-,-) 
  basic_isa_instance/g26680/ZN                                               -       B2->ZN F     OAI22D2        1  2.1    57    77     367    (-,-) 
  basic_isa_instance/g76132/ZN                                               -       A2->ZN R     NR2D2          1  2.6    64    69     435    (-,-) 
  basic_isa_instance/g76131/ZN                                               -       A2->ZN F     CKND2D3        1  6.8    60    62     497    (-,-) 
  basic_isa_instance/g76130/ZN                                               -       A1->ZN R     NR2D8          2  6.8    53    54     551    (-,-) 
  basic_isa_instance/g76217/ZN                                               -       I->ZN  F     CKND4          2  3.6    25    32     583    (-,-) 
  basic_isa_instance/g77911/ZN                                               -       I->ZN  R     CKND2          2  5.3    44    39     622    (-,-) 
  basic_isa_instance/g78595/ZN                                               -       A1->ZN F     NR2D4          9 15.5    53    45     667    (-,-) 
  basic_isa_instance/g84072/ZN                                               -       A1->ZN R     AOI22D2        1  1.9    79    70     737    (-,-) 
  basic_isa_instance/g26450/ZN                                               -       B->ZN  F     IOA21D2        2  1.8    44    48     785    (-,-) 
  basic_isa_instance/g26333/Z                                                -       I1->Z  F     MUX2D2        12 14.4   100   169     954    (-,-) 
  basic_isa_instance/g75482/Z                                                -       I1->Z  F     MUX2D2         3  5.5    66   161    1115    (-,-) 
  basic_isa_instance/g75481/ZN                                               -       A2->ZN R     ND2D2          1  2.2    39    49    1164    (-,-) 
  basic_isa_instance/g75480/ZN                                               -       A3->ZN F     ND3D2          1  1.8    61    67    1231    (-,-) 
  basic_isa_instance/u_branch_add_95_52_Y_u_branch_add_94_43_cdnadd_80081/CO -       CI->CO F     FA1D2          3  3.5    71   131    1362    (-,-) 
  basic_isa_instance/g75445/ZN                                               -       A1->ZN R     ND2D2          1  1.6    35    42    1404    (-,-) 
  basic_isa_instance/g75444/ZN                                               -       A1->ZN F     CKND2D2        2  3.1    44    41    1445    (-,-) 
  basic_isa_instance/g398/ZN                                                 -       A1->ZN R     CKND2D2        1  1.8    38    40    1485    (-,-) 
  basic_isa_instance/g395/ZN                                                 -       A1->ZN F     ND2D2          1  1.8    37    37    1522    (-,-) 
  basic_isa_instance/u_branch_add_95_52_Y_u_branch_add_94_43_cdnadd_8/CO     -       CI->CO F     FA1D2          1  1.8    63   114    1636    (-,-) 
  basic_isa_instance/u_branch_add_95_52_Y_u_branch_add_94_43_cdnadd_84991/CO -       CI->CO F     FA1D2          1  1.8    63   123    1759    (-,-) 
  basic_isa_instance/u_branch_add_95_52_Y_u_branch_add_94_43_cdnadd_10/CO    -       CI->CO F     FA1D2          1  1.8    63   123    1882    (-,-) 
  basic_isa_instance/u_branch_add_95_52_Y_u_branch_add_94_43_cdnadd_11/CO    -       CI->CO F     FA1D2          1  1.8    63   123    2006    (-,-) 
  basic_isa_instance/u_branch_add_95_52_Y_u_branch_add_94_43_cdnadd_12/CO    -       CI->CO F     FA1D2          3  3.6    72   132    2138    (-,-) 
  basic_isa_instance/g86044/ZN                                               -       A1->ZN R     AOI21D2        1  3.0    87    77    2215    (-,-) 
  basic_isa_instance/g86043/ZN                                               -       I->ZN  F     INVD3          3  3.3    34    40    2255    (-,-) 
  basic_isa_instance/g137/ZN                                                 -       A1->ZN R     ND2D2          1  2.5    37    34    2290    (-,-) 
  basic_isa_instance/g135/ZN                                                 -       A1->ZN F     CKND2D3        3  3.3    38    38    2328    (-,-) 
  basic_isa_instance/g83120/ZN                                               -       A1->ZN R     ND2D2          1  1.6    31    32    2360    (-,-) 
  basic_isa_instance/g113/ZN                                                 -       A1->ZN F     CKND2D2        1  1.8    33    33    2393    (-,-) 
  basic_isa_instance/u_branch_add_95_52_Y_u_branch_add_94_43_cdnadd_79059/CO -       CI->CO F     FA1D2          3  4.9    77   126    2519    (-,-) 
  basic_isa_instance/g86072/ZN                                               -       A1->ZN R     AOI21D4        2  3.5    71    67    2586    (-,-) 
  basic_isa_instance/g86074/ZN                                               -       A1->ZN F     OAI21D2        2  2.9    60    59    2645    (-,-) 
  basic_isa_instance/g86077/ZN                                               -       A1->ZN R     CKND2D2        1  1.6    38    44    2689    (-,-) 
  basic_isa_instance/g83153/ZN                                               -       A1->ZN F     CKND2D2        3  3.6    48    44    2734    (-,-) 
  basic_isa_instance/g75492/ZN                                               -       B2->ZN R     IND3D2         1  1.6    43    41    2774    (-,-) 
  basic_isa_instance/g75491/ZN                                               -       A1->ZN F     CKND2D2        4  5.2    61    54    2828    (-,-) 
  basic_isa_instance/g75461/ZN                                               -       B2->ZN R     IND3D2         1  1.6    43    45    2873    (-,-) 
  basic_isa_instance/g75460/ZN                                               -       A1->ZN F     CKND2D2        5  6.1    69    58    2931    (-,-) 
  basic_isa_instance/g400/ZN                                                 -       A1->ZN R     ND2D2          1  3.4    44    50    2982    (-,-) 
  basic_isa_instance/g393/ZN                                                 -       A1->ZN F     CKND2D4        4  7.0    48    46    3028    (-,-) 
  basic_isa_instance/g647/ZN                                                 -       A1->ZN R     AOI21D2        2  3.6    94    74    3102    (-,-) 
  basic_isa_instance/g644/ZN                                                 -       A1->ZN F     CKND2D2        1  1.8    46    50    3152    (-,-) 
  basic_isa_instance/g76695/ZN                                               -       B->ZN  R     OAI21D2        2  2.6    77    52    3205    (-,-) 
  basic_isa_instance/g35719/Z                                                -       A1->Z  R     AN2D2         16 14.4   119   154    3358    (-,-) 
  basic_isa_instance/u_if_u_btb_U_FILE_target_arr_reg[1][1][27]/D            -       -      R     DFCNQD2       16    -     -     0    3358    (-,-) 
#----------------------------------------------------------------------------------------------------------------------------------------------------



Path 87: VIOLATED (-958 ps) Setup Check with Pin basic_isa_instance/u_if_u_btb_U_FILE_target_arr_reg[1][0][27]/CP->D
          Group: core_clk
     Startpoint: (R) basic_isa_instance/u_id_ex_inst_ex_o_reg[17]/CP
          Clock: (R) core_clk
       Endpoint: (R) basic_isa_instance/u_if_u_btb_U_FILE_target_arr_reg[1][0][27]/D
          Clock: (R) core_clk

                     Capture       Launch     
        Clock Edge:+    2500            0     
       Src Latency:+       0            0     
       Net Latency:+       0 (I)        0 (I) 
           Arrival:=    2500            0     
                                              
             Setup:-      99                  
     Required Time:=    2401                  
      Launch Clock:-       0                  
         Data Path:-    3358                  
             Slack:=    -958                  

#----------------------------------------------------------------------------------------------------------------------------------------------------
#                               Timing Point                                 Flags    Arc   Edge   Cell     Fanout Load Trans Delay Arrival Instance 
#                                                                                                                  (fF)  (ps)  (ps)   (ps)  Location 
#----------------------------------------------------------------------------------------------------------------------------------------------------
  basic_isa_instance/u_id_ex_inst_ex_o_reg[17]/CP                            -       -      R     (arrival)    452    -     0     -       0    (-,-) 
  basic_isa_instance/u_id_ex_inst_ex_o_reg[17]/Q                             -       CP->Q  R     DFCNQD4        5  8.6    68   290     290    (-,-) 
  basic_isa_instance/g26680/ZN                                               -       B2->ZN F     OAI22D2        1  2.1    57    77     367    (-,-) 
  basic_isa_instance/g76132/ZN                                               -       A2->ZN R     NR2D2          1  2.6    64    69     435    (-,-) 
  basic_isa_instance/g76131/ZN                                               -       A2->ZN F     CKND2D3        1  6.8    60    62     497    (-,-) 
  basic_isa_instance/g76130/ZN                                               -       A1->ZN R     NR2D8          2  6.8    53    54     551    (-,-) 
  basic_isa_instance/g76217/ZN                                               -       I->ZN  F     CKND4          2  3.6    25    32     583    (-,-) 
  basic_isa_instance/g77911/ZN                                               -       I->ZN  R     CKND2          2  5.3    44    39     622    (-,-) 
  basic_isa_instance/g78595/ZN                                               -       A1->ZN F     NR2D4          9 15.5    53    45     667    (-,-) 
  basic_isa_instance/g84072/ZN                                               -       A1->ZN R     AOI22D2        1  1.9    79    70     737    (-,-) 
  basic_isa_instance/g26450/ZN                                               -       B->ZN  F     IOA21D2        2  1.8    44    48     785    (-,-) 
  basic_isa_instance/g26333/Z                                                -       I1->Z  F     MUX2D2        12 14.4   100   169     954    (-,-) 
  basic_isa_instance/g75482/Z                                                -       I1->Z  F     MUX2D2         3  5.5    66   161    1115    (-,-) 
  basic_isa_instance/g75481/ZN                                               -       A2->ZN R     ND2D2          1  2.2    39    49    1164    (-,-) 
  basic_isa_instance/g75480/ZN                                               -       A3->ZN F     ND3D2          1  1.8    61    67    1231    (-,-) 
  basic_isa_instance/u_branch_add_95_52_Y_u_branch_add_94_43_cdnadd_80081/CO -       CI->CO F     FA1D2          3  3.5    71   131    1362    (-,-) 
  basic_isa_instance/g75445/ZN                                               -       A1->ZN R     ND2D2          1  1.6    35    42    1404    (-,-) 
  basic_isa_instance/g75444/ZN                                               -       A1->ZN F     CKND2D2        2  3.1    44    41    1445    (-,-) 
  basic_isa_instance/g398/ZN                                                 -       A1->ZN R     CKND2D2        1  1.8    38    40    1485    (-,-) 
  basic_isa_instance/g395/ZN                                                 -       A1->ZN F     ND2D2          1  1.8    37    37    1522    (-,-) 
  basic_isa_instance/u_branch_add_95_52_Y_u_branch_add_94_43_cdnadd_8/CO     -       CI->CO F     FA1D2          1  1.8    63   114    1636    (-,-) 
  basic_isa_instance/u_branch_add_95_52_Y_u_branch_add_94_43_cdnadd_84991/CO -       CI->CO F     FA1D2          1  1.8    63   123    1759    (-,-) 
  basic_isa_instance/u_branch_add_95_52_Y_u_branch_add_94_43_cdnadd_10/CO    -       CI->CO F     FA1D2          1  1.8    63   123    1882    (-,-) 
  basic_isa_instance/u_branch_add_95_52_Y_u_branch_add_94_43_cdnadd_11/CO    -       CI->CO F     FA1D2          1  1.8    63   123    2006    (-,-) 
  basic_isa_instance/u_branch_add_95_52_Y_u_branch_add_94_43_cdnadd_12/CO    -       CI->CO F     FA1D2          3  3.6    72   132    2138    (-,-) 
  basic_isa_instance/g86044/ZN                                               -       A1->ZN R     AOI21D2        1  3.0    87    77    2215    (-,-) 
  basic_isa_instance/g86043/ZN                                               -       I->ZN  F     INVD3          3  3.3    34    40    2255    (-,-) 
  basic_isa_instance/g137/ZN                                                 -       A1->ZN R     ND2D2          1  2.5    37    34    2290    (-,-) 
  basic_isa_instance/g135/ZN                                                 -       A1->ZN F     CKND2D3        3  3.3    38    38    2328    (-,-) 
  basic_isa_instance/g83120/ZN                                               -       A1->ZN R     ND2D2          1  1.6    31    32    2360    (-,-) 
  basic_isa_instance/g113/ZN                                                 -       A1->ZN F     CKND2D2        1  1.8    33    33    2393    (-,-) 
  basic_isa_instance/u_branch_add_95_52_Y_u_branch_add_94_43_cdnadd_79059/CO -       CI->CO F     FA1D2          3  4.9    77   126    2519    (-,-) 
  basic_isa_instance/g86072/ZN                                               -       A1->ZN R     AOI21D4        2  3.5    71    67    2586    (-,-) 
  basic_isa_instance/g86074/ZN                                               -       A1->ZN F     OAI21D2        2  2.9    60    59    2645    (-,-) 
  basic_isa_instance/g86077/ZN                                               -       A1->ZN R     CKND2D2        1  1.6    38    44    2689    (-,-) 
  basic_isa_instance/g83153/ZN                                               -       A1->ZN F     CKND2D2        3  3.6    48    44    2734    (-,-) 
  basic_isa_instance/g75492/ZN                                               -       B2->ZN R     IND3D2         1  1.6    43    41    2774    (-,-) 
  basic_isa_instance/g75491/ZN                                               -       A1->ZN F     CKND2D2        4  5.2    61    54    2828    (-,-) 
  basic_isa_instance/g75461/ZN                                               -       B2->ZN R     IND3D2         1  1.6    43    45    2873    (-,-) 
  basic_isa_instance/g75460/ZN                                               -       A1->ZN F     CKND2D2        5  6.1    69    58    2931    (-,-) 
  basic_isa_instance/g400/ZN                                                 -       A1->ZN R     ND2D2          1  3.4    44    50    2982    (-,-) 
  basic_isa_instance/g393/ZN                                                 -       A1->ZN F     CKND2D4        4  7.0    48    46    3028    (-,-) 
  basic_isa_instance/g647/ZN                                                 -       A1->ZN R     AOI21D2        2  3.6    94    74    3102    (-,-) 
  basic_isa_instance/g644/ZN                                                 -       A1->ZN F     CKND2D2        1  1.8    46    50    3152    (-,-) 
  basic_isa_instance/g76695/ZN                                               -       B->ZN  R     OAI21D2        2  2.6    77    52    3205    (-,-) 
  basic_isa_instance/g35719/Z                                                -       A1->Z  R     AN2D2         16 14.4   119   154    3358    (-,-) 
  basic_isa_instance/u_if_u_btb_U_FILE_target_arr_reg[1][0][27]/D            -       -      R     DFCNQD2       16    -     -     0    3358    (-,-) 
#----------------------------------------------------------------------------------------------------------------------------------------------------



Path 88: VIOLATED (-958 ps) Setup Check with Pin basic_isa_instance/u_if_u_btb_U_FILE_target_arr_reg[0][1][27]/CP->D
          Group: core_clk
     Startpoint: (R) basic_isa_instance/u_id_ex_inst_ex_o_reg[17]/CP
          Clock: (R) core_clk
       Endpoint: (R) basic_isa_instance/u_if_u_btb_U_FILE_target_arr_reg[0][1][27]/D
          Clock: (R) core_clk

                     Capture       Launch     
        Clock Edge:+    2500            0     
       Src Latency:+       0            0     
       Net Latency:+       0 (I)        0 (I) 
           Arrival:=    2500            0     
                                              
             Setup:-      99                  
     Required Time:=    2401                  
      Launch Clock:-       0                  
         Data Path:-    3358                  
             Slack:=    -958                  

#----------------------------------------------------------------------------------------------------------------------------------------------------
#                               Timing Point                                 Flags    Arc   Edge   Cell     Fanout Load Trans Delay Arrival Instance 
#                                                                                                                  (fF)  (ps)  (ps)   (ps)  Location 
#----------------------------------------------------------------------------------------------------------------------------------------------------
  basic_isa_instance/u_id_ex_inst_ex_o_reg[17]/CP                            -       -      R     (arrival)    452    -     0     -       0    (-,-) 
  basic_isa_instance/u_id_ex_inst_ex_o_reg[17]/Q                             -       CP->Q  R     DFCNQD4        5  8.6    68   290     290    (-,-) 
  basic_isa_instance/g26680/ZN                                               -       B2->ZN F     OAI22D2        1  2.1    57    77     367    (-,-) 
  basic_isa_instance/g76132/ZN                                               -       A2->ZN R     NR2D2          1  2.6    64    69     435    (-,-) 
  basic_isa_instance/g76131/ZN                                               -       A2->ZN F     CKND2D3        1  6.8    60    62     497    (-,-) 
  basic_isa_instance/g76130/ZN                                               -       A1->ZN R     NR2D8          2  6.8    53    54     551    (-,-) 
  basic_isa_instance/g76217/ZN                                               -       I->ZN  F     CKND4          2  3.6    25    32     583    (-,-) 
  basic_isa_instance/g77911/ZN                                               -       I->ZN  R     CKND2          2  5.3    44    39     622    (-,-) 
  basic_isa_instance/g78595/ZN                                               -       A1->ZN F     NR2D4          9 15.5    53    45     667    (-,-) 
  basic_isa_instance/g84072/ZN                                               -       A1->ZN R     AOI22D2        1  1.9    79    70     737    (-,-) 
  basic_isa_instance/g26450/ZN                                               -       B->ZN  F     IOA21D2        2  1.8    44    48     785    (-,-) 
  basic_isa_instance/g26333/Z                                                -       I1->Z  F     MUX2D2        12 14.4   100   169     954    (-,-) 
  basic_isa_instance/g75482/Z                                                -       I1->Z  F     MUX2D2         3  5.5    66   161    1115    (-,-) 
  basic_isa_instance/g75481/ZN                                               -       A2->ZN R     ND2D2          1  2.2    39    49    1164    (-,-) 
  basic_isa_instance/g75480/ZN                                               -       A3->ZN F     ND3D2          1  1.8    61    67    1231    (-,-) 
  basic_isa_instance/u_branch_add_95_52_Y_u_branch_add_94_43_cdnadd_80081/CO -       CI->CO F     FA1D2          3  3.5    71   131    1362    (-,-) 
  basic_isa_instance/g75445/ZN                                               -       A1->ZN R     ND2D2          1  1.6    35    42    1404    (-,-) 
  basic_isa_instance/g75444/ZN                                               -       A1->ZN F     CKND2D2        2  3.1    44    41    1445    (-,-) 
  basic_isa_instance/g398/ZN                                                 -       A1->ZN R     CKND2D2        1  1.8    38    40    1485    (-,-) 
  basic_isa_instance/g395/ZN                                                 -       A1->ZN F     ND2D2          1  1.8    37    37    1522    (-,-) 
  basic_isa_instance/u_branch_add_95_52_Y_u_branch_add_94_43_cdnadd_8/CO     -       CI->CO F     FA1D2          1  1.8    63   114    1636    (-,-) 
  basic_isa_instance/u_branch_add_95_52_Y_u_branch_add_94_43_cdnadd_84991/CO -       CI->CO F     FA1D2          1  1.8    63   123    1759    (-,-) 
  basic_isa_instance/u_branch_add_95_52_Y_u_branch_add_94_43_cdnadd_10/CO    -       CI->CO F     FA1D2          1  1.8    63   123    1882    (-,-) 
  basic_isa_instance/u_branch_add_95_52_Y_u_branch_add_94_43_cdnadd_11/CO    -       CI->CO F     FA1D2          1  1.8    63   123    2006    (-,-) 
  basic_isa_instance/u_branch_add_95_52_Y_u_branch_add_94_43_cdnadd_12/CO    -       CI->CO F     FA1D2          3  3.6    72   132    2138    (-,-) 
  basic_isa_instance/g86044/ZN                                               -       A1->ZN R     AOI21D2        1  3.0    87    77    2215    (-,-) 
  basic_isa_instance/g86043/ZN                                               -       I->ZN  F     INVD3          3  3.3    34    40    2255    (-,-) 
  basic_isa_instance/g137/ZN                                                 -       A1->ZN R     ND2D2          1  2.5    37    34    2290    (-,-) 
  basic_isa_instance/g135/ZN                                                 -       A1->ZN F     CKND2D3        3  3.3    38    38    2328    (-,-) 
  basic_isa_instance/g83120/ZN                                               -       A1->ZN R     ND2D2          1  1.6    31    32    2360    (-,-) 
  basic_isa_instance/g113/ZN                                                 -       A1->ZN F     CKND2D2        1  1.8    33    33    2393    (-,-) 
  basic_isa_instance/u_branch_add_95_52_Y_u_branch_add_94_43_cdnadd_79059/CO -       CI->CO F     FA1D2          3  4.9    77   126    2519    (-,-) 
  basic_isa_instance/g86072/ZN                                               -       A1->ZN R     AOI21D4        2  3.5    71    67    2586    (-,-) 
  basic_isa_instance/g86074/ZN                                               -       A1->ZN F     OAI21D2        2  2.9    60    59    2645    (-,-) 
  basic_isa_instance/g86077/ZN                                               -       A1->ZN R     CKND2D2        1  1.6    38    44    2689    (-,-) 
  basic_isa_instance/g83153/ZN                                               -       A1->ZN F     CKND2D2        3  3.6    48    44    2734    (-,-) 
  basic_isa_instance/g75492/ZN                                               -       B2->ZN R     IND3D2         1  1.6    43    41    2774    (-,-) 
  basic_isa_instance/g75491/ZN                                               -       A1->ZN F     CKND2D2        4  5.2    61    54    2828    (-,-) 
  basic_isa_instance/g75461/ZN                                               -       B2->ZN R     IND3D2         1  1.6    43    45    2873    (-,-) 
  basic_isa_instance/g75460/ZN                                               -       A1->ZN F     CKND2D2        5  6.1    69    58    2931    (-,-) 
  basic_isa_instance/g400/ZN                                                 -       A1->ZN R     ND2D2          1  3.4    44    50    2982    (-,-) 
  basic_isa_instance/g393/ZN                                                 -       A1->ZN F     CKND2D4        4  7.0    48    46    3028    (-,-) 
  basic_isa_instance/g647/ZN                                                 -       A1->ZN R     AOI21D2        2  3.6    94    74    3102    (-,-) 
  basic_isa_instance/g644/ZN                                                 -       A1->ZN F     CKND2D2        1  1.8    46    50    3152    (-,-) 
  basic_isa_instance/g76695/ZN                                               -       B->ZN  R     OAI21D2        2  2.6    77    52    3205    (-,-) 
  basic_isa_instance/g35719/Z                                                -       A1->Z  R     AN2D2         16 14.4   119   154    3358    (-,-) 
  basic_isa_instance/u_if_u_btb_U_FILE_target_arr_reg[0][1][27]/D            -       -      R     DFCNQD2       16    -     -     0    3358    (-,-) 
#----------------------------------------------------------------------------------------------------------------------------------------------------



Path 89: VIOLATED (-958 ps) Setup Check with Pin basic_isa_instance/u_if_u_btb_U_FILE_target_arr_reg[0][0][27]/CP->D
          Group: core_clk
     Startpoint: (R) basic_isa_instance/u_id_ex_inst_ex_o_reg[17]/CP
          Clock: (R) core_clk
       Endpoint: (R) basic_isa_instance/u_if_u_btb_U_FILE_target_arr_reg[0][0][27]/D
          Clock: (R) core_clk

                     Capture       Launch     
        Clock Edge:+    2500            0     
       Src Latency:+       0            0     
       Net Latency:+       0 (I)        0 (I) 
           Arrival:=    2500            0     
                                              
             Setup:-      99                  
     Required Time:=    2401                  
      Launch Clock:-       0                  
         Data Path:-    3358                  
             Slack:=    -958                  

#----------------------------------------------------------------------------------------------------------------------------------------------------
#                               Timing Point                                 Flags    Arc   Edge   Cell     Fanout Load Trans Delay Arrival Instance 
#                                                                                                                  (fF)  (ps)  (ps)   (ps)  Location 
#----------------------------------------------------------------------------------------------------------------------------------------------------
  basic_isa_instance/u_id_ex_inst_ex_o_reg[17]/CP                            -       -      R     (arrival)    452    -     0     -       0    (-,-) 
  basic_isa_instance/u_id_ex_inst_ex_o_reg[17]/Q                             -       CP->Q  R     DFCNQD4        5  8.6    68   290     290    (-,-) 
  basic_isa_instance/g26680/ZN                                               -       B2->ZN F     OAI22D2        1  2.1    57    77     367    (-,-) 
  basic_isa_instance/g76132/ZN                                               -       A2->ZN R     NR2D2          1  2.6    64    69     435    (-,-) 
  basic_isa_instance/g76131/ZN                                               -       A2->ZN F     CKND2D3        1  6.8    60    62     497    (-,-) 
  basic_isa_instance/g76130/ZN                                               -       A1->ZN R     NR2D8          2  6.8    53    54     551    (-,-) 
  basic_isa_instance/g76217/ZN                                               -       I->ZN  F     CKND4          2  3.6    25    32     583    (-,-) 
  basic_isa_instance/g77911/ZN                                               -       I->ZN  R     CKND2          2  5.3    44    39     622    (-,-) 
  basic_isa_instance/g78595/ZN                                               -       A1->ZN F     NR2D4          9 15.5    53    45     667    (-,-) 
  basic_isa_instance/g84072/ZN                                               -       A1->ZN R     AOI22D2        1  1.9    79    70     737    (-,-) 
  basic_isa_instance/g26450/ZN                                               -       B->ZN  F     IOA21D2        2  1.8    44    48     785    (-,-) 
  basic_isa_instance/g26333/Z                                                -       I1->Z  F     MUX2D2        12 14.4   100   169     954    (-,-) 
  basic_isa_instance/g75482/Z                                                -       I1->Z  F     MUX2D2         3  5.5    66   161    1115    (-,-) 
  basic_isa_instance/g75481/ZN                                               -       A2->ZN R     ND2D2          1  2.2    39    49    1164    (-,-) 
  basic_isa_instance/g75480/ZN                                               -       A3->ZN F     ND3D2          1  1.8    61    67    1231    (-,-) 
  basic_isa_instance/u_branch_add_95_52_Y_u_branch_add_94_43_cdnadd_80081/CO -       CI->CO F     FA1D2          3  3.5    71   131    1362    (-,-) 
  basic_isa_instance/g75445/ZN                                               -       A1->ZN R     ND2D2          1  1.6    35    42    1404    (-,-) 
  basic_isa_instance/g75444/ZN                                               -       A1->ZN F     CKND2D2        2  3.1    44    41    1445    (-,-) 
  basic_isa_instance/g398/ZN                                                 -       A1->ZN R     CKND2D2        1  1.8    38    40    1485    (-,-) 
  basic_isa_instance/g395/ZN                                                 -       A1->ZN F     ND2D2          1  1.8    37    37    1522    (-,-) 
  basic_isa_instance/u_branch_add_95_52_Y_u_branch_add_94_43_cdnadd_8/CO     -       CI->CO F     FA1D2          1  1.8    63   114    1636    (-,-) 
  basic_isa_instance/u_branch_add_95_52_Y_u_branch_add_94_43_cdnadd_84991/CO -       CI->CO F     FA1D2          1  1.8    63   123    1759    (-,-) 
  basic_isa_instance/u_branch_add_95_52_Y_u_branch_add_94_43_cdnadd_10/CO    -       CI->CO F     FA1D2          1  1.8    63   123    1882    (-,-) 
  basic_isa_instance/u_branch_add_95_52_Y_u_branch_add_94_43_cdnadd_11/CO    -       CI->CO F     FA1D2          1  1.8    63   123    2006    (-,-) 
  basic_isa_instance/u_branch_add_95_52_Y_u_branch_add_94_43_cdnadd_12/CO    -       CI->CO F     FA1D2          3  3.6    72   132    2138    (-,-) 
  basic_isa_instance/g86044/ZN                                               -       A1->ZN R     AOI21D2        1  3.0    87    77    2215    (-,-) 
  basic_isa_instance/g86043/ZN                                               -       I->ZN  F     INVD3          3  3.3    34    40    2255    (-,-) 
  basic_isa_instance/g137/ZN                                                 -       A1->ZN R     ND2D2          1  2.5    37    34    2290    (-,-) 
  basic_isa_instance/g135/ZN                                                 -       A1->ZN F     CKND2D3        3  3.3    38    38    2328    (-,-) 
  basic_isa_instance/g83120/ZN                                               -       A1->ZN R     ND2D2          1  1.6    31    32    2360    (-,-) 
  basic_isa_instance/g113/ZN                                                 -       A1->ZN F     CKND2D2        1  1.8    33    33    2393    (-,-) 
  basic_isa_instance/u_branch_add_95_52_Y_u_branch_add_94_43_cdnadd_79059/CO -       CI->CO F     FA1D2          3  4.9    77   126    2519    (-,-) 
  basic_isa_instance/g86072/ZN                                               -       A1->ZN R     AOI21D4        2  3.5    71    67    2586    (-,-) 
  basic_isa_instance/g86074/ZN                                               -       A1->ZN F     OAI21D2        2  2.9    60    59    2645    (-,-) 
  basic_isa_instance/g86077/ZN                                               -       A1->ZN R     CKND2D2        1  1.6    38    44    2689    (-,-) 
  basic_isa_instance/g83153/ZN                                               -       A1->ZN F     CKND2D2        3  3.6    48    44    2734    (-,-) 
  basic_isa_instance/g75492/ZN                                               -       B2->ZN R     IND3D2         1  1.6    43    41    2774    (-,-) 
  basic_isa_instance/g75491/ZN                                               -       A1->ZN F     CKND2D2        4  5.2    61    54    2828    (-,-) 
  basic_isa_instance/g75461/ZN                                               -       B2->ZN R     IND3D2         1  1.6    43    45    2873    (-,-) 
  basic_isa_instance/g75460/ZN                                               -       A1->ZN F     CKND2D2        5  6.1    69    58    2931    (-,-) 
  basic_isa_instance/g400/ZN                                                 -       A1->ZN R     ND2D2          1  3.4    44    50    2982    (-,-) 
  basic_isa_instance/g393/ZN                                                 -       A1->ZN F     CKND2D4        4  7.0    48    46    3028    (-,-) 
  basic_isa_instance/g647/ZN                                                 -       A1->ZN R     AOI21D2        2  3.6    94    74    3102    (-,-) 
  basic_isa_instance/g644/ZN                                                 -       A1->ZN F     CKND2D2        1  1.8    46    50    3152    (-,-) 
  basic_isa_instance/g76695/ZN                                               -       B->ZN  R     OAI21D2        2  2.6    77    52    3205    (-,-) 
  basic_isa_instance/g35719/Z                                                -       A1->Z  R     AN2D2         16 14.4   119   154    3358    (-,-) 
  basic_isa_instance/u_if_u_btb_U_FILE_target_arr_reg[0][0][27]/D            -       -      R     DFCNQD2       16    -     -     0    3358    (-,-) 
#----------------------------------------------------------------------------------------------------------------------------------------------------



Path 90: VIOLATED (-956 ps) Setup Check with Pin basic_isa_instance/u_if_u_pc_reg_core_to_int_reg[28]/CP->D
          Group: core_clk
     Startpoint: (R) basic_isa_instance/u_id_ex_inst_ex_o_reg[17]/CP
          Clock: (R) core_clk
       Endpoint: (R) basic_isa_instance/u_if_u_pc_reg_core_to_int_reg[28]/D
          Clock: (R) core_clk

                     Capture       Launch     
        Clock Edge:+    2500            0     
       Src Latency:+       0            0     
       Net Latency:+       0 (I)        0 (I) 
           Arrival:=    2500            0     
                                              
             Setup:-      58                  
     Required Time:=    2442                  
      Launch Clock:-       0                  
         Data Path:-    3398                  
             Slack:=    -956                  

#----------------------------------------------------------------------------------------------------------------------------------------------------
#                               Timing Point                                 Flags    Arc   Edge   Cell     Fanout Load Trans Delay Arrival Instance 
#                                                                                                                  (fF)  (ps)  (ps)   (ps)  Location 
#----------------------------------------------------------------------------------------------------------------------------------------------------
  basic_isa_instance/u_id_ex_inst_ex_o_reg[17]/CP                            -       -      R     (arrival)    452    -     0     -       0    (-,-) 
  basic_isa_instance/u_id_ex_inst_ex_o_reg[17]/Q                             -       CP->Q  R     DFCNQD4        5  8.6    68   290     290    (-,-) 
  basic_isa_instance/g26680/ZN                                               -       B2->ZN F     OAI22D2        1  2.1    57    77     367    (-,-) 
  basic_isa_instance/g76132/ZN                                               -       A2->ZN R     NR2D2          1  2.6    64    69     435    (-,-) 
  basic_isa_instance/g76131/ZN                                               -       A2->ZN F     CKND2D3        1  6.8    60    62     497    (-,-) 
  basic_isa_instance/g76130/ZN                                               -       A1->ZN R     NR2D8          2  6.8    53    54     551    (-,-) 
  basic_isa_instance/g76217/ZN                                               -       I->ZN  F     CKND4          2  3.6    25    32     583    (-,-) 
  basic_isa_instance/g77911/ZN                                               -       I->ZN  R     CKND2          2  5.3    44    39     622    (-,-) 
  basic_isa_instance/g78595/ZN                                               -       A1->ZN F     NR2D4          9 15.5    53    45     667    (-,-) 
  basic_isa_instance/g84072/ZN                                               -       A1->ZN R     AOI22D2        1  1.9    79    70     737    (-,-) 
  basic_isa_instance/g26450/ZN                                               -       B->ZN  F     IOA21D2        2  1.8    44    48     785    (-,-) 
  basic_isa_instance/g26333/Z                                                -       I1->Z  F     MUX2D2        12 14.4   100   169     954    (-,-) 
  basic_isa_instance/g75482/Z                                                -       I1->Z  F     MUX2D2         3  5.5    66   161    1115    (-,-) 
  basic_isa_instance/g75481/ZN                                               -       A2->ZN R     ND2D2          1  2.2    39    49    1164    (-,-) 
  basic_isa_instance/g75480/ZN                                               -       A3->ZN F     ND3D2          1  1.8    61    67    1231    (-,-) 
  basic_isa_instance/u_branch_add_95_52_Y_u_branch_add_94_43_cdnadd_80081/CO -       CI->CO F     FA1D2          3  3.5    71   131    1362    (-,-) 
  basic_isa_instance/g75445/ZN                                               -       A1->ZN R     ND2D2          1  1.6    35    42    1404    (-,-) 
  basic_isa_instance/g75444/ZN                                               -       A1->ZN F     CKND2D2        2  3.1    44    41    1445    (-,-) 
  basic_isa_instance/g398/ZN                                                 -       A1->ZN R     CKND2D2        1  1.8    38    40    1485    (-,-) 
  basic_isa_instance/g395/ZN                                                 -       A1->ZN F     ND2D2          1  1.8    37    37    1522    (-,-) 
  basic_isa_instance/u_branch_add_95_52_Y_u_branch_add_94_43_cdnadd_8/CO     -       CI->CO F     FA1D2          1  1.8    63   114    1636    (-,-) 
  basic_isa_instance/u_branch_add_95_52_Y_u_branch_add_94_43_cdnadd_84991/CO -       CI->CO F     FA1D2          1  1.8    63   123    1759    (-,-) 
  basic_isa_instance/u_branch_add_95_52_Y_u_branch_add_94_43_cdnadd_10/CO    -       CI->CO F     FA1D2          1  1.8    63   123    1882    (-,-) 
  basic_isa_instance/u_branch_add_95_52_Y_u_branch_add_94_43_cdnadd_11/CO    -       CI->CO F     FA1D2          1  1.8    63   123    2006    (-,-) 
  basic_isa_instance/u_branch_add_95_52_Y_u_branch_add_94_43_cdnadd_12/CO    -       CI->CO F     FA1D2          3  3.6    72   132    2138    (-,-) 
  basic_isa_instance/g86044/ZN                                               -       A1->ZN R     AOI21D2        1  3.0    87    77    2215    (-,-) 
  basic_isa_instance/g86043/ZN                                               -       I->ZN  F     INVD3          3  3.3    34    40    2255    (-,-) 
  basic_isa_instance/g137/ZN                                                 -       A1->ZN R     ND2D2          1  2.5    37    34    2290    (-,-) 
  basic_isa_instance/g135/ZN                                                 -       A1->ZN F     CKND2D3        3  3.3    38    38    2328    (-,-) 
  basic_isa_instance/g83120/ZN                                               -       A1->ZN R     ND2D2          1  1.6    31    32    2360    (-,-) 
  basic_isa_instance/g113/ZN                                                 -       A1->ZN F     CKND2D2        1  1.8    33    33    2393    (-,-) 
  basic_isa_instance/u_branch_add_95_52_Y_u_branch_add_94_43_cdnadd_79059/CO -       CI->CO F     FA1D2          3  4.9    77   126    2519    (-,-) 
  basic_isa_instance/g86072/ZN                                               -       A1->ZN R     AOI21D4        2  3.5    71    67    2586    (-,-) 
  basic_isa_instance/g86074/ZN                                               -       A1->ZN F     OAI21D2        2  2.9    60    59    2645    (-,-) 
  basic_isa_instance/g86077/ZN                                               -       A1->ZN R     CKND2D2        1  1.6    38    44    2689    (-,-) 
  basic_isa_instance/g83153/ZN                                               -       A1->ZN F     CKND2D2        3  3.6    48    44    2734    (-,-) 
  basic_isa_instance/g75492/ZN                                               -       B2->ZN R     IND3D2         1  1.6    43    41    2774    (-,-) 
  basic_isa_instance/g75491/ZN                                               -       A1->ZN F     CKND2D2        4  5.2    61    54    2828    (-,-) 
  basic_isa_instance/g75461/ZN                                               -       B2->ZN R     IND3D2         1  1.6    43    45    2873    (-,-) 
  basic_isa_instance/g75460/ZN                                               -       A1->ZN F     CKND2D2        5  6.1    69    58    2931    (-,-) 
  basic_isa_instance/g400/ZN                                                 -       A1->ZN R     ND2D2          1  3.4    44    50    2982    (-,-) 
  basic_isa_instance/g393/ZN                                                 -       A1->ZN F     CKND2D4        4  7.0    48    46    3028    (-,-) 
  basic_isa_instance/g642/ZN                                                 -       A1->ZN R     ND2D2          1  1.6    32    36    3064    (-,-) 
  basic_isa_instance/g641/ZN                                                 -       A1->ZN F     CKND2D2        4  4.2    52    45    3109    (-,-) 
  basic_isa_instance/g307/Z                                                  -       A1->Z  F     OR2D2          1  1.7    39   110    3219    (-,-) 
  basic_isa_instance/g76671/ZN                                               -       B->ZN  R     IOA21D2        2  2.6    46    37    3256    (-,-) 
  basic_isa_instance/g82918/ZN                                               -       A1->ZN F     CKND2D2        1  1.6    40    36    3293    (-,-) 
  basic_isa_instance/g82917/ZN                                               -       A1->ZN R     ND2D2          2  2.5    36    37    3330    (-,-) 
  basic_isa_instance/g82916/ZN                                               -       A1->ZN F     CKND2D2        1  1.7    53    34    3364    (-,-) 
  basic_isa_instance/g81773/ZN                                               -       B->ZN  R     IOA21D2        1  0.9    39    34    3398    (-,-) 
  basic_isa_instance/u_if_u_pc_reg_core_to_int_reg[28]/D                     -       -      R     DFCND2         1    -     -     0    3398    (-,-) 
#----------------------------------------------------------------------------------------------------------------------------------------------------



Path 91: VIOLATED (-929 ps) Setup Check with Pin basic_isa_instance/u_if_u_pc_reg_pc_reg[27]/CP->D
          Group: core_clk
     Startpoint: (R) basic_isa_instance/u_id_ex_inst_ex_o_reg[17]/CP
          Clock: (R) core_clk
       Endpoint: (R) basic_isa_instance/u_if_u_pc_reg_pc_reg[27]/D
          Clock: (R) core_clk

                     Capture       Launch     
        Clock Edge:+    2500            0     
       Src Latency:+       0            0     
       Net Latency:+       0 (I)        0 (I) 
           Arrival:=    2500            0     
                                              
             Setup:-      55                  
     Required Time:=    2445                  
      Launch Clock:-       0                  
         Data Path:-    3374                  
             Slack:=    -929                  

#----------------------------------------------------------------------------------------------------------------------------------------------------
#                               Timing Point                                 Flags    Arc   Edge   Cell     Fanout Load Trans Delay Arrival Instance 
#                                                                                                                  (fF)  (ps)  (ps)   (ps)  Location 
#----------------------------------------------------------------------------------------------------------------------------------------------------
  basic_isa_instance/u_id_ex_inst_ex_o_reg[17]/CP                            -       -      R     (arrival)    452    -     0     -       0    (-,-) 
  basic_isa_instance/u_id_ex_inst_ex_o_reg[17]/Q                             -       CP->Q  R     DFCNQD4        5  8.6    68   290     290    (-,-) 
  basic_isa_instance/g26680/ZN                                               -       B2->ZN F     OAI22D2        1  2.1    57    77     367    (-,-) 
  basic_isa_instance/g76132/ZN                                               -       A2->ZN R     NR2D2          1  2.6    64    69     435    (-,-) 
  basic_isa_instance/g76131/ZN                                               -       A2->ZN F     CKND2D3        1  6.8    60    62     497    (-,-) 
  basic_isa_instance/g76130/ZN                                               -       A1->ZN R     NR2D8          2  6.8    53    54     551    (-,-) 
  basic_isa_instance/g76217/ZN                                               -       I->ZN  F     CKND4          2  3.6    25    32     583    (-,-) 
  basic_isa_instance/g77911/ZN                                               -       I->ZN  R     CKND2          2  5.3    44    39     622    (-,-) 
  basic_isa_instance/g78595/ZN                                               -       A1->ZN F     NR2D4          9 15.5    53    45     667    (-,-) 
  basic_isa_instance/g84072/ZN                                               -       A1->ZN R     AOI22D2        1  1.9    79    70     737    (-,-) 
  basic_isa_instance/g26450/ZN                                               -       B->ZN  F     IOA21D2        2  1.8    44    48     785    (-,-) 
  basic_isa_instance/g26333/Z                                                -       I1->Z  F     MUX2D2        12 14.4   100   169     954    (-,-) 
  basic_isa_instance/g75482/Z                                                -       I1->Z  F     MUX2D2         3  5.5    66   161    1115    (-,-) 
  basic_isa_instance/g75481/ZN                                               -       A2->ZN R     ND2D2          1  2.2    39    49    1164    (-,-) 
  basic_isa_instance/g75480/ZN                                               -       A3->ZN F     ND3D2          1  1.8    61    67    1231    (-,-) 
  basic_isa_instance/u_branch_add_95_52_Y_u_branch_add_94_43_cdnadd_80081/CO -       CI->CO F     FA1D2          3  3.5    71   131    1362    (-,-) 
  basic_isa_instance/g75445/ZN                                               -       A1->ZN R     ND2D2          1  1.6    35    42    1404    (-,-) 
  basic_isa_instance/g75444/ZN                                               -       A1->ZN F     CKND2D2        2  3.1    44    41    1445    (-,-) 
  basic_isa_instance/g398/ZN                                                 -       A1->ZN R     CKND2D2        1  1.8    38    40    1485    (-,-) 
  basic_isa_instance/g395/ZN                                                 -       A1->ZN F     ND2D2          1  1.8    37    37    1522    (-,-) 
  basic_isa_instance/u_branch_add_95_52_Y_u_branch_add_94_43_cdnadd_8/CO     -       CI->CO F     FA1D2          1  1.8    63   114    1636    (-,-) 
  basic_isa_instance/u_branch_add_95_52_Y_u_branch_add_94_43_cdnadd_84991/CO -       CI->CO F     FA1D2          1  1.8    63   123    1759    (-,-) 
  basic_isa_instance/u_branch_add_95_52_Y_u_branch_add_94_43_cdnadd_10/CO    -       CI->CO F     FA1D2          1  1.8    63   123    1882    (-,-) 
  basic_isa_instance/u_branch_add_95_52_Y_u_branch_add_94_43_cdnadd_11/CO    -       CI->CO F     FA1D2          1  1.8    63   123    2006    (-,-) 
  basic_isa_instance/u_branch_add_95_52_Y_u_branch_add_94_43_cdnadd_12/CO    -       CI->CO F     FA1D2          3  3.6    72   132    2138    (-,-) 
  basic_isa_instance/g86044/ZN                                               -       A1->ZN R     AOI21D2        1  3.0    87    77    2215    (-,-) 
  basic_isa_instance/g86043/ZN                                               -       I->ZN  F     INVD3          3  3.3    34    40    2255    (-,-) 
  basic_isa_instance/g137/ZN                                                 -       A1->ZN R     ND2D2          1  2.5    37    34    2290    (-,-) 
  basic_isa_instance/g135/ZN                                                 -       A1->ZN F     CKND2D3        3  3.3    38    38    2328    (-,-) 
  basic_isa_instance/g83120/ZN                                               -       A1->ZN R     ND2D2          1  1.6    31    32    2360    (-,-) 
  basic_isa_instance/g113/ZN                                                 -       A1->ZN F     CKND2D2        1  1.8    33    33    2393    (-,-) 
  basic_isa_instance/u_branch_add_95_52_Y_u_branch_add_94_43_cdnadd_79059/CO -       CI->CO F     FA1D2          3  4.9    77   126    2519    (-,-) 
  basic_isa_instance/g86072/ZN                                               -       A1->ZN R     AOI21D4        2  3.5    71    67    2586    (-,-) 
  basic_isa_instance/g86074/ZN                                               -       A1->ZN F     OAI21D2        2  2.9    60    59    2645    (-,-) 
  basic_isa_instance/g86077/ZN                                               -       A1->ZN R     CKND2D2        1  1.6    38    44    2689    (-,-) 
  basic_isa_instance/g83153/ZN                                               -       A1->ZN F     CKND2D2        3  3.6    48    44    2734    (-,-) 
  basic_isa_instance/g75492/ZN                                               -       B2->ZN R     IND3D2         1  1.6    43    41    2774    (-,-) 
  basic_isa_instance/g75491/ZN                                               -       A1->ZN F     CKND2D2        4  5.2    61    54    2828    (-,-) 
  basic_isa_instance/g75461/ZN                                               -       B2->ZN R     IND3D2         1  1.6    43    45    2873    (-,-) 
  basic_isa_instance/g75460/ZN                                               -       A1->ZN F     CKND2D2        5  6.1    69    58    2931    (-,-) 
  basic_isa_instance/g400/ZN                                                 -       A1->ZN R     ND2D2          1  3.4    44    50    2982    (-,-) 
  basic_isa_instance/g393/ZN                                                 -       A1->ZN F     CKND2D4        4  7.0    48    46    3028    (-,-) 
  basic_isa_instance/g647/ZN                                                 -       A1->ZN R     AOI21D2        2  3.6    94    74    3102    (-,-) 
  basic_isa_instance/g644/ZN                                                 -       A1->ZN F     CKND2D2        1  1.8    46    50    3152    (-,-) 
  basic_isa_instance/g76695/ZN                                               -       B->ZN  R     OAI21D2        2  2.6    77    52    3205    (-,-) 
  basic_isa_instance/g82945/ZN                                               -       A1->ZN F     CKND2D2        1  1.6    40    44    3249    (-,-) 
  basic_isa_instance/g82944/ZN                                               -       A1->ZN R     ND2D2          2  2.5    36    37    3286    (-,-) 
  basic_isa_instance/g82950/Z                                                -       A1->Z  R     AO21D2         1  1.0    37    88    3374    (-,-) 
  basic_isa_instance/u_if_u_pc_reg_pc_reg[27]/D                              -       -      R     DFCSNQD2       1    -     -     0    3374    (-,-) 
#----------------------------------------------------------------------------------------------------------------------------------------------------



Path 92: VIOLATED (-912 ps) Setup Check with Pin basic_isa_instance/u_if_u_pc_reg_core_to_int_reg[27]/CP->D
          Group: core_clk
     Startpoint: (R) basic_isa_instance/u_id_ex_inst_ex_o_reg[17]/CP
          Clock: (R) core_clk
       Endpoint: (R) basic_isa_instance/u_if_u_pc_reg_core_to_int_reg[27]/D
          Clock: (R) core_clk

                     Capture       Launch     
        Clock Edge:+    2500            0     
       Src Latency:+       0            0     
       Net Latency:+       0 (I)        0 (I) 
           Arrival:=    2500            0     
                                              
             Setup:-      58                  
     Required Time:=    2442                  
      Launch Clock:-       0                  
         Data Path:-    3354                  
             Slack:=    -912                  

#----------------------------------------------------------------------------------------------------------------------------------------------------
#                               Timing Point                                 Flags    Arc   Edge   Cell     Fanout Load Trans Delay Arrival Instance 
#                                                                                                                  (fF)  (ps)  (ps)   (ps)  Location 
#----------------------------------------------------------------------------------------------------------------------------------------------------
  basic_isa_instance/u_id_ex_inst_ex_o_reg[17]/CP                            -       -      R     (arrival)    452    -     0     -       0    (-,-) 
  basic_isa_instance/u_id_ex_inst_ex_o_reg[17]/Q                             -       CP->Q  R     DFCNQD4        5  8.6    68   290     290    (-,-) 
  basic_isa_instance/g26680/ZN                                               -       B2->ZN F     OAI22D2        1  2.1    57    77     367    (-,-) 
  basic_isa_instance/g76132/ZN                                               -       A2->ZN R     NR2D2          1  2.6    64    69     435    (-,-) 
  basic_isa_instance/g76131/ZN                                               -       A2->ZN F     CKND2D3        1  6.8    60    62     497    (-,-) 
  basic_isa_instance/g76130/ZN                                               -       A1->ZN R     NR2D8          2  6.8    53    54     551    (-,-) 
  basic_isa_instance/g76217/ZN                                               -       I->ZN  F     CKND4          2  3.6    25    32     583    (-,-) 
  basic_isa_instance/g77911/ZN                                               -       I->ZN  R     CKND2          2  5.3    44    39     622    (-,-) 
  basic_isa_instance/g78595/ZN                                               -       A1->ZN F     NR2D4          9 15.5    53    45     667    (-,-) 
  basic_isa_instance/g84072/ZN                                               -       A1->ZN R     AOI22D2        1  1.9    79    70     737    (-,-) 
  basic_isa_instance/g26450/ZN                                               -       B->ZN  F     IOA21D2        2  1.8    44    48     785    (-,-) 
  basic_isa_instance/g26333/Z                                                -       I1->Z  F     MUX2D2        12 14.4   100   169     954    (-,-) 
  basic_isa_instance/g75482/Z                                                -       I1->Z  F     MUX2D2         3  5.5    66   161    1115    (-,-) 
  basic_isa_instance/g75481/ZN                                               -       A2->ZN R     ND2D2          1  2.2    39    49    1164    (-,-) 
  basic_isa_instance/g75480/ZN                                               -       A3->ZN F     ND3D2          1  1.8    61    67    1231    (-,-) 
  basic_isa_instance/u_branch_add_95_52_Y_u_branch_add_94_43_cdnadd_80081/CO -       CI->CO F     FA1D2          3  3.5    71   131    1362    (-,-) 
  basic_isa_instance/g75445/ZN                                               -       A1->ZN R     ND2D2          1  1.6    35    42    1404    (-,-) 
  basic_isa_instance/g75444/ZN                                               -       A1->ZN F     CKND2D2        2  3.1    44    41    1445    (-,-) 
  basic_isa_instance/g398/ZN                                                 -       A1->ZN R     CKND2D2        1  1.8    38    40    1485    (-,-) 
  basic_isa_instance/g395/ZN                                                 -       A1->ZN F     ND2D2          1  1.8    37    37    1522    (-,-) 
  basic_isa_instance/u_branch_add_95_52_Y_u_branch_add_94_43_cdnadd_8/CO     -       CI->CO F     FA1D2          1  1.8    63   114    1636    (-,-) 
  basic_isa_instance/u_branch_add_95_52_Y_u_branch_add_94_43_cdnadd_84991/CO -       CI->CO F     FA1D2          1  1.8    63   123    1759    (-,-) 
  basic_isa_instance/u_branch_add_95_52_Y_u_branch_add_94_43_cdnadd_10/CO    -       CI->CO F     FA1D2          1  1.8    63   123    1882    (-,-) 
  basic_isa_instance/u_branch_add_95_52_Y_u_branch_add_94_43_cdnadd_11/CO    -       CI->CO F     FA1D2          1  1.8    63   123    2006    (-,-) 
  basic_isa_instance/u_branch_add_95_52_Y_u_branch_add_94_43_cdnadd_12/CO    -       CI->CO F     FA1D2          3  3.6    72   132    2138    (-,-) 
  basic_isa_instance/g86044/ZN                                               -       A1->ZN R     AOI21D2        1  3.0    87    77    2215    (-,-) 
  basic_isa_instance/g86043/ZN                                               -       I->ZN  F     INVD3          3  3.3    34    40    2255    (-,-) 
  basic_isa_instance/g137/ZN                                                 -       A1->ZN R     ND2D2          1  2.5    37    34    2290    (-,-) 
  basic_isa_instance/g135/ZN                                                 -       A1->ZN F     CKND2D3        3  3.3    38    38    2328    (-,-) 
  basic_isa_instance/g83120/ZN                                               -       A1->ZN R     ND2D2          1  1.6    31    32    2360    (-,-) 
  basic_isa_instance/g113/ZN                                                 -       A1->ZN F     CKND2D2        1  1.8    33    33    2393    (-,-) 
  basic_isa_instance/u_branch_add_95_52_Y_u_branch_add_94_43_cdnadd_79059/CO -       CI->CO F     FA1D2          3  4.9    77   126    2519    (-,-) 
  basic_isa_instance/g86072/ZN                                               -       A1->ZN R     AOI21D4        2  3.5    71    67    2586    (-,-) 
  basic_isa_instance/g86074/ZN                                               -       A1->ZN F     OAI21D2        2  2.9    60    59    2645    (-,-) 
  basic_isa_instance/g86077/ZN                                               -       A1->ZN R     CKND2D2        1  1.6    38    44    2689    (-,-) 
  basic_isa_instance/g83153/ZN                                               -       A1->ZN F     CKND2D2        3  3.6    48    44    2734    (-,-) 
  basic_isa_instance/g75492/ZN                                               -       B2->ZN R     IND3D2         1  1.6    43    41    2774    (-,-) 
  basic_isa_instance/g75491/ZN                                               -       A1->ZN F     CKND2D2        4  5.2    61    54    2828    (-,-) 
  basic_isa_instance/g75461/ZN                                               -       B2->ZN R     IND3D2         1  1.6    43    45    2873    (-,-) 
  basic_isa_instance/g75460/ZN                                               -       A1->ZN F     CKND2D2        5  6.1    69    58    2931    (-,-) 
  basic_isa_instance/g400/ZN                                                 -       A1->ZN R     ND2D2          1  3.4    44    50    2982    (-,-) 
  basic_isa_instance/g393/ZN                                                 -       A1->ZN F     CKND2D4        4  7.0    48    46    3028    (-,-) 
  basic_isa_instance/g647/ZN                                                 -       A1->ZN R     AOI21D2        2  3.6    94    74    3102    (-,-) 
  basic_isa_instance/g644/ZN                                                 -       A1->ZN F     CKND2D2        1  1.8    46    50    3152    (-,-) 
  basic_isa_instance/g76695/ZN                                               -       B->ZN  R     OAI21D2        2  2.6    77    52    3205    (-,-) 
  basic_isa_instance/g82945/ZN                                               -       A1->ZN F     CKND2D2        1  1.6    40    44    3249    (-,-) 
  basic_isa_instance/g82944/ZN                                               -       A1->ZN R     ND2D2          2  2.5    36    37    3286    (-,-) 
  basic_isa_instance/g82943/ZN                                               -       A1->ZN F     CKND2D2        1  1.7    53    34    3320    (-,-) 
  basic_isa_instance/g81776/ZN                                               -       B->ZN  R     IOA21D2        1  0.9    39    34    3354    (-,-) 
  basic_isa_instance/u_if_u_pc_reg_core_to_int_reg[27]/D                     -       -      R     DFCND2         1    -     -     0    3354    (-,-) 
#----------------------------------------------------------------------------------------------------------------------------------------------------



Path 93: VIOLATED (-904 ps) Setup Check with Pin basic_isa_instance/u_if_u_pc_reg_pc_reg[25]/CP->D
          Group: core_clk
     Startpoint: (R) basic_isa_instance/u_id_ex_inst_ex_o_reg[17]/CP
          Clock: (R) core_clk
       Endpoint: (F) basic_isa_instance/u_if_u_pc_reg_pc_reg[25]/D
          Clock: (R) core_clk

                     Capture       Launch     
        Clock Edge:+    2500            0     
       Src Latency:+       0            0     
       Net Latency:+       0 (I)        0 (I) 
           Arrival:=    2500            0     
                                              
             Setup:-      37                  
     Required Time:=    2463                  
      Launch Clock:-       0                  
         Data Path:-    3367                  
             Slack:=    -904                  

#----------------------------------------------------------------------------------------------------------------------------------------------------
#                               Timing Point                                 Flags    Arc   Edge   Cell     Fanout Load Trans Delay Arrival Instance 
#                                                                                                                  (fF)  (ps)  (ps)   (ps)  Location 
#----------------------------------------------------------------------------------------------------------------------------------------------------
  basic_isa_instance/u_id_ex_inst_ex_o_reg[17]/CP                            -       -      R     (arrival)    452    -     0     -       0    (-,-) 
  basic_isa_instance/u_id_ex_inst_ex_o_reg[17]/Q                             -       CP->Q  R     DFCNQD4        5  8.6    68   290     290    (-,-) 
  basic_isa_instance/g26680/ZN                                               -       B2->ZN F     OAI22D2        1  2.1    57    77     367    (-,-) 
  basic_isa_instance/g76132/ZN                                               -       A2->ZN R     NR2D2          1  2.6    64    69     435    (-,-) 
  basic_isa_instance/g76131/ZN                                               -       A2->ZN F     CKND2D3        1  6.8    60    62     497    (-,-) 
  basic_isa_instance/g76130/ZN                                               -       A1->ZN R     NR2D8          2  6.8    53    54     551    (-,-) 
  basic_isa_instance/g76217/ZN                                               -       I->ZN  F     CKND4          2  3.6    25    32     583    (-,-) 
  basic_isa_instance/g77911/ZN                                               -       I->ZN  R     CKND2          2  5.3    44    39     622    (-,-) 
  basic_isa_instance/g78595/ZN                                               -       A1->ZN F     NR2D4          9 15.5    53    45     667    (-,-) 
  basic_isa_instance/g84072/ZN                                               -       A1->ZN R     AOI22D2        1  1.9    79    70     737    (-,-) 
  basic_isa_instance/g26450/ZN                                               -       B->ZN  F     IOA21D2        2  1.8    44    48     785    (-,-) 
  basic_isa_instance/g26333/Z                                                -       I1->Z  F     MUX2D2        12 14.4   100   169     954    (-,-) 
  basic_isa_instance/g75482/Z                                                -       I1->Z  F     MUX2D2         3  5.5    66   161    1115    (-,-) 
  basic_isa_instance/g75481/ZN                                               -       A2->ZN R     ND2D2          1  2.2    39    49    1164    (-,-) 
  basic_isa_instance/g75480/ZN                                               -       A3->ZN F     ND3D2          1  1.8    61    67    1231    (-,-) 
  basic_isa_instance/u_branch_add_95_52_Y_u_branch_add_94_43_cdnadd_80081/CO -       CI->CO F     FA1D2          3  3.5    71   131    1362    (-,-) 
  basic_isa_instance/g75445/ZN                                               -       A1->ZN R     ND2D2          1  1.6    35    42    1404    (-,-) 
  basic_isa_instance/g75444/ZN                                               -       A1->ZN F     CKND2D2        2  3.1    44    41    1445    (-,-) 
  basic_isa_instance/g398/ZN                                                 -       A1->ZN R     CKND2D2        1  1.8    38    40    1485    (-,-) 
  basic_isa_instance/g395/ZN                                                 -       A1->ZN F     ND2D2          1  1.8    37    37    1522    (-,-) 
  basic_isa_instance/u_branch_add_95_52_Y_u_branch_add_94_43_cdnadd_8/CO     -       CI->CO F     FA1D2          1  1.8    63   114    1636    (-,-) 
  basic_isa_instance/u_branch_add_95_52_Y_u_branch_add_94_43_cdnadd_84991/CO -       CI->CO F     FA1D2          1  1.8    63   123    1759    (-,-) 
  basic_isa_instance/u_branch_add_95_52_Y_u_branch_add_94_43_cdnadd_10/CO    -       CI->CO F     FA1D2          1  1.8    63   123    1882    (-,-) 
  basic_isa_instance/u_branch_add_95_52_Y_u_branch_add_94_43_cdnadd_11/CO    -       CI->CO F     FA1D2          1  1.8    63   123    2006    (-,-) 
  basic_isa_instance/u_branch_add_95_52_Y_u_branch_add_94_43_cdnadd_12/CO    -       CI->CO F     FA1D2          3  3.6    72   132    2138    (-,-) 
  basic_isa_instance/g86044/ZN                                               -       A1->ZN R     AOI21D2        1  3.0    87    77    2215    (-,-) 
  basic_isa_instance/g86043/ZN                                               -       I->ZN  F     INVD3          3  3.3    34    40    2255    (-,-) 
  basic_isa_instance/g137/ZN                                                 -       A1->ZN R     ND2D2          1  2.5    37    34    2290    (-,-) 
  basic_isa_instance/g135/ZN                                                 -       A1->ZN F     CKND2D3        3  3.3    38    38    2328    (-,-) 
  basic_isa_instance/g83120/ZN                                               -       A1->ZN R     ND2D2          1  1.6    31    32    2360    (-,-) 
  basic_isa_instance/g113/ZN                                                 -       A1->ZN F     CKND2D2        1  1.8    33    33    2393    (-,-) 
  basic_isa_instance/u_branch_add_95_52_Y_u_branch_add_94_43_cdnadd_79059/CO -       CI->CO F     FA1D2          3  4.9    77   126    2519    (-,-) 
  basic_isa_instance/g86072/ZN                                               -       A1->ZN R     AOI21D4        2  3.5    71    67    2586    (-,-) 
  basic_isa_instance/g86074/ZN                                               -       A1->ZN F     OAI21D2        2  2.9    60    59    2645    (-,-) 
  basic_isa_instance/g86077/ZN                                               -       A1->ZN R     CKND2D2        1  1.6    38    44    2689    (-,-) 
  basic_isa_instance/g83153/ZN                                               -       A1->ZN F     CKND2D2        3  3.6    48    44    2734    (-,-) 
  basic_isa_instance/g75492/ZN                                               -       B2->ZN R     IND3D2         1  1.6    43    41    2774    (-,-) 
  basic_isa_instance/g75491/ZN                                               -       A1->ZN F     CKND2D2        4  5.2    61    54    2828    (-,-) 
  basic_isa_instance/g75461/ZN                                               -       B2->ZN R     IND3D2         1  1.6    43    45    2873    (-,-) 
  basic_isa_instance/g75460/ZN                                               -       A1->ZN F     CKND2D2        5  6.1    69    58    2931    (-,-) 
  basic_isa_instance/g87318/Z                                                -       A1->Z  F     AO21D2         2  3.2    49   130    3062    (-,-) 
  basic_isa_instance/g78635/ZN                                               -       A1->ZN R     ND2D2          1  1.9    34    37    3099    (-,-) 
  basic_isa_instance/g78633/ZN                                               -       A2->ZN F     ND4D2          2  2.5   108    99    3198    (-,-) 
  basic_isa_instance/g83045/ZN                                               -       A1->ZN R     ND2D2          1  1.8    44    53    3251    (-,-) 
  basic_isa_instance/g85286/ZN                                               -       A1->ZN F     ND2D2          2  3.0    46    45    3296    (-,-) 
  basic_isa_instance/g85277/ZN                                               -       A1->ZN R     ND2D2          1  1.6    60    35    3331    (-,-) 
  basic_isa_instance/g85274/ZN                                               -       A1->ZN F     CKND2D2        1  0.9    31    36    3367    (-,-) 
  basic_isa_instance/u_if_u_pc_reg_pc_reg[25]/D                              -       -      F     DFCSNQD2       1    -     -     0    3367    (-,-) 
#----------------------------------------------------------------------------------------------------------------------------------------------------



Path 94: VIOLATED (-899 ps) Setup Check with Pin basic_isa_instance/u_if_u_btb_U_FILE_target_arr_reg[7][1][25]/CP->D
          Group: core_clk
     Startpoint: (R) basic_isa_instance/u_id_ex_inst_ex_o_reg[17]/CP
          Clock: (R) core_clk
       Endpoint: (R) basic_isa_instance/u_if_u_btb_U_FILE_target_arr_reg[7][1][25]/D
          Clock: (R) core_clk

                     Capture       Launch     
        Clock Edge:+    2500            0     
       Src Latency:+       0            0     
       Net Latency:+       0 (I)        0 (I) 
           Arrival:=    2500            0     
                                              
             Setup:-      99                  
     Required Time:=    2401                  
      Launch Clock:-       0                  
         Data Path:-    3300                  
             Slack:=    -899                  

#----------------------------------------------------------------------------------------------------------------------------------------------------
#                               Timing Point                                 Flags    Arc   Edge   Cell     Fanout Load Trans Delay Arrival Instance 
#                                                                                                                  (fF)  (ps)  (ps)   (ps)  Location 
#----------------------------------------------------------------------------------------------------------------------------------------------------
  basic_isa_instance/u_id_ex_inst_ex_o_reg[17]/CP                            -       -      R     (arrival)    452    -     0     -       0    (-,-) 
  basic_isa_instance/u_id_ex_inst_ex_o_reg[17]/Q                             -       CP->Q  R     DFCNQD4        5  8.6    68   290     290    (-,-) 
  basic_isa_instance/g26680/ZN                                               -       B2->ZN F     OAI22D2        1  2.1    57    77     367    (-,-) 
  basic_isa_instance/g76132/ZN                                               -       A2->ZN R     NR2D2          1  2.6    64    69     435    (-,-) 
  basic_isa_instance/g76131/ZN                                               -       A2->ZN F     CKND2D3        1  6.8    60    62     497    (-,-) 
  basic_isa_instance/g76130/ZN                                               -       A1->ZN R     NR2D8          2  6.8    53    54     551    (-,-) 
  basic_isa_instance/g76217/ZN                                               -       I->ZN  F     CKND4          2  3.6    25    32     583    (-,-) 
  basic_isa_instance/g77911/ZN                                               -       I->ZN  R     CKND2          2  5.3    44    39     622    (-,-) 
  basic_isa_instance/g78595/ZN                                               -       A1->ZN F     NR2D4          9 15.5    53    45     667    (-,-) 
  basic_isa_instance/g84072/ZN                                               -       A1->ZN R     AOI22D2        1  1.9    79    70     737    (-,-) 
  basic_isa_instance/g26450/ZN                                               -       B->ZN  F     IOA21D2        2  1.8    44    48     785    (-,-) 
  basic_isa_instance/g26333/Z                                                -       I1->Z  F     MUX2D2        12 14.4   100   169     954    (-,-) 
  basic_isa_instance/g75482/Z                                                -       I1->Z  F     MUX2D2         3  5.5    66   161    1115    (-,-) 
  basic_isa_instance/g75481/ZN                                               -       A2->ZN R     ND2D2          1  2.2    39    49    1164    (-,-) 
  basic_isa_instance/g75480/ZN                                               -       A3->ZN F     ND3D2          1  1.8    61    67    1231    (-,-) 
  basic_isa_instance/u_branch_add_95_52_Y_u_branch_add_94_43_cdnadd_80081/CO -       CI->CO F     FA1D2          3  3.5    71   131    1362    (-,-) 
  basic_isa_instance/g75445/ZN                                               -       A1->ZN R     ND2D2          1  1.6    35    42    1404    (-,-) 
  basic_isa_instance/g75444/ZN                                               -       A1->ZN F     CKND2D2        2  3.1    44    41    1445    (-,-) 
  basic_isa_instance/g398/ZN                                                 -       A1->ZN R     CKND2D2        1  1.8    38    40    1485    (-,-) 
  basic_isa_instance/g395/ZN                                                 -       A1->ZN F     ND2D2          1  1.8    37    37    1522    (-,-) 
  basic_isa_instance/u_branch_add_95_52_Y_u_branch_add_94_43_cdnadd_8/CO     -       CI->CO F     FA1D2          1  1.8    63   114    1636    (-,-) 
  basic_isa_instance/u_branch_add_95_52_Y_u_branch_add_94_43_cdnadd_84991/CO -       CI->CO F     FA1D2          1  1.8    63   123    1759    (-,-) 
  basic_isa_instance/u_branch_add_95_52_Y_u_branch_add_94_43_cdnadd_10/CO    -       CI->CO F     FA1D2          1  1.8    63   123    1882    (-,-) 
  basic_isa_instance/u_branch_add_95_52_Y_u_branch_add_94_43_cdnadd_11/CO    -       CI->CO F     FA1D2          1  1.8    63   123    2006    (-,-) 
  basic_isa_instance/u_branch_add_95_52_Y_u_branch_add_94_43_cdnadd_12/CO    -       CI->CO F     FA1D2          3  3.6    72   132    2138    (-,-) 
  basic_isa_instance/g86044/ZN                                               -       A1->ZN R     AOI21D2        1  3.0    87    77    2215    (-,-) 
  basic_isa_instance/g86043/ZN                                               -       I->ZN  F     INVD3          3  3.3    34    40    2255    (-,-) 
  basic_isa_instance/g137/ZN                                                 -       A1->ZN R     ND2D2          1  2.5    37    34    2290    (-,-) 
  basic_isa_instance/g135/ZN                                                 -       A1->ZN F     CKND2D3        3  3.3    38    38    2328    (-,-) 
  basic_isa_instance/g83120/ZN                                               -       A1->ZN R     ND2D2          1  1.6    31    32    2360    (-,-) 
  basic_isa_instance/g113/ZN                                                 -       A1->ZN F     CKND2D2        1  1.8    33    33    2393    (-,-) 
  basic_isa_instance/u_branch_add_95_52_Y_u_branch_add_94_43_cdnadd_79059/CO -       CI->CO F     FA1D2          3  4.9    77   126    2519    (-,-) 
  basic_isa_instance/g86072/ZN                                               -       A1->ZN R     AOI21D4        2  3.5    71    67    2586    (-,-) 
  basic_isa_instance/g86074/ZN                                               -       A1->ZN F     OAI21D2        2  2.9    60    59    2645    (-,-) 
  basic_isa_instance/g86077/ZN                                               -       A1->ZN R     CKND2D2        1  1.6    38    44    2689    (-,-) 
  basic_isa_instance/g83153/ZN                                               -       A1->ZN F     CKND2D2        3  3.6    48    44    2734    (-,-) 
  basic_isa_instance/g75492/ZN                                               -       B2->ZN R     IND3D2         1  1.6    43    41    2774    (-,-) 
  basic_isa_instance/g75491/ZN                                               -       A1->ZN F     CKND2D2        4  5.2    61    54    2828    (-,-) 
  basic_isa_instance/g75461/ZN                                               -       B2->ZN R     IND3D2         1  1.6    43    45    2873    (-,-) 
  basic_isa_instance/g75460/ZN                                               -       A1->ZN F     CKND2D2        5  6.1    69    58    2931    (-,-) 
  basic_isa_instance/g401/ZN                                                 -       A1->ZN R     AOI21D2        2  3.8    97    83    3014    (-,-) 
  basic_isa_instance/g78637/ZN                                               -       A1->ZN F     ND3D2          1  1.9    69    69    3083    (-,-) 
  basic_isa_instance/g78633/ZN                                               -       A4->ZN R     ND4D2          2  2.8    63    68    3151    (-,-) 
  basic_isa_instance/g78638/Z                                                -       A1->Z  R     AN2D2         16 14.4   119   149    3300    (-,-) 
  basic_isa_instance/u_if_u_btb_U_FILE_target_arr_reg[7][1][25]/D            -       -      R     DFCNQD2       16    -     -     0    3300    (-,-) 
#----------------------------------------------------------------------------------------------------------------------------------------------------



Path 95: VIOLATED (-899 ps) Setup Check with Pin basic_isa_instance/u_if_u_btb_U_FILE_target_arr_reg[7][0][25]/CP->D
          Group: core_clk
     Startpoint: (R) basic_isa_instance/u_id_ex_inst_ex_o_reg[17]/CP
          Clock: (R) core_clk
       Endpoint: (R) basic_isa_instance/u_if_u_btb_U_FILE_target_arr_reg[7][0][25]/D
          Clock: (R) core_clk

                     Capture       Launch     
        Clock Edge:+    2500            0     
       Src Latency:+       0            0     
       Net Latency:+       0 (I)        0 (I) 
           Arrival:=    2500            0     
                                              
             Setup:-      99                  
     Required Time:=    2401                  
      Launch Clock:-       0                  
         Data Path:-    3300                  
             Slack:=    -899                  

#----------------------------------------------------------------------------------------------------------------------------------------------------
#                               Timing Point                                 Flags    Arc   Edge   Cell     Fanout Load Trans Delay Arrival Instance 
#                                                                                                                  (fF)  (ps)  (ps)   (ps)  Location 
#----------------------------------------------------------------------------------------------------------------------------------------------------
  basic_isa_instance/u_id_ex_inst_ex_o_reg[17]/CP                            -       -      R     (arrival)    452    -     0     -       0    (-,-) 
  basic_isa_instance/u_id_ex_inst_ex_o_reg[17]/Q                             -       CP->Q  R     DFCNQD4        5  8.6    68   290     290    (-,-) 
  basic_isa_instance/g26680/ZN                                               -       B2->ZN F     OAI22D2        1  2.1    57    77     367    (-,-) 
  basic_isa_instance/g76132/ZN                                               -       A2->ZN R     NR2D2          1  2.6    64    69     435    (-,-) 
  basic_isa_instance/g76131/ZN                                               -       A2->ZN F     CKND2D3        1  6.8    60    62     497    (-,-) 
  basic_isa_instance/g76130/ZN                                               -       A1->ZN R     NR2D8          2  6.8    53    54     551    (-,-) 
  basic_isa_instance/g76217/ZN                                               -       I->ZN  F     CKND4          2  3.6    25    32     583    (-,-) 
  basic_isa_instance/g77911/ZN                                               -       I->ZN  R     CKND2          2  5.3    44    39     622    (-,-) 
  basic_isa_instance/g78595/ZN                                               -       A1->ZN F     NR2D4          9 15.5    53    45     667    (-,-) 
  basic_isa_instance/g84072/ZN                                               -       A1->ZN R     AOI22D2        1  1.9    79    70     737    (-,-) 
  basic_isa_instance/g26450/ZN                                               -       B->ZN  F     IOA21D2        2  1.8    44    48     785    (-,-) 
  basic_isa_instance/g26333/Z                                                -       I1->Z  F     MUX2D2        12 14.4   100   169     954    (-,-) 
  basic_isa_instance/g75482/Z                                                -       I1->Z  F     MUX2D2         3  5.5    66   161    1115    (-,-) 
  basic_isa_instance/g75481/ZN                                               -       A2->ZN R     ND2D2          1  2.2    39    49    1164    (-,-) 
  basic_isa_instance/g75480/ZN                                               -       A3->ZN F     ND3D2          1  1.8    61    67    1231    (-,-) 
  basic_isa_instance/u_branch_add_95_52_Y_u_branch_add_94_43_cdnadd_80081/CO -       CI->CO F     FA1D2          3  3.5    71   131    1362    (-,-) 
  basic_isa_instance/g75445/ZN                                               -       A1->ZN R     ND2D2          1  1.6    35    42    1404    (-,-) 
  basic_isa_instance/g75444/ZN                                               -       A1->ZN F     CKND2D2        2  3.1    44    41    1445    (-,-) 
  basic_isa_instance/g398/ZN                                                 -       A1->ZN R     CKND2D2        1  1.8    38    40    1485    (-,-) 
  basic_isa_instance/g395/ZN                                                 -       A1->ZN F     ND2D2          1  1.8    37    37    1522    (-,-) 
  basic_isa_instance/u_branch_add_95_52_Y_u_branch_add_94_43_cdnadd_8/CO     -       CI->CO F     FA1D2          1  1.8    63   114    1636    (-,-) 
  basic_isa_instance/u_branch_add_95_52_Y_u_branch_add_94_43_cdnadd_84991/CO -       CI->CO F     FA1D2          1  1.8    63   123    1759    (-,-) 
  basic_isa_instance/u_branch_add_95_52_Y_u_branch_add_94_43_cdnadd_10/CO    -       CI->CO F     FA1D2          1  1.8    63   123    1882    (-,-) 
  basic_isa_instance/u_branch_add_95_52_Y_u_branch_add_94_43_cdnadd_11/CO    -       CI->CO F     FA1D2          1  1.8    63   123    2006    (-,-) 
  basic_isa_instance/u_branch_add_95_52_Y_u_branch_add_94_43_cdnadd_12/CO    -       CI->CO F     FA1D2          3  3.6    72   132    2138    (-,-) 
  basic_isa_instance/g86044/ZN                                               -       A1->ZN R     AOI21D2        1  3.0    87    77    2215    (-,-) 
  basic_isa_instance/g86043/ZN                                               -       I->ZN  F     INVD3          3  3.3    34    40    2255    (-,-) 
  basic_isa_instance/g137/ZN                                                 -       A1->ZN R     ND2D2          1  2.5    37    34    2290    (-,-) 
  basic_isa_instance/g135/ZN                                                 -       A1->ZN F     CKND2D3        3  3.3    38    38    2328    (-,-) 
  basic_isa_instance/g83120/ZN                                               -       A1->ZN R     ND2D2          1  1.6    31    32    2360    (-,-) 
  basic_isa_instance/g113/ZN                                                 -       A1->ZN F     CKND2D2        1  1.8    33    33    2393    (-,-) 
  basic_isa_instance/u_branch_add_95_52_Y_u_branch_add_94_43_cdnadd_79059/CO -       CI->CO F     FA1D2          3  4.9    77   126    2519    (-,-) 
  basic_isa_instance/g86072/ZN                                               -       A1->ZN R     AOI21D4        2  3.5    71    67    2586    (-,-) 
  basic_isa_instance/g86074/ZN                                               -       A1->ZN F     OAI21D2        2  2.9    60    59    2645    (-,-) 
  basic_isa_instance/g86077/ZN                                               -       A1->ZN R     CKND2D2        1  1.6    38    44    2689    (-,-) 
  basic_isa_instance/g83153/ZN                                               -       A1->ZN F     CKND2D2        3  3.6    48    44    2734    (-,-) 
  basic_isa_instance/g75492/ZN                                               -       B2->ZN R     IND3D2         1  1.6    43    41    2774    (-,-) 
  basic_isa_instance/g75491/ZN                                               -       A1->ZN F     CKND2D2        4  5.2    61    54    2828    (-,-) 
  basic_isa_instance/g75461/ZN                                               -       B2->ZN R     IND3D2         1  1.6    43    45    2873    (-,-) 
  basic_isa_instance/g75460/ZN                                               -       A1->ZN F     CKND2D2        5  6.1    69    58    2931    (-,-) 
  basic_isa_instance/g401/ZN                                                 -       A1->ZN R     AOI21D2        2  3.8    97    83    3014    (-,-) 
  basic_isa_instance/g78637/ZN                                               -       A1->ZN F     ND3D2          1  1.9    69    69    3083    (-,-) 
  basic_isa_instance/g78633/ZN                                               -       A4->ZN R     ND4D2          2  2.8    63    68    3151    (-,-) 
  basic_isa_instance/g78638/Z                                                -       A1->Z  R     AN2D2         16 14.4   119   149    3300    (-,-) 
  basic_isa_instance/u_if_u_btb_U_FILE_target_arr_reg[7][0][25]/D            -       -      R     DFCNQD2       16    -     -     0    3300    (-,-) 
#----------------------------------------------------------------------------------------------------------------------------------------------------



Path 96: VIOLATED (-899 ps) Setup Check with Pin basic_isa_instance/u_if_u_btb_U_FILE_target_arr_reg[6][1][25]/CP->D
          Group: core_clk
     Startpoint: (R) basic_isa_instance/u_id_ex_inst_ex_o_reg[17]/CP
          Clock: (R) core_clk
       Endpoint: (R) basic_isa_instance/u_if_u_btb_U_FILE_target_arr_reg[6][1][25]/D
          Clock: (R) core_clk

                     Capture       Launch     
        Clock Edge:+    2500            0     
       Src Latency:+       0            0     
       Net Latency:+       0 (I)        0 (I) 
           Arrival:=    2500            0     
                                              
             Setup:-      99                  
     Required Time:=    2401                  
      Launch Clock:-       0                  
         Data Path:-    3300                  
             Slack:=    -899                  

#----------------------------------------------------------------------------------------------------------------------------------------------------
#                               Timing Point                                 Flags    Arc   Edge   Cell     Fanout Load Trans Delay Arrival Instance 
#                                                                                                                  (fF)  (ps)  (ps)   (ps)  Location 
#----------------------------------------------------------------------------------------------------------------------------------------------------
  basic_isa_instance/u_id_ex_inst_ex_o_reg[17]/CP                            -       -      R     (arrival)    452    -     0     -       0    (-,-) 
  basic_isa_instance/u_id_ex_inst_ex_o_reg[17]/Q                             -       CP->Q  R     DFCNQD4        5  8.6    68   290     290    (-,-) 
  basic_isa_instance/g26680/ZN                                               -       B2->ZN F     OAI22D2        1  2.1    57    77     367    (-,-) 
  basic_isa_instance/g76132/ZN                                               -       A2->ZN R     NR2D2          1  2.6    64    69     435    (-,-) 
  basic_isa_instance/g76131/ZN                                               -       A2->ZN F     CKND2D3        1  6.8    60    62     497    (-,-) 
  basic_isa_instance/g76130/ZN                                               -       A1->ZN R     NR2D8          2  6.8    53    54     551    (-,-) 
  basic_isa_instance/g76217/ZN                                               -       I->ZN  F     CKND4          2  3.6    25    32     583    (-,-) 
  basic_isa_instance/g77911/ZN                                               -       I->ZN  R     CKND2          2  5.3    44    39     622    (-,-) 
  basic_isa_instance/g78595/ZN                                               -       A1->ZN F     NR2D4          9 15.5    53    45     667    (-,-) 
  basic_isa_instance/g84072/ZN                                               -       A1->ZN R     AOI22D2        1  1.9    79    70     737    (-,-) 
  basic_isa_instance/g26450/ZN                                               -       B->ZN  F     IOA21D2        2  1.8    44    48     785    (-,-) 
  basic_isa_instance/g26333/Z                                                -       I1->Z  F     MUX2D2        12 14.4   100   169     954    (-,-) 
  basic_isa_instance/g75482/Z                                                -       I1->Z  F     MUX2D2         3  5.5    66   161    1115    (-,-) 
  basic_isa_instance/g75481/ZN                                               -       A2->ZN R     ND2D2          1  2.2    39    49    1164    (-,-) 
  basic_isa_instance/g75480/ZN                                               -       A3->ZN F     ND3D2          1  1.8    61    67    1231    (-,-) 
  basic_isa_instance/u_branch_add_95_52_Y_u_branch_add_94_43_cdnadd_80081/CO -       CI->CO F     FA1D2          3  3.5    71   131    1362    (-,-) 
  basic_isa_instance/g75445/ZN                                               -       A1->ZN R     ND2D2          1  1.6    35    42    1404    (-,-) 
  basic_isa_instance/g75444/ZN                                               -       A1->ZN F     CKND2D2        2  3.1    44    41    1445    (-,-) 
  basic_isa_instance/g398/ZN                                                 -       A1->ZN R     CKND2D2        1  1.8    38    40    1485    (-,-) 
  basic_isa_instance/g395/ZN                                                 -       A1->ZN F     ND2D2          1  1.8    37    37    1522    (-,-) 
  basic_isa_instance/u_branch_add_95_52_Y_u_branch_add_94_43_cdnadd_8/CO     -       CI->CO F     FA1D2          1  1.8    63   114    1636    (-,-) 
  basic_isa_instance/u_branch_add_95_52_Y_u_branch_add_94_43_cdnadd_84991/CO -       CI->CO F     FA1D2          1  1.8    63   123    1759    (-,-) 
  basic_isa_instance/u_branch_add_95_52_Y_u_branch_add_94_43_cdnadd_10/CO    -       CI->CO F     FA1D2          1  1.8    63   123    1882    (-,-) 
  basic_isa_instance/u_branch_add_95_52_Y_u_branch_add_94_43_cdnadd_11/CO    -       CI->CO F     FA1D2          1  1.8    63   123    2006    (-,-) 
  basic_isa_instance/u_branch_add_95_52_Y_u_branch_add_94_43_cdnadd_12/CO    -       CI->CO F     FA1D2          3  3.6    72   132    2138    (-,-) 
  basic_isa_instance/g86044/ZN                                               -       A1->ZN R     AOI21D2        1  3.0    87    77    2215    (-,-) 
  basic_isa_instance/g86043/ZN                                               -       I->ZN  F     INVD3          3  3.3    34    40    2255    (-,-) 
  basic_isa_instance/g137/ZN                                                 -       A1->ZN R     ND2D2          1  2.5    37    34    2290    (-,-) 
  basic_isa_instance/g135/ZN                                                 -       A1->ZN F     CKND2D3        3  3.3    38    38    2328    (-,-) 
  basic_isa_instance/g83120/ZN                                               -       A1->ZN R     ND2D2          1  1.6    31    32    2360    (-,-) 
  basic_isa_instance/g113/ZN                                                 -       A1->ZN F     CKND2D2        1  1.8    33    33    2393    (-,-) 
  basic_isa_instance/u_branch_add_95_52_Y_u_branch_add_94_43_cdnadd_79059/CO -       CI->CO F     FA1D2          3  4.9    77   126    2519    (-,-) 
  basic_isa_instance/g86072/ZN                                               -       A1->ZN R     AOI21D4        2  3.5    71    67    2586    (-,-) 
  basic_isa_instance/g86074/ZN                                               -       A1->ZN F     OAI21D2        2  2.9    60    59    2645    (-,-) 
  basic_isa_instance/g86077/ZN                                               -       A1->ZN R     CKND2D2        1  1.6    38    44    2689    (-,-) 
  basic_isa_instance/g83153/ZN                                               -       A1->ZN F     CKND2D2        3  3.6    48    44    2734    (-,-) 
  basic_isa_instance/g75492/ZN                                               -       B2->ZN R     IND3D2         1  1.6    43    41    2774    (-,-) 
  basic_isa_instance/g75491/ZN                                               -       A1->ZN F     CKND2D2        4  5.2    61    54    2828    (-,-) 
  basic_isa_instance/g75461/ZN                                               -       B2->ZN R     IND3D2         1  1.6    43    45    2873    (-,-) 
  basic_isa_instance/g75460/ZN                                               -       A1->ZN F     CKND2D2        5  6.1    69    58    2931    (-,-) 
  basic_isa_instance/g401/ZN                                                 -       A1->ZN R     AOI21D2        2  3.8    97    83    3014    (-,-) 
  basic_isa_instance/g78637/ZN                                               -       A1->ZN F     ND3D2          1  1.9    69    69    3083    (-,-) 
  basic_isa_instance/g78633/ZN                                               -       A4->ZN R     ND4D2          2  2.8    63    68    3151    (-,-) 
  basic_isa_instance/g78638/Z                                                -       A1->Z  R     AN2D2         16 14.4   119   149    3300    (-,-) 
  basic_isa_instance/u_if_u_btb_U_FILE_target_arr_reg[6][1][25]/D            -       -      R     DFCNQD2       16    -     -     0    3300    (-,-) 
#----------------------------------------------------------------------------------------------------------------------------------------------------



Path 97: VIOLATED (-899 ps) Setup Check with Pin basic_isa_instance/u_if_u_btb_U_FILE_target_arr_reg[6][0][25]/CP->D
          Group: core_clk
     Startpoint: (R) basic_isa_instance/u_id_ex_inst_ex_o_reg[17]/CP
          Clock: (R) core_clk
       Endpoint: (R) basic_isa_instance/u_if_u_btb_U_FILE_target_arr_reg[6][0][25]/D
          Clock: (R) core_clk

                     Capture       Launch     
        Clock Edge:+    2500            0     
       Src Latency:+       0            0     
       Net Latency:+       0 (I)        0 (I) 
           Arrival:=    2500            0     
                                              
             Setup:-      99                  
     Required Time:=    2401                  
      Launch Clock:-       0                  
         Data Path:-    3300                  
             Slack:=    -899                  

#----------------------------------------------------------------------------------------------------------------------------------------------------
#                               Timing Point                                 Flags    Arc   Edge   Cell     Fanout Load Trans Delay Arrival Instance 
#                                                                                                                  (fF)  (ps)  (ps)   (ps)  Location 
#----------------------------------------------------------------------------------------------------------------------------------------------------
  basic_isa_instance/u_id_ex_inst_ex_o_reg[17]/CP                            -       -      R     (arrival)    452    -     0     -       0    (-,-) 
  basic_isa_instance/u_id_ex_inst_ex_o_reg[17]/Q                             -       CP->Q  R     DFCNQD4        5  8.6    68   290     290    (-,-) 
  basic_isa_instance/g26680/ZN                                               -       B2->ZN F     OAI22D2        1  2.1    57    77     367    (-,-) 
  basic_isa_instance/g76132/ZN                                               -       A2->ZN R     NR2D2          1  2.6    64    69     435    (-,-) 
  basic_isa_instance/g76131/ZN                                               -       A2->ZN F     CKND2D3        1  6.8    60    62     497    (-,-) 
  basic_isa_instance/g76130/ZN                                               -       A1->ZN R     NR2D8          2  6.8    53    54     551    (-,-) 
  basic_isa_instance/g76217/ZN                                               -       I->ZN  F     CKND4          2  3.6    25    32     583    (-,-) 
  basic_isa_instance/g77911/ZN                                               -       I->ZN  R     CKND2          2  5.3    44    39     622    (-,-) 
  basic_isa_instance/g78595/ZN                                               -       A1->ZN F     NR2D4          9 15.5    53    45     667    (-,-) 
  basic_isa_instance/g84072/ZN                                               -       A1->ZN R     AOI22D2        1  1.9    79    70     737    (-,-) 
  basic_isa_instance/g26450/ZN                                               -       B->ZN  F     IOA21D2        2  1.8    44    48     785    (-,-) 
  basic_isa_instance/g26333/Z                                                -       I1->Z  F     MUX2D2        12 14.4   100   169     954    (-,-) 
  basic_isa_instance/g75482/Z                                                -       I1->Z  F     MUX2D2         3  5.5    66   161    1115    (-,-) 
  basic_isa_instance/g75481/ZN                                               -       A2->ZN R     ND2D2          1  2.2    39    49    1164    (-,-) 
  basic_isa_instance/g75480/ZN                                               -       A3->ZN F     ND3D2          1  1.8    61    67    1231    (-,-) 
  basic_isa_instance/u_branch_add_95_52_Y_u_branch_add_94_43_cdnadd_80081/CO -       CI->CO F     FA1D2          3  3.5    71   131    1362    (-,-) 
  basic_isa_instance/g75445/ZN                                               -       A1->ZN R     ND2D2          1  1.6    35    42    1404    (-,-) 
  basic_isa_instance/g75444/ZN                                               -       A1->ZN F     CKND2D2        2  3.1    44    41    1445    (-,-) 
  basic_isa_instance/g398/ZN                                                 -       A1->ZN R     CKND2D2        1  1.8    38    40    1485    (-,-) 
  basic_isa_instance/g395/ZN                                                 -       A1->ZN F     ND2D2          1  1.8    37    37    1522    (-,-) 
  basic_isa_instance/u_branch_add_95_52_Y_u_branch_add_94_43_cdnadd_8/CO     -       CI->CO F     FA1D2          1  1.8    63   114    1636    (-,-) 
  basic_isa_instance/u_branch_add_95_52_Y_u_branch_add_94_43_cdnadd_84991/CO -       CI->CO F     FA1D2          1  1.8    63   123    1759    (-,-) 
  basic_isa_instance/u_branch_add_95_52_Y_u_branch_add_94_43_cdnadd_10/CO    -       CI->CO F     FA1D2          1  1.8    63   123    1882    (-,-) 
  basic_isa_instance/u_branch_add_95_52_Y_u_branch_add_94_43_cdnadd_11/CO    -       CI->CO F     FA1D2          1  1.8    63   123    2006    (-,-) 
  basic_isa_instance/u_branch_add_95_52_Y_u_branch_add_94_43_cdnadd_12/CO    -       CI->CO F     FA1D2          3  3.6    72   132    2138    (-,-) 
  basic_isa_instance/g86044/ZN                                               -       A1->ZN R     AOI21D2        1  3.0    87    77    2215    (-,-) 
  basic_isa_instance/g86043/ZN                                               -       I->ZN  F     INVD3          3  3.3    34    40    2255    (-,-) 
  basic_isa_instance/g137/ZN                                                 -       A1->ZN R     ND2D2          1  2.5    37    34    2290    (-,-) 
  basic_isa_instance/g135/ZN                                                 -       A1->ZN F     CKND2D3        3  3.3    38    38    2328    (-,-) 
  basic_isa_instance/g83120/ZN                                               -       A1->ZN R     ND2D2          1  1.6    31    32    2360    (-,-) 
  basic_isa_instance/g113/ZN                                                 -       A1->ZN F     CKND2D2        1  1.8    33    33    2393    (-,-) 
  basic_isa_instance/u_branch_add_95_52_Y_u_branch_add_94_43_cdnadd_79059/CO -       CI->CO F     FA1D2          3  4.9    77   126    2519    (-,-) 
  basic_isa_instance/g86072/ZN                                               -       A1->ZN R     AOI21D4        2  3.5    71    67    2586    (-,-) 
  basic_isa_instance/g86074/ZN                                               -       A1->ZN F     OAI21D2        2  2.9    60    59    2645    (-,-) 
  basic_isa_instance/g86077/ZN                                               -       A1->ZN R     CKND2D2        1  1.6    38    44    2689    (-,-) 
  basic_isa_instance/g83153/ZN                                               -       A1->ZN F     CKND2D2        3  3.6    48    44    2734    (-,-) 
  basic_isa_instance/g75492/ZN                                               -       B2->ZN R     IND3D2         1  1.6    43    41    2774    (-,-) 
  basic_isa_instance/g75491/ZN                                               -       A1->ZN F     CKND2D2        4  5.2    61    54    2828    (-,-) 
  basic_isa_instance/g75461/ZN                                               -       B2->ZN R     IND3D2         1  1.6    43    45    2873    (-,-) 
  basic_isa_instance/g75460/ZN                                               -       A1->ZN F     CKND2D2        5  6.1    69    58    2931    (-,-) 
  basic_isa_instance/g401/ZN                                                 -       A1->ZN R     AOI21D2        2  3.8    97    83    3014    (-,-) 
  basic_isa_instance/g78637/ZN                                               -       A1->ZN F     ND3D2          1  1.9    69    69    3083    (-,-) 
  basic_isa_instance/g78633/ZN                                               -       A4->ZN R     ND4D2          2  2.8    63    68    3151    (-,-) 
  basic_isa_instance/g78638/Z                                                -       A1->Z  R     AN2D2         16 14.4   119   149    3300    (-,-) 
  basic_isa_instance/u_if_u_btb_U_FILE_target_arr_reg[6][0][25]/D            -       -      R     DFCNQD2       16    -     -     0    3300    (-,-) 
#----------------------------------------------------------------------------------------------------------------------------------------------------



Path 98: VIOLATED (-899 ps) Setup Check with Pin basic_isa_instance/u_if_u_btb_U_FILE_target_arr_reg[5][1][25]/CP->D
          Group: core_clk
     Startpoint: (R) basic_isa_instance/u_id_ex_inst_ex_o_reg[17]/CP
          Clock: (R) core_clk
       Endpoint: (R) basic_isa_instance/u_if_u_btb_U_FILE_target_arr_reg[5][1][25]/D
          Clock: (R) core_clk

                     Capture       Launch     
        Clock Edge:+    2500            0     
       Src Latency:+       0            0     
       Net Latency:+       0 (I)        0 (I) 
           Arrival:=    2500            0     
                                              
             Setup:-      99                  
     Required Time:=    2401                  
      Launch Clock:-       0                  
         Data Path:-    3300                  
             Slack:=    -899                  

#----------------------------------------------------------------------------------------------------------------------------------------------------
#                               Timing Point                                 Flags    Arc   Edge   Cell     Fanout Load Trans Delay Arrival Instance 
#                                                                                                                  (fF)  (ps)  (ps)   (ps)  Location 
#----------------------------------------------------------------------------------------------------------------------------------------------------
  basic_isa_instance/u_id_ex_inst_ex_o_reg[17]/CP                            -       -      R     (arrival)    452    -     0     -       0    (-,-) 
  basic_isa_instance/u_id_ex_inst_ex_o_reg[17]/Q                             -       CP->Q  R     DFCNQD4        5  8.6    68   290     290    (-,-) 
  basic_isa_instance/g26680/ZN                                               -       B2->ZN F     OAI22D2        1  2.1    57    77     367    (-,-) 
  basic_isa_instance/g76132/ZN                                               -       A2->ZN R     NR2D2          1  2.6    64    69     435    (-,-) 
  basic_isa_instance/g76131/ZN                                               -       A2->ZN F     CKND2D3        1  6.8    60    62     497    (-,-) 
  basic_isa_instance/g76130/ZN                                               -       A1->ZN R     NR2D8          2  6.8    53    54     551    (-,-) 
  basic_isa_instance/g76217/ZN                                               -       I->ZN  F     CKND4          2  3.6    25    32     583    (-,-) 
  basic_isa_instance/g77911/ZN                                               -       I->ZN  R     CKND2          2  5.3    44    39     622    (-,-) 
  basic_isa_instance/g78595/ZN                                               -       A1->ZN F     NR2D4          9 15.5    53    45     667    (-,-) 
  basic_isa_instance/g84072/ZN                                               -       A1->ZN R     AOI22D2        1  1.9    79    70     737    (-,-) 
  basic_isa_instance/g26450/ZN                                               -       B->ZN  F     IOA21D2        2  1.8    44    48     785    (-,-) 
  basic_isa_instance/g26333/Z                                                -       I1->Z  F     MUX2D2        12 14.4   100   169     954    (-,-) 
  basic_isa_instance/g75482/Z                                                -       I1->Z  F     MUX2D2         3  5.5    66   161    1115    (-,-) 
  basic_isa_instance/g75481/ZN                                               -       A2->ZN R     ND2D2          1  2.2    39    49    1164    (-,-) 
  basic_isa_instance/g75480/ZN                                               -       A3->ZN F     ND3D2          1  1.8    61    67    1231    (-,-) 
  basic_isa_instance/u_branch_add_95_52_Y_u_branch_add_94_43_cdnadd_80081/CO -       CI->CO F     FA1D2          3  3.5    71   131    1362    (-,-) 
  basic_isa_instance/g75445/ZN                                               -       A1->ZN R     ND2D2          1  1.6    35    42    1404    (-,-) 
  basic_isa_instance/g75444/ZN                                               -       A1->ZN F     CKND2D2        2  3.1    44    41    1445    (-,-) 
  basic_isa_instance/g398/ZN                                                 -       A1->ZN R     CKND2D2        1  1.8    38    40    1485    (-,-) 
  basic_isa_instance/g395/ZN                                                 -       A1->ZN F     ND2D2          1  1.8    37    37    1522    (-,-) 
  basic_isa_instance/u_branch_add_95_52_Y_u_branch_add_94_43_cdnadd_8/CO     -       CI->CO F     FA1D2          1  1.8    63   114    1636    (-,-) 
  basic_isa_instance/u_branch_add_95_52_Y_u_branch_add_94_43_cdnadd_84991/CO -       CI->CO F     FA1D2          1  1.8    63   123    1759    (-,-) 
  basic_isa_instance/u_branch_add_95_52_Y_u_branch_add_94_43_cdnadd_10/CO    -       CI->CO F     FA1D2          1  1.8    63   123    1882    (-,-) 
  basic_isa_instance/u_branch_add_95_52_Y_u_branch_add_94_43_cdnadd_11/CO    -       CI->CO F     FA1D2          1  1.8    63   123    2006    (-,-) 
  basic_isa_instance/u_branch_add_95_52_Y_u_branch_add_94_43_cdnadd_12/CO    -       CI->CO F     FA1D2          3  3.6    72   132    2138    (-,-) 
  basic_isa_instance/g86044/ZN                                               -       A1->ZN R     AOI21D2        1  3.0    87    77    2215    (-,-) 
  basic_isa_instance/g86043/ZN                                               -       I->ZN  F     INVD3          3  3.3    34    40    2255    (-,-) 
  basic_isa_instance/g137/ZN                                                 -       A1->ZN R     ND2D2          1  2.5    37    34    2290    (-,-) 
  basic_isa_instance/g135/ZN                                                 -       A1->ZN F     CKND2D3        3  3.3    38    38    2328    (-,-) 
  basic_isa_instance/g83120/ZN                                               -       A1->ZN R     ND2D2          1  1.6    31    32    2360    (-,-) 
  basic_isa_instance/g113/ZN                                                 -       A1->ZN F     CKND2D2        1  1.8    33    33    2393    (-,-) 
  basic_isa_instance/u_branch_add_95_52_Y_u_branch_add_94_43_cdnadd_79059/CO -       CI->CO F     FA1D2          3  4.9    77   126    2519    (-,-) 
  basic_isa_instance/g86072/ZN                                               -       A1->ZN R     AOI21D4        2  3.5    71    67    2586    (-,-) 
  basic_isa_instance/g86074/ZN                                               -       A1->ZN F     OAI21D2        2  2.9    60    59    2645    (-,-) 
  basic_isa_instance/g86077/ZN                                               -       A1->ZN R     CKND2D2        1  1.6    38    44    2689    (-,-) 
  basic_isa_instance/g83153/ZN                                               -       A1->ZN F     CKND2D2        3  3.6    48    44    2734    (-,-) 
  basic_isa_instance/g75492/ZN                                               -       B2->ZN R     IND3D2         1  1.6    43    41    2774    (-,-) 
  basic_isa_instance/g75491/ZN                                               -       A1->ZN F     CKND2D2        4  5.2    61    54    2828    (-,-) 
  basic_isa_instance/g75461/ZN                                               -       B2->ZN R     IND3D2         1  1.6    43    45    2873    (-,-) 
  basic_isa_instance/g75460/ZN                                               -       A1->ZN F     CKND2D2        5  6.1    69    58    2931    (-,-) 
  basic_isa_instance/g401/ZN                                                 -       A1->ZN R     AOI21D2        2  3.8    97    83    3014    (-,-) 
  basic_isa_instance/g78637/ZN                                               -       A1->ZN F     ND3D2          1  1.9    69    69    3083    (-,-) 
  basic_isa_instance/g78633/ZN                                               -       A4->ZN R     ND4D2          2  2.8    63    68    3151    (-,-) 
  basic_isa_instance/g78638/Z                                                -       A1->Z  R     AN2D2         16 14.4   119   149    3300    (-,-) 
  basic_isa_instance/u_if_u_btb_U_FILE_target_arr_reg[5][1][25]/D            -       -      R     DFCNQD2       16    -     -     0    3300    (-,-) 
#----------------------------------------------------------------------------------------------------------------------------------------------------



Path 99: VIOLATED (-899 ps) Setup Check with Pin basic_isa_instance/u_if_u_btb_U_FILE_target_arr_reg[5][0][25]/CP->D
          Group: core_clk
     Startpoint: (R) basic_isa_instance/u_id_ex_inst_ex_o_reg[17]/CP
          Clock: (R) core_clk
       Endpoint: (R) basic_isa_instance/u_if_u_btb_U_FILE_target_arr_reg[5][0][25]/D
          Clock: (R) core_clk

                     Capture       Launch     
        Clock Edge:+    2500            0     
       Src Latency:+       0            0     
       Net Latency:+       0 (I)        0 (I) 
           Arrival:=    2500            0     
                                              
             Setup:-      99                  
     Required Time:=    2401                  
      Launch Clock:-       0                  
         Data Path:-    3300                  
             Slack:=    -899                  

#----------------------------------------------------------------------------------------------------------------------------------------------------
#                               Timing Point                                 Flags    Arc   Edge   Cell     Fanout Load Trans Delay Arrival Instance 
#                                                                                                                  (fF)  (ps)  (ps)   (ps)  Location 
#----------------------------------------------------------------------------------------------------------------------------------------------------
  basic_isa_instance/u_id_ex_inst_ex_o_reg[17]/CP                            -       -      R     (arrival)    452    -     0     -       0    (-,-) 
  basic_isa_instance/u_id_ex_inst_ex_o_reg[17]/Q                             -       CP->Q  R     DFCNQD4        5  8.6    68   290     290    (-,-) 
  basic_isa_instance/g26680/ZN                                               -       B2->ZN F     OAI22D2        1  2.1    57    77     367    (-,-) 
  basic_isa_instance/g76132/ZN                                               -       A2->ZN R     NR2D2          1  2.6    64    69     435    (-,-) 
  basic_isa_instance/g76131/ZN                                               -       A2->ZN F     CKND2D3        1  6.8    60    62     497    (-,-) 
  basic_isa_instance/g76130/ZN                                               -       A1->ZN R     NR2D8          2  6.8    53    54     551    (-,-) 
  basic_isa_instance/g76217/ZN                                               -       I->ZN  F     CKND4          2  3.6    25    32     583    (-,-) 
  basic_isa_instance/g77911/ZN                                               -       I->ZN  R     CKND2          2  5.3    44    39     622    (-,-) 
  basic_isa_instance/g78595/ZN                                               -       A1->ZN F     NR2D4          9 15.5    53    45     667    (-,-) 
  basic_isa_instance/g84072/ZN                                               -       A1->ZN R     AOI22D2        1  1.9    79    70     737    (-,-) 
  basic_isa_instance/g26450/ZN                                               -       B->ZN  F     IOA21D2        2  1.8    44    48     785    (-,-) 
  basic_isa_instance/g26333/Z                                                -       I1->Z  F     MUX2D2        12 14.4   100   169     954    (-,-) 
  basic_isa_instance/g75482/Z                                                -       I1->Z  F     MUX2D2         3  5.5    66   161    1115    (-,-) 
  basic_isa_instance/g75481/ZN                                               -       A2->ZN R     ND2D2          1  2.2    39    49    1164    (-,-) 
  basic_isa_instance/g75480/ZN                                               -       A3->ZN F     ND3D2          1  1.8    61    67    1231    (-,-) 
  basic_isa_instance/u_branch_add_95_52_Y_u_branch_add_94_43_cdnadd_80081/CO -       CI->CO F     FA1D2          3  3.5    71   131    1362    (-,-) 
  basic_isa_instance/g75445/ZN                                               -       A1->ZN R     ND2D2          1  1.6    35    42    1404    (-,-) 
  basic_isa_instance/g75444/ZN                                               -       A1->ZN F     CKND2D2        2  3.1    44    41    1445    (-,-) 
  basic_isa_instance/g398/ZN                                                 -       A1->ZN R     CKND2D2        1  1.8    38    40    1485    (-,-) 
  basic_isa_instance/g395/ZN                                                 -       A1->ZN F     ND2D2          1  1.8    37    37    1522    (-,-) 
  basic_isa_instance/u_branch_add_95_52_Y_u_branch_add_94_43_cdnadd_8/CO     -       CI->CO F     FA1D2          1  1.8    63   114    1636    (-,-) 
  basic_isa_instance/u_branch_add_95_52_Y_u_branch_add_94_43_cdnadd_84991/CO -       CI->CO F     FA1D2          1  1.8    63   123    1759    (-,-) 
  basic_isa_instance/u_branch_add_95_52_Y_u_branch_add_94_43_cdnadd_10/CO    -       CI->CO F     FA1D2          1  1.8    63   123    1882    (-,-) 
  basic_isa_instance/u_branch_add_95_52_Y_u_branch_add_94_43_cdnadd_11/CO    -       CI->CO F     FA1D2          1  1.8    63   123    2006    (-,-) 
  basic_isa_instance/u_branch_add_95_52_Y_u_branch_add_94_43_cdnadd_12/CO    -       CI->CO F     FA1D2          3  3.6    72   132    2138    (-,-) 
  basic_isa_instance/g86044/ZN                                               -       A1->ZN R     AOI21D2        1  3.0    87    77    2215    (-,-) 
  basic_isa_instance/g86043/ZN                                               -       I->ZN  F     INVD3          3  3.3    34    40    2255    (-,-) 
  basic_isa_instance/g137/ZN                                                 -       A1->ZN R     ND2D2          1  2.5    37    34    2290    (-,-) 
  basic_isa_instance/g135/ZN                                                 -       A1->ZN F     CKND2D3        3  3.3    38    38    2328    (-,-) 
  basic_isa_instance/g83120/ZN                                               -       A1->ZN R     ND2D2          1  1.6    31    32    2360    (-,-) 
  basic_isa_instance/g113/ZN                                                 -       A1->ZN F     CKND2D2        1  1.8    33    33    2393    (-,-) 
  basic_isa_instance/u_branch_add_95_52_Y_u_branch_add_94_43_cdnadd_79059/CO -       CI->CO F     FA1D2          3  4.9    77   126    2519    (-,-) 
  basic_isa_instance/g86072/ZN                                               -       A1->ZN R     AOI21D4        2  3.5    71    67    2586    (-,-) 
  basic_isa_instance/g86074/ZN                                               -       A1->ZN F     OAI21D2        2  2.9    60    59    2645    (-,-) 
  basic_isa_instance/g86077/ZN                                               -       A1->ZN R     CKND2D2        1  1.6    38    44    2689    (-,-) 
  basic_isa_instance/g83153/ZN                                               -       A1->ZN F     CKND2D2        3  3.6    48    44    2734    (-,-) 
  basic_isa_instance/g75492/ZN                                               -       B2->ZN R     IND3D2         1  1.6    43    41    2774    (-,-) 
  basic_isa_instance/g75491/ZN                                               -       A1->ZN F     CKND2D2        4  5.2    61    54    2828    (-,-) 
  basic_isa_instance/g75461/ZN                                               -       B2->ZN R     IND3D2         1  1.6    43    45    2873    (-,-) 
  basic_isa_instance/g75460/ZN                                               -       A1->ZN F     CKND2D2        5  6.1    69    58    2931    (-,-) 
  basic_isa_instance/g401/ZN                                                 -       A1->ZN R     AOI21D2        2  3.8    97    83    3014    (-,-) 
  basic_isa_instance/g78637/ZN                                               -       A1->ZN F     ND3D2          1  1.9    69    69    3083    (-,-) 
  basic_isa_instance/g78633/ZN                                               -       A4->ZN R     ND4D2          2  2.8    63    68    3151    (-,-) 
  basic_isa_instance/g78638/Z                                                -       A1->Z  R     AN2D2         16 14.4   119   149    3300    (-,-) 
  basic_isa_instance/u_if_u_btb_U_FILE_target_arr_reg[5][0][25]/D            -       -      R     DFCNQD2       16    -     -     0    3300    (-,-) 
#----------------------------------------------------------------------------------------------------------------------------------------------------



Path 100: VIOLATED (-899 ps) Setup Check with Pin basic_isa_instance/u_if_u_btb_U_FILE_target_arr_reg[4][1][25]/CP->D
          Group: core_clk
     Startpoint: (R) basic_isa_instance/u_id_ex_inst_ex_o_reg[17]/CP
          Clock: (R) core_clk
       Endpoint: (R) basic_isa_instance/u_if_u_btb_U_FILE_target_arr_reg[4][1][25]/D
          Clock: (R) core_clk

                     Capture       Launch     
        Clock Edge:+    2500            0     
       Src Latency:+       0            0     
       Net Latency:+       0 (I)        0 (I) 
           Arrival:=    2500            0     
                                              
             Setup:-      99                  
     Required Time:=    2401                  
      Launch Clock:-       0                  
         Data Path:-    3300                  
             Slack:=    -899                  

#----------------------------------------------------------------------------------------------------------------------------------------------------
#                               Timing Point                                 Flags    Arc   Edge   Cell     Fanout Load Trans Delay Arrival Instance 
#                                                                                                                  (fF)  (ps)  (ps)   (ps)  Location 
#----------------------------------------------------------------------------------------------------------------------------------------------------
  basic_isa_instance/u_id_ex_inst_ex_o_reg[17]/CP                            -       -      R     (arrival)    452    -     0     -       0    (-,-) 
  basic_isa_instance/u_id_ex_inst_ex_o_reg[17]/Q                             -       CP->Q  R     DFCNQD4        5  8.6    68   290     290    (-,-) 
  basic_isa_instance/g26680/ZN                                               -       B2->ZN F     OAI22D2        1  2.1    57    77     367    (-,-) 
  basic_isa_instance/g76132/ZN                                               -       A2->ZN R     NR2D2          1  2.6    64    69     435    (-,-) 
  basic_isa_instance/g76131/ZN                                               -       A2->ZN F     CKND2D3        1  6.8    60    62     497    (-,-) 
  basic_isa_instance/g76130/ZN                                               -       A1->ZN R     NR2D8          2  6.8    53    54     551    (-,-) 
  basic_isa_instance/g76217/ZN                                               -       I->ZN  F     CKND4          2  3.6    25    32     583    (-,-) 
  basic_isa_instance/g77911/ZN                                               -       I->ZN  R     CKND2          2  5.3    44    39     622    (-,-) 
  basic_isa_instance/g78595/ZN                                               -       A1->ZN F     NR2D4          9 15.5    53    45     667    (-,-) 
  basic_isa_instance/g84072/ZN                                               -       A1->ZN R     AOI22D2        1  1.9    79    70     737    (-,-) 
  basic_isa_instance/g26450/ZN                                               -       B->ZN  F     IOA21D2        2  1.8    44    48     785    (-,-) 
  basic_isa_instance/g26333/Z                                                -       I1->Z  F     MUX2D2        12 14.4   100   169     954    (-,-) 
  basic_isa_instance/g75482/Z                                                -       I1->Z  F     MUX2D2         3  5.5    66   161    1115    (-,-) 
  basic_isa_instance/g75481/ZN                                               -       A2->ZN R     ND2D2          1  2.2    39    49    1164    (-,-) 
  basic_isa_instance/g75480/ZN                                               -       A3->ZN F     ND3D2          1  1.8    61    67    1231    (-,-) 
  basic_isa_instance/u_branch_add_95_52_Y_u_branch_add_94_43_cdnadd_80081/CO -       CI->CO F     FA1D2          3  3.5    71   131    1362    (-,-) 
  basic_isa_instance/g75445/ZN                                               -       A1->ZN R     ND2D2          1  1.6    35    42    1404    (-,-) 
  basic_isa_instance/g75444/ZN                                               -       A1->ZN F     CKND2D2        2  3.1    44    41    1445    (-,-) 
  basic_isa_instance/g398/ZN                                                 -       A1->ZN R     CKND2D2        1  1.8    38    40    1485    (-,-) 
  basic_isa_instance/g395/ZN                                                 -       A1->ZN F     ND2D2          1  1.8    37    37    1522    (-,-) 
  basic_isa_instance/u_branch_add_95_52_Y_u_branch_add_94_43_cdnadd_8/CO     -       CI->CO F     FA1D2          1  1.8    63   114    1636    (-,-) 
  basic_isa_instance/u_branch_add_95_52_Y_u_branch_add_94_43_cdnadd_84991/CO -       CI->CO F     FA1D2          1  1.8    63   123    1759    (-,-) 
  basic_isa_instance/u_branch_add_95_52_Y_u_branch_add_94_43_cdnadd_10/CO    -       CI->CO F     FA1D2          1  1.8    63   123    1882    (-,-) 
  basic_isa_instance/u_branch_add_95_52_Y_u_branch_add_94_43_cdnadd_11/CO    -       CI->CO F     FA1D2          1  1.8    63   123    2006    (-,-) 
  basic_isa_instance/u_branch_add_95_52_Y_u_branch_add_94_43_cdnadd_12/CO    -       CI->CO F     FA1D2          3  3.6    72   132    2138    (-,-) 
  basic_isa_instance/g86044/ZN                                               -       A1->ZN R     AOI21D2        1  3.0    87    77    2215    (-,-) 
  basic_isa_instance/g86043/ZN                                               -       I->ZN  F     INVD3          3  3.3    34    40    2255    (-,-) 
  basic_isa_instance/g137/ZN                                                 -       A1->ZN R     ND2D2          1  2.5    37    34    2290    (-,-) 
  basic_isa_instance/g135/ZN                                                 -       A1->ZN F     CKND2D3        3  3.3    38    38    2328    (-,-) 
  basic_isa_instance/g83120/ZN                                               -       A1->ZN R     ND2D2          1  1.6    31    32    2360    (-,-) 
  basic_isa_instance/g113/ZN                                                 -       A1->ZN F     CKND2D2        1  1.8    33    33    2393    (-,-) 
  basic_isa_instance/u_branch_add_95_52_Y_u_branch_add_94_43_cdnadd_79059/CO -       CI->CO F     FA1D2          3  4.9    77   126    2519    (-,-) 
  basic_isa_instance/g86072/ZN                                               -       A1->ZN R     AOI21D4        2  3.5    71    67    2586    (-,-) 
  basic_isa_instance/g86074/ZN                                               -       A1->ZN F     OAI21D2        2  2.9    60    59    2645    (-,-) 
  basic_isa_instance/g86077/ZN                                               -       A1->ZN R     CKND2D2        1  1.6    38    44    2689    (-,-) 
  basic_isa_instance/g83153/ZN                                               -       A1->ZN F     CKND2D2        3  3.6    48    44    2734    (-,-) 
  basic_isa_instance/g75492/ZN                                               -       B2->ZN R     IND3D2         1  1.6    43    41    2774    (-,-) 
  basic_isa_instance/g75491/ZN                                               -       A1->ZN F     CKND2D2        4  5.2    61    54    2828    (-,-) 
  basic_isa_instance/g75461/ZN                                               -       B2->ZN R     IND3D2         1  1.6    43    45    2873    (-,-) 
  basic_isa_instance/g75460/ZN                                               -       A1->ZN F     CKND2D2        5  6.1    69    58    2931    (-,-) 
  basic_isa_instance/g401/ZN                                                 -       A1->ZN R     AOI21D2        2  3.8    97    83    3014    (-,-) 
  basic_isa_instance/g78637/ZN                                               -       A1->ZN F     ND3D2          1  1.9    69    69    3083    (-,-) 
  basic_isa_instance/g78633/ZN                                               -       A4->ZN R     ND4D2          2  2.8    63    68    3151    (-,-) 
  basic_isa_instance/g78638/Z                                                -       A1->Z  R     AN2D2         16 14.4   119   149    3300    (-,-) 
  basic_isa_instance/u_if_u_btb_U_FILE_target_arr_reg[4][1][25]/D            -       -      R     DFCNQD2       16    -     -     0    3300    (-,-) 
#----------------------------------------------------------------------------------------------------------------------------------------------------

